Tarih,Saat,Maç No,Hafta,A Takım,Sonuç,B Takım,Grubu,Şehir,Salon,TV,Baş Hakem,1. Yrd. Hakem,2. Yrd. Hakem,Temsilci,1. Masa G.,2. Masa G.,3. Masa G.,4. Masa G.,Salon.1
9.02.2021,10:00,BGL806,01. Hafta,ANADOLU EFES,99 - 64,FMV IŞIK OKULLARI AFYON BELEDİYESİ,A,BOLU,Ertuğrul Mete Spor Kompleksi | ,,AYTUĞ EKTİ,SALİH ARDA UNUL,OSMAN YETİŞKİN,HAKAN ŞAHİN,DİDEM ÇİNAR,SEVİM AKTAŞ,EMİN KEREM ERKADAM,EMİRHAN SERTOĞLU,Ertuğrul Mete Spor Kompleksi
9.02.2021,12:30,BGL807,01. Hafta,BAHÇEŞEHİR KOLEJİ,79 - 82,TED ANKARA KOLEJLİLER,A,BOLU,Ertuğrul Mete Spor Kompleksi | ,,ALİ KÖSEOĞLU,DOĞU BERK İNNAL,SEZER BOR,HAKAN ŞAHİN,METİN ÇETİN,EMİRHAN SERTOĞLU,SEVİM AKTAŞ,DİDEM ÇİNAR,Ertuğrul Mete Spor Kompleksi
9.02.2021,15:00,BGL808,01. Hafta,BEŞİKTAŞ JK,62 - 79,TOFAŞ,A,BOLU,Ertuğrul Mete Spor Kompleksi | ,,HALİL BALDEMİR,CAN ÜTKÜR,YARKIN KESKİN,İHSAN KÜÇÜKAYCAN,SEVİM AKTAŞ,METİN ÇETİN,DİDEM ÇİNAR,EMRE BUĞRAHAN YILMAZ,Ertuğrul Mete Spor Kompleksi
9.02.2021,17:30,BGL809,01. Hafta,BÜYÜKÇEKMECE BASKETBOL,58 - 71,PINAR KARŞIYAKA,A,BOLU,Ertuğrul Mete Spor Kompleksi | ,,SEMİH VURAL,NİHAT KARA,SADETTİN BAYCAN,İHSAN KÜÇÜKAYCAN,EMİN KEREM ERKADAM,SEVİM AKTAŞ,EMİRHAN SERTOĞLU,METİN ÇETİN,Ertuğrul Mete Spor Kompleksi
9.02.2021,20:00,BGL810,01. Hafta,EMPERA HALI GAZİANTEP BASKETBOL,73 - 62,GELİŞİM KOLEJİ,A,BOLU,Ertuğrul Mete Spor Kompleksi | ,,AHMET TATLICI,SÜLEYMAN EREN PEKDOĞAN,ALMİNA KOCABAŞ,İHSAN KÜÇÜKAYCAN,EMİRHAN SERTOĞLU,EMİN KEREM ERKADAM,DİDEM ÇİNAR,EMRE BUĞRAHAN YILMAZ,Ertuğrul Mete Spor Kompleksi
16.02.2021,10:00,BGL821,01. Hafta,FENERBAHÇE BEKO,93 - 59,LOKMAN HEKİM FETHİYE BELEDİYE SPOR,B,BOLU,Ertuğrul Mete Spor Kompleksi | ,,MUSA KAZIM ÇETİN,BARAN AVŞAR,GÜNEY BİRLİK,VEYSEL PEKDOĞAN,SEVİM AKTAŞ,AHSEL ÖZGÜ GÜREL,OĞUZHAN GÜZEL,YASEMİN NUR GÜREL,Ertuğrul Mete Spor Kompleksi
16.02.2021,12:30,BGL822,01. Hafta,GALATASARAY,84 - 93,TARSUS AMERİKAN KOLEJİ,B,BOLU,Ertuğrul Mete Spor Kompleksi | ,,MEHMET KESERATAR,ÇAĞLAR ÖZKAN,OZAN GÜNDÜZ,VEYSEL PEKDOĞAN,YASEMİN NUR GÜREL,SEVİM AKTAŞ,AHSEL ÖZGÜ GÜREL,BANU KARATAŞ,Ertuğrul Mete Spor Kompleksi
16.02.2021,15:00,BGL823,01. Hafta,OGM ORMANSPOR,59 - 70,TÜRK TELEKOM,B,BOLU,Ertuğrul Mete Spor Kompleksi | ,,ZİYA ÖZORHON,SALİH ÖZYURT,ESRA YILDIZ,VEYSEL PEKDOĞAN,SERAP KARA,YASEMİN NUR GÜREL,OĞUZHAN GÜZEL,SEVİM AKTAŞ,Ertuğrul Mete Spor Kompleksi
16.02.2021,17:30,BGL824,01. Hafta,ALİAĞA PETKİM SPOR,74 - 82,FRUTTİ EXTRA BURSASPOR,B,BOLU,Ertuğrul Mete Spor Kompleksi | ,,SERHAT BÜKER,MUSTAFA ÇELTİKER,BATUHAN MERT GÜL,HAKAN ŞAHİN,BANU KARATAŞ,SERAP KARA,YASEMİN NUR GÜREL,AHSEL ÖZGÜ GÜREL,Ertuğrul Mete Spor Kompleksi
16.02.2021,20:00,BGL825,01. Hafta,TEŞVİKİYE,71 - 74,DARÜŞŞAFAKA SPOR KULÜBÜ,B,BOLU,Ertuğrul Mete Spor Kompleksi | ,,DUHAN KÖYİÇİ,UĞUR YÜKSEL,BERK KURTULMUŞ,HAKAN ŞAHİN,BANU KARATAŞ,SEVİM AKTAŞ,AHSEL ÖZGÜ GÜREL,SERAP KARA,Ertuğrul Mete Spor Kompleksi
10.02.2021,10:00,BGL811,02. Hafta,TOFAŞ,67 - 65,BAHÇEŞEHİR KOLEJİ,A,BOLU,Ertuğrul Mete Spor Kompleksi | ,,SEMİH VURAL,NİHAT KARA,OSMAN YETİŞKİN,İHSAN KÜÇÜKAYCAN,METİN ÇETİN,SEVİM AKTAŞ,EMİRHAN SERTOĞLU,EMİN KEREM ERKADAM,Ertuğrul Mete Spor Kompleksi
10.02.2021,12:30,BGL812,02. Hafta,PINAR KARŞIYAKA,63 - 76,EMPERA HALI GAZİANTEP BASKETBOL,A,BOLU,Ertuğrul Mete Spor Kompleksi | ,,AYTUĞ EKTİ,DOĞU BERK İNNAL,CAN ÜTKÜR,İHSAN KÜÇÜKAYCAN,DİDEM ÇİNAR,EMİRHAN SERTOĞLU,SEVİM AKTAŞ,EMRE BUĞRAHAN YILMAZ,Ertuğrul Mete Spor Kompleksi
10.02.2021,15:00,BGL813,02. Hafta,TED ANKARA KOLEJLİLER,59 - 54,BÜYÜKÇEKMECE BASKETBOL,A,BOLU,Ertuğrul Mete Spor Kompleksi | ,,AHMET TATLICI,SALİH ARDA UNUL,YARKIN KESKİN,HAKAN ŞAHİN,EMİN KEREM ERKADAM,METİN ÇETİN,EMİRHAN SERTOĞLU,DİDEM ÇİNAR,Ertuğrul Mete Spor Kompleksi
10.02.2021,17:30,BGL814,02. Hafta,FMV IŞIK OKULLARI AFYON BELEDİYESİ,50 - 82,GELİŞİM KOLEJİ,A,BOLU,Ertuğrul Mete Spor Kompleksi | ,,HALİL BALDEMİR,SEZER BOR,ALMİNA KOCABAŞ,HAKAN ŞAHİN,SEVİM AKTAŞ,EMİN KEREM ERKADAM,DİDEM ÇİNAR,EMRE BUĞRAHAN YILMAZ,Ertuğrul Mete Spor Kompleksi
10.02.2021,20:00,BGL815,02. Hafta,ANADOLU EFES,83 - 62,BEŞİKTAŞ JK,A,BOLU,Ertuğrul Mete Spor Kompleksi | ,,ALİ KÖSEOĞLU,SÜLEYMAN EREN PEKDOĞAN,SADETTİN BAYCAN,HAKAN ŞAHİN,DİDEM ÇİNAR,SEVİM AKTAŞ,EMİRHAN SERTOĞLU,EMRE BUĞRAHAN YILMAZ,Ertuğrul Mete Spor Kompleksi
17.02.2021,10:00,BGL826,02. Hafta,TARSUS AMERİKAN KOLEJİ,94 - 57,OGM ORMANSPOR,B,BOLU,Ertuğrul Mete Spor Kompleksi | ,,ZİYA ÖZORHON,MUSTAFA ÇELTİKER,UĞUR YÜKSEL,HAKAN ŞAHİN,SEVİM AKTAŞ,OĞUZHAN GÜZEL,AHSEL ÖZGÜ GÜREL,BANU KARATAŞ,Ertuğrul Mete Spor Kompleksi
17.02.2021,12:30,BGL827,02. Hafta,FRUTTİ EXTRA BURSASPOR,58 - 71,TEŞVİKİYE,B,BOLU,Ertuğrul Mete Spor Kompleksi | ,,MUSA KAZIM ÇETİN,ESRA YILDIZ,GÜNEY BİRLİK,HAKAN ŞAHİN,YASEMİN NUR GÜREL,SEVİM AKTAŞ,OĞUZHAN GÜZEL,SERAP KARA,Ertuğrul Mete Spor Kompleksi
17.02.2021,15:00,BGL828,02. Hafta,TÜRK TELEKOM,79 - 81,ALİAĞA PETKİM SPOR,B,BOLU,Ertuğrul Mete Spor Kompleksi | ,,DUHAN KÖYİÇİ,BARAN AVŞAR,OZAN GÜNDÜZ,HAKAN ŞAHİN,AHSEL ÖZGÜ GÜREL,YASEMİN NUR GÜREL,SEVİM AKTAŞ,BANU KARATAŞ,Ertuğrul Mete Spor Kompleksi
17.02.2021,17:30,BGL829,02. Hafta,LOKMAN HEKİM FETHİYE BELEDİYE SPOR,42 - 59,DARÜŞŞAFAKA SPOR KULÜBÜ,B,BOLU,Ertuğrul Mete Spor Kompleksi | ,,SERHAT BÜKER,BATUHAN MERT GÜL,SALİH ÖZYURT,VEYSEL PEKDOĞAN,YASEMİN NUR GÜREL,AHSEL ÖZGÜ GÜREL,SERAP KARA,OĞUZHAN GÜZEL,Ertuğrul Mete Spor Kompleksi
17.02.2021,20:00,BGL830,02. Hafta,FENERBAHÇE BEKO,78 - 65,GALATASARAY,B,BOLU,Ertuğrul Mete Spor Kompleksi | ,,MEHMET KESERATAR,BERK KURTULMUŞ,ÇAĞLAR ÖZKAN,VEYSEL PEKDOĞAN,SERAP KARA,YASEMİN NUR GÜREL,SEVİM AKTAŞ,AHSEL ÖZGÜ GÜREL,Ertuğrul Mete Spor Kompleksi
11.02.2021,10:00,BGL816,03. Hafta,TOFAŞ,76 - 71,EMPERA HALI GAZİANTEP BASKETBOL,A,BOLU,Ertuğrul Mete Spor Kompleksi | ,,AYTUĞ EKTİ,DOĞU BERK İNNAL,YARKIN KESKİN,İHSAN KÜÇÜKAYCAN,EMİN KEREM ERKADAM,DİDEM ÇİNAR,EMİRHAN SERTOĞLU,METİN ÇETİN,Ertuğrul Mete Spor Kompleksi
11.02.2021,12:30,BGL817,03. Hafta,TED ANKARA KOLEJLİLER,76 - 73,GELİŞİM KOLEJİ,A,BOLU,Ertuğrul Mete Spor Kompleksi | ,,HALİL BALDEMİR,SÜLEYMAN EREN PEKDOĞAN,SADETTİN BAYCAN,İHSAN KÜÇÜKAYCAN,SEVİM AKTAŞ,EMİRHAN SERTOĞLU,DİDEM ÇİNAR,EMRE BUĞRAHAN YILMAZ,Ertuğrul Mete Spor Kompleksi
11.02.2021,15:00,BGL818,03. Hafta,FMV IŞIK OKULLARI AFYON BELEDİYESİ,65 - 88,PINAR KARŞIYAKA,A,BOLU,Ertuğrul Mete Spor Kompleksi | ,,ALİ KÖSEOĞLU,SEZER BOR,OSMAN YETİŞKİN,İHSAN KÜÇÜKAYCAN,METİN ÇETİN,SEVİM AKTAŞ,EMİN KEREM ERKADAM,DİDEM ÇİNAR,Ertuğrul Mete Spor Kompleksi
11.02.2021,17:30,BGL819,03. Hafta,ANADOLU EFES,85 - 52,BÜYÜKÇEKMECE BASKETBOL,A,BOLU,Ertuğrul Mete Spor Kompleksi | ,,SEMİH VURAL,NİHAT KARA,ALMİNA KOCABAŞ,HAKAN ŞAHİN,SEVİM AKTAŞ,EMİRHAN SERTOĞLU,METİN ÇETİN,EMRE BUĞRAHAN YILMAZ,Ertuğrul Mete Spor Kompleksi
11.02.2021,20:00,BGL820,03. Hafta,BEŞİKTAŞ JK,57 - 89,BAHÇEŞEHİR KOLEJİ,A,BOLU,Ertuğrul Mete Spor Kompleksi | ,,AHMET TATLICI,SALİH ARDA UNUL,CAN ÜTKÜR,HAKAN ŞAHİN,SEVİM AKTAŞ,DİDEM ÇİNAR,EMİRHAN SERTOĞLU,EMİN KEREM ERKADAM,Ertuğrul Mete Spor Kompleksi
18.02.2021,10:00,BGL831,03. Hafta,TARSUS AMERİKAN KOLEJİ,56 - 67,TEŞVİKİYE,B,BOLU,Ertuğrul Mete Spor Kompleksi | ,,SERHAT BÜKER,ESRA YILDIZ,SALİH ÖZYURT,VEYSEL PEKDOĞAN,BANU KARATAŞ,SEVİM AKTAŞ,AHSEL ÖZGÜ GÜREL,YASEMİN NUR GÜREL,Ertuğrul Mete Spor Kompleksi
18.02.2021,12:30,BGL832,03. Hafta,TÜRK TELEKOM,58 - 77,DARÜŞŞAFAKA SPOR KULÜBÜ,B,BOLU,Ertuğrul Mete Spor Kompleksi | ,,MEHMET KESERATAR,BARAN AVŞAR,UĞUR YÜKSEL,VEYSEL PEKDOĞAN,YASEMİN NUR GÜREL,OĞUZHAN GÜZEL,SEVİM AKTAŞ,AHSEL ÖZGÜ GÜREL,Ertuğrul Mete Spor Kompleksi
18.02.2021,15:00,BGL833,03. Hafta,LOKMAN HEKİM FETHİYE BELEDİYE SPOR,53 - 75,FRUTTİ EXTRA BURSASPOR,B,BOLU,Ertuğrul Mete Spor Kompleksi | ,,ZİYA ÖZORHON,BERK KURTULMUŞ,ÇAĞLAR ÖZKAN,VEYSEL PEKDOĞAN,SERAP KARA,SEVİM AKTAŞ,AHSEL ÖZGÜ GÜREL,BANU KARATAŞ,Ertuğrul Mete Spor Kompleksi
18.02.2021,17:30,BGL834,03. Hafta,FENERBAHÇE BEKO,100 - 65,ALİAĞA PETKİM SPOR,B,BOLU,Ertuğrul Mete Spor Kompleksi | ,,MUSA KAZIM ÇETİN,MUSTAFA ÇELTİKER,OZAN GÜNDÜZ,HAKAN ŞAHİN,AHSEL ÖZGÜ GÜREL,YASEMİN NUR GÜREL,OĞUZHAN GÜZEL,SERAP KARA,Ertuğrul Mete Spor Kompleksi
18.02.2021,20:00,BGL835,03. Hafta,GALATASARAY,72 - 58,OGM ORMANSPOR,B,BOLU,Ertuğrul Mete Spor Kompleksi | ,,DUHAN KÖYİÇİ,BATUHAN MERT GÜL,GÜNEY BİRLİK,HAKAN ŞAHİN,YASEMİN NUR GÜREL,SEVİM AKTAŞ,BANU KARATAŞ,OĞUZHAN GÜZEL,Ertuğrul Mete Spor Kompleksi
9.03.2021,10:00,BGL836,04. Hafta,EMPERA HALI GAZİANTEP BASKETBOL,61 - 55,TED ANKARA KOLEJLİLER,A,BOLU,Ertuğrul Mete Spor Kompleksi | ,,ALPER ÖZGÖK,AHMET BİLAL ÖZTÜRK,BURAK AKTAŞ,EREN KÜÇÜKSOLAKOĞLU,SEVİM AKTAŞ,METİN ÇETİN,OĞUZHAN GÜZEL,AHSEL ÖZGÜ GÜREL,Ertuğrul Mete Spor Kompleksi
9.03.2021,12:30,BGL837,04. Hafta,BAHÇEŞEHİR KOLEJİ,76 - 79,ANADOLU EFES,A,BOLU,Ertuğrul Mete Spor Kompleksi | ,,ALİ SERKAN EMLEK,SİBEL KOÇ,AHMET MALİK ŞAN,EREN KÜÇÜKSOLAKOĞLU,AHSEL ÖZGÜ GÜREL,SEVİM AKTAŞ,EMRE CİNGÖZ,OĞUZHAN GÜZEL,Ertuğrul Mete Spor Kompleksi
9.03.2021,15:00,BGL838,04. Hafta,BÜYÜKÇEKMECE BASKETBOL,45 - 85,TOFAŞ,A,BOLU,Ertuğrul Mete Spor Kompleksi | ,,FATİH ARSLANOĞLU,ÖZKAN ÇAĞLAYAN,HÜSEYİN ÇAMCI,GÜNAY YAYLI,METİN ÇETİN,OĞUZHAN GÜZEL,EMRAH ÖZBUDAK,SEVİM AKTAŞ,Ertuğrul Mete Spor Kompleksi
9.03.2021,17:30,BGL839,04. Hafta,BEŞİKTAŞ JK,93 - 51,FMV IŞIK OKULLARI AFYON BELEDİYESİ,A,BOLU,Ertuğrul Mete Spor Kompleksi | ,,SİNEM TETİK AKBAYRAK,GÖNENÇ ÇETİN,BARIŞ BURAK DURMUŞ,GÜNAY YAYLI,AHSEL ÖZGÜ GÜREL,EMRE CİNGÖZ,METİN IŞIK,OĞUZHAN GÜZEL,Ertuğrul Mete Spor Kompleksi
9.03.2021,20:00,BGL840,04. Hafta,GELİŞİM KOLEJİ,67 - 65,PINAR KARŞIYAKA,A,BOLU,Ertuğrul Mete Spor Kompleksi | ,,MEHMET OZAN ÇAKAR,MESUT ÇINAR,DERYA ÇELİK,GÜNAY YAYLI,SEVİM AKTAŞ,METİN ÇETİN,EMRAH ÖZBUDAK,AHSEL ÖZGÜ GÜREL,Ertuğrul Mete Spor Kompleksi
16.03.2021,10:00,BGL851,04. Hafta,TEŞVİKİYE,81 - 66,TÜRK TELEKOM,B,BOLU,Ertuğrul Mete Spor Kompleksi | ,,POLAT PARLAK,BURAK DURMUŞ,BERK BEŞGEN,HAKAN ŞAHİN,DİDEM ÇİNAR,SEVİM AKTAŞ,BANU KARATAŞ,EMİRHAN SERTOĞLU,Ertuğrul Mete Spor Kompleksi
16.03.2021,12:30,BGL852,04. Hafta,OGM ORMANSPOR,85 - 105,FENERBAHÇE BEKO,B,BOLU,Ertuğrul Mete Spor Kompleksi | ,,SEHER AYŞE NUR YAZICIOĞLU,HASAN KAMİL TAKINYALIOĞLU,YAKUP BUTASIM,HAKAN ŞAHİN,BANU KARATAŞ,OĞUZHAN GÜZEL,EMRAH ÖZBUDAK,SEVİM AKTAŞ,Ertuğrul Mete Spor Kompleksi
16.03.2021,15:00,BGL853,04. Hafta,ALİAĞA PETKİM SPOR,74 - 68,TARSUS AMERİKAN KOLEJİ,B,BOLU,Ertuğrul Mete Spor Kompleksi | ,,SEMİH VURAL,HAVVA MİRHAN ATEŞER,ERDOĞAN ÇELEBİ,SEYİT AHMET BECAN,DİDEM ÇİNAR,BANU KARATAŞ,EMİRHAN SERTOĞLU,OĞUZHAN GÜZEL,Ertuğrul Mete Spor Kompleksi
16.03.2021,17:30,BGL854,04. Hafta,GALATASARAY,85 - 58,LOKMAN HEKİM FETHİYE BELEDİYE SPOR,B,BOLU,Ertuğrul Mete Spor Kompleksi | ,,ERŞAN KARTAL,SABRİ GÜNDÜZ,HEYBET NASIROĞLU,SEYİT AHMET BECAN,DİDEM ÇİNAR,OĞUZHAN GÜZEL,EMRAH ÖZBUDAK,SEVİM AKTAŞ,Ertuğrul Mete Spor Kompleksi
16.03.2021,20:00,BGL855,04. Hafta,DARÜŞŞAFAKA SPOR KULÜBÜ,76 - 67,FRUTTİ EXTRA BURSASPOR,B,BOLU,Ertuğrul Mete Spor Kompleksi | ,,CAN MAVİSU,AHMET TUNCA EVCİL,SAMET TEKİN,SEYİT AHMET BECAN,DİDEM ÇİNAR,SEVİM AKTAŞ,EMRAH ÖZBUDAK,EMİRHAN SERTOĞLU,Ertuğrul Mete Spor Kompleksi
10.03.2021,10:00,BGL841,05. Hafta,BÜYÜKÇEKMECE BASKETBOL,62 - 75,BEŞİKTAŞ JK,A,BOLU,Ertuğrul Mete Spor Kompleksi | ,,ALİ SERKAN EMLEK,SİBEL KOÇ,BURAK AKTAŞ,GÜNAY YAYLI,AHSEL ÖZGÜ GÜREL,SEVİM AKTAŞ,METİN ÇETİN,OĞUZHAN GÜZEL,Ertuğrul Mete Spor Kompleksi
10.03.2021,12:30,BGL842,05. Hafta,BAHÇEŞEHİR KOLEJİ,90 - 75,FMV IŞIK OKULLARI AFYON BELEDİYESİ,A,BOLU,Ertuğrul Mete Spor Kompleksi | ,,ALPER ÖZGÖK,MESUT ÇINAR,DERYA ÇELİK,GÜNAY YAYLI,SEVİM AKTAŞ,EMRAH ÖZBUDAK,EMRE CİNGÖZ,AHSEL ÖZGÜ GÜREL,Ertuğrul Mete Spor Kompleksi
10.03.2021,15:00,BGL843,05. Hafta,EMPERA HALI GAZİANTEP BASKETBOL,62 - 69,ANADOLU EFES,A,BOLU,Ertuğrul Mete Spor Kompleksi | ,,MEHMET OZAN ÇAKAR,ÖZKAN ÇAĞLAYAN,HÜSEYİN ÇAMCI,EREN KÜÇÜKSOLAKOĞLU,METİN ÇETİN,OĞUZHAN GÜZEL,EMRAH ÖZBUDAK,AHSEL ÖZGÜ GÜREL,Ertuğrul Mete Spor Kompleksi
10.03.2021,17:30,BGL844,05. Hafta,GELİŞİM KOLEJİ,58 - 82,TOFAŞ,A,BOLU,Ertuğrul Mete Spor Kompleksi | ,,SİNEM TETİK AKBAYRAK,AHMET BİLAL ÖZTÜRK,AHMET MALİK ŞAN,EREN KÜÇÜKSOLAKOĞLU,SEVİM AKTAŞ,EMRE CİNGÖZ,METİN ÇETİN,OĞUZHAN GÜZEL,Ertuğrul Mete Spor Kompleksi
10.03.2021,20:00,BGL845,05. Hafta,PINAR KARŞIYAKA,53 - 67,TED ANKARA KOLEJLİLER,A,BOLU,Ertuğrul Mete Spor Kompleksi | ,,FATİH ARSLANOĞLU,GÖNENÇ ÇETİN,BARIŞ BURAK DURMUŞ,EREN KÜÇÜKSOLAKOĞLU,AHSEL ÖZGÜ GÜREL,SEVİM AKTAŞ,METİN ÇETİN,OĞUZHAN GÜZEL,Ertuğrul Mete Spor Kompleksi
17.03.2021,10:00,BGL856,05. Hafta,ALİAĞA PETKİM SPOR,62 - 71,GALATASARAY,B,BOLU,Ertuğrul Mete Spor Kompleksi | ,,SEHER AYŞE NUR YAZICIOĞLU,AHMET TUNCA EVCİL,YAKUP BUTASIM,SEYİT AHMET BECAN,DİDEM ÇİNAR,SEVİM AKTAŞ,OĞUZHAN GÜZEL,EMİRHAN SERTOĞLU,Ertuğrul Mete Spor Kompleksi
17.03.2021,12:30,BGL857,05. Hafta,OGM ORMANSPOR,73 - 71,LOKMAN HEKİM FETHİYE BELEDİYE SPOR,B,BOLU,Ertuğrul Mete Spor Kompleksi | ,,POLAT PARLAK,BURAK DURMUŞ,SAMET TEKİN,SEYİT AHMET BECAN,DİDEM ÇİNAR,BANU KARATAŞ,EMRAH ÖZBUDAK,SEVİM AKTAŞ,Ertuğrul Mete Spor Kompleksi
17.03.2021,15:00,BGL858,05. Hafta,TEŞVİKİYE,57 - 81,FENERBAHÇE BEKO,B,BOLU,Ertuğrul Mete Spor Kompleksi | ,,CAN MAVİSU,HAVVA MİRHAN ATEŞER,ERDOĞAN ÇELEBİ,HAKAN ŞAHİN,DİDEM ÇİNAR,BANU KARATAŞ,OĞUZHAN GÜZEL,EMİRHAN SERTOĞLU,Ertuğrul Mete Spor Kompleksi
17.03.2021,17:30,BGL859,05. Hafta,DARÜŞŞAFAKA SPOR KULÜBÜ,66 - 76,TARSUS AMERİKAN KOLEJİ,B,BOLU,Ertuğrul Mete Spor Kompleksi | ,,ERŞAN KARTAL,HASAN KAMİL TAKINYALIOĞLU,BERK BEŞGEN,HAKAN ŞAHİN,SEVİM AKTAŞ,OĞUZHAN GÜZEL,EMRAH ÖZBUDAK,EMİRHAN SERTOĞLU,Ertuğrul Mete Spor Kompleksi
17.03.2021,20:00,BGL860,05. Hafta,FRUTTİ EXTRA BURSASPOR,66 - 88,TÜRK TELEKOM,B,BOLU,Ertuğrul Mete Spor Kompleksi | ,,SEMİH VURAL,SABRİ GÜNDÜZ,HEYBET NASIROĞLU,HAKAN ŞAHİN,BANU KARATAŞ,SEVİM AKTAŞ,EMRAH ÖZBUDAK,EMİRHAN SERTOĞLU,Ertuğrul Mete Spor Kompleksi
11.03.2021,10:00,BGL846,06. Hafta,ANADOLU EFES,97 - 63,GELİŞİM KOLEJİ,A,BOLU,Ertuğrul Mete Spor Kompleksi | ,,SİNEM TETİK AKBAYRAK,GÖNENÇ ÇETİN,BARIŞ BURAK DURMUŞ,EREN KÜÇÜKSOLAKOĞLU,SEVİM AKTAŞ,METİN ÇETİN,EMRAH ÖZBUDAK,OĞUZHAN GÜZEL,Ertuğrul Mete Spor Kompleksi
11.03.2021,12:30,BGL849,06. Hafta,BEŞİKTAŞ JK,87 - 88,EMPERA HALI GAZİANTEP BASKETBOL,A,BOLU,Ertuğrul Mete Spor Kompleksi | ,,FATİH ARSLANOĞLU,DERYA ÇELİK,MESUT ÇINAR,GÜNAY YAYLI,AHSEL ÖZGÜ GÜREL,EMRE CİNGÖZ,METİN ÇETİN,SEVİM AKTAŞ,Ertuğrul Mete Spor Kompleksi
11.03.2021,15:00,BGL847,06. Hafta,TOFAŞ,85 - 66,PINAR KARŞIYAKA,A,BOLU,Ertuğrul Mete Spor Kompleksi | ,,MEHMET OZAN ÇAKAR,SİBEL KOÇ,HÜSEYİN ÇAMCI,EREN KÜÇÜKSOLAKOĞLU,METİN ÇETİN,OĞUZHAN GÜZEL,EMRAH ÖZBUDAK,AHSEL ÖZGÜ GÜREL,Ertuğrul Mete Spor Kompleksi
11.03.2021,17:30,BGL848,06. Hafta,FMV IŞIK OKULLARI AFYON BELEDİYESİ,68 - 95,TED ANKARA KOLEJLİLER,A,BOLU,Ertuğrul Mete Spor Kompleksi | ,,ALİ SERKAN EMLEK,ÖZKAN ÇAĞLAYAN,AHMET MALİK ŞAN,GÜNAY YAYLI,SEVİM AKTAŞ,EMRE CİNGÖZ,AHSEL ÖZGÜ GÜREL,OĞUZHAN GÜZEL,Ertuğrul Mete Spor Kompleksi
11.03.2021,20:00,BGL850,06. Hafta,BAHÇEŞEHİR KOLEJİ,83 - 60,BÜYÜKÇEKMECE BASKETBOL,A,BOLU,Ertuğrul Mete Spor Kompleksi | ,,SİNEM TETİK AKBAYRAK,AHMET BİLAL ÖZTÜRK,BURAK AKTAŞ,GÜNAY YAYLI,AHSEL ÖZGÜ GÜREL,EMRAH ÖZBUDAK,EMRE CİNGÖZ,SEVİM AKTAŞ,Ertuğrul Mete Spor Kompleksi
18.03.2021,10:00,BGL861,06. Hafta,FENERBAHÇE BEKO,96 - 70,DARÜŞŞAFAKA SPOR KULÜBÜ,B,BOLU,Ertuğrul Mete Spor Kompleksi | ,,POLAT PARLAK,BURAK DURMUŞ,ERDOĞAN ÇELEBİ,HAKAN ŞAHİN,BANU KARATAŞ,SEVİM AKTAŞ,DİDEM ÇİNAR,OĞUZHAN GÜZEL,Ertuğrul Mete Spor Kompleksi
18.03.2021,12:30,BGL862,06. Hafta,TARSUS AMERİKAN KOLEJİ,77 - 56,FRUTTİ EXTRA BURSASPOR,B,BOLU,Ertuğrul Mete Spor Kompleksi | ,,SEMİH VURAL,AHMET TUNCA EVCİL,HAVVA MİRHAN ATEŞER,HAKAN ŞAHİN,SEVİM AKTAŞ,OĞUZHAN GÜZEL,EMRAH ÖZBUDAK,EMİRHAN SERTOĞLU,Ertuğrul Mete Spor Kompleksi
18.03.2021,15:00,BGL863,06. Hafta,LOKMAN HEKİM FETHİYE BELEDİYE SPOR,67 - 82,TÜRK TELEKOM,B,BOLU,Ertuğrul Mete Spor Kompleksi | ,,CAN MAVİSU,HEYBET NASIROĞLU,YAKUP BUTASIM,SEYİT AHMET BECAN,DİDEM ÇİNAR,BANU KARATAŞ,EMRAH ÖZBUDAK,EMİRHAN SERTOĞLU,Ertuğrul Mete Spor Kompleksi
18.03.2021,17:30,BGL864,06. Hafta,GALATASARAY,45 - 60,TEŞVİKİYE,B,BOLU,Ertuğrul Mete Spor Kompleksi | ,,ERŞAN KARTAL,HASAN KAMİL TAKINYALIOĞLU,SAMET TEKİN,SEYİT AHMET BECAN,DİDEM ÇİNAR,OĞUZHAN GÜZEL,BANU KARATAŞ,SEVİM AKTAŞ,Ertuğrul Mete Spor Kompleksi
18.03.2021,20:00,BGL865,06. Hafta,OGM ORMANSPOR,74 - 86,ALİAĞA PETKİM SPOR,B,BOLU,Ertuğrul Mete Spor Kompleksi | ,,SEHER AYŞE NUR YAZICIOĞLU,SABRİ GÜNDÜZ,BERK BEŞGEN,SEYİT AHMET BECAN,BANU KARATAŞ,SEVİM AKTAŞ,EMRAH ÖZBUDAK,EMİRHAN SERTOĞLU,Ertuğrul Mete Spor Kompleksi
6.04.2021,11:00,BGL866,07. Hafta,TED ANKARA KOLEJLİLER,62 - 59,TOFAŞ,A,BOLU,Ertuğrul Mete Spor Kompleksi | ,,MEHMET KARABİLECEN,AHMET KÖSE,ORÇUN AKGÜL,İHSAN KÜÇÜKAYCAN,DİDEM ÇİNAR,BANU KARATAŞ,METİN ÇETİN,OĞUZHAN GÜZEL,Ertuğrul Mete Spor Kompleksi
6.04.2021,13:30,BGL867,07. Hafta,EMPERA HALI GAZİANTEP BASKETBOL,99 - 80,BAHÇEŞEHİR KOLEJİ,A,BOLU,Ertuğrul Mete Spor Kompleksi | ,,KAAN BÜYÜKÇİL,MURAT GENÇ,BURAK PEHLİVAN,İHSAN KÜÇÜKAYCAN,SEVİM AKTAŞ,AHSEL ÖZGÜ GÜREL,EMRAH ÖZBUDAK,EMİRHAN SERTOĞLU,Ertuğrul Mete Spor Kompleksi
6.04.2021,16:00,BGL869,07. Hafta,PINAR KARŞIYAKA,62 - 90,ANADOLU EFES,A,BOLU,Ertuğrul Mete Spor Kompleksi | ,,MEHMET SERDAR ÜNAL,MEHMET BURAK ANLATICI,HASAN MESUT DEMİR,TURAN CAN OCAKOĞLU,BANU KARATAŞ,OĞUZHAN GÜZEL,METİN ÇETİN,DİDEM ÇİNAR,Ertuğrul Mete Spor Kompleksi
6.04.2021,18:30,BGL870,07. Hafta,BÜYÜKÇEKMECE BASKETBOL,97 - 78,FMV IŞIK OKULLARI AFYON BELEDİYESİ,A,BOLU,Ertuğrul Mete Spor Kompleksi | ,,MEHMET ŞAHİN,SAMET BİNER,MAHSUN ALANKO,TURAN CAN OCAKOĞLU,AHSEL ÖZGÜ GÜREL,EMİRHAN SERTOĞLU,EMRAH ÖZBUDAK,SEVİM AKTAŞ,Ertuğrul Mete Spor Kompleksi
13.04.2021,12:30,BGL882,07. Hafta,TEŞVİKİYE,73 - 68,OGM ORMANSPOR,B,BOLU,Ertuğrul Mete Spor Kompleksi | ,,AYTUĞ EKTİ,TOLGA AKKUŞOĞLU,ALİ CAN YILMAZ,ENİS GÜREL,SEVİM AKTAŞ,AHSEL ÖZGÜ GÜREL,EMİRHAN SERTOĞLU,BANU KARATAŞ,Ertuğrul Mete Spor Kompleksi
13.04.2021,15:00,BGL881,07. Hafta,TÜRK TELEKOM,60 - 63,TARSUS AMERİKAN KOLEJİ,B,BOLU,Ertuğrul Mete Spor Kompleksi | ,,MEHMET KESERATAR,FATİH EVLİ,GÖKHAN EĞLENOĞLU,ENİS GÜREL,DİDEM ÇİNAR,SEVİM AKTAŞ,OĞUZHAN GÜZEL,BANU KARATAŞ,Ertuğrul Mete Spor Kompleksi
13.04.2021,17:30,BGL884,07. Hafta,FRUTTİ EXTRA BURSASPOR,79 - 98,FENERBAHÇE BEKO,B,BOLU,Ertuğrul Mete Spor Kompleksi | ,,KEREM BAKİ,EMRE YELDAŞ,NURİ DİLMEN,EREN KÜÇÜKSOLAKOĞLU,BANU KARATAŞ,OĞUZHAN GÜZEL,DİDEM ÇİNAR,ÖZGE KOZLU,Ertuğrul Mete Spor Kompleksi
13.04.2021,20:00,BGL885,07. Hafta,ALİAĞA PETKİM SPOR,114 - 65,LOKMAN HEKİM FETHİYE BELEDİYE SPOR,B,BOLU,Ertuğrul Mete Spor Kompleksi | ,,HALİL BALDEMİR,KADİR GİRAY ESEN,ALİ BARAN TECİRLİ,EREN KÜÇÜKSOLAKOĞLU,AHSEL ÖZGÜ GÜREL,EMİRHAN SERTOĞLU,OĞUZHAN GÜZEL,OĞUZHAN GÜZEL,Ertuğrul Mete Spor Kompleksi
7.04.2021,11:00,BGL871,08. Hafta,BAHÇEŞEHİR KOLEJİ,92 - 64,GELİŞİM KOLEJİ,A,BOLU,Ertuğrul Mete Spor Kompleksi | ,,MEHMET SERDAR ÜNAL,AHMET KÖSE,SAMET BİNER,İHSAN KÜÇÜKAYCAN,SEVİM AKTAŞ,OĞUZHAN GÜZEL,METİN ÇETİN,AHSEL ÖZGÜ GÜREL,Ertuğrul Mete Spor Kompleksi
7.04.2021,13:30,BGL872,08. Hafta,ANADOLU EFES,95 - 77,TED ANKARA KOLEJLİLER,A,BOLU,Ertuğrul Mete Spor Kompleksi | ,,KAAN BÜYÜKÇİL,MURAT GENÇ,BURAK PEHLİVAN,İHSAN KÜÇÜKAYCAN,BANU KARATAŞ,DİDEM ÇİNAR,EMRAH ÖZBUDAK,EMİRHAN SERTOĞLU,Ertuğrul Mete Spor Kompleksi
7.04.2021,16:00,BGL874,08. Hafta,FMV IŞIK OKULLARI AFYON BELEDİYESİ,66 - 105,TOFAŞ,A,BOLU,Ertuğrul Mete Spor Kompleksi | ,,MEHMET ŞAHİN,MEHMET BURAK ANLATICI,HASAN MESUT DEMİR,TURAN CAN OCAKOĞLU,AHSEL ÖZGÜ GÜREL,OĞUZHAN GÜZEL,METİN ÇETİN,SEVİM AKTAŞ,Ertuğrul Mete Spor Kompleksi
7.04.2021,18:30,BGL875,08. Hafta,BÜYÜKÇEKMECE BASKETBOL,67 - 101,EMPERA HALI GAZİANTEP BASKETBOL,A,BOLU,Ertuğrul Mete Spor Kompleksi | ,,KAAN BÜYÜKÇİL,ORÇUN AKGÜL,MAHSUN ALANKO,TURAN CAN OCAKOĞLU,BANU KARATAŞ,EMİRHAN SERTOĞLU,EMRAH ÖZBUDAK,DİDEM ÇİNAR,Ertuğrul Mete Spor Kompleksi
14.04.2021,11:00,BGL886,08. Hafta,OGM ORMANSPOR,84 - 81,DARÜŞŞAFAKA SPOR KULÜBÜ,B,BOLU,Ertuğrul Mete Spor Kompleksi | ,,HALİL BALDEMİR,GÖKHAN EĞLENOĞLU,NURİ DİLMEN,EREN KÜÇÜKSOLAKOĞLU,SEVİM AKTAŞ,EMİRHAN SERTOĞLU,ÖZGE KOZLU,AHSEL ÖZGÜ GÜREL,Ertuğrul Mete Spor Kompleksi
14.04.2021,13:30,BGL887,08. Hafta,FENERBAHÇE BEKO,84 - 67,TÜRK TELEKOM,B,BOLU,Ertuğrul Mete Spor Kompleksi | ,,AYTUĞ EKTİ,KADİR GİRAY ESEN,ALİ CAN YILMAZ,EREN KÜÇÜKSOLAKOĞLU,BANU KARATAŞ,DİDEM ÇİNAR,SEVİM AKTAŞ,OĞUZHAN GÜZEL,Ertuğrul Mete Spor Kompleksi
14.04.2021,16:00,BGL889,08. Hafta,LOKMAN HEKİM FETHİYE BELEDİYE SPOR,58 - 83,TARSUS AMERİKAN KOLEJİ,B,BOLU,Ertuğrul Mete Spor Kompleksi | ,,MEHMET KESERATAR,TOLGA AKKUŞOĞLU,ALİ BARAN TECİRLİ,ENİS GÜREL,AHSEL ÖZGÜ GÜREL,EMİRHAN SERTOĞLU,SEVİM AKTAŞ,ÖZGE KOZLU,Ertuğrul Mete Spor Kompleksi
14.04.2021,18:30,BGL890,08. Hafta,ALİAĞA PETKİM SPOR,67 - 63,TEŞVİKİYE,B,BOLU,Ertuğrul Mete Spor Kompleksi | ,,KEREM BAKİ,FATİH EVLİ,EMRE YELDAŞ,ENİS GÜREL,BANU KARATAŞ,OĞUZHAN GÜZEL,DİDEM ÇİNAR,AHSEL ÖZGÜ GÜREL,Ertuğrul Mete Spor Kompleksi
8.04.2021,11:00,BGL876,09. Hafta,PINAR KARŞIYAKA,52 - 99,BAHÇEŞEHİR KOLEJİ,A,BOLU,Ertuğrul Mete Spor Kompleksi | ,,MEHMET ŞAHİN,MURAT GENÇ,HASAN MESUT DEMİR,TURAN CAN OCAKOĞLU,DİDEM ÇİNAR,OĞUZHAN GÜZEL,METİN ÇETİN,SEVİM AKTAŞ,Ertuğrul Mete Spor Kompleksi
8.04.2021,13:30,BGL878,09. Hafta,EMPERA HALI GAZİANTEP BASKETBOL,109 - 81,FMV IŞIK OKULLARI AFYON BELEDİYESİ,A,BOLU,Ertuğrul Mete Spor Kompleksi | ,,MEHMET SERDAR ÜNAL,AHMET KÖSE,ORÇUN AKGÜL,İHSAN KÜÇÜKAYCAN,BANU KARATAŞ,AHSEL ÖZGÜ GÜREL,EMRAH ÖZBUDAK,EMİRHAN SERTOĞLU,Ertuğrul Mete Spor Kompleksi
8.04.2021,16:00,BGL877,09. Hafta,GELİŞİM KOLEJİ,69 - 57,BÜYÜKÇEKMECE BASKETBOL,A,BOLU,Ertuğrul Mete Spor Kompleksi | ,,KAAN BÜYÜKÇİL,MEHMET BURAK ANLATICI,MAHSUN ALANKO,TURAN CAN OCAKOĞLU,SEVİM AKTAŞ,DİDEM ÇİNAR,METİN ÇETİN,OĞUZHAN GÜZEL,Ertuğrul Mete Spor Kompleksi
8.04.2021,18:30,BGL880,09. Hafta,TOFAŞ,76 - 58,ANADOLU EFES,A,BOLU,Ertuğrul Mete Spor Kompleksi | ,,MEHMET ŞAHİN,BURAK PEHLİVAN,SAMET BİNER,İHSAN KÜÇÜKAYCAN,BANU KARATAŞ,EMİRHAN SERTOĞLU,EMRAH ÖZBUDAK,AHSEL ÖZGÜ GÜREL,Ertuğrul Mete Spor Kompleksi
15.04.2021,10:00,BGL891,09. Hafta,FRUTTİ EXTRA BURSASPOR,85 - 84,OGM ORMANSPOR,B,BOLU,Ertuğrul Mete Spor Kompleksi | ,,AYTUĞ EKTİ,FATİH EVLİ,ALİ CAN YILMAZ,ENİS GÜREL,SEVİM AKTAŞ,OĞUZHAN GÜZEL,AHSEL ÖZGÜ GÜREL,ÖZGE KOZLU,Ertuğrul Mete Spor Kompleksi
15.04.2021,12:30,BGL895,09. Hafta,TARSUS AMERİKAN KOLEJİ,72 - 86,FENERBAHÇE BEKO,B,BOLU,Ertuğrul Mete Spor Kompleksi | ,,MEHMET KESERATAR,EMRE YELDAŞ,NURİ DİLMEN,ENİS GÜREL,BANU KARATAŞ,AHSEL ÖZGÜ GÜREL,DİDEM ÇİNAR,EMİRHAN SERTOĞLU,Ertuğrul Mete Spor Kompleksi
15.04.2021,15:00,BGL893,09. Hafta,TEŞVİKİYE,85 - 58,LOKMAN HEKİM FETHİYE BELEDİYE SPOR,B,BOLU,Ertuğrul Mete Spor Kompleksi | ,,HALİL BALDEMİR,GÖKHAN EĞLENOĞLU,ALİ BARAN TECİRLİ,EREN KÜÇÜKSOLAKOĞLU,BANU KARATAŞ,DİDEM ÇİNAR,EMİRHAN SERTOĞLU,OĞUZHAN GÜZEL,Ertuğrul Mete Spor Kompleksi
15.04.2021,17:30,BGL892,09. Hafta,DARÜŞŞAFAKA SPOR KULÜBÜ,58 - 67,ALİAĞA PETKİM SPOR,B,BOLU,Ertuğrul Mete Spor Kompleksi | ,,KEREM BAKİ,TOLGA AKKUŞOĞLU,KADİR GİRAY ESEN,EREN KÜÇÜKSOLAKOĞLU,DİDEM ÇİNAR,SEVİM AKTAŞ,EMİRHAN SERTOĞLU,ÖZGE KOZLU,Ertuğrul Mete Spor Kompleksi
5.05.2021,12:00,BGL896,Playoff Çeyrek Final,ANADOLU EFES,79 - 64,TEŞVİKİYE,PLAYOFF ÇEYREK FİNAL,BOLU,Ertuğrul Mete Spor Kompleksi | ,,SİNEM TETİK AKBAYRAK,UMUT ÖZGÜN ERGÜN,ÖMER KALAYDIN,VEYSEL PEKDOĞAN,İSMAHAN KÖSE,DİDEM ÇİNAR,YASEMİN NUR GÜREL,OĞUZHAN GÜZEL,Ertuğrul Mete Spor Kompleksi
5.05.2021,14:30,BGL897,Playoff Çeyrek Final,ALİAĞA PETKİM SPOR,71 - 83,EMPERA HALI GAZİANTEP BASKETBOL,PLAY OFF ÇEYREK FİNAL,BOLU,Ertuğrul Mete Spor Kompleksi | ,,SEMİH VURAL,BATUHAN SÖYLEMEZOĞLU,METEHAN ALAÇAM,VEYSEL PEKDOĞAN,BANU KARATAŞ,AHSEL ÖZGÜ GÜREL,DİDEM ÇİNAR,SEVİM AKTAŞ,Ertuğrul Mete Spor Kompleksi
5.05.2021,17:00,BGL898,Playoff Çeyrek Final,TOFAŞ,98 - 58,TARSUS AMERİKAN KOLEJİ,PLAY OFF ÇEYREK FİNAL,BOLU,Ertuğrul Mete Spor Kompleksi | ,,ALİ ŞAKACI,UMUT ÖZGÜN ERGÜN,ALPER GÖKÇEBEL,MUSTAFA BİÇER,YASEMİN NUR GÜREL,İSMAHAN KÖSE,OĞUZHAN GÜZEL,DİDEM ÇİNAR,Ertuğrul Mete Spor Kompleksi
5.05.2021,19:30,BGL899,Playoff Çeyrek Final,FENERBAHÇE BEKO,92 - 80,TED ANKARA KOLEJLİLER,PLAY OFF ÇEYREK FİNAL,BOLU,Ertuğrul Mete Spor Kompleksi | ,,ORHAN ÇAĞRI HEKİMOĞLU,TOLGA EDİS,ERDOĞAN ÇELEBİ,MUSTAFA BİÇER,SEVİM AKTAŞ,BANU KARATAŞ,AHSEL ÖZGÜ GÜREL,İSMAHAN KÖSE,Ertuğrul Mete Spor Kompleksi
6.05.2021,13:00,BGL900,Playoff Yarı Final,TOFAŞ,90 - 65,EMPERA HALI GAZİANTEP BASKETBOL,PLAY OFF YARI FİNAL,BOLU,Ertuğrul Mete Spor Kompleksi | ,,ALİ ŞAKACI,SİNEM TETİK AKBAYRAK,ALPER GÖKÇEBEL,MUSTAFA BİÇER,BANU KARATAŞ,SEVİM AKTAŞ,İSMAHAN KÖSE,OĞUZHAN GÜZEL,Ertuğrul Mete Spor Kompleksi
6.05.2021,15:30,BGL901,Playoff Yarı Final,FENERBAHÇE BEKO,87 - 65,ANADOLU EFES,PLAY OFF YARI FİNAL,BOLU,Ertuğrul Mete Spor Kompleksi | ,,SEMİH VURAL,ORHAN ÇAĞRI HEKİMOĞLU,METEHAN ALAÇAM,VEYSEL PEKDOĞAN,AHSEL ÖZGÜ GÜREL,YASEMİN NUR GÜREL,SEVİM AKTAŞ,DİDEM ÇİNAR,Ertuğrul Mete Spor Kompleksi
31.05.2021,17:00,BGL902,Final,FENERBAHÇE BEKO,81 - 80,TOFAŞ,FİNAL,İSTANBUL,Sinan Erdem Spor Salonu | ,,EMİN MOĞULKOÇ,ALPER GÖKÇEBEL,METİN ÜSTER,BURCU KOCAOĞLU SANCAR,KEREM SIRMAGİL,ERMAN YÜCEL,HİLMİ CANKUT AYNAR,ALTAN CANDAN,Sinan Erdem Spor Salonu
