Tarih,Saat,Maç No,Hafta,A Takım,Sonuç,B Takım,Grubu,Şehir,Salon,TV,Baş Hakem,1. Yrd. Hakem,2. Yrd. Hakem,Temsilci,1. Masa G.,2. Masa G.,3. Masa G.,4. Masa G.,Salon.1
6.10.2018,13:00,BGL265,01. Hafta,GALATASARAY,70 - 91,ANADOLU EFES,A,İSTANBUL,Ahmet Cömert Spor Salonu | ,,ZİYA ÖZORHON,TURGUT KARATOP,BERK KURTULMUŞ,BURAK DEMİR,FARUK RAMOĞLU,HİLMİ CANKUT AYNAR,AYGÜN SEVGİL,EROL TAHTAKESEN,Ahmet Cömert Spor Salonu
6.10.2018,13:30,BGL266,01. Hafta,FENERBAHÇE BEKO,94 - 63,TÜRK TELEKOM,A,İSTANBUL,Fenerbahçe Metro Enerji Spor Salonu | ,,MEHMET KARABİLECEN,SAMET TEKİN,FATİH ERDOĞAN,NEJAT YENİATAKAN,BEGÜM SAVAŞ,SEDA İŞLER,DEMET ULUCUTSOY,İREM KESKİN,Fenerbahçe Metro Enerji Spor Salonu
6.10.2018,17:30,BGL267,01. Hafta,PINAR KARŞIYAKA,67 - 43,ADATIP SAKARYA BÜYÜKŞEHİR BELEDİYE BASKETBOL,B,İZMİR,Karşıyaka Selçuk Yaşar Tesisleri | ,,POLAT PARLAK,BARIŞ BURAK DURMUŞ,RAHMİ GÜNER,BURAK BABAOĞLU,İLAYDA DİNÇEL,HALİDE KAYA,FATMA DÖNMEZ,MURAT GEDİK,Karşıyaka Selçuk Yaşar Tesisleri
7.10.2018,13:00,BGL268,01. Hafta,BANVİT BASKETBOL,97 - 45,SELÇUKLU BASKETBOL,B,BALIKESİR,Banvit Kara Ali Acar Spor Salonu | ,,OSMAN SİNAN İŞGÜDER,KAAN DAYAN,YILDIZ TURAN,MURAT KARTAL,IŞIL ÖZKAN,MUSA ÇALIŞKAN,OGÜN KURTULUŞ,ECE ONUR,Banvit Kara Ali Acar Spor Salonu
7.10.2018,13:00,BGL271,01. Hafta,AFYON BELEDİYESİSPOR,67 - 91,TOFAŞ,A,AFYONKARAHİSAR,Prof. Dr. Veysel Eroğlu Spor Salonu | ,,ÖZLEM YALMAN,HÜSEYİN ÇAMCI,YASİN AK,EREN KÜÇÜKSOLAKOĞLU,HÜLYA KOZAN,HASAN ALİ TUTAR,HASAN GÖRDES,HATİCE OKÇU,Prof. Dr. Veysel Eroğlu Spor Salonu
7.10.2018,14:00,BGL269,01. Hafta,TED ANKARA KOLEJLİLER,85 - 68,BAHÇEŞEHİR KOLEJİ,B,ANKARA,TED Üniversitesi Prof. Dr. Rüştü Yüce S.S. | ,,AYTUĞ EKTİ,SÜLEYMAN TEPE,ÖMER USLU,MUSTAFA KOCAEREN,SİBEL FAZLIOĞLU,SERDAR KARAGÜÇ,ANIL ENDER DURGUN,FATMA ÇELİK,TED Üniversitesi Prof. Dr. Rüştü Yüce S.S.
7.10.2018,14:00,BGL270,01. Hafta,İSTANBUL BBSK,70 - 71,BEŞİKTAŞ,B,İSTANBUL,Cebeci Spor Salonu | ,,AHMET TATLICI,ALPER GÖKÇEBEL,BUĞRA CEM İŞLEK,EMRAH CAN TATLI,ŞAZİYE SİMSAR YAKIN,KEREM SIRMAGİL,YÜCEL FIRAT,EMRAH RİFAİ,Cebeci Spor Salonu
7.10.2018,15:00,BGL272,01. Hafta,AREL ÜNİVERSİTESİ BÜYÜKÇEKMECE BASKETBOL,84 - 89,GELİŞİM KOLEJİ,A,İSTANBUL,Gazanfer Bilge | ,,SEMİH VURAL,HÜSEYİN SÖYLEMEZOĞLU,ASLI KOÇAK,HÜSEYİN OSMAN BÜYÜKGÖKSU,TUĞÇE KAYA,YUSUF YELESDAĞ,BİROL ŞİMŞEK,BİROL ÖZDAL,Gazanfer Bilge
7.10.2018,16:00,BGL274,01. Hafta,DARÜŞŞAFAKA BASKETBOL,79 - 47,GAZİANTEP BASKETBOL,B,İSTANBUL,Darüşşafaka Ayhan Şahenk Spor Salonu | ,,SERHAT BÜKER,ABDURRAHMAN İNAL,RIDVAN ARDA DEMİRCİ,FİRDEVS EBRU ONARAN,GÜLİZ KONCA ADİLLER,ZAFER RİFAİ,GÜL URASLI,HİLMİ CANKUT AYNAR,Darüşşafaka Ayhan Şahenk Spor Salonu
12.10.2018,14:00,BGL277,02. Hafta,GELİŞİM KOLEJİ,79 - 107,FENERBAHÇE BEKO,A,İZMİR,Gelişim Koleji S.S. | ,,ZAFER YILMAZ,HASAN BORA AKSU,HAKAN YİĞİT,İSMAİL ATLAYAN,CANSU ÇOBAN,MESUT KARABULUT,FATMA DÖNMEZ,ONUR BURAK,Gelişim Koleji S.S.
13.10.2018,15:00,BGL278,02. Hafta,ANADOLU EFES,125 - 63,AFYON BELEDİYESİSPOR,A,İSTANBUL,Ahmet Cömert Spor Salonu | ,,ALİ ŞAKACI,HEYBET NASIROĞLU,GÜNDOĞAN ALİ BALABAN,BURCU KOCAOĞLU SANCAR,CEYDA KAPKAÇ,AYGÜN SEVGİL,GÜL URASLI,BEKİR SEVİMLİ,Ahmet Cömert Spor Salonu
14.10.2018,13:00,BGL281,02. Hafta,SELÇUKLU BASKETBOL,55 - 74,GAZİANTEP BASKETBOL,B,KONYA,Selçuklu Belediyesi Spor Salonu | ,,MEHMET SERDAR ÜNAL,OSMAN CAN GÜNDOĞDU,KÜBRA KENDİRLİ,LÜTFİYE TAŞPINAR,SÜLEYMAN KEMAL HOROZOĞLU,VEDAT ORHAN,ÖMER FARUK SARI,,Selçuklu Belediyesi Spor Salonu
14.10.2018,13:00,BGL275,02. Hafta,TÜRK TELEKOM,93 - 89,TAC NEF,A,ANKARA,Ankara Spor Salonu (Küçük) | ,,KEREM BAKİ,ALİ CAN YILMAZ,OSMAN YETİŞKİN,NİYAZİ ALİŞAN,İSMAİL FULSER,MEHMET AKİF CUMHURLU,NİHAN ÜNSAL,MUSA SAFA SARI,Ankara Spor Salonu (Küçük)
14.10.2018,14:00,BGL283,02. Hafta,BAHÇEŞEHİR KOLEJİ,49 - 76,BANVİT BASKETBOL,B,İSTANBUL,Caferağa Spor Salonu | ,,ALİ SERKAN EMLEK,MEHMET BARUT,ERCAN BOZDOĞAN,NEJAT YENİATAKAN,ARZU KÖRKEN,SERHAT LEVENT,SAMET AKYÜREK,VEDAT SAVAŞ,Caferağa Spor Salonu
14.10.2018,14:00,BGL284,02. Hafta,TED ANKARA KOLEJLİLER,71 - 79,PINAR KARŞIYAKA,B,ANKARA,TED Üniversitesi Prof. Dr. Rüştü Yüce S.S. | ,,HALİL BALDEMİR,TAYLAN KAYA,MUHAMMED TURP,HASAN GÜNGÖR,ZEYNEP ÖZMEN,GÖKHAN BAŞARAN,MELTEM KOLÇAK,HAKAN ÜNAL,TED Üniversitesi Prof. Dr. Rüştü Yüce S.S.
14.10.2018,15:00,BGL282,02. Hafta,ADATIP SAKARYA BÜYÜKŞEHİR BELEDİYE BASKETBOL,65 - 79,İSTANBUL BBSK,B,SAKARYA,Sakarya Spor Salonu | ,,DUHAN KÖYİÇİ,RIDVAN CÖMERT,MERİÇ BAYAZIT,MEHMET İSMET BAYRİ,ASLIHAN ONAR,ABDULLAH ŞEREMET,MESUT BORAZAN,KADRİYE ÇAKA,Sakarya Spor Salonu
14.10.2018,16:00,BGL279,02. Hafta,GALATASARAY,51 - 71,AREL ÜNİVERSİTESİ BÜYÜKÇEKMECE BASKETBOL,A,İSTANBUL,Ahmet Cömert Spor Salonu | ,,KAAN BÜYÜKÇİL,MERT KAYALI,BEYHAN ERBİLGİN,GÖZDE ERSÖZ,BİROL ŞİMŞEK,ERMAN YÜCEL,BEKİR SEVİMLİ,OSMAN OKUDAN,Ahmet Cömert Spor Salonu
14.10.2018,16:00,BGL280,02. Hafta,BEŞİKTAŞ,61 - 75,DARÜŞŞAFAKA BASKETBOL,B,İSTANBUL,Süleyman Seba S.Salonu | ,,MEHMET OZAN ÇAKAR,İSMAİL BALPETEK,BERK BEŞGEN,AHMET MÜNİR GÖKMEN,GÜLİZ KONCA ADİLLER,ALİ MALÇOK,ŞERMİN NAZLIGÜL,ŞAZİYE SİMSAR YAKIN,Süleyman Seba S.Salonu
20.10.2018,13:00,BGL294,03. Hafta,BANVİT BASKETBOL,84 - 68,PINAR KARŞIYAKA,B,BALIKESİR,Banvit Kara Ali Acar Spor Salonu | ,,AHMET TATLICI,RIDVAN ARDA DEMİRCİ,BUĞRA CEM İŞLEK,AHMET GÜNERLİ,ERCAN ÇAVUŞOĞLU,MERT TELLİBAYRAKTAR,METİN IŞIK,GÜLŞAH GÖNÜL,Banvit Kara Ali Acar Spor Salonu
20.10.2018,14:00,BGL292,03. Hafta,GAZİANTEP BASKETBOL,57 - 56,BAHÇEŞEHİR KOLEJİ,B,GAZİANTEP,Karataş Şahinbey Spor Salonu | ,,MUSA KAZIM ÇETİN,ABDURRAHMAN İNAL,ÖMER USLU,SÜLEYMAN AŞIK,UĞUR ŞAHAN,EKMEL CENGİZ,PINAR ŞAHİN,ALİ DALYANOĞLU,Karataş Şahinbey Spor Salonu
20.10.2018,14:00,BGL288,03. Hafta,FENERBAHÇE BEKO,91 - 87,GALATASARAY,A,İSTANBUL,Fenerbahçe Metro Enerji Spor Salonu | ,,HALİL BALDEMİR,ALPER GÖKÇEBEL,HASAN OK,ALİ RIZA YILMAZ,YEŞİM ÖZCAN ÖZTÜRK,EBRU ULUDOĞAN,GÖZDE BEGÜM AKÜZÜM,SEDA İŞLER,Fenerbahçe Metro Enerji Spor Salonu
20.10.2018,16:30,BGL289,03. Hafta,AFYON BELEDİYESİSPOR,52 - 87,AREL ÜNİVERSİTESİ BÜYÜKÇEKMECE BASKETBOL,A,AFYONKARAHİSAR,Prof. Dr. Veysel Eroğlu Spor Salonu | ,,POLAT PARLAK,KAAN DAYAN,YILDIZ TURAN,TURAN CAN OCAKOĞLU,HATİCE OKÇU,HASAN ALİ TUTAR,HASAN GÖRDES,MEHMET KARAARSLAN,Prof. Dr. Veysel Eroğlu Spor Salonu
20.10.2018,17:30,BGL293,03. Hafta,İSTANBUL BBSK,61 - 73,TED ANKARA KOLEJLİLER,B,İSTANBUL,Cebeci Spor Salonu | ,,ALPER ÖZGÖK,SAMET TEKİN,ASLI KOÇAK,GÖRKEM BIÇAKCIOĞLU,ŞAZİYE SİMSAR YAKIN,YUSUF YELESDAĞ,HİLMİ CANKUT AYNAR,EMRAH RİFAİ,Cebeci Spor Salonu
21.10.2018,14:00,BGL286,03. Hafta,TÜRK TELEKOM,77 - 75,GELİŞİM KOLEJİ,A,ANKARA,Ankara Spor Salonu (Küçük) | ,,ALPER ALTUĞ KÖSELERLİ,ENES DURAN,SÜLEYMAN KAAN KESKİN,BURAK DEDE,NİHAN ÜNSAL,SERKAN ÇADIR,FATİH DEMİRCİ,FEVZİ CAN ÜRESİN,Ankara Spor Salonu (Küçük)
21.10.2018,16:00,BGL290,03. Hafta,DARÜŞŞAFAKA BASKETBOL,89 - 59,SELÇUKLU BASKETBOL,B,İSTANBUL,Darüşşafaka Ayhan Şahenk Spor Salonu | ,,YENER YILMAZ,HÜSEYİN ÇAMCI,BARIŞ BURAK DURMUŞ,ÖMER KESKİN,BEGÜM SAVAŞ,ERMAN YÜCEL,SAMET AKYÜREK,ALPKAN HACIYAKUPOĞLU,Darüşşafaka Ayhan Şahenk Spor Salonu
21.10.2018,16:00,BGL291,03. Hafta,BEŞİKTAŞ,86 - 54,ADATIP SAKARYA BÜYÜKŞEHİR BELEDİYE BASKETBOL,B,İSTANBUL,Süleyman Seba S.Salonu | ,,EMİN MOĞULKOÇ,HÜSEYİN SÖYLEMEZOĞLU,YASİN AK,SAVAŞ BAYRAM ERTÜRK,GÜLİZ KONCA ADİLLER,ŞERMİN NAZLIGÜL,LAL DENİZ ÇELİKER,SELCAN TUĞÇE ALKAYA,Süleyman Seba S.Salonu
21.10.2018,16:30,BGL285,03. Hafta,TAC NEF,74 - 75,TOFAŞ,A,MERSİN,Edip Buran Spor Salonu | ,,MEHMET ŞAHİN,TURGUT KARATOP,BERK KURTULMUŞ,MUHAMMED DİYAÜDDİN SAĞIR,MELDA KÖKLÜER,ŞÜKRÜ SITKI,CANER SERTEL,BETÜL ÖZCAN,Edip Buran Spor Salonu
27.10.2018,16:30,BGL301,04. Hafta,BAHÇEŞEHİR KOLEJİ,69 - 55,SELÇUKLU BASKETBOL,B,İSTANBUL,Caferağa Spor Salonu | ,,ALİ KÖSEOĞLU,HAKAN YİĞİT,MERİÇ BAYAZIT,BURCU KOCAOĞLU SANCAR,BEGÜM SAVAŞ,PERİHAN GİZEM ÜNSAL,ECE DİKMENLİ,GÖRKEM GÖRGÜLÜ,Caferağa Spor Salonu
28.10.2018,10:00,BGL299,04. Hafta,AFYON BELEDİYESİSPOR,56 - 80,FENERBAHÇE BEKO,A,AFYONKARAHİSAR,Prof. Dr. Veysel Eroğlu Spor Salonu | ,,SEHER AYŞE NUR YAZICIOĞLU,MERT KAYALI,RAHMİ GÜNER,YÜKSEL ÇAKIR,EDA DURĞUT,IŞIL ÇETİNTAŞ,NURCAN GENCER,HASAN ALİ TUTAR,Prof. Dr. Veysel Eroğlu Spor Salonu
28.10.2018,12:00,BGL296,04. Hafta,ANADOLU EFES,76 - 56,TOFAŞ,A,İSTANBUL,Ahmet Cömert Spor Salonu | ,,FATİH ARSLANOĞLU,ERCAN BOZDOĞAN,BEYHAN ERBİLGİN,TAYFUN AY,BİROL ŞİMŞEK,BEKİR SEVİMLİ,SAMET AKYÜREK,BİROL ÖZDAL,Ahmet Cömert Spor Salonu
28.10.2018,13:00,BGL303,04. Hafta,PINAR KARŞIYAKA,60 - 44,GAZİANTEP BASKETBOL,B,İZMİR,Karşıyaka Selçuk Yaşar Tesisleri | ,,ZAFER YILMAZ,SÜLEYMAN TEPE,OSMAN YETİŞKİN,MURAT MISIRLI,ELÇİN ÇAĞATAY,ÖMER DURSUN,ONUR BURAK,MEHMET AYDIN,Karşıyaka Selçuk Yaşar Tesisleri
28.10.2018,13:00,BGL304,04. Hafta,BANVİT BASKETBOL,95 - 64,İSTANBUL BBSK,B,BALIKESİR,Banvit Kara Ali Acar Spor Salonu | ,,MEHMET OZAN ÇAKAR,FATİH ERDOĞAN,HASAN BORA AKSU,MURAT KARTAL,ECE ONUR,KAHRAMAN BEKDEMİR,ÇAĞLA USLUCA,SELMA YÜKSEL,Banvit Kara Ali Acar Spor Salonu
28.10.2018,14:00,BGL295,04. Hafta,GELİŞİM KOLEJİ,84 - 72,TAC NEF,A,İZMİR,Gelişim Koleji S.S. | ,,HALİT CAN CİHAN,RIDVAN CÖMERT,TAYLAN KAYA,MUSTAFA FIRAT,KEMAL AYPARS,GÖZDE ONAN,SEVERCAN GÜVEN,ERKAN TURAN,Gelişim Koleji S.S.
28.10.2018,14:00,BGL302,04. Hafta,TED ANKARA KOLEJLİLER,83 - 74,BEŞİKTAŞ,B,ANKARA,TED Üniversitesi Prof. Dr. Rüştü Yüce S.S. | ,,KEREM BAKİ,ALİ CAN YILMAZ,MEHMET BARUT,NİYAZİ ALİŞAN,HAKAN ÜNAL,GÖKHAN BAŞARAN,MURATCAN KOLÇAK,GÖZDE ÖZBEK,TED Üniversitesi Prof. Dr. Rüştü Yüce S.S.
28.10.2018,15:00,BGL300,04. Hafta,ADATIP SAKARYA BÜYÜKŞEHİR BELEDİYE BASKETBOL,63 - 69,DARÜŞŞAFAKA BASKETBOL,B,SAKARYA,Sakarya Spor Salonu | ,,SEMİH VURAL,KÜBRA KENDİRLİ,MUHAMMED TURP,MEHMET İSMET BAYRİ,ASLIHAN ONAR,ABDULLAH ŞEREMET,MESUT BORAZAN,ÖZNUR ÖNAL,Sakarya Spor Salonu
28.10.2018,17:30,BGL297,04. Hafta,GALATASARAY,83 - 82,TÜRK TELEKOM,A,İSTANBUL,Ahmet Cömert Spor Salonu | ,,YENER YILMAZ,OSMAN CAN GÜNDOĞDU,GÜNDOĞAN ALİ BALABAN,YEŞER EROĞLU ESKİCİOĞLU,GÜLİZ KONCA ADİLLER,NEŞE KIRAN,ALPKAN HACIYAKUPOĞLU,TUTKU MELİS AYGÜN,Ahmet Cömert Spor Salonu
31.10.2018,13:00,BGL314,05. Hafta,GAZİANTEP BASKETBOL,73 - 60,İSTANBUL BBSK,B,GAZİANTEP,Karataş Şahinbey Spor Salonu | ,,ALİ KÖSEOĞLU,HEYBET NASIROĞLU,ERCAN BOZDOĞAN,SÜLEYMAN AŞIK,EYÜP KALA,ABDURRAHMAN YALTIRIK,UĞUR ŞAHAN,CAFER FURKAN AYDINER,Karataş Şahinbey Spor Salonu
31.10.2018,14:00,BGL307,05. Hafta,TOFAŞ,85 - 64,AREL ÜNİVERSİTESİ BÜYÜKÇEKMECE BASKETBOL,A,BURSA,Bursa Atatürk Spor Salonu | ,,ZİYA ÖZORHON,BARIŞ BURAK DURMUŞ,BUĞRA CEM İŞLEK,MUSTAFA DURGUT,TEOMAN ÖYLEK,BERNA EKBİÇ,ESRA AL,,Bursa Atatürk Spor Salonu
31.10.2018,14:00,BGL308,05. Hafta,TÜRK TELEKOM,100 - 62,AFYON BELEDİYESİSPOR,A,ANKARA,Ankara Spor Salonu (Küçük) | ,,AYTUĞ EKTİ,YASİN AK,HÜSEYİN SÖYLEMEZOĞLU,HALDUN KUNT,SELDA UZUN,ANIL ENDER DURGUN,MUHSİNE AYDIN,TUĞÇE YILDIRIM,Ankara Spor Salonu (Küçük)
31.10.2018,14:00,BGL312,05. Hafta,SELÇUKLU BASKETBOL,47 - 89,PINAR KARŞIYAKA,B,KONYA,Selçuklu Belediyesi Spor Salonu | ,,MUSA KAZIM ÇETİN,SÜLEYMAN KAAN KESKİN,HÜSEYİN ÇAMCI,BAHA KAÇIN,OSMAN KESER,VEDAT ORHAN,HEDİYE BALIKCI,,Selçuklu Belediyesi Spor Salonu
31.10.2018,14:00,BGL313,05. Hafta,BEŞİKTAŞ,60 - 95,BANVİT BASKETBOL,B,İSTANBUL,Süleyman Seba S.Salonu | ,,SEMİH VURAL,SAMET TEKİN,ASLI KOÇAK,RAHŞAN ŞEBNEM TÜMER,ESİN MÜEZZİNOĞLU,KEREM SIRMAGİL,GÜL URASLI,MURAT ÖZKAN,Süleyman Seba S.Salonu
31.10.2018,16:00,BGL311,05. Hafta,ADATIP SAKARYA BÜYÜKŞEHİR BELEDİYE BASKETBOL,62 - 67,TED ANKARA KOLEJLİLER,B,SAKARYA,Sakarya Spor Salonu | ,,AHMET TATLICI,HASAN OK,ENES DURAN,BÜLENT TANESEN,ASLIHAN ONAR,ABDULLAH ŞEREMET,HAKAN BİRLİK,MÜCAHİT YAŞAR,Sakarya Spor Salonu
31.10.2018,17:00,BGL305,05. Hafta,TAC NEF,71 - 102,ANADOLU EFES,A,MERSİN,Edip Buran Spor Salonu | ,,MEHMET SERDAR ÜNAL,SÜLEYMAN TEPE,BERK BEŞGEN,TURGAY KÖROĞLU,ERSİN MUŞTU,CANER SERTEL,LEVENT YORULMAZ,SADIK ŞAHİN,Edip Buran Spor Salonu
31.10.2018,18:00,BGL310,05. Hafta,DARÜŞŞAFAKA BASKETBOL,99 - 75,BAHÇEŞEHİR KOLEJİ,B,İSTANBUL,Darüşşafaka Ayhan Şahenk Spor Salonu | ,,HALİT CAN CİHAN,ALPER GÖKÇEBEL,BERK KURTULMUŞ,TUĞBA YURTSEVEN,YÜKSEL NAZLIGÜL,ERMAN YÜCEL,ŞERMİN NAZLIGÜL,ALPKAN HACIYAKUPOĞLU,Darüşşafaka Ayhan Şahenk Spor Salonu
1.11.2018,14:00,BGL306,05. Hafta,GELİŞİM KOLEJİ,80 - 56,GALATASARAY,A,İZMİR,Gelişim Koleji S.S. | ,,POLAT PARLAK,KAAN DAYAN,YILDIZ TURAN,DİDEM SÜER,SİBEL DÖŞEMECİ,ALİ DEVECİ,FATMA DÖNMEZ,CEREN ÜNSEVER,Gelişim Koleji S.S.
3.11.2018,13:00,BGL322,06. Hafta,BANVİT BASKETBOL,82 - 70,ADATIP SAKARYA BÜYÜKŞEHİR BELEDİYE BASKETBOL,B,BALIKESİR,Banvit Kara Ali Acar Spor Salonu | ,,POLAT PARLAK,HASAN OK,MERT KAYALI,RAMAZAN ÖYLEK,ECE ONUR,KAHRAMAN BEKDEMİR,SELMA YÜKSEL,HÜSNİYE ÇOBAN,Banvit Kara Ali Acar Spor Salonu
3.11.2018,14:00,BGL318,06. Hafta,FENERBAHÇE BEKO,88 - 71,TOFAŞ,A,İSTANBUL,Fenerbahçe Metro Enerji Spor Salonu | ,,ALPER ÖZGÖK,RIDVAN ARDA DEMİRCİ,HASAN BORA AKSU,BURCU KOCAOĞLU SANCAR,ALTAN CANDAN,GÖZDE BEGÜM AKÜZÜM,SEDA İŞLER,GÜLŞAH ÇEBİ,Fenerbahçe Metro Enerji Spor Salonu
3.11.2018,14:00,BGL324,06. Hafta,GAZİANTEP BASKETBOL,57 - 66,BEŞİKTAŞ,B,GAZİANTEP,Karataş Şahinbey Spor Salonu | ,,MEHMET ŞAHİN,İSMAİL BALPETEK,ALİ CAN YILMAZ,ALİ ATICI,UĞUR ŞAHAN,PINAR ŞAHİN,RECEP ÖZTÜRK,ALİ DALYANOĞLU,Karataş Şahinbey Spor Salonu
3.11.2018,17:00,BGL316,06. Hafta,AREL ÜNİVERSİTESİ BÜYÜKÇEKMECE BASKETBOL,56 - 76,ANADOLU EFES,A,İSTANBUL,Gazanfer Bilge | ,,AHMET TATLICI,TURGUT KARATOP,MERİÇ BAYAZIT,SAVAŞ BAYRAM ERTÜRK,BEKİR SEVİMLİ,YUSUF YELESDAĞ,OSMAN AŞIK,YÜCEL FIRAT,Gazanfer Bilge
4.11.2018,14:00,BGL320,06. Hafta,TED ANKARA KOLEJLİLER,70 - 78,DARÜŞŞAFAKA BASKETBOL,B,ANKARA,TED Üniversitesi Prof. Dr. Rüştü Yüce S.S. | ,,AYTUĞ EKTİ,TAYLAN KAYA,ÖMER USLU,ÖNDER ŞENEL,ŞERİFE KÜBRA ÇELİK,FATİH ŞEN,FATMA ÇELİK,ZEYNEP ÖZMEN,TED Üniversitesi Prof. Dr. Rüştü Yüce S.S.
4.11.2018,14:00,BGL323,06. Hafta,İSTANBUL BBSK,67 - 42,SELÇUKLU BASKETBOL,B,İSTANBUL,Cebeci Spor Salonu | ,,ALİ ŞAKACI,BEYHAN ERBİLGİN,RIDVAN CÖMERT,EMRAH CAN TATLI,ŞAZİYE SİMSAR YAKIN,ZAFER RİFAİ,YÜCEL FIRAT,HİLMİ CANKUT AYNAR,Cebeci Spor Salonu
4.11.2018,17:30,BGL321,06. Hafta,PINAR KARŞIYAKA,111 - 68,BAHÇEŞEHİR KOLEJİ,B,İZMİR,Karşıyaka Selçuk Yaşar Tesisleri | ,,SEHER AYŞE NUR YAZICIOĞLU,RAHMİ GÜNER,FATİH ERDOĞAN,MUSTAFA FIRAT,İLAYDA DİNÇEL,DİLEK KESGİN,GÜNAY ALPUĞUZ,MEHMET AYDIN,Karşıyaka Selçuk Yaşar Tesisleri
4.11.2018,18:00,BGL315,06. Hafta,GALATASARAY,76 - 81,TAC NEF,A,İSTANBUL,Ahmet Cömert Spor Salonu | ,,ALİ SERKAN EMLEK,HAKAN YİĞİT,KÜBRA KENDİRLİ,ALİ RIZA YILMAZ,EMRAH RİFAİ,DİNÇER ADİLLER,BİROL ÖZDAL,TUTKU MELİS AYGÜN,Ahmet Cömert Spor Salonu
5.11.2018,13:00,BGL317,06. Hafta,AFYON BELEDİYESİSPOR,53 - 101,GELİŞİM KOLEJİ,A,AFYONKARAHİSAR,Prof. Dr. Veysel Eroğlu Spor Salonu | ,,DUHAN KÖYİÇİ,MUHAMMED TURP,HÜSEYİN ÇAMCI,TURAN CAN OCAKOĞLU,HÜLYA KOZAN,EDA DURĞUT,NURCAN GENCER,SEVGİ İÇÖZ,Prof. Dr. Veysel Eroğlu Spor Salonu
10.11.2018,13:00,BGL333,07. Hafta,ADATIP SAKARYA BÜYÜKŞEHİR BELEDİYE BASKETBOL,62 - 57,GAZİANTEP BASKETBOL,B,SAKARYA,Sakarya Spor Salonu | ,,HALİL BALDEMİR,BARIŞ BURAK DURMUŞ,OSMAN YETİŞKİN,İBRAHİM EMRE AYDEMİR,KADRİYE ÇAKA,ABDULLAH ŞEREMET,ASLIHAN ONAR,GİZEM ERSÖZ TİRYAKİ,Sakarya Spor Salonu
10.11.2018,16:00,BGL330,07. Hafta,DARÜŞŞAFAKA BASKETBOL,70 - 79,PINAR KARŞIYAKA,B,İSTANBUL,Darüşşafaka Ayhan Şahenk Spor Salonu | ,,MEHMET KESERATAR,KAAN DAYAN,SÜLEYMAN TEPE,BURAK DEMİR,SELCAN TUĞÇE ALKAYA,YÜKSEL NAZLIGÜL,ŞERMİN NAZLIGÜL,ALPKAN HACIYAKUPOĞLU,Darüşşafaka Ayhan Şahenk Spor Salonu
10.11.2018,17:00,BGL327,07. Hafta,ANADOLU EFES,75 - 70,FENERBAHÇE BEKO,A,İSTANBUL,Ahmet Cömert Spor Salonu | ,,MEHMET OZAN ÇAKAR,YASİN AK,HASAN OK,YEŞER EROĞLU ESKİCİOĞLU,BİROL ŞİMŞEK,CEYDA KAPKAÇ,YÜCEL FIRAT,GÜLTEKİN KABAŞ,Ahmet Cömert Spor Salonu
11.11.2018,13:00,BGL334,07. Hafta,SELÇUKLU BASKETBOL,68 - 75,BEŞİKTAŞ,B,KONYA,Selçuklu Belediyesi Spor Salonu | ,,FATİH ARSLANOĞLU,ERCAN BOZDOĞAN,MEHMET BARUT,GÜLŞEN ÖZTÜRK,RABİA UZUNTÜRK,BEYTULLAH KARTAL,HARUN HORTU,,Selçuklu Belediyesi Spor Salonu
11.11.2018,13:00,BGL332,07. Hafta,BAHÇEŞEHİR KOLEJİ,58 - 66,İSTANBUL BBSK,B,İSTANBUL,Caferağa Spor Salonu | ,,SEMİH VURAL,SAMET TEKİN,ASLI KOÇAK,SEVGİNAZ DIRAHOR,AHMET ERKASAP,ECE DİKMENLİ,SEDA İŞLER,SEHER KAZANÇ,Caferağa Spor Salonu
11.11.2018,14:00,BGL331,07. Hafta,TED ANKARA KOLEJLİLER,72 - 81,BANVİT BASKETBOL,B,ANKARA,TED Üniversitesi Prof. Dr. Rüştü Yüce S.S. | ,,ALPER ALTUĞ KÖSELERLİ,HEYBET NASIROĞLU,BERK BEŞGEN,EREN KÜÇÜKSOLAKOĞLU,TUĞÇE YILDIRIM,BİLAL UZGÖREN,SERKAN ÇADIR,MEHTAP ADIGÜZEL,TED Üniversitesi Prof. Dr. Rüştü Yüce S.S.
11.11.2018,14:00,BGL325,07. Hafta,TAC NEF,59 - 53,AREL ÜNİVERSİTESİ BÜYÜKÇEKMECE BASKETBOL,A,MERSİN,Edip Buran Spor Salonu | ,,KEREM BAKİ,OSMAN CAN GÜNDOĞDU,GÜNDOĞAN ALİ BALABAN,VEYSİ ORUK,SÜREYYA KANALICI,CANER SERTEL,ŞÜKRÜ SITKI,BEYHAN  AYÜSTÜN,Edip Buran Spor Salonu
11.11.2018,14:00,BGL326,07. Hafta,GALATASARAY,73 - 60,AFYON BELEDİYESİSPOR,A,İSTANBUL,Ahmet Cömert Spor Salonu | ,,ZİYA ÖZORHON,SÜLEYMAN KAAN KESKİN,ENES DURAN,ÖMER KESKİN,ESİN MÜEZZİNOĞLU,EMRAH RİFAİ,GÜL URASLI,İREM KESKİN,Ahmet Cömert Spor Salonu
11.11.2018,17:00,BGL329,07. Hafta,TOFAŞ,73 - 66,TÜRK TELEKOM,A,BURSA,Tofaş Spor Salonu | ,,EMİN MOĞULKOÇ,ALPER GÖKÇEBEL,BUĞRA CEM İŞLEK,ÇETİN ŞİMŞEK,İREM İLKAY TABAN,ZEHRA PINAR ÖZGÜR,TEOMAN ÖYLEK,,Tofaş Spor Salonu
17.11.2018,13:00,BGL335,08. Hafta,AFYON BELEDİYESİSPOR,44 - 94,TAC NEF,A,AFYONKARAHİSAR,Prof. Dr. Veysel Eroğlu Spor Salonu | ,,MUSA KAZIM ÇETİN,MERİÇ BAYAZIT,YILDIZ TURAN,MUSTAFA BİÇER,HATİCE OKÇU,HASAN ALİ TUTAR,HASAN GÖRDES,MEHMET KARAARSLAN,Prof. Dr. Veysel Eroğlu Spor Salonu
17.11.2018,13:30,BGL340,08. Hafta,BANVİT BASKETBOL,86 - 71,DARÜŞŞAFAKA BASKETBOL,B,BALIKESİR,Banvit Kara Ali Acar Spor Salonu | ,,SEHER AYŞE NUR YAZICIOĞLU,RIDVAN CÖMERT,RAHMİ GÜNER,MACİT ZEREN,IŞIL ÖZKAN,MERT TELLİBAYRAKTAR,METİN IŞIK,HÜSNİYE ÇOBAN,Banvit Kara Ali Acar Spor Salonu
17.11.2018,15:00,BGL336,08. Hafta,FENERBAHÇE BEKO,81 - 57,AREL ÜNİVERSİTESİ BÜYÜKÇEKMECE BASKETBOL,A,İSTANBUL,Ülker Spor ve Etkinlik Salonu | ,,ALİ SERKAN EMLEK,ÖMER USLU,KÜBRA KENDİRLİ,GENÇ OSMAN KOCAEREN,BEGÜM SAVAŞ,EBRU ULUDOĞAN,DEMET ULUCUTSOY,BÜŞRA ERKAN,Ülker Spor ve Etkinlik Salonu
18.11.2018,13:00,BGL344,08. Hafta,SELÇUKLU BASKETBOL,57 - 83,ADATIP SAKARYA BÜYÜKŞEHİR BELEDİYE BASKETBOL,B,KONYA,Selçuklu Belediyesi Spor Salonu | ,,ALPER ÖZGÖK,FARUK MİLLİ,HÜSEYİN SÖYLEMEZOĞLU,LÜTFİYE TAŞPINAR,RABİA UZUNTÜRK,ÖMER FARUK SARI,HARUN HORTU,,Selçuklu Belediyesi Spor Salonu
18.11.2018,14:00,BGL341,08. Hafta,İSTANBUL BBSK,46 - 75,PINAR KARŞIYAKA,B,İSTANBUL,Cebeci Spor Salonu | ,,HALİT CAN CİHAN,İSMAİL BALPETEK,RIDVAN ARDA DEMİRCİ,SEVGİNAZ DIRAHOR,EMRAH RİFAİ,ZAFER RİFAİ,ŞAZİYE SİMSAR YAKIN,SAMET AKYÜREK,Cebeci Spor Salonu
18.11.2018,14:00,BGL339,08. Hafta,TOFAŞ,73 - 72,GELİŞİM KOLEJİ,A,BURSA,Tofaş Spor Salonu | ,,YENER YILMAZ,TURGUT KARATOP,BERK KURTULMUŞ,ATİF AL,BATUHAN AKIN,GÖKHAN AVCI,BERNA EKBİÇ,ADEM ÇATALKAŞ,Tofaş Spor Salonu
18.11.2018,16:00,BGL343,08. Hafta,BEŞİKTAŞ,69 - 81,BAHÇEŞEHİR KOLEJİ,B,İSTANBUL,Süleyman Seba S.Salonu | ,,KAAN BÜYÜKÇİL,ALPER GÖKÇEBEL,FATMA ÖZTÜRK,SAVAŞ BAYRAM ERTÜRK,GÜLİZ KONCA ADİLLER,ALPER LAÇİNKAYA,ALPKAN HACIYAKUPOĞLU,GÖNÜL ÖZÇELİK,Süleyman Seba S.Salonu
18.11.2018,18:00,BGL338,08. Hafta,TÜRK TELEKOM,82 - 93,ANADOLU EFES,A,ANKARA,Mamak Belediyesi Spor Salonu | ,,ALİ ŞAKACI,MERT KAYALI,HAKAN YİĞİT,ABDULLAH ÖZSUVEREN,DENİZ AYSEVER,GÖKHAN BAŞARAN,SİNA KÜÇÜKDİLEK,HAKAN ÜNAL,Mamak Belediyesi Spor Salonu
19.11.2018,14:00,BGL342,08. Hafta,GAZİANTEP BASKETBOL,67 - 65,TED ANKARA KOLEJLİLER,B,GAZİANTEP,Karataş Şahinbey Spor Salonu | ,,MEHMET SERDAR ÜNAL,ÜNAL GÜNDOĞDU,NİZAMEDDİN CAN AKDOĞAN,MURAT MERCAN,UĞUR ŞAHAN,ABDURRAHMAN YALTIRIK,MUSTAFA BODUR,CAFER FURKAN AYDINER,Karataş Şahinbey Spor Salonu
24.11.2018,14:00,BGL353,09. Hafta,TED ANKARA KOLEJLİLER,76 - 58,SELÇUKLU BASKETBOL,B,ANKARA,TED Üniversitesi Prof. Dr. Rüştü Yüce S.S. | ,,HALİL BALDEMİR,MUHAMMED TURP,OSMAN CAN GÜNDOĞDU,NİYAZİ ALİŞAN,ZEYNEP ÖZMEN,YUNUS KAHRAMAN,ÖMÜR BAHTİYAROĞLU,FEVZİ CAN ÜRESİN,TED Üniversitesi Prof. Dr. Rüştü Yüce S.S.
24.11.2018,16:00,BGL345,09. Hafta,TAC NEF,84 - 95,FENERBAHÇE BEKO,A,MERSİN,Edip Buran Spor Salonu | ,,ERŞAN KARTAL,BEYHAN ERBİLGİN,ALİ CAN YILMAZ,SERKAN SU,YAREN SILA KÖKLÜER,SADIK ŞAHİN,LEVENT YORULMAZ,SÜREYYA KANALICI,Edip Buran Spor Salonu
24.11.2018,17:30,BGL348,09. Hafta,GALATASARAY,72 - 86,TOFAŞ,A,İSTANBUL,Ahmet Cömert Spor Salonu | ,,MEHMET ŞAHİN,FATİH ERDOĞAN,TAYLAN KAYA,AHMET MÜNİR GÖKMEN,AYGÜN SEVGİL,ALPER LAÇİNKAYA,BEKİR SEVİMLİ,BÜŞRA KIRIKCI,Ahmet Cömert Spor Salonu
25.11.2018,12:00,BGL351,09. Hafta,BANVİT BASKETBOL,99 - 46,GAZİANTEP BASKETBOL,B,BALIKESİR,Banvit Kara Ali Acar Spor Salonu | ,,AHMET TATLICI,HASAN OK,YASİN AK,MUSTAFA DURGUT,ERCAN ÇAVUŞOĞLU,MERT TELLİBAYRAKTAR,OGÜN KURTULUŞ,IŞIL ÖZKAN,Banvit Kara Ali Acar Spor Salonu
25.11.2018,14:00,BGL354,09. Hafta,BAHÇEŞEHİR KOLEJİ,67 - 57,ADATIP SAKARYA BÜYÜKŞEHİR BELEDİYE BASKETBOL,B,İSTANBUL,Caferağa Spor Salonu | ,,CAN MAVİSU,ERCAN BOZDOĞAN,HÜSEYİN ÇAMCI,MEHMET ZAFER MİLLİ,EDA ELFİDAN,DEMET ULUCUTSOY,AREZU KARAKAŞ,YEŞİM ÖZCAN ÖZTÜRK,Caferağa Spor Salonu
25.11.2018,15:00,BGL347,09. Hafta,AREL ÜNİVERSİTESİ BÜYÜKÇEKMECE BASKETBOL,65 - 79,TÜRK TELEKOM,A,İSTANBUL,Gazanfer Bilge | ,,SERHAT BÜKER,SAMET TEKİN,HASAN BORA AKSU,BURHAN ERTETİK,TUĞÇE KAYA,YUSUF YELESDAĞ,YÜCEL FIRAT,OSMAN AŞIK,Gazanfer Bilge
25.11.2018,16:00,BGL350,09. Hafta,DARÜŞŞAFAKA BASKETBOL,69 - 61,İSTANBUL BBSK,B,İSTANBUL,Darüşşafaka Ayhan Şahenk Spor Salonu | ,,ZAFER YILMAZ,TARIK ARAZ,FATMA ÖZTÜRK,ALİ RIZA YILMAZ,SELCAN TUĞÇE ALKAYA,ALPER LAÇİNKAYA,HİLMİ CANKUT AYNAR,ŞERMİN NAZLIGÜL,Darüşşafaka Ayhan Şahenk Spor Salonu
25.11.2018,17:00,BGL349,09. Hafta,ANADOLU EFES,83 - 54,GELİŞİM KOLEJİ,A,İSTANBUL,Ahmet Cömert Spor Salonu | ,,SEMİH VURAL,KAAN DAYAN,BUĞRA CEM İŞLEK,SEVGİNAZ DIRAHOR,GÜLİZ KONCA ADİLLER,LAL DENİZ ÇELİKER,ESİN MÜEZZİNOĞLU,BEKİR SEVİMLİ,Ahmet Cömert Spor Salonu
25.11.2018,17:30,BGL352,09. Hafta,PINAR KARŞIYAKA,87 - 58,BEŞİKTAŞ,B,İZMİR,Karşıyaka Selçuk Yaşar Tesisleri | ,,AYTUĞ EKTİ,BARIŞ BURAK DURMUŞ,ASLI KOÇAK,MEHMET AKİF KARAGÖZ,SİBEL DÖŞEMECİ,İRFAN TEMELLİ,ERKAN TURAN,MEHMET AYDIN,Karşıyaka Selçuk Yaşar Tesisleri
30.11.2018,14:00,BGL362,10. Hafta,SELÇUKLU BASKETBOL,56 - 84,BANVİT BASKETBOL,B,KONYA,Selçuklu Belediyesi Spor Salonu | ,,ALPER ALTUĞ KÖSELERLİ,HEYBET NASIROĞLU,ENES DURAN,LÜTFİYE TAŞPINAR,SADETTİN YAMAN,VEDAT ORHAN,HEDİYE BALIKCI,,Selçuklu Belediyesi Spor Salonu
1.12.2018,14:00,BGL360,10. Hafta,GAZİANTEP BASKETBOL,55 - 57,DARÜŞŞAFAKA BASKETBOL,B,GAZİANTEP,Karataş Şahinbey Spor Salonu | ,,CAN MAVİSU,BERK BEŞGEN,GÜNDOĞAN ALİ BALABAN,REMZİ ŞEN,UĞUR ŞAHAN,EKMEL CENGİZ,PINAR ŞAHİN,ABDURRAHMAN YALTIRIK,Karataş Şahinbey Spor Salonu
2.12.2018,13:00,BGL364,10. Hafta,BAHÇEŞEHİR KOLEJİ,49 - 52,TED ANKARA KOLEJLİLER,B,İSTANBUL,Caferağa Spor Salonu | ,,MEHMET KESERATAR,ÜNAL GÜNDOĞDU,RIDVAN CÖMERT,SAVAŞ BAYRAM ERTÜRK,AREZU KARAKAŞ,BİRGÜL KALE,TOLGAY ÖZCAN,SEHER KAZANÇ,Caferağa Spor Salonu
2.12.2018,14:00,BGL363,10. Hafta,ADATIP SAKARYA BÜYÜKŞEHİR BELEDİYE BASKETBOL,53 - 61,PINAR KARŞIYAKA,B,SAKARYA,Sakarya Spor Salonu | ,,SİNEM TETİK AKBAYRAK,TURGUT KARATOP,OSMAN YETİŞKİN,MEHMET İSMET BAYRİ,ASLIHAN ONAR,ABDULLAH ŞEREMET,HAKAN BİRLİK,KADRİYE ÇAKA,Sakarya Spor Salonu
2.12.2018,14:00,BGL356,10. Hafta,TÜRK TELEKOM,73 - 81,FENERBAHÇE BEKO,A,ANKARA,Ankara Spor Salonu (Küçük) | ,,ÖZLEM YALMAN,SÜLEYMAN TEPE,SÜLEYMAN KAAN KESKİN,SEMİH KAYA,HAKAN ÜNAL,GÖKHAN BAŞARAN,ANIL ENDER DURGUN,FATİH ŞEN,Ankara Spor Salonu (Küçük)
2.12.2018,14:00,BGL357,10. Hafta,TOFAŞ,95 - 64,AFYON BELEDİYESİSPOR,A,BURSA,Bursa Atatürk Spor Salonu | ,,OSMAN SİNAN İŞGÜDER,TARIK ARAZ,HASAN BORA AKSU,ZİYNİŞ ORUÇ,HANDE NUR DOĞAN,HASAN YILDIZ,TEOMAN ÖYLEK,İREM İLKAY TABAN,Bursa Atatürk Spor Salonu
2.12.2018,14:00,BGL358,10. Hafta,GELİŞİM KOLEJİ,87 - 65,AREL ÜNİVERSİTESİ BÜYÜKÇEKMECE BASKETBOL,A,İZMİR,Gelişim Koleji S.S. | ,,FATİH ARSLANOĞLU,HAKAN YİĞİT,YILDIZ TURAN,MUSTAFA FIRAT,CANSU ÇOBAN,ŞAHİN ŞANLI,MERVE KOÇAK,HALİME ULUDAĞ,Gelişim Koleji S.S.
2.12.2018,16:00,BGL361,10. Hafta,BEŞİKTAŞ,68 - 70,İSTANBUL BBSK,B,İSTANBUL,Süleyman Seba S.Salonu | ,,ERŞAN KARTAL,MEHMET BARUT,FARUK MİLLİ,MELİH SABRİ KAZMAZ,GÜLİZ KONCA ADİLLER,ŞERMİN NAZLIGÜL,EMRAH RİFAİ,ALPKAN HACIYAKUPOĞLU,Süleyman Seba S.Salonu
2.12.2018,18:30,BGL359,10. Hafta,ANADOLU EFES,99 - 67,GALATASARAY,A,İSTANBUL,Ahmet Cömert Spor Salonu | ,,EMİN MOĞULKOÇ,BERK KURTULMUŞ,ÖMER USLU,SEVGİNAZ DIRAHOR,AYŞE SERVER SEZER,DİNÇER ADİLLER,ALİ MALÇOK,EROL TAHTAKESEN,Ahmet Cömert Spor Salonu
8.12.2018,14:00,BGL367,11. Hafta,FENERBAHÇE BEKO,91 - 69,GELİŞİM KOLEJİ,A,İSTANBUL,Fenerbahçe Metro Enerji Spor Salonu | ,,CAN MAVİSU,RIDVAN ARDA DEMİRCİ,HÜSEYİN ÇAMCI,BURCU KOCAOĞLU SANCAR,BEGÜM SAVAŞ,SEDA İŞLER,GÖZDE BEGÜM AKÜZÜM,AREZU KARAKAŞ,Fenerbahçe Metro Enerji Spor Salonu
8.12.2018,14:00,BGL371,11. Hafta,GAZİANTEP BASKETBOL,63 - 51,SELÇUKLU BASKETBOL,B,GAZİANTEP,Karataş Şahinbey Spor Salonu | ,,KEREM BAKİ,ALİ CAN YILMAZ,ERCAN BOZDOĞAN,MURAT MERCAN,AHMET ÇETİN,RECEP ÖZTÜRK,ABDURRAHMAN YALTIRIK,ALİ DALYANOĞLU,Karataş Şahinbey Spor Salonu
8.12.2018,14:00,BGL372,11. Hafta,İSTANBUL BBSK,63 - 55,ADATIP SAKARYA BÜYÜKŞEHİR BELEDİYE BASKETBOL,B,İSTANBUL,Cebeci Spor Salonu | ,,SERHAT BÜKER,OSMAN CAN GÜNDOĞDU,HÜSEYİN SÖYLEMEZOĞLU,HÜSEYİN OSMAN BÜYÜKGÖKSU,AYŞE SERVER SEZER,HİLMİ CANKUT AYNAR,ŞAZİYE SİMSAR YAKIN,TUĞÇE KAYA,Cebeci Spor Salonu
9.12.2018,12:00,BGL365,11. Hafta,TAC NEF,87 - 90,TÜRK TELEKOM,A,MERSİN,Edip Buran Spor Salonu | ,,MEHMET SERDAR ÜNAL,İSMAİL BALPETEK,ÜNAL ÖZDEMİR,TURGAY KÖROĞLU,AYLİN ÖZER,LEVENT YORULMAZ,VİLDAN KÖROĞLU EZER,ŞÖLEN TORUN,Edip Buran Spor Salonu
9.12.2018,13:00,BGL373,11. Hafta,BANVİT BASKETBOL,78 - 49,BAHÇEŞEHİR KOLEJİ,B,BALIKESİR,Banvit Kara Ali Acar Spor Salonu | ,,MEHMET ŞAHİN,RAHMİ GÜNER,ASLI KOÇAK,MURAT KARTAL,ECE ONUR,KAHRAMAN BEKDEMİR,ÇAĞLA USLUCA,SELMA YÜKSEL,Banvit Kara Ali Acar Spor Salonu
9.12.2018,13:00,BGL368,11. Hafta,AFYON BELEDİYESİSPOR,72 - 111,ANADOLU EFES,A,AFYONKARAHİSAR,Afyonkarahisar Tınaztepe Spor Salonu | ,,ERŞAN KARTAL,MERT KAYALI,TAYLAN KAYA,YÜKSEL ÇAKIR,HÜLYA KOZAN,EDA DURĞUT,NURCAN GENCER,MEHMET KARAARSLAN,Afyonkarahisar Tınaztepe Spor Salonu
9.12.2018,14:00,BGL369,11. Hafta,AREL ÜNİVERSİTESİ BÜYÜKÇEKMECE BASKETBOL,44 - 87,GALATASARAY,A,İSTANBUL,Gazanfer Bilge | ,,MEHMET KESERATAR,ALPER GÖKÇEBEL,FATMA ÖZTÜRK,YAŞAR SİNAN ÇELİKOĞLU,BEKİR SEVİMLİ,YUSUF YELESDAĞ,CEYDA KAPKAÇ,MELDA ÇAKIRCA,Gazanfer Bilge
9.12.2018,16:00,BGL370,11. Hafta,DARÜŞŞAFAKA BASKETBOL,80 - 55,BEŞİKTAŞ,B,İSTANBUL,Darüşşafaka Ayhan Şahenk Spor Salonu | ,,AHMET TATLICI,SAMET TEKİN,HASAN OK,TUĞBA YURTSEVEN,ŞERMİN NAZLIGÜL,ALPER LAÇİNKAYA,ALPKAN HACIYAKUPOĞLU,SEÇİL SILA KORALP,Darüşşafaka Ayhan Şahenk Spor Salonu
9.12.2018,17:30,BGL374,11. Hafta,PINAR KARŞIYAKA,65 - 51,TED ANKARA KOLEJLİLER,B,İZMİR,Karşıyaka Selçuk Yaşar Tesisleri | ,,SEHER AYŞE NUR YAZICIOĞLU,YASİN AK,FATİH ERDOĞAN,İSMAİL ATLAYAN,İLAYDA DİNÇEL,CANSU ÇOBAN,BURÇİN DURAN,KEMAL AYPARS,Karşıyaka Selçuk Yaşar Tesisleri
15.12.2018,13:00,BGL384,12. Hafta,PINAR KARŞIYAKA,64 - 83,BANVİT BASKETBOL,B,İZMİR,Karşıyaka Selçuk Yaşar Tesisleri | ,,ZAFER YILMAZ,BERK KURTULMUŞ,YILDIZ TURAN,DİDEM SÜER,GİZEM ÖZAYDIN,ŞAHİN ŞANLI,ELİF KALENDER,MEHMET AYDIN,Karşıyaka Selçuk Yaşar Tesisleri
15.12.2018,17:00,BGL381,12. Hafta,ADATIP SAKARYA BÜYÜKŞEHİR BELEDİYE BASKETBOL,56 - 65,BEŞİKTAŞ,B,SAKARYA,Sakarya Spor Salonu | ,,MEHMET KARABİLECEN,HAKAN YİĞİT,MERİÇ BAYAZIT,ZAFER ÖZGÜN,KADRİYE ÇAKA,ABDULLAH ŞEREMET,HAKAN BİRLİK,FECRİYE GÜDER,Sakarya Spor Salonu
15.12.2018,18:00,BGL378,12. Hafta,GALATASARAY,64 - 67,FENERBAHÇE BEKO,A,İSTANBUL,Ahmet Cömert Spor Salonu | ,,ALİ KÖSEOĞLU,TURGUT KARATOP,BUĞRA CEM İŞLEK,ÖMER KESKİN,NİLAY YILMAZ,ESİN MÜEZZİNOĞLU,LAL DENİZ ÇELİKER,GÖZDE TUNA YILDIZ,Ahmet Cömert Spor Salonu
16.12.2018,13:00,BGL379,12. Hafta,AREL ÜNİVERSİTESİ BÜYÜKÇEKMECE BASKETBOL,58 - 75,AFYON BELEDİYESİSPOR,A,İSTANBUL,Gazanfer Bilge | ,,EMİN MOĞULKOÇ,SÜLEYMAN KAAN KESKİN,ÖMER USLU,YAŞAR TERZİOĞLU,TUĞÇE KAYA,YUSUF YELESDAĞ,SEMRA AKDUMAN,OSMAN AŞIK,Gazanfer Bilge
16.12.2018,13:00,BGL380,12. Hafta,SELÇUKLU BASKETBOL,52 - 81,DARÜŞŞAFAKA BASKETBOL,B,KONYA,Selçuklu Belediyesi Spor Salonu | ,,SİNEM TETİK AKBAYRAK,KÜBRA KENDİRLİ,ÜNAL ÖZDEMİR,AHMET ÖZKAN KÜRTÜNCÜOĞLU,RABİA UZUNTÜRK,BEYTULLAH KARTAL,HARUN HORTU,,Selçuklu Belediyesi Spor Salonu
16.12.2018,13:00,BGL382,12. Hafta,BAHÇEŞEHİR KOLEJİ,66 - 61,GAZİANTEP BASKETBOL,B,İSTANBUL,Caferağa Spor Salonu | ,,ALİ SERKAN EMLEK,HASAN BORA AKSU,ENES DURAN,YEŞER EROĞLU ESKİCİOĞLU,BURCU DEMİRAY,PERİHAN GİZEM ÜNSAL,AREZU KARAKAŞ,ÖYKÜ GÜNGÖR,Caferağa Spor Salonu
16.12.2018,14:00,BGL375,12. Hafta,TOFAŞ,89 - 75,TAC NEF,A,BURSA,Tofaş Spor Salonu | ,,ÖZGE ŞENTÜRK BAYRAKTAR,BARIŞ BURAK DURMUŞ,OSMAN YETİŞKİN,ÇETİN ŞİMŞEK,HANDE NUR DOĞAN,TEOMAN ÖYLEK,BERNA EKBİÇ,SEVDA USTA,Tofaş Spor Salonu
16.12.2018,14:00,BGL376,12. Hafta,GELİŞİM KOLEJİ,93 - 84,TÜRK TELEKOM,A,İZMİR,Gelişim Koleji S.S. | ,,ZİYA ÖZORHON,BEYHAN ERBİLGİN,TARIK ARAZ,BÜLENT GÖKÇE,DİLEK GEDİK HANGÜL,FATMA DÖNMEZ,İLAYDA DİNÇEL,KEMAL AYPARS,Gelişim Koleji S.S.
16.12.2018,14:30,BGL383,12. Hafta,TED ANKARA KOLEJLİLER,72 - 64,İSTANBUL BBSK,B,ANKARA,TOBB ETÜ Spor Salonu  | ,,DUHAN KÖYİÇİ,SÜLEYMAN TEPE,FARUK MİLLİ,HASAN GÜNGÖR,KAMİL TOSUN,RESUL GEÇER,MEHTAP ADIGÜZEL,İSMAİL FULSER,TOBB ETÜ Spor Salonu
22.12.2018,14:00,BGL389,13. Hafta,FENERBAHÇE BEKO,97 - 70,AFYON BELEDİYESİSPOR,A,İSTANBUL,Fenerbahçe Metro Enerji Spor Salonu | ,,HALİT CAN CİHAN,ÜNAL GÜNDOĞDU,ERCAN BOZDOĞAN,NEJAT YENİATAKAN,BEGÜM SAVAŞ,MUSTAFA GÖKMEN DEMİRAY,TOLGAY ÖZCAN,ECE DİKMENLİ,Fenerbahçe Metro Enerji Spor Salonu
22.12.2018,14:00,BGL391,13. Hafta,SELÇUKLU BASKETBOL,73 - 85,BAHÇEŞEHİR KOLEJİ,B,KONYA,Selçuklu Belediyesi Spor Salonu | ,,MEHMET OZAN ÇAKAR,MUHAMMED TURP,KAAN DAYAN,ABDULLAH ÖZSUVEREN,SADETTİN YAMAN,ÖMER FARUK SARI,VEDAT ORHAN,,Selçuklu Belediyesi Spor Salonu
22.12.2018,14:00,BGL393,13. Hafta,GAZİANTEP BASKETBOL,71 - 77,PINAR KARŞIYAKA,B,GAZİANTEP,Karataş Şahinbey Spor Salonu | ,,KAAN BÜYÜKÇİL,MEHMET BARUT,ÜNAL ÖZDEMİR,MURAT MERCAN,UĞUR ŞAHAN,RECEP ÖZTÜRK,ABDURRAHMAN YALTIRIK,ALİ DALYANOĞLU,Karataş Şahinbey Spor Salonu
22.12.2018,17:30,BGL387,13. Hafta,TÜRK TELEKOM,77 - 59,GALATASARAY,A,ANKARA,Ankara Spor Salonu (Küçük) | ,,AYTUĞ EKTİ,İSMAİL BALPETEK,BERK BEŞGEN,MUSTAFA KOCAEREN,MEHTAP ADIGÜZEL,SİNA KÜÇÜKDİLEK,ŞERİFE KÜBRA ÇELİK,İSMAİL FULSER,Ankara Spor Salonu (Küçük)
23.12.2018,13:00,BGL385,13. Hafta,TAC NEF,83 - 60,GELİŞİM KOLEJİ,A,MERSİN,Edip Buran Spor Salonu | ,Youtube / TBF TV,ALPER ALTUĞ KÖSELERLİ,HEYBET NASIROĞLU,GÜNDOĞAN ALİ BALABAN,BESTAMİ GÜL,BERK MERT,SADIK ŞAHİN,LEVENT YORULMAZ,BEYHAN  AYÜSTÜN,Edip Buran Spor Salonu
23.12.2018,13:00,BGL386,13. Hafta,TOFAŞ,69 - 85,ANADOLU EFES,A,BURSA,Bursa Atatürk Spor Salonu | ,,MEHMET ŞAHİN,RIDVAN ARDA DEMİRCİ,YASİN AK,VEDAT DURGUT,İREM ERGEN,HASAN YILDIZ,BERNA EKBİÇ,FATİH DURGUT,Bursa Atatürk Spor Salonu
23.12.2018,14:00,BGL394,13. Hafta,İSTANBUL BBSK,62 - 65,BANVİT BASKETBOL,B,İSTANBUL,Cebeci Spor Salonu | ,,MUSA KAZIM ÇETİN,SAMET TEKİN,RIDVAN CÖMERT,GÖZDE ERSÖZ,TUĞÇE KAYA,ALPER LAÇİNKAYA,ŞERMİN NAZLIGÜL,BÜŞRA KIRIKCI,Cebeci Spor Salonu
23.12.2018,16:00,BGL392,13. Hafta,BEŞİKTAŞ,58 - 50,TED ANKARA KOLEJLİLER,B,İSTANBUL,Süleyman Seba S.Salonu | ,Youtube / TBF TV,SEMİH VURAL,MERT KAYALI,ASLI KOÇAK,MELİH SABRİ KAZMAZ,GÜLİZ KONCA ADİLLER,ŞAZİYE SİMSAR YAKIN,SELCAN TUĞÇE ALKAYA,OSMAN OKUDAN,Süleyman Seba S.Salonu
23.12.2018,16:00,BGL390,13. Hafta,DARÜŞŞAFAKA BASKETBOL,70 - 54,ADATIP SAKARYA BÜYÜKŞEHİR BELEDİYE BASKETBOL,B,İSTANBUL,Darüşşafaka Ayhan Şahenk Spor Salonu | ,,SEHER AYŞE NUR YAZICIOĞLU,HÜSEYİN ÇAMCI,OSMAN CAN GÜNDOĞDU,TUĞBA YURTSEVEN,GÜLCAN TANKURT,ERMAN YÜCEL,PERİHAN GİZEM ÜNSAL,SAMET AKYÜREK,Darüşşafaka Ayhan Şahenk Spor Salonu
26.12.2018,13:00,BGL398,14. Hafta,AFYON BELEDİYESİSPOR,69 - 96,TÜRK TELEKOM,A,AFYONKARAHİSAR,Prof. Dr. Veysel Eroğlu Spor Salonu | ,,ALİ KÖSEOĞLU,FATİH ERDOĞAN,HASAN BORA AKSU,YÜKSEL ÇAKIR,EDA DURĞUT,IŞIL ÇETİNTAŞ,HATİCE OKÇU,MEHMET KARAARSLAN,Prof. Dr. Veysel Eroğlu Spor Salonu
26.12.2018,13:00,BGL402,14. Hafta,PINAR KARŞIYAKA,93 - 56,SELÇUKLU BASKETBOL,B,İZMİR,Karşıyaka Selçuk Yaşar Tesisleri | ,,POLAT PARLAK,BARIŞ BURAK DURMUŞ,FATMA ÖZTÜRK,BÜLENT GÖKÇE,CEREN ÜNSEVER,CEREN BARAN,BURÇİN DURAN,CEM ÖZALP,Karşıyaka Selçuk Yaşar Tesisleri
26.12.2018,13:00,BGL403,14. Hafta,BANVİT BASKETBOL,76 - 58,BEŞİKTAŞ,B,BALIKESİR,Banvit Kara Ali Acar Spor Salonu | ,,SEHER AYŞE NUR YAZICIOĞLU,RAHMİ GÜNER,BUĞRA CEM İŞLEK,ATİF AL,YAĞMUR CEREN KARAGÖZ,ERCAN ÇAVUŞOĞLU,ÇAĞLA USLUCA,ALEV GÜLAÇTI,Banvit Kara Ali Acar Spor Salonu
26.12.2018,14:00,BGL404,14. Hafta,İSTANBUL BBSK,68 - 64,GAZİANTEP BASKETBOL,B,İSTANBUL,Cebeci Spor Salonu | ,,FATİH ARSLANOĞLU,TAYLAN KAYA,MERİÇ BAYAZIT,HÜSEYİN OSMAN BÜYÜKGÖKSU,MEHMET KAPUCU,KEREM SIRMAGİL,ESİN MÜEZZİNOĞLU,NEŞE KIRAN,Cebeci Spor Salonu
26.12.2018,14:00,BGL397,14. Hafta,AREL ÜNİVERSİTESİ BÜYÜKÇEKMECE BASKETBOL,73 - 68,TOFAŞ,A,İSTANBUL,Gazanfer Bilge | ,,MEHMET KARABİLECEN,SÜLEYMAN TEPE,ABDURRAHMAN İNAL,GENÇ OSMAN KOCAEREN,TUĞÇE KAYA,SEMRA AKDUMAN,ERMAN YÜCEL,MURAT ÖZKAN,Gazanfer Bilge
26.12.2018,15:00,BGL400,14. Hafta,BAHÇEŞEHİR KOLEJİ,77 - 89,DARÜŞŞAFAKA BASKETBOL,B,İSTANBUL,Caferağa Spor Salonu | ,,ÖZGE ŞENTÜRK BAYRAKTAR,ALPER GÖKÇEBEL,HASAN OK,HAKAN AK,MUSTAFA GÖKMEN DEMİRAY,EBRU ULUDOĞAN,ESER FIRIL,ELA ZÜLEYHA ÖZER,Caferağa Spor Salonu
26.12.2018,15:00,BGL396,14. Hafta,GALATASARAY,81 - 71,GELİŞİM KOLEJİ,A,İSTANBUL,Ahmet Cömert Spor Salonu | ,,MEHMET OZAN ÇAKAR,ALİ CAN YILMAZ,YILDIZ TURAN,NEJAT YENİATAKAN,GÜL URASLI,HİLMİ CANKUT AYNAR,ALPKAN HACIYAKUPOĞLU,OSMAN OKUDAN,Ahmet Cömert Spor Salonu
26.12.2018,17:00,BGL401,14. Hafta,TED ANKARA KOLEJLİLER,55 - 76,ADATIP SAKARYA BÜYÜKŞEHİR BELEDİYE BASKETBOL,B,ANKARA,TED Üniversitesi Prof. Dr. Rüştü Yüce S.S. | ,,ALPER ALTUĞ KÖSELERLİ,TARIK ARAZ,HÜSEYİN SÖYLEMEZOĞLU,HALDUN KUNT,ONUR YEŞİLBAĞ,SİBEL FAZLIOĞLU,ÖMÜR BAHTİYAROĞLU,FATMA ÇELİK,TED Üniversitesi Prof. Dr. Rüştü Yüce S.S.
27.12.2018,17:00,BGL395,14. Hafta,ANADOLU EFES,105 - 61,TAC NEF,A,İSTANBUL,Ahmet Cömert Spor Salonu | ,,SERHAT BÜKER,FARUK MİLLİ,ENES DURAN,MELİH SABRİ KAZMAZ,MERVE SAĞLAM,HAKAN ÇOLAK,GÜL URASLI,FATOŞ SOYSAL COŞKUN,Ahmet Cömert Spor Salonu
29.12.2018,12:30,BGL412,15. Hafta,ADATIP SAKARYA BÜYÜKŞEHİR BELEDİYE BASKETBOL,56 - 60,BANVİT BASKETBOL,B,SAKARYA,Sakarya Spor Salonu | ,,ZİYA ÖZORHON,TURGUT KARATOP,KÜBRA KENDİRLİ,ÖNDER ŞENEL,FECRİYE GÜDER,KÜRŞAT ERKEN,ASLIHAN ONAR,ÖZNUR ÖNAL,Sakarya Spor Salonu
29.12.2018,14:00,BGL413,15. Hafta,SELÇUKLU BASKETBOL,56 - 65,İSTANBUL BBSK,B,KONYA,Selçuklu Belediyesi Spor Salonu | ,,ERŞAN KARTAL,OSMAN CAN GÜNDOĞDU,BEYHAN ERBİLGİN,LÜTFİYE TAŞPINAR,EMİNE HARTÜN,VEDAT ORHAN,MUSTAFA HARTÜN,,Selçuklu Belediyesi Spor Salonu
29.12.2018,14:00,BGL407,15. Hafta,GELİŞİM KOLEJİ,79 - 49,AFYON BELEDİYESİSPOR,A,İZMİR,Gelişim Koleji S.S. | ,,OSMAN SİNAN İŞGÜDER,BERK KURTULMUŞ,HAKAN YİĞİT,BURAK BABAOĞLU,GİZEM ÖZAYDIN,İLAYDA DİNÇEL,ERKAN TURAN,MEHMET AYDIN,Gelişim Koleji S.S.
29.12.2018,14:00,BGL408,15. Hafta,TOFAŞ,62 - 63,FENERBAHÇE BEKO,A,BURSA,Tofaş Spor Salonu | ,,MEHMET SERDAR ÜNAL,MERT KAYALI,HÜSEYİN ÇAMCI,MUSTAFA DURGUT,ESRA SOLAK,SEVDA USTA,BÜŞRA HEKİMOĞLU,ADEM ÇATALKAŞ,Tofaş Spor Salonu
29.12.2018,17:00,BGL411,15. Hafta,BAHÇEŞEHİR KOLEJİ,70 - 71,PINAR KARŞIYAKA,B,İSTANBUL,Caferağa Spor Salonu | ,,AHMET TATLICI,YASİN AK,ÖMER USLU,ADNAN KIVANÇ,ALTAN CANDAN,VEDAT SAVAŞ,ŞÜKRÜ ALOĞLU,SEÇİL SILA KORALP,Caferağa Spor Salonu
30.12.2018,13:30,BGL414,15. Hafta,BEŞİKTAŞ,86 - 66,GAZİANTEP BASKETBOL,B,İSTANBUL,Süleyman Seba S.Salonu | ,,SİNEM TETİK AKBAYRAK,RIDVAN ARDA DEMİRCİ,SÜLEYMAN KAAN KESKİN,ÖMER KESKİN,BÜŞRA KIRIKCI,HİLMİ CANKUT AYNAR,ŞERMİN NAZLIGÜL,OSMAN AŞIK,Süleyman Seba S.Salonu
30.12.2018,14:00,BGL405,15. Hafta,TAC NEF,68 - 57,GALATASARAY,A,MERSİN,Edip Buran Spor Salonu | ,,DUHAN KÖYİÇİ,HEYBET NASIROĞLU,ÜNAL ÖZDEMİR,CEM CENGiZ,SADIK ŞAHİN,LEVENT YORULMAZ,CANER SERTEL,FATMA ITIR ÖNCEL,Edip Buran Spor Salonu
30.12.2018,16:00,BGL410,15. Hafta,DARÜŞŞAFAKA BASKETBOL,71 - 80,TED ANKARA KOLEJLİLER,B,İSTANBUL,Darüşşafaka Ayhan Şahenk Spor Salonu | ,,MEHMET KARABİLECEN,ABDURRAHMAN İNAL,ERCAN BOZDOĞAN,BURCU KOCAOĞLU SANCAR,TUĞBA DURNAOĞLU,KEREM SIRMAGİL,ALPKAN HACIYAKUPOĞLU,NEŞE KIRAN,Darüşşafaka Ayhan Şahenk Spor Salonu
30.12.2018,18:00,BGL406,15. Hafta,ANADOLU EFES,117 - 54,AREL ÜNİVERSİTESİ BÜYÜKÇEKMECE BASKETBOL,A,İSTANBUL,Ahmet Cömert Spor Salonu | ,,ALİ KÖSEOĞLU,OSMAN YETİŞKİN,BERK BEŞGEN,GENÇ OSMAN KOCAEREN,TUTKU MELİS AYGÜN,MERVE SAĞLAM,ZAFER RİFAİ,SAMET AKYÜREK,Ahmet Cömert Spor Salonu
5.01.2019,13:00,BGL422,16. Hafta,İSTANBUL BBSK,64 - 49,BAHÇEŞEHİR KOLEJİ,B,İSTANBUL,Cebeci Spor Salonu | ,,ALPER ÖZGÖK,MEHMET BARUT,HASAN OK,ERKAN URASLI,ŞAZİYE SİMSAR YAKIN,KEREM SIRMAGİL,ZAFER RİFAİ,HİLMİ CANKUT AYNAR,Cebeci Spor Salonu
5.01.2019,13:00,BGL417,16. Hafta,FENERBAHÇE BEKO,83 - 79,ANADOLU EFES,A,İSTANBUL,Fenerbahçe Metro Enerji Spor Salonu | ,Youtube / TBF TV,ALİ SERKAN EMLEK,YASİN AK,FATMA ÖZTÜRK,BURCU KOCAOĞLU SANCAR,ARZU KÖRKEN,EBRU ULUDOĞAN,ECE DİKMENLİ,AREZU KARAKAŞ,Fenerbahçe Metro Enerji Spor Salonu
5.01.2019,14:00,BGL419,16. Hafta,TÜRK TELEKOM,85 - 82,TOFAŞ,A,ANKARA,Ankara Spor Salonu (Küçük) | ,,KEREM BAKİ,TARIK ARAZ,ÜNAL ÖZDEMİR,ABDULLAH ÖZSUVEREN,HAKAN ÜNAL,ANIL ENDER DURGUN,SİBEL FAZLIOĞLU,BERKSU ÖZBEY,Ankara Spor Salonu (Küçük)
5.01.2019,14:00,BGL423,16. Hafta,GAZİANTEP BASKETBOL,40 - 39,ADATIP SAKARYA BÜYÜKŞEHİR BELEDİYE BASKETBOL,B,GAZİANTEP,Karataş Şahinbey Spor Salonu | ,,MUSA KAZIM ÇETİN,İSMAİL BALPETEK,GÜNDOĞAN ALİ BALABAN,MURAT MERCAN,UĞUR ŞAHAN,RECEP ÖZTÜRK,ABDURRAHMAN YALTIRIK,EYÜP KALA,Karataş Şahinbey Spor Salonu
6.01.2019,13:00,BGL415,16. Hafta,AREL ÜNİVERSİTESİ BÜYÜKÇEKMECE BASKETBOL,62 - 70,TAC NEF,A,İSTANBUL,Gazanfer Bilge | ,,ALİ ŞAKACI,ÜNAL GÜNDOĞDU,SAMET TEKİN,ADNAN KIVANÇ,TUĞÇE KAYA,SEMRA AKDUMAN,BEKİR SEVİMLİ,BİROL ÖZDAL,Gazanfer Bilge
6.01.2019,13:00,BGL421,16. Hafta,BANVİT BASKETBOL,70 - 78,TED ANKARA KOLEJLİLER,B,BALIKESİR,Banvit Kara Ali Acar Spor Salonu | ,,FATİH ARSLANOĞLU,BARIŞ BURAK DURMUŞ,ALPER GÖKÇEBEL,VEDAT DURGUT,ECE ONUR,KAHRAMAN BEKDEMİR,ÇAĞLA USLUCA,HÜSNİYE ÇOBAN,Banvit Kara Ali Acar Spor Salonu
6.01.2019,16:00,BGL424,16. Hafta,BEŞİKTAŞ,100 - 71,SELÇUKLU BASKETBOL,B,İSTANBUL,Süleyman Seba S.Salonu | ,,MEHMET OZAN ÇAKAR,MUHAMMED TURP,FARUK MİLLİ,EMRAH CAN TATLI,NAZLI TUZCUOĞLU,ŞERMİN NAZLIGÜL,SELCAN TUĞÇE ALKAYA,ALTAN CANDAN,Süleyman Seba S.Salonu
6.01.2019,16:30,BGL416,16. Hafta,AFYON BELEDİYESİSPOR,59 - 78,GALATASARAY,A,AFYONKARAHİSAR,Prof. Dr. Veysel Eroğlu Spor Salonu | ,,HALİL BALDEMİR,TAYLAN KAYA,ASLI KOÇAK,MUSTAFA BİÇER,EDA DURĞUT,HASAN ALİ TUTAR,HASAN GÖRDES,MEHMET KARAARSLAN,Prof. Dr. Veysel Eroğlu Spor Salonu
6.01.2019,17:30,BGL420,16. Hafta,PINAR KARŞIYAKA,59 - 64,DARÜŞŞAFAKA BASKETBOL,B,İZMİR,Karşıyaka Selçuk Yaşar Tesisleri | ,,ÖZLEM YALMAN,BUĞRA CEM İŞLEK,KAAN DAYAN,BÜLENT GÖKÇE,DİLEK DOĞAN KARACA,SÜLEYMAN YALÇIN TORUNOĞLU,YEŞİM KOÇ,ÖMER DURSUN,Karşıyaka Selçuk Yaşar Tesisleri
15.01.2019,18:00,BGL430,17. Hafta,DARÜŞŞAFAKA BASKETBOL,70 - 73,BANVİT BASKETBOL,B,İSTANBUL,Darüşşafaka Ayhan Şahenk Spor Salonu | ,Youtube / TBF TV,MEHMET KESERATAR,HÜSEYİN ÇAMCI,HÜSEYİN SÖYLEMEZOĞLU,NEJAT YENİATAKAN,ŞAZİYE SİMSAR YAKIN,ALPER LAÇİNKAYA,YÜCEL FIRAT,HİLMİ CANKUT AYNAR,Darüşşafaka Ayhan Şahenk Spor Salonu
16.01.2019,13:00,BGL434,17. Hafta,ADATIP SAKARYA BÜYÜKŞEHİR BELEDİYE BASKETBOL,60 - 80,SELÇUKLU BASKETBOL,B,SAKARYA,Sakarya Spor Salonu | ,,ÖZGE ŞENTÜRK BAYRAKTAR,MERİÇ BAYAZIT,OSMAN YETİŞKİN,ZAFER ÖZGÜN,ÖZNUR ÖNAL,HAKAN BİRLİK,MESUT BORAZAN,,Sakarya Spor Salonu
16.01.2019,14:00,BGL432,17. Hafta,TED ANKARA KOLEJLİLER,77 - 87,GAZİANTEP BASKETBOL,B,ANKARA,TED Üniversitesi Prof. Dr. Rüştü Yüce S.S. | ,,MEHMET ŞAHİN,ENES DURAN,FATİH ERDOĞAN,LÜTFİYE TAŞPINAR,MEHMET ÇARPAR,ANIL ENDER DURGUN,İSMAİL FULSER,ARDA GÜRBÜZ,TED Üniversitesi Prof. Dr. Rüştü Yüce S.S.
16.01.2019,14:00,BGL429,17. Hafta,GELİŞİM KOLEJİ,74 - 67,TOFAŞ,A,İZMİR,Gelişim Koleji S.S. | ,,POLAT PARLAK,RAHMİ GÜNER,ABDURRAHMAN İNAL,FAYSAL AYDEMİR,CEM ÖZALP,SİNEM BİRTÜRK,HALİL TEPEBAĞ,OSMAN ARKIN BARUTCU,Gelişim Koleji S.S.
16.01.2019,14:00,BGL425,17. Hafta,TAC NEF,108 - 71,AFYON BELEDİYESİSPOR,A,MERSİN,Edip Buran Spor Salonu | ,,MEHMET SERDAR ÜNAL,OSMAN CAN GÜNDOĞDU,SÜLEYMAN TEPE,SERKAN SU,CANER SERTEL,MEHMET ALİ KÖROĞLU,ŞÜKRÜ SITKI,LEVENT YORULMAZ,Edip Buran Spor Salonu
16.01.2019,14:00,BGL426,17. Hafta,AREL ÜNİVERSİTESİ BÜYÜKÇEKMECE BASKETBOL,57 - 112,FENERBAHÇE BEKO,A,İSTANBUL,Gazanfer Bilge | ,,CAN MAVİSU,RIDVAN CÖMERT,YILDIZ TURAN,GENÇ OSMAN KOCAEREN,FURKAN ATALAY,ERMAN YÜCEL,SEMRA AKDUMAN,TUĞÇE KAYA,Gazanfer Bilge
16.01.2019,15:00,BGL433,17. Hafta,BAHÇEŞEHİR KOLEJİ,64 - 83,BEŞİKTAŞ,B,İSTANBUL,Caferağa Spor Salonu | ,,ZİYA ÖZORHON,BERK KURTULMUŞ,HASAN BORA AKSU,MELİH SABRİ KAZMAZ,ŞÜKRÜ ALOĞLU,EBRU ULUDOĞAN,İREM KESKİN,SEDA İŞLER,Caferağa Spor Salonu
16.01.2019,17:00,BGL428,17. Hafta,ANADOLU EFES,84 - 55,TÜRK TELEKOM,A,İSTANBUL,Ahmet Cömert Spor Salonu | ,Youtube / TBF TV,EMİN MOĞULKOÇ,MERT KAYALI,ERCAN BOZDOĞAN,ELHAN ÜLGENER,GÜL URASLI,ESİN MÜEZZİNOĞLU,CEYDA KAPKAÇ,HİLMİ CANKUT AYNAR,Ahmet Cömert Spor Salonu
16.01.2019,17:30,BGL431,17. Hafta,PINAR KARŞIYAKA,77 - 58,İSTANBUL BBSK,B,İZMİR,Karşıyaka Selçuk Yaşar Tesisleri | ,,HALİL BALDEMİR,HAKAN YİĞİT,HEYBET NASIROĞLU,AHMET ÖZTÜRK,KEMAL AYPARS,CEREN BARAN,FATMA DÖNMEZ,SERCAN DEMİRÖREN,Karşıyaka Selçuk Yaşar Tesisleri
21.01.2019,14:00,BGL435,18. Hafta,FENERBAHÇE BEKO,100 - 71,TAC NEF,A,İSTANBUL,Fenerbahçe Metro Enerji Spor Salonu | ,,SİNEM TETİK AKBAYRAK,TAYLAN KAYA,MEHMET BARUT,TAYFUN AY,FATMA GÖK,ESER FIRIL,EBRU ULUDOĞAN,İLYAS KURTULUŞ,Fenerbahçe Metro Enerji Spor Salonu
21.01.2019,14:00,BGL437,18. Hafta,TÜRK TELEKOM,63 - 71,AREL ÜNİVERSİTESİ BÜYÜKÇEKMECE BASKETBOL,A,ANKARA,Ankara Spor Salonu (Küçük) | ,,MEHMET ŞAHİN,FARUK MİLLİ,ASLI KOÇAK,NİYAZİ ALİŞAN,SELDA UZUN,RESUL GEÇER,NİHAN ÜNSAL,SEÇİL ÇAPKINOĞLU,Ankara Spor Salonu (Küçük)
21.01.2019,14:00,BGL438,18. Hafta,TOFAŞ,77 - 76,GALATASARAY,A,BURSA,Tofaş Spor Salonu | ,,CAN MAVİSU,ÖMER USLU,KAAN DAYAN,ÇETİN ŞİMŞEK,GÜLŞEN MÜGE KAHRAMAN,SEVDA USTA,ADEM ÇATALKAŞ,TEOMAN ÖYLEK,Tofaş Spor Salonu
21.01.2019,14:00,BGL439,18. Hafta,GELİŞİM KOLEJİ,68 - 84,ANADOLU EFES,A,İZMİR,Gelişim Koleji S.S. | ,,SEHER AYŞE NUR YAZICIOĞLU,BARIŞ BURAK DURMUŞ,RIDVAN ARDA DEMİRCİ,MURAT MISIRLI,FATMA DÖNMEZ,ALİ DEVECİ,MEHMET AYDIN,MEHMET AKINCI,Gelişim Koleji S.S.
21.01.2019,14:00,BGL440,18. Hafta,İSTANBUL BBSK,56 - 62,DARÜŞŞAFAKA BASKETBOL,B,İSTANBUL,Cebeci Spor Salonu | ,,SERHAT BÜKER,TURGUT KARATOP,FATMA ÖZTÜRK,HÜSEYİN OSMAN BÜYÜKGÖKSU,TUTKU MELİS AYGÜN,KEREM SIRMAGİL,HİLMİ CANKUT AYNAR,TUĞÇE KAYA,Cebeci Spor Salonu
21.01.2019,14:00,BGL441,18. Hafta,GAZİANTEP BASKETBOL,59 - 72,BANVİT BASKETBOL,B,GAZİANTEP,Karataş Şahinbey Spor Salonu | ,,MEHMET SERDAR ÜNAL,BERK BEŞGEN,ALİ CAN YILMAZ,ALİ ATICI,PINAR KAN,MUSTAFA BODUR,UĞUR ŞAHAN,ABDURRAHMAN YALTIRIK,Karataş Şahinbey Spor Salonu
21.01.2019,14:00,BGL443,18. Hafta,SELÇUKLU BASKETBOL,56 - 89,TED ANKARA KOLEJLİLER,B,KONYA,Selçuklu Belediyesi Spor Salonu | ,,MUSA KAZIM ÇETİN,SÜLEYMAN KAAN KESKİN,KÜBRA KENDİRLİ,VEYSEL PEKDOĞAN,HARUN HORTU,VEDAT ORHAN,AYKUT ÇETİN,,Selçuklu Belediyesi Spor Salonu
21.01.2019,14:00,BGL444,18. Hafta,ADATIP SAKARYA BÜYÜKŞEHİR BELEDİYE BASKETBOL,73 - 60,BAHÇEŞEHİR KOLEJİ,B,SAKARYA,Sakarya Spor Salonu | ,,DUHAN KÖYİÇİ,BUĞRA CEM İŞLEK,YASİN AK,ÖNDER ŞENEL,TÜRKER YILMAZ,ÖZNUR ÖNAL,ASLIHAN ONAR,MERVE TURAN,Sakarya Spor Salonu
21.01.2019,17:00,BGL442,18. Hafta,BEŞİKTAŞ,69 - 76,PINAR KARŞIYAKA,B,İSTANBUL,Süleyman Seba S.Salonu | ,,ALİ SERKAN EMLEK,BEYHAN ERBİLGİN,SAMET TEKİN,MELİH SABRİ KAZMAZ,GÜLCAN TANKURT,ŞERMİN NAZLIGÜL,GÜLİZ KONCA ADİLLER,EMRAH RİFAİ,Süleyman Seba S.Salonu
26.01.2019,12:00,BGL445,Final Grubu,ANADOLU EFES,90 - 68,İSTANBUL BBSK,FİNAL GRUBU,İSTANBUL,Ahmet Cömert Spor Salonu | ,,MEHMET OZAN ÇAKAR,SAMET TEKİN,HASAN BORA AKSU,GENÇ OSMAN KOCAEREN,BÜŞRA KIRIKCI,BEKİR SEVİMLİ,CEYDA KAPKAÇ,NİLAY YILMAZ,Ahmet Cömert Spor Salonu
27.01.2019,14:00,BGL446,Final Grubu,FENERBAHÇE BEKO,82 - 66,BEŞİKTAŞ,FİNAL GRUBU,İSTANBUL,Fenerbahçe Metro Enerji Spor Salonu | ,,ALİ SERKAN EMLEK,ERCAN BOZDOĞAN,YASİN AK,HÜSEYİN OSMAN BÜYÜKGÖKSU,SEÇİL SILA KORALP,EBRU ULUDOĞAN,GÜLTEKİN KABAŞ,TOLGAY ÖZCAN,Fenerbahçe Metro Enerji Spor Salonu
27.01.2019,16:00,BGL450,Final Grubu,DARÜŞŞAFAKA BASKETBOL,75 - 70,GELİŞİM KOLEJİ,FİNAL GRUBU,İSTANBUL,Darüşşafaka Ayhan Şahenk Spor Salonu | ,Youtube / TBF TV,SEMİH VURAL,SÜLEYMAN TEPE,KAAN DAYAN,EMRAH CAN TATLI,SELCAN TUĞÇE ALKAYA,YÜKSEL NAZLIGÜL,ŞERMİN NAZLIGÜL,TUĞBA DURNAOĞLU,Darüşşafaka Ayhan Şahenk Spor Salonu
27.01.2019,17:00,BGL447,Final Grubu,TOFAŞ,69 - 76,TED ANKARA KOLEJLİLER,FİNAL GRUBU,BURSA,Tofaş Spor Salonu | ,,KEREM BAKİ,ALPER GÖKÇEBEL,TARIK ARAZ,ATİF AL,ESRA SOLAK,CEREN YAVUZ,BERNA EKBİÇ,ADEM ÇATALKAŞ,Tofaş Spor Salonu
27.01.2019,17:30,BGL449,Final Grubu,PINAR KARŞIYAKA,81 - 75,TÜRK TELEKOM,FİNAL GRUBU,İZMİR,Karşıyaka Selçuk Yaşar Tesisleri | ,,POLAT PARLAK,OSMAN CAN GÜNDOĞDU,RAHMİ GÜNER,İSMAİL ATLAYAN,GÜNAY ALPUĞUZ,İRFAN TEMELLİ,ÖMER DURSUN,SÜLEYMAN YALÇIN TORUNOĞLU,Karşıyaka Selçuk Yaşar Tesisleri
28.01.2019,14:00,BGL448,Final Grubu,BANVİT BASKETBOL,97 - 76,TAC NEF,FİNAL GRUBU,BALIKESİR,Banvit Kara Ali Acar Spor Salonu | ,,ÖZLEM YALMAN,BARIŞ BURAK DURMUŞ,FATMA ÖZTÜRK,ELA ONAT,SELMA YÜKSEL,KAHRAMAN BEKDEMİR,ÇAĞLA USLUCA,ECE ONUR,Banvit Kara Ali Acar Spor Salonu
2.02.2019,14:00,BGL452,Final Grubu,TED ANKARA KOLEJLİLER,77 - 75,FENERBAHÇE BEKO,FİNAL GRUBU,ANKARA,TED Üniversitesi Prof. Dr. Rüştü Yüce S.S. | ,,MEHMET ŞAHİN,ÖMER USLU,HASAN BORA AKSU,HASAN GÜNGÖR,BÜŞRA AYDIN,VEYSEL SİNAN TUNCER,BİLAL UZGÖREN,FUNDA KONCA,TED Üniversitesi Prof. Dr. Rüştü Yüce S.S.
2.02.2019,17:00,BGL454,Final Grubu,TÜRK TELEKOM,78 - 97,BANVİT BASKETBOL,FİNAL GRUBU,ANKARA,Ankara Spor Salonu (Küçük) | ,,MUSA KAZIM ÇETİN,TURGUT KARATOP,ENES DURAN,MUSTAFA KOCAEREN,SİNA KÜÇÜKDİLEK,RESUL GEÇER,HÜSEYİN MURAT EKİM,ŞERİFE KÜBRA ÇELİK,Ankara Spor Salonu (Küçük)
3.02.2019,14:00,BGL455,Final Grubu,GELİŞİM KOLEJİ,77 - 80,PINAR KARŞIYAKA,FİNAL GRUBU,İZMİR,Gelişim Koleji S.S. | ,,SEHER AYŞE NUR YAZICIOĞLU,HASAN OK,BERK KURTULMUŞ,İSMET GÜNEŞ,MELİS SERBEST,CANSU ÇOBAN,CEM ÖZALP,MEHMET AYDIN,Gelişim Koleji S.S.
3.02.2019,14:00,BGL456,Final Grubu,TAC NEF,87 - 69,DARÜŞŞAFAKA BASKETBOL,FİNAL GRUBU,MERSİN,Edip Buran Spor Salonu | ,,MEHMET SERDAR ÜNAL,ÜNAL ÖZDEMİR,BEYHAN ERBİLGİN,SERKAN SU,MELDA KÖKLÜER,BERK MERT,LEVENT YORULMAZ,BETÜL ÖZCAN,Edip Buran Spor Salonu
3.02.2019,14:00,BGL453,Final Grubu,TOFAŞ,61 - 57,İSTANBUL BBSK,FİNAL GRUBU,BURSA,Tofaş Spor Salonu | ,,DUHAN KÖYİÇİ,MERT KAYALI,HÜSEYİN SÖYLEMEZOĞLU,SEVGİNAZ DIRAHOR,GÜLŞEN MÜGE KAHRAMAN,BERNA EKBİÇ,FATİH DURGUT,TARIK KEMAL ÜNLÜ,Tofaş Spor Salonu
3.02.2019,16:00,BGL451,Final Grubu,BEŞİKTAŞ,73 - 98,ANADOLU EFES,FİNAL GRUBU,İSTANBUL,Süleyman Seba S.Salonu | ,Youtube / TBF TV,YENER YILMAZ,RIDVAN ARDA DEMİRCİ,HÜSEYİN ÇAMCI,ÖMER KESKİN,BÜŞRA KIRIKCI,YÜKSEL NAZLIGÜL,AYGÜN SEVGİL,ŞERMİN NAZLIGÜL,Süleyman Seba S.Salonu
12.02.2019,14:00,BGL458,Final Grubu,İSTANBUL BBSK,59 - 93,FENERBAHÇE BEKO,FİNAL GRUBU,İSTANBUL,Cebeci Spor Salonu | ,,SERHAT BÜKER,SÜLEYMAN TEPE,FATMA ÖZTÜRK,NEJAT YENİATAKAN,GÜL URASLI,ERMAN YÜCEL,SEMRA AKDUMAN,MURAT ÖZKAN,Cebeci Spor Salonu
13.02.2019,14:00,BGL459,Final Grubu,BEŞİKTAŞ,76 - 61,TOFAŞ,FİNAL GRUBU,İSTANBUL,Süleyman Seba S.Salonu | ,,MEHMET OZAN ÇAKAR,KAAN DAYAN,RAHMİ GÜNER,YAŞAR SİNAN ÇELİKOĞLU,ESİN MÜEZZİNOĞLU,CEYDA KAPKAÇ,HİLMİ CANKUT AYNAR,NEŞE KIRAN,Süleyman Seba S.Salonu
13.02.2019,14:00,BGL461,Final Grubu,PINAR KARŞIYAKA,90 - 69,TAC NEF,FİNAL GRUBU,İZMİR,Mustafa Kemal Atatürk Karşıyaka Spor Salonu | ,,CAN MAVİSU,HASAN BORA AKSU,YASİN AK,OKAN KAHRAMAN,EBRU DIVRAK,MESUT KARABULUT,CEREN BARAN,YEŞİM KOÇ,Mustafa Kemal Atatürk Karşıyaka Spor Salonu
13.02.2019,16:00,BGL460,Final Grubu,BANVİT BASKETBOL,90 - 66,GELİŞİM KOLEJİ,FİNAL GRUBU,BALIKESİR,Banvit Kara Ali Acar Spor Salonu | ,,SEMİH VURAL,ALPER GÖKÇEBEL,HÜSEYİN SÖYLEMEZOĞLU,VEDAT DURGUT,ECE ONUR,NESLİHAN ÇOBAN,SELMA YÜKSEL,ALEV GÜLAÇTI,Banvit Kara Ali Acar Spor Salonu
13.02.2019,17:00,BGL457,Final Grubu,TED ANKARA KOLEJLİLER,72 - 84,ANADOLU EFES,FİNAL GRUBU,ANKARA,TED Üniversitesi Prof. Dr. Rüştü Yüce S.S. | ,,KEREM BAKİ,OSMAN CAN GÜNDOĞDU,BARIŞ BURAK DURMUŞ,ELA ONAT,FATMA DENİZ SÖNMEZ,ONUR YEŞİLBAĞ,BERKSU ÖZBEY,ARZU ÖKSÜZ,TED Üniversitesi Prof. Dr. Rüştü Yüce S.S.
13.02.2019,18:00,BGL462,Final Grubu,DARÜŞŞAFAKA BASKETBOL,89 - 67,TÜRK TELEKOM,FİNAL GRUBU,İSTANBUL,Darüşşafaka Ayhan Şahenk Spor Salonu | ,,ALİ SERKAN EMLEK,SAMET TEKİN,ERCAN BOZDOĞAN,MURAT KARTAL,BÜŞRA KIRIKCI,DİNÇER ADİLLER,GÜLİZ KONCA ADİLLER,AYGÜN SEVGİL,Darüşşafaka Ayhan Şahenk Spor Salonu
17.02.2019,14:00,BGL467,Final Grubu,TAC NEF,82 - 89,TED ANKARA KOLEJLİLER,FİNAL GRUBU,MERSİN,Edip Buran Spor Salonu | ,,ERŞAN KARTAL,ÜNAL ÖZDEMİR,TURGUT KARATOP,BESTAMİ GÜL,VİLDAN KÖROĞLU EZER,BERK MERT,LEVENT YORULMAZ,FATMA ITIR ÖNCEL,Edip Buran Spor Salonu
17.02.2019,14:00,BGL468,Final Grubu,TÜRK TELEKOM,78 - 90,BEŞİKTAŞ,FİNAL GRUBU,ANKARA,Ankara Spor Salonu (Küçük) | ,,ALİ ŞAKACI,MERT KAYALI,ENES DURAN,LÜTFİYE TAŞPINAR,SELDA UZUN,SİNA KÜÇÜKDİLEK,MEHMET AKİF CUMHURLU,FATMA ÇELİK,Ankara Spor Salonu (Küçük)
17.02.2019,14:00,BGL465,Final Grubu,TOFAŞ,63 - 76,BANVİT BASKETBOL,FİNAL GRUBU,BURSA,Tofaş Spor Salonu | ,,CAN MAVİSU,BERK KURTULMUŞ,TARIK ARAZ,BURAK DEMİR,HANDE NUR DOĞAN,GÜLŞEN MÜGE KAHRAMAN,EMEL ÖZTÜRK,BERNA EKBİÇ,Tofaş Spor Salonu
17.02.2019,15:30,BGL466,Final Grubu,GELİŞİM KOLEJİ,77 - 63,İSTANBUL BBSK,FİNAL GRUBU,İZMİR,Gelişim Koleji S.S. | ,,POLAT PARLAK,RIDVAN ARDA DEMİRCİ,BEYHAN ERBİLGİN,OKAN KAHRAMAN,EBRU DIVRAK,CANSU ÇOBAN,KEMAL AYPARS,MEHMET AKINCI,Gelişim Koleji S.S.
19.02.2019,14:00,BGL464,Final Grubu,FENERBAHÇE BEKO,59 - 51,PINAR KARŞIYAKA,FİNAL GRUBU,İSTANBUL,Fenerbahçe Metro Enerji Spor Salonu | ,FB TV,AHMET TATLICI,HÜSEYİN ÇAMCI,İSMAİL BALPETEK,TAYFUN AY,ALTAN CANDAN,SEDA İŞLER,GÜLTEKİN KABAŞ,ELA ZÜLEYHA ÖZER,Fenerbahçe Metro Enerji Spor Salonu
20.02.2019,19:00,BGL463,Final Grubu,DARÜŞŞAFAKA BASKETBOL,76 - 69,ANADOLU EFES,FİNAL GRUBU,İSTANBUL,Darüşşafaka Ayhan Şahenk Spor Salonu | ,Youtube / TBF TV,MEHMET KESERATAR,ÖMER USLU,HASAN OK,FİRDEVS EBRU ONARAN,BÜŞRA KIRIKCI,CEYDA KAPKAÇ,ERMAN YÜCEL,GÜL URASLI,Darüşşafaka Ayhan Şahenk Spor Salonu
24.02.2019,14:00,BGL471,Final Grubu,TOFAŞ,48 - 95,DARÜŞŞAFAKA BASKETBOL,FİNAL GRUBU,BURSA,Tofaş Spor Salonu | ,,DUHAN KÖYİÇİ,HÜSEYİN SÖYLEMEZOĞLU,YASİN AK,ALPER ERİN,RUMEYSA YILDIZ,BÜŞRA HEKİMOĞLU,CEREN YAVUZ,FATİH DURGUT,Tofaş Spor Salonu
24.02.2019,14:00,BGL473,Final Grubu,GELİŞİM KOLEJİ,83 - 92,BEŞİKTAŞ,FİNAL GRUBU,İZMİR,Gelişim Koleji S.S. | ,,SEHER AYŞE NUR YAZICIOĞLU,BARIŞ BURAK DURMUŞ,HASAN BORA AKSU,FAYSAL AYDEMİR,GÖZDE ONAN,GÜNAY ALPUĞUZ,MURAT GEDİK,EMİNE KALKAN,Gelişim Koleji S.S.
24.02.2019,14:00,BGL474,Final Grubu,TAC NEF,81 - 73,İSTANBUL BBSK,FİNAL GRUBU,MERSİN,Edip Buran Spor Salonu | ,,MEHMET SERDAR ÜNAL,OSMAN CAN GÜNDOĞDU,KAAN DAYAN,TURGAY KÖROĞLU,LEVENT YORULMAZ,MEHMET ALİ KÖROĞLU,ŞÜKRÜ SITKI,BETÜL ÖZCAN,Edip Buran Spor Salonu
24.02.2019,19:00,BGL472,Final Grubu,TÜRK TELEKOM,93 - 96,TED ANKARA KOLEJLİLER,FİNAL GRUBU,ANKARA,Ankara Spor Salonu (Küçük) | ,,MEHMET ŞAHİN,ALPER GÖKÇEBEL,FATMA ÖZTÜRK,DERYA ANTAŞ,YUNUS KAHRAMAN,MELTEM KOLÇAK,ARDA GÜRBÜZ,MEHTAP ADIGÜZEL,Ankara Spor Salonu (Küçük)
24.02.2019,19:00,BGL469,Final Grubu,ANADOLU EFES,65 - 70,PINAR KARŞIYAKA,FİNAL GRUBU,İSTANBUL,Ahmet Cömert Spor Salonu | ,,ALİ SERKAN EMLEK,SÜLEYMAN TEPE,ERCAN BOZDOĞAN,GÖRKEM BIÇAKCIOĞLU,FURKAN ATALAY,ESİN MÜEZZİNOĞLU,ALPKAN HACIYAKUPOĞLU,TUĞÇE KAYA,Ahmet Cömert Spor Salonu
6.03.2019,14:00,BGL470,Final Grubu,FENERBAHÇE BEKO,57 - 73,BANVİT BASKETBOL,FİNAL GRUBU,İSTANBUL,Fenerbahçe Metro Enerji Spor Salonu | ,FB TV,KAAN BÜYÜKÇİL,RAHMİ GÜNER,SAMET TEKİN,HAKAN BEŞTEPE,ALTAN CANDAN,EDA ELFİDAN,EBRU ULUDOĞAN,VEDAT SAVAŞ,Fenerbahçe Metro Enerji Spor Salonu
9.03.2019,12:30,BGL475,Final Grubu,BANVİT BASKETBOL,81 - 52,ANADOLU EFES,FİNAL GRUBU,BALIKESİR,Banvit Kara Ali Acar Spor Salonu | ,,CAN MAVİSU,MERT KAYALI,RIDVAN ARDA DEMİRCİ,GÜNAY YAYLI,ECE ONUR,KAHRAMAN BEKDEMİR,SELMA YÜKSEL,HÜSNİYE ÇOBAN,Banvit Kara Ali Acar Spor Salonu
9.03.2019,16:00,BGL476,Final Grubu,DARÜŞŞAFAKA BASKETBOL,70 - 75,FENERBAHÇE BEKO,FİNAL GRUBU,İSTANBUL,Darüşşafaka Ayhan Şahenk Spor Salonu | ,,OSMAN SİNAN İŞGÜDER,TARIK ARAZ,BERK KURTULMUŞ,HAKAN ERGİN,GÜLİZ KONCA ADİLLER,KEREM SIRMAGİL,LAL DENİZ ÇELİKER,ALPKAN HACIYAKUPOĞLU,Darüşşafaka Ayhan Şahenk Spor Salonu
9.03.2019,18:30,BGL477,Final Grubu,PINAR KARŞIYAKA,91 - 87,TOFAŞ,FİNAL GRUBU,İZMİR,Mustafa Kemal Atatürk Karşıyaka Spor Salonu | ,,POLAT PARLAK,HASAN OK,TURGUT KARATOP,OKAN KAHRAMAN,SİBEL DÖŞEMECİ,GÜLTEKİN DAĞDEVİREN,TUĞBERK TOPLU,OSMAN ARKIN BARUTCU,Mustafa Kemal Atatürk Karşıyaka Spor Salonu
10.03.2019,14:00,BGL480,Final Grubu,İSTANBUL BBSK,81 - 75,TÜRK TELEKOM,FİNAL GRUBU,İSTANBUL,Cebeci Spor Salonu | ,,SEMİH VURAL,ÜNAL ÖZDEMİR,HÜSEYİN ÇAMCI,ÖMER KESKİN,FATOŞ SOYSAL COŞKUN,ZAFER RİFAİ,ŞAZİYE SİMSAR YAKIN,SAMET AKYÜREK,Cebeci Spor Salonu
10.03.2019,15:00,BGL479,Final Grubu,BEŞİKTAŞ,69 - 74,TAC NEF,FİNAL GRUBU,İSTANBUL,Süleyman Seba S.Salonu | ,,AHMET TATLICI,İSMAİL BALPETEK,ÖMER USLU,MELİH SABRİ KAZMAZ,TUTKU MELİS AYGÜN,YÜKSEL NAZLIGÜL,ŞERMİN NAZLIGÜL,ECE DİKMENLİ,Süleyman Seba S.Salonu
10.03.2019,17:00,BGL478,Final Grubu,TED ANKARA KOLEJLİLER,97 - 73,GELİŞİM KOLEJİ,FİNAL GRUBU,ANKARA,TED Üniversitesi Prof. Dr. Rüştü Yüce S.S. | ,,AYTUĞ EKTİ,BEYHAN ERBİLGİN,ENES DURAN,İHSAN KÜÇÜKAYCAN,KAMİL TOSUN,GÖZDE ÖZBEK,SERKAN ÇADIR,MEHTAP ADIGÜZEL,TED Üniversitesi Prof. Dr. Rüştü Yüce S.S.
16.03.2019,14:00,BGL483,Final Grubu,TED ANKARA KOLEJLİLER,66 - 69,TOFAŞ,FİNAL GRUBU,ANKARA,TED Üniversitesi Prof. Dr. Rüştü Yüce S.S. | ,,MUSA KAZIM ÇETİN,ERCAN BOZDOĞAN,OSMAN CAN GÜNDOĞDU,İHSAN KÜÇÜKAYCAN,BORA AĞBULUT,RESUL GEÇER,ANIL ENDER DURGUN,YUNUS KAHRAMAN,TED Üniversitesi Prof. Dr. Rüştü Yüce S.S.
16.03.2019,14:00,BGL484,Final Grubu,TAC NEF,67 - 91,BANVİT BASKETBOL,FİNAL GRUBU,MERSİN,Edip Buran Spor Salonu | ,,ÖZLEM YALMAN,YASİN AK,SÜLEYMAN TEPE,YEŞİM ATUŞ KARAGÖZ,BEDİRHAN NAZLI,ŞÖLEN TORUN,MEHMET ALİ ÖNCÜ,ERSİN MUŞTU,Edip Buran Spor Salonu
16.03.2019,14:00,BGL486,Final Grubu,GELİŞİM KOLEJİ,63 - 83,DARÜŞŞAFAKA BASKETBOL,FİNAL GRUBU,İZMİR,Gelişim Koleji S.S. | ,,ZAFER YILMAZ,SAMET TEKİN,KAAN DAYAN,MEHMET KANER,TUĞBERK TOPLU,BURÇİN DURAN,SİBEL DÖŞEMECİ,OSMAN ARKIN BARUTCU,Gelişim Koleji S.S.
17.03.2019,14:00,BGL485,Final Grubu,TÜRK TELEKOM,74 - 95,PINAR KARŞIYAKA,FİNAL GRUBU,ANKARA,Ankara Spor Salonu (Küçük) | ,,MEHMET SERDAR ÜNAL,HÜSEYİN SÖYLEMEZOĞLU,RAHMİ GÜNER,ZAFER ÖZGÜN,MURATCAN KOLÇAK,SERKAN ÇADIR,SEÇİL ÇAPKINOĞLU,HÜSEYİN MURAT EKİM,Ankara Spor Salonu (Küçük)
17.03.2019,14:30,BGL481,Final Grubu,İSTANBUL BBSK,67 - 96,ANADOLU EFES,FİNAL GRUBU,İSTANBUL,Cebeci Spor Salonu | ,,ÖZGE ŞENTÜRK BAYRAKTAR,ALPER GÖKÇEBEL,BARIŞ BURAK DURMUŞ,ADNAN KIVANÇ,SELCAN TUĞÇE ALKAYA,ERMAN YÜCEL,HİLMİ CANKUT AYNAR,GÖZDE TUNA YILDIZ,Cebeci Spor Salonu
17.03.2019,15:30,BGL482,Final Grubu,BEŞİKTAŞ,69 - 73,FENERBAHÇE BEKO,FİNAL GRUBU,İSTANBUL,Süleyman Seba S.Salonu | ,,HALİT CAN CİHAN,HASAN BORA AKSU,FATMA ÖZTÜRK,HÜSEYİN OSMAN BÜYÜKGÖKSU,İREM KESKİN,MERT İĞDELİ,MİHRİBAN İBEK,KADER HAN TANRIVERDİ O,Süleyman Seba S.Salonu
24.03.2019,14:00,BGL489,Final Grubu,İSTANBUL BBSK,75 - 79,TOFAŞ,FİNAL GRUBU,İSTANBUL,Cebeci Spor Salonu | ,,ALİ SERKAN EMLEK,İSMAİL BALPETEK,ENES DURAN,SELMA YILMAZ SARIOĞLU,FATOŞ SOYSAL COŞKUN,ZAFER RİFAİ,TUĞÇE KAYA,REMZİ KILIÇ,Cebeci Spor Salonu
24.03.2019,15:00,BGL492,Final Grubu,DARÜŞŞAFAKA BASKETBOL,83 - 68,TAC NEF,FİNAL GRUBU,İSTANBUL,Darüşşafaka Ayhan Şahenk Spor Salonu | ,,SERHAT BÜKER,RIDVAN ARDA DEMİRCİ,HÜSEYİN ÇAMCI,BURAK DEMİR,MURAT SEVGİL,ALPKAN HACIYAKUPOĞLU,SELCAN TUĞÇE ALKAYA,YUNUS EMRE SEVER,Darüşşafaka Ayhan Şahenk Spor Salonu
24.03.2019,18:00,BGL491,Final Grubu,PINAR KARŞIYAKA,72 - 39,GELİŞİM KOLEJİ,FİNAL GRUBU,İZMİR,Mustafa Kemal Atatürk Karşıyaka Spor Salonu | ,,ALİ ŞAKACI,MERT KAYALI,TARIK ARAZ,İSMAİL ATLAYAN,ÖZGÜR TOPCU,BURÇİN DURAN,MEHMET AYDIN,HALDUN TAŞKAVAK,Mustafa Kemal Atatürk Karşıyaka Spor Salonu
24.03.2019,19:00,BGL487,Final Grubu,ANADOLU EFES,79 - 66,BEŞİKTAŞ,FİNAL GRUBU,İSTANBUL,Ahmet Cömert Spor Salonu | ,,FATİH ARSLANOĞLU,SAMET TEKİN,BEYHAN ERBİLGİN,EMRAH CAN TATLI,OSMAN AŞIK,YÜKSEL NAZLIGÜL,ALPER LAÇİNKAYA,SAMET AKYÜREK,Ahmet Cömert Spor Salonu
24.03.2019,19:00,BGL488,Final Grubu,FENERBAHÇE BEKO,74 - 67,TED ANKARA KOLEJLİLER,FİNAL GRUBU,İSTANBUL,Fenerbahçe Metro Enerji Spor Salonu | ,,MEHMET OZAN ÇAKAR,ÖMER USLU,ÜNAL ÖZDEMİR,ADNAN KIVANÇ,ZEHRA AKAN,GÜLTEKİN KABAŞ,SEDA İŞLER,FATMA GÖK,Fenerbahçe Metro Enerji Spor Salonu
25.03.2019,14:00,BGL490,Final Grubu,BANVİT BASKETBOL,116 - 82,TÜRK TELEKOM,FİNAL GRUBU,BALIKESİR,Banvit Kara Ali Acar Spor Salonu | ,,ALİ KÖSEOĞLU,BERK KURTULMUŞ,TURGUT KARATOP,RAMAZAN ÖYLEK,YAĞMUR CEREN KARAGÖZ,ERCAN ÇAVUŞOĞLU,ESİN ÖZSÜRMELİ,MERVE TELLİBAYRAKTAR,Banvit Kara Ali Acar Spor Salonu
27.03.2019,14:00,BGL498,Final Grubu,TÜRK TELEKOM,70 - 67,DARÜŞŞAFAKA BASKETBOL,FİNAL GRUBU,ANKARA,Ankara Spor Salonu (Küçük) | ,,AYTUĞ EKTİ,YASİN AK,ERCAN BOZDOĞAN,ERDEM EFE,FATMA DENİZ SÖNMEZ,FATİH ŞEN,ONUR YEŞİLBAĞ,KEZBAN EBRU ERDOĞAN,Ankara Spor Salonu (Küçük)
27.03.2019,14:00,BGL494,Final Grubu,FENERBAHÇE BEKO,95 - 55,İSTANBUL BBSK,FİNAL GRUBU,İSTANBUL,Fenerbahçe Metro Enerji Spor Salonu | ,,ALİ SERKAN EMLEK,FATMA ÖZTÜRK,SAMET TEKİN,TUĞBA YURTSEVEN,ZEHRA AKAN,MUSTAFA GÖKMEN DEMİRAY,EDA ELFİDAN,KADER HAN TANRIVERDİ O,Fenerbahçe Metro Enerji Spor Salonu
27.03.2019,14:00,BGL495,Final Grubu,TOFAŞ,69 - 65,BEŞİKTAŞ,FİNAL GRUBU,BURSA,Tofaş Spor Salonu | ,,MEHMET KESERATAR,BARIŞ BURAK DURMUŞ,KAAN DAYAN,GÜNAY YAYLI,ÖZLEM ÖZKAN,SEVDA USTA,HANDE NUR DOĞAN,BERNA EKBİÇ,Tofaş Spor Salonu
27.03.2019,14:00,BGL496,Final Grubu,GELİŞİM KOLEJİ,60 - 87,BANVİT BASKETBOL,FİNAL GRUBU,İZMİR,Gelişim Koleji S.S. | ,,POLAT PARLAK,ALPER GÖKÇEBEL,RAHMİ GÜNER,EMRE BAŞA,KEMAL AYPARS,CEREN BARAN,SERCAN DEMİRÖREN,FATMA DÖNMEZ,Gelişim Koleji S.S.
27.03.2019,19:00,BGL493,Final Grubu,ANADOLU EFES,72 - 77,TED ANKARA KOLEJLİLER,FİNAL GRUBU,İSTANBUL,Ahmet Cömert Spor Salonu | ,,AHMET TATLICI,HÜSEYİN SÖYLEMEZOĞLU,HASAN BORA AKSU,MELİH ERGENE,NEŞE KIRAN,GÜL URASLI,GÜLCAN TANKURT,BİROL ÖZDAL,Ahmet Cömert Spor Salonu
30.03.2019,14:00,BGL497,Final Grubu,TAC NEF,73 - 71,PINAR KARŞIYAKA,FİNAL GRUBU,MERSİN,Edip Buran Spor Salonu | ,,MEHMET ŞAHİN,OSMAN CAN GÜNDOĞDU,SÜLEYMAN TEPE,AHMET ÖZKAN,SÜREYYA KANALICI,SADIK ŞAHİN,BERK MERT,CANER SERTEL,Edip Buran Spor Salonu
3.04.2019,14:00,BGL501,Final Grubu,BANVİT BASKETBOL,91 - 70,TOFAŞ,FİNAL GRUBU,BALIKESİR,Banvit Kara Ali Acar Spor Salonu | ,,SEMİH VURAL,HASAN OK,TARIK ARAZ,HAKAN AK,ECE ONUR,KAHRAMAN BEKDEMİR,SELMA YÜKSEL,ÇAĞLA USLUCA,Banvit Kara Ali Acar Spor Salonu
3.04.2019,14:00,BGL502,Final Grubu,İSTANBUL BBSK,56 - 62,GELİŞİM KOLEJİ,FİNAL GRUBU,İSTANBUL,Cebeci Spor Salonu | ,,AHMET TATLICI,ÖMER USLU,BEYHAN ERBİLGİN,SEVGİNAZ DIRAHOR,MERVE SAĞLAM,GÜL URASLI,MURAT ÖZKAN,OSMAN AŞIK,Cebeci Spor Salonu
3.04.2019,14:00,BGL504,Final Grubu,BEŞİKTAŞ,89 - 93,TÜRK TELEKOM,FİNAL GRUBU,İSTANBUL,Süleyman Seba S.Salonu | ,,ZİYA ÖZORHON,ÜNAL ÖZDEMİR,İSMAİL BALPETEK,TAYFUN AY,YUNUS EMRE SEVER,EBRU ULUDOĞAN,NEŞE KIRAN,GÜLTEKİN KABAŞ,Süleyman Seba S.Salonu
3.04.2019,15:30,BGL503,Final Grubu,TED ANKARA KOLEJLİLER,97 - 99,TAC NEF,FİNAL GRUBU,ANKARA,TED Üniversitesi Prof. Dr. Rüştü Yüce S.S. | ,,ALPER ALTUĞ KÖSELERLİ,BERK KURTULMUŞ,ENES DURAN,HALDUN KUNT,SELDA UZUN,ONUR YEŞİLBAĞ,BERKSU ÖZBEY,SEÇİL ÇAPKINOĞLU,TED Üniversitesi Prof. Dr. Rüştü Yüce S.S.
3.04.2019,17:30,BGL500,Final Grubu,PINAR KARŞIYAKA,78 - 54,FENERBAHÇE BEKO,FİNAL GRUBU,İZMİR,Mustafa Kemal Atatürk Karşıyaka Spor Salonu | ,,SEHER AYŞE NUR YAZICIOĞLU,RIDVAN ARDA DEMİRCİ,HÜSEYİN ÇAMCI,OKAN KAHRAMAN,KEMAL AYPARS,CEREN BARAN,OSMAN ARKIN BARUTCU,FATMA DÖNMEZ,Mustafa Kemal Atatürk Karşıyaka Spor Salonu
3.04.2019,19:00,BGL499,Final Grubu,ANADOLU EFES,82 - 64,DARÜŞŞAFAKA BASKETBOL,FİNAL GRUBU,İSTANBUL,Ahmet Cömert Spor Salonu | ,,HALİT CAN CİHAN,MERT KAYALI,TURGUT KARATOP,GÖRKEM BIÇAKCIOĞLU,GÜLCAN TANKURT,ESİN MÜEZZİNOĞLU,ŞAZİYE SİMSAR YAKIN,ŞERMİN NAZLIGÜL,Ahmet Cömert Spor Salonu
6.04.2019,12:30,BGL506,Final Grubu,BANVİT BASKETBOL,87 - 65,FENERBAHÇE BEKO,FİNAL GRUBU,BALIKESİR,Banvit Kara Ali Acar Spor Salonu | ,,KEREM BAKİ,ERCAN BOZDOĞAN,BARIŞ BURAK DURMUŞ,MACİT ZEREN,ECE ONUR,KAHRAMAN BEKDEMİR,HÜSNİYE ÇOBAN,SELMA YÜKSEL,Banvit Kara Ali Acar Spor Salonu
6.04.2019,13:00,BGL508,Final Grubu,TED ANKARA KOLEJLİLER,93 - 82,TÜRK TELEKOM,FİNAL GRUBU,ANKARA,TED Üniversitesi Prof. Dr. Rüştü Yüce S.S. | ,,HALİL BALDEMİR,ALPER GÖKÇEBEL,FATMA ÖZTÜRK,NİYAZİ ALİŞAN,SELDA UZUN,FUNDA KONCA,FATİH DEMİRCİ,BİLAL UZGÖREN,TED Üniversitesi Prof. Dr. Rüştü Yüce S.S.
6.04.2019,14:00,BGL510,Final Grubu,İSTANBUL BBSK,65 - 77,TAC NEF,FİNAL GRUBU,İSTANBUL,Cebeci Spor Salonu | ,,MEHMET KARABİLECEN,HASAN BORA AKSU,HÜSEYİN SÖYLEMEZOĞLU,ÖMER KESKİN,TUTKU MELİS AYGÜN,SEMRA AKDUMAN,NEŞE KIRAN,ŞAZİYE SİMSAR YAKIN,Cebeci Spor Salonu
7.04.2019,16:00,BGL509,Final Grubu,BEŞİKTAŞ,73 - 69,GELİŞİM KOLEJİ,FİNAL GRUBU,İSTANBUL,Süleyman Seba S.Salonu | ,,CAN MAVİSU,YASİN AK,OSMAN CAN GÜNDOĞDU,MELİH SABRİ KAZMAZ,GÜLİZ KONCA ADİLLER,MERT İĞDELİ,MURAT SEVGİL,ŞERMİN NAZLIGÜL,Süleyman Seba S.Salonu
7.04.2019,16:00,BGL507,Final Grubu,DARÜŞŞAFAKA BASKETBOL,72 - 76,TOFAŞ,FİNAL GRUBU,İSTANBUL,Darüşşafaka Ayhan Şahenk Spor Salonu | ,,FATİH ARSLANOĞLU,SÜLEYMAN TEPE,SAMET TEKİN,GENÇ OSMAN KOCAEREN,SELCAN TUĞÇE ALKAYA,ERMAN YÜCEL,EMRAH RİFAİ,LAL DENİZ ÇELİKER,Darüşşafaka Ayhan Şahenk Spor Salonu
7.04.2019,17:30,BGL505,Final Grubu,PINAR KARŞIYAKA,62 - 68,ANADOLU EFES,FİNAL GRUBU,İZMİR,Mustafa Kemal Atatürk Karşıyaka Spor Salonu | ,,DUHAN KÖYİÇİ,KAAN DAYAN,RAHMİ GÜNER,İSMET GÜNEŞ,DİLEK DOĞAN KARACA,GÜLTEKİN DAĞDEVİREN,BERRİN TURAN,İLAYDA DİNÇEL,Mustafa Kemal Atatürk Karşıyaka Spor Salonu
23.04.2019,19:00,BGL511,Final Grubu,ANADOLU EFES,78 - 69,BANVİT BASKETBOL,FİNAL GRUBU,İSTANBUL,Ahmet Cömert Spor Salonu | ,Youtube / TBF TV,ÖZLEM YALMAN,HÜSEYİN ÇAMCI,SAMET TEKİN,BURAK DEMİR,MERVE SAĞLAM,MEHMET KAPUCU,ERMAN YÜCEL,FATOŞ SOYSAL COŞKUN,Ahmet Cömert Spor Salonu
24.04.2019,14:00,BGL512,Final Grubu,FENERBAHÇE BEKO,84 - 64,DARÜŞŞAFAKA BASKETBOL,FİNAL GRUBU,İSTANBUL,Fenerbahçe Metro Enerji Spor Salonu | ,,MEHMET KESERATAR,HASAN OK,ALPER GÖKÇEBEL,GENÇ OSMAN KOCAEREN,ESER FIRIL,EDA ELFİDAN,SEDA İŞLER,GÜLTEKİN KABAŞ,Fenerbahçe Metro Enerji Spor Salonu
24.04.2019,14:00,BGL513,Final Grubu,TOFAŞ,64 - 63,PINAR KARŞIYAKA,FİNAL GRUBU,BURSA,Tofaş Spor Salonu | ,,YENER YILMAZ,BERK KURTULMUŞ,MERT KAYALI,GÜNAY YAYLI,,,,,Tofaş Spor Salonu
24.04.2019,14:00,BGL514,Final Grubu,GELİŞİM KOLEJİ,62 - 98,TED ANKARA KOLEJLİLER,FİNAL GRUBU,İZMİR,Gelişim Koleji S.S. | ,Youtube / TBF TV,ZAFER YILMAZ,BARIŞ BURAK DURMUŞ,ÜNAL ÖZDEMİR,İLKE ORTAÇ ALATAN,KEMAL AYPARS,BERRİN TURAN,İSMAİL AKGÜL,OSMAN ARKIN BARUTCU,Gelişim Koleji S.S.
24.04.2019,14:00,BGL515,Final Grubu,TAC NEF,80 - 85,BEŞİKTAŞ,FİNAL GRUBU,MERSİN,Edip Buran Spor Salonu | ,Youtube / TBF TV,KEREM BAKİ,BEYHAN ERBİLGİN,İSMAİL BALPETEK,TURGAY KÖROĞLU,BERK MERT,LEVENT YORULMAZ,ŞÜKRÜ SITKI,RABİA YILDIZ ÖZTÜRK,Edip Buran Spor Salonu
24.04.2019,14:00,BGL516,Final Grubu,TÜRK TELEKOM,84 - 64,İSTANBUL BBSK,FİNAL GRUBU,ANKARA,Ankara Spor Salonu (Küçük) | ,,ALPER ÖZGÖK,ÖMER USLU,ENES DURAN,NİYAZİ ALİŞAN,KEZBAN EBRU ERDOĞAN,ONUR YEŞİLBAĞ,MUSA SAFA SARI,VEYSEL SİNAN TUNCER,Ankara Spor Salonu (Küçük)
28.04.2019,14:00,BGL517,Playoff Çeyrek Final,TÜRK TELEKOM,81 - 99,BANVİT BASKETBOL,,ANKARA,Ankara Spor Salonu (Küçük) | ,,ERŞAN KARTAL,ERCAN BOZDOĞAN,ALPER GÖKÇEBEL,ERDEM EFE,MEHTAP ADIGÜZEL,AKIN AYTEKİN,İSMAİL FULSER,MUSA SAFA SARI,Ankara Spor Salonu (Küçük)
29.04.2019,14:00,BGL518,Playoff Çeyrek Final,TOFAŞ,63 - 96,ANADOLU EFES,,BURSA,Tofaş Spor Salonu | ,Youtube / TBF TV,HALİL BALDEMİR,SAMET TEKİN,YASİN AK,MUSTAFA DURGUT,GÜLŞEN MÜGE KAHRAMAN,SEVDA USTA,ÖZLEM ÖZKAN,BERNA EKBİÇ,Tofaş Spor Salonu
30.04.2019,18:00,BGL519,Playoff Çeyrek Final,DARÜŞŞAFAKA BASKETBOL,74 - 99,FENERBAHÇE BEKO,,İSTANBUL,Darüşşafaka Ayhan Şahenk Spor Salonu | ,Youtube / TBF TV,CAN MAVİSU,TURGUT KARATOP,KAAN DAYAN,TUĞBA YURTSEVEN,SEÇİL SILA KORALP,ZAFER RİFAİ,MERVE SAĞLAM,LAL DENİZ ÇELİKER,Darüşşafaka Ayhan Şahenk Spor Salonu
3.05.2019,14:00,BGL520,Playoff Çeyrek Final,TED ANKARA KOLEJLİLER,77 - 64,PINAR KARŞIYAKA,,ANKARA,TED Üniversitesi Prof. Dr. Rüştü Yüce S.S. | ,,ALİ SERKAN EMLEK,HASAN OK,BERK KURTULMUŞ,BÜLENT TANESEN,ELİF CAN,TUNCER ULUŞEKER,MUHSİNE AYDIN,ONUR YEŞİLBAĞ,TED Üniversitesi Prof. Dr. Rüştü Yüce S.S.
5.05.2019,14:00,BGL523,Playoff Çeyrek Final,FENERBAHÇE BEKO,106 - 90,DARÜŞŞAFAKA BASKETBOL,,İSTANBUL,Fenerbahçe Metro Enerji Spor Salonu | ,FB TV,EMİN MOĞULKOÇ,RIDVAN ARDA DEMİRCİ,HÜSEYİN ÇAMCI,HÜSEYİN OSMAN BÜYÜKGÖKSU,DEMET ULUCUTSOY,MUSTAFA GÖKMEN DEMİRAY,ECE DİKMENLİ,SEÇİL SILA KORALP,Fenerbahçe Metro Enerji Spor Salonu
6.05.2019,15:00,BGL521,Playoff Çeyrek Final,BANVİT BASKETBOL,111 - 67,TÜRK TELEKOM,,BALIKESİR,Banvit Kara Ali Acar Spor Salonu | ,,ZAFER YILMAZ,HASAN OK,MERT KAYALI,ÇETİN ŞİMŞEK,NESLİHAN ÇOBAN,GAMZE ATİLA,MAHMUT DEMİR,IŞIL ÖZKAN,Banvit Kara Ali Acar Spor Salonu
6.05.2019,17:30,BGL524,Playoff Çeyrek Final,PINAR KARŞIYAKA,79 - 50,TED ANKARA KOLEJLİLER,,İZMİR,Mustafa Kemal Atatürk Karşıyaka Spor Salonu | ,,MEHMET KESERATAR,TURGUT KARATOP,BARIŞ BURAK DURMUŞ,EMRE BAŞA,İSMAİL AKGÜL,FATMA DÖNMEZ,EMİNE KALKAN,DİLEK GEDİK HANGÜL,Mustafa Kemal Atatürk Karşıyaka Spor Salonu
6.05.2019,19:00,BGL522,Playoff Çeyrek Final,ANADOLU EFES,89 - 59,TOFAŞ,,İSTANBUL,Ahmet Cömert Spor Salonu | ,Youtube / TBF TV,AYTUĞ EKTİ,ERCAN BOZDOĞAN,KAAN DAYAN,SAVAŞ BAYRAM ERTÜRK,GÜLİZ KONCA ADİLLER,KEREM SIRMAGİL,SELCAN TUĞÇE ALKAYA,ŞERMİN NAZLIGÜL,Ahmet Cömert Spor Salonu
10.05.2019,18:00,BGL525,Yarı Final,BANVİT BASKETBOL,67 - 59,PINAR KARŞIYAKA,,İSTANBUL,Sinan Erdem Spor Salonu | ,"Youtube / TBF TV,TİVİBU Spor 2",ÖZLEM YALMAN,ALPER GÖKÇEBEL,HASAN OK,TUĞBA YURTSEVEN,ESER FIRIL,ALPER LAÇİNKAYA,SEDA İŞLER,HİLMİ CANKUT AYNAR,Sinan Erdem Spor Salonu
10.05.2019,20:30,BGL526,Yarı Final,ANADOLU EFES,82 - 80,FENERBAHÇE BEKO,,İSTANBUL,Sinan Erdem Spor Salonu | ,TİVİBU Spor,ZAFER YILMAZ,TURGUT KARATOP,BARIŞ BURAK DURMUŞ,YEŞER EROĞLU ESKİCİOĞLU,MERVE SAĞLAM,KEREM SIRMAGİL,ERMAN YÜCEL,YÜKSEL NAZLIGÜL,Sinan Erdem Spor Salonu
11.05.2019,13:00,BGL527,Klasman Maçları,FENERBAHÇE BEKO,85 - 62,PINAR KARŞIYAKA,,İSTANBUL,Sinan Erdem Spor Salonu | ,TİVİBU Spor 2,ÖZLEM YALMAN,SAMET TEKİN,HÜSEYİN ÇAMCI,BURCU KOCAOĞLU SANCAR,TUTKU MELİS AYGÜN,SEMRA AKDUMAN,ALİ MALÇOK,ALPKAN HACIYAKUPOĞLU,Sinan Erdem Spor Salonu
11.05.2019,16:00,BGL528,Final,BANVİT BASKETBOL,91 - 68,ANADOLU EFES,,İSTANBUL,Sinan Erdem Spor Salonu | ,TİVİBU Spor,ZAFER YILMAZ,RIDVAN ARDA DEMİRCİ,BERK KURTULMUŞ,GÖZDE ERSÖZ,GÜLİZ KONCA ADİLLER,DİNÇER ADİLLER,CEYDA KAPKAÇ,MELDA ÇAKIRCA,Sinan Erdem Spor Salonu
