Tarih,Saat,Maç No,Hafta,A Takım,Sonuç,B Takım,Grubu,Şehir,Salon,TV,Baş Hakem,1. Yrd. Hakem,2. Yrd. Hakem,Temsilci,1. Masa G.,2. Masa G.,3. Masa G.,4. Masa G.,Salon.1
30.09.2017,14:00,BGL2,01. Hafta,TOFAŞ,72 - 67,BEŞİKTAŞ,A,BURSA,Bursa Atatürk Spor Salonu | ,,AHMET KÖSE,GÖRKEM ÜÇKILINÇ,ERDOĞAN ÇELEBİ,,EMEL ÖZTÜRK,SEVDA USTA,BÜŞRA HEKİMOĞLU,,Bursa Atatürk Spor Salonu
1.10.2017,13:00,BGL9,01. Hafta,BAHÇEŞEHİR KOLEJİ,63 - 62,TRABZONSPOR,B,İSTANBUL,Caferağa Spor Salonu | ,,BURAK KAAN TAN,ÖMER KALAYDIN,KAAN KESKİN,,EYLÜL DEDE,SERHAT LEVENT,GÖZDE BEGÜM AKÜZÜM,,Caferağa Spor Salonu
1.10.2017,14:00,BGL10,01. Hafta,MURATBEY UŞAK SPORTİF,74 - 88,GALATASARAY,B,UŞAK,ATATÜRK Spor Salonu | ,,EMRAH ŞATIR,NURŞAH OPAKBAY,GÜNEY BİRLİK,,DENİZ DEMİREL,HALİME SEMA DÜMEN,KAZIM KAĞAN ŞENTÜRK,MERT UÇAR,ATATÜRK Spor Salonu
1.10.2017,14:00,BGL3,01. Hafta,TED ANKARA KOLEJLİLER,129 - 52,YEŞİLGİRESUN BELEDİYESPOR,A,ANKARA,TED Üniversitesi Prof. Dr. Rüştü Yüce S.S. | ,,AYSUN ERGİN ÇETİNKAYA,ALPEREN BAŞER,ALMİNA KOCABAŞ,,CESARİ EMRE YILDIRIM,RESUL GEÇER,ONUR YEŞİLBAĞ,BİLAL UZGÖREN,TED Üniversitesi Prof. Dr. Rüştü Yüce S.S.
1.10.2017,14:00,BGL5,01. Hafta,GAZİANTEP BASKETBOL,51 - 84,ESKİŞEHİR BASKET,A,GAZİANTEP,Karataş Şahinbey Spor Salonu | ,,HAMZA ÇELİK,KEMAL AFŞİN,AHMET MALİK ŞAN,,BARIŞ ÖZGÜNEŞ,MUSTAFA BODUR,RECEP ÖZTÜRK,ALİ DALYANOĞLU,Karataş Şahinbey Spor Salonu
1.10.2017,14:30,BGL4,01. Hafta,GELİŞİM KOLEJİ,77 - 83,İSTANBUL BBSK,A,İZMİR,Gelişim Koleji S.S. | ,,BURAK DURMUŞ,MELİKŞAH MERCAN,METİN EROL,,,,,,Gelişim Koleji S.S.
1.10.2017,15:00,BGL6,01. Hafta,SAKARYA BÜYÜKŞEHİR BASKETBOL,71 - 76,DEMİR İNŞAAT BÜYÜKÇEKMECE BASKETBOL,B,SAKARYA,Sakarya Atatürk Spor Salonu | ,,CAN YANAR,OĞUZ BİNİCİER,HASAN KAMİL TAKINYALIOĞLU,,KADRİYE ÇAKA,KÜRŞAT ERKEN,YUSUF MURAT ÖTEN,,Sakarya Atatürk Spor Salonu
1.10.2017,15:00,BGL8,01. Hafta,BANVİT,99 - 69,PINAR KARŞIYAKA,B,BALIKESİR,Banvit Kara Ali Acar Spor Salonu | ,,ORÇUN AKGÜL,ANIL HAMİT SAYAR,OKAN BERK TUNÇEL,,EYLEM KAYA,MUSA ÇALIŞKAN,OGÜN KURTULUŞ,,Banvit Kara Ali Acar Spor Salonu
1.10.2017,15:30,BGL7,01. Hafta,TÜRK TELEKOM,78 - 88,FENERBAHÇE DOĞUŞ,B,ANKARA,Ankara Spor Salonu | ,,ÇAĞKAN ERTÜRK,KAĞAN SÖNMEZ,BURAK PEHLİVAN,,ZEYNEP ÖZMEN,VEYSEL SİNAN TUNCER,YUSUF NADAS,GÖKHAN BAŞARAN,Ankara Spor Salonu
1.10.2017,17:00,BGL1,01. Hafta,ANADOLU EFES,78 - 83,DARÜŞŞAFAKA BASKETBOL,A,İSTANBUL,Ahmet Cömert Spor Salonu | ,,HALUK YAKIN,UĞUR AKYILDIZ,FURKAN KESERATAR,,BİROL ŞİMŞEK,ERMAN YÜCEL,ESİN MÜEZZİNOĞLU,,Ahmet Cömert Spor Salonu
7.10.2017,13:00,BGL18,02. Hafta,GALATASARAY,96 - 80,SAKARYA BÜYÜKŞEHİR BASKETBOL,B,İSTANBUL,Sinan Erdem Spor Salonu | ,,BURAK DURMUŞ,KAAN KESKİN,ANIL HAMİT SAYAR,,MERVE SAĞLAM,AHMET YILDIZ,ALPER LAÇİNKAYA,ZAFER RİFAİ,Sinan Erdem Spor Salonu
7.10.2017,15:00,BGL11,02. Hafta,DARÜŞŞAFAKA BASKETBOL,91 - 40,GAZİANTEP BASKETBOL,A,İSTANBUL,Darüşşafaka Ayhan Şahenk Spor Salonu | ,,AHMET KÖSE,GÖRKEM SÜZEN,RECEP GÜRKAN ÖZKAN,,AYŞE SERVER SEZER,KEREM SIRMAGİL,,ERMAN YÜCEL,Darüşşafaka Ayhan Şahenk Spor Salonu
7.10.2017,16:00,BGL16,02. Hafta,FENERBAHÇE DOĞUŞ,84 - 66,BANVİT,B,İSTANBUL,Ülker Spor ve Etkinlik Salonu | ,,CAN YANAR,SAMET BİNER,HASAN TANER TOPALCA,,ECE DİKMENLİ,SERHAT LEVENT,GÖZDE BEGÜM AKÜZÜM,HİLAL DOĞAN,Ülker Spor ve Etkinlik Salonu
8.10.2017,12:00,BGL20,02. Hafta,TRABZONSPOR,64 - 71,TÜRK TELEKOM,B,TRABZON,Hayri Gür Spor Salonu | ,,GÖKHAN GÜRSOY,OSMAN AKIN AKTOLGA,SAFA HALİT ÇAKIR,,KÜBRA ÇAKIR,BERKE UĞRAŞKAN,OĞUZHAN GÖKSEL,,Hayri Gür Spor Salonu
8.10.2017,12:30,BGL19,02. Hafta,DEMİR İNŞAAT BÜYÜKÇEKMECE BASKETBOL,63 - 84,BAHÇEŞEHİR KOLEJİ,B,İSTANBUL,Gazanfer Bilge | ,,BARIŞ TUNÇ,ÖMER KALAYDIN,DERYA ÇELİK,,MURAT SEVGİL,DİNÇER ADİLLER,CEYDA KAPKAÇ,SEMRA AKDUMAN,Gazanfer Bilge
8.10.2017,14:00,BGL14,02. Hafta,İSTANBUL BBSK,67 - 73,TED ANKARA KOLEJLİLER,A,İSTANBUL,Cebeci Spor Salonu | ,,GÜRKAN DEMİR,ALİ BARAN TECİRLİ,BURAK AKTAŞ,,EMRAH RİFAİ,ZAFER RİFAİ,ŞERMİN NAZLIGÜL,TUĞBA DURNAOĞLU,Cebeci Spor Salonu
8.10.2017,14:00,BGL15,02. Hafta,GELİŞİM KOLEJİ,70 - 77,ANADOLU EFES,A,İZMİR,Gelişim Koleji S.S. | ,,EMRAH ŞATIR,BURAK DURMUŞ,ERDOĞAN ÇELEBİ,,ELÇİN ÇAĞATAY,,,,Gelişim Koleji S.S.
8.10.2017,16:00,BGL12,02. Hafta,BEŞİKTAŞ,71 - 78,ESKİŞEHİR BASKET,A,İSTANBUL,Süleyman Seba S.Salonu | ,,AYSUN ERGİN ÇETİNKAYA,GÖRKEM ÜÇKILINÇ,OĞUZ BİNİCİER,,NEŞE KIRAN,ERMAN YÜCEL,ALPER LAÇİNKAYA,BİROL ŞİMŞEK,Süleyman Seba S.Salonu
8.10.2017,16:30,BGL13,02. Hafta,YEŞİLGİRESUN BELEDİYESPOR,56 - 90,TOFAŞ,A,GİRESUN,19 Eylül Kapalı Spor Salonu | ,,ÇAĞKAN ERTÜRK,ONUR AÇIKYÜZ,KAMİL ALOK,,MİHRİBAN ÇİĞDEM,AYNUR KONAR BAVUK,ŞADUMAN AKTAŞ,ZEYNEP BIÇAKCI,19 Eylül Kapalı Spor Salonu
8.10.2017,17:30,BGL17,02. Hafta,PINAR KARŞIYAKA,87 - 55,MURATBEY UŞAK SPORTİF,B,İZMİR,Karşıyaka Selçuk Yaşar Tesisleri | ,,SONER ÖZAYDOĞAN,METİN EROL,EMRE CAN ÇAKIR,,,SİNEM YENİ,,,Karşıyaka Selçuk Yaşar Tesisleri
14.10.2017,13:30,BGL23,03. Hafta,ESKİŞEHİR BASKET,88 - 45,YEŞİLGİRESUN BELEDİYESPOR,A,ESKİŞEHİR,Anadolu Üniversitesi Spor Salonu | ,,BARIŞ TUNÇ,ALMİNA KOCABAŞ,OKAN BERK TUNÇEL,,GUŞEF ERTOK,FATİH TAYSI,NEJAT İMRE,BURCU USTAER,Anadolu Üniversitesi Spor Salonu
14.10.2017,14:00,BGL27,03. Hafta,GALATASARAY,71 - 74,BAHÇEŞEHİR KOLEJİ,B,İSTANBUL,Ahmet Cömert Spor Salonu | ,,HALUK YAKIN,UĞUR AKYILDIZ,FURKAN KESERATAR,,SELEN TALAZER,CEYDA KAPKAÇ,BİROL ŞİMŞEK,,Ahmet Cömert Spor Salonu
14.10.2017,18:30,BGL21,03. Hafta,GAZİANTEP BASKETBOL,44 - 86,ANADOLU EFES,A,GAZİANTEP,Karataş Şahinbey Spor Salonu | ,,GÜRKAN DEMİR,ALİ BARAN TECİRLİ,OSMAN AKIN AKTOLGA,,RECEP ÖZTÜRK,EKMEL CENGİZ,MUSTAFA BODUR,PINAR ŞAHİN,Karataş Şahinbey Spor Salonu
15.10.2017,14:00,BGL22,03. Hafta,İSTANBUL BBSK,68 - 82,TOFAŞ,A,İSTANBUL,Cebeci Spor Salonu | ,,CAN YANAR,KAĞAN SÖNMEZ,GÜNEY BİRLİK,,MURAT ÖZKAN,LAL DENİZ ÇELİKER,,SELEN TALAZER,Cebeci Spor Salonu
15.10.2017,14:00,BGL25,03. Hafta,TED ANKARA KOLEJLİLER,80 - 86,GELİŞİM KOLEJİ,A,ANKARA,TED Üniversitesi Prof. Dr. Rüştü Yüce S.S. | ,,ÇAĞKAN ERTÜRK,SAFA HALİT ÇAKIR,NURŞAH OPAKBAY,,ZEYNEP ÖZMEN,PELİN KUZU,SERKAN ÇADIR,BERKSU ÖZBEY,TED Üniversitesi Prof. Dr. Rüştü Yüce S.S.
15.10.2017,15:00,BGL28,03. Hafta,MURATBEY UŞAK SPORTİF,48 - 70,FENERBAHÇE DOĞUŞ,B,UŞAK,ATATÜRK Spor Salonu | ,,AHMET KÖSE,MELİKŞAH MERCAN,ALPEREN BAŞER,,DENİZ DEMİREL,HALİME SEMA DÜMEN,KAZIM KAĞAN ŞENTÜRK,MERT UÇAR,ATATÜRK Spor Salonu
15.10.2017,16:00,BGL26,03. Hafta,BANVİT,105 - 70,TÜRK TELEKOM,B,BALIKESİR,Banvit Kara Ali Acar Spor Salonu | ,,AYSUN ERGİN ÇETİNKAYA,ÖMER KALAYDIN,HASAN KAMİL TAKINYALIOĞLU,,ÇAĞLA USLUCA,KAHRAMAN BEKDEMİR,SELMA YÜKSEL,,Banvit Kara Ali Acar Spor Salonu
15.10.2017,16:15,BGL29,03. Hafta,SAKARYA BÜYÜKŞEHİR BASKETBOL,64 - 86,PINAR KARŞIYAKA,B,SAKARYA,Sakarya Spor Salonu | ,,EMRAH ŞATIR,DERYA ÇELİK,GÖRKEM SÜZEN,,MÜCAHİT YAŞAR,HAKAN BİRLİK,KÜRŞAT ERKEN,,Sakarya Spor Salonu
15.10.2017,18:30,BGL24,03. Hafta,DARÜŞŞAFAKA BASKETBOL,73 - 61,BEŞİKTAŞ,A,İSTANBUL,Darüşşafaka Ayhan Şahenk Spor Salonu | ,,SONER ÖZAYDOĞAN,BURAK PEHLİVAN,ONUR AÇIKYÜZ,,SEÇİL SILA KORALP,ERMAN YÜCEL,OSMAN OKUDAN,SENA MUSLU,Darüşşafaka Ayhan Şahenk Spor Salonu
15.10.2017,19:00,BGL30,03. Hafta,DEMİR İNŞAAT BÜYÜKÇEKMECE BASKETBOL,74 - 66,TRABZONSPOR,B,İSTANBUL,Gazanfer Bilge | ,,ORÇUN AKGÜL,GÖRKEM ÜÇKILINÇ,BURAK AKTAŞ,,OSMAN AŞIK,YÜCEL FIRAT,MERVE SAĞLAM,MELDA ÇAKIRCA,Gazanfer Bilge
21.10.2017,13:00,BGL32,04. Hafta,ESKİŞEHİR BASKET,70 - 87,İSTANBUL BBSK,A,ESKİŞEHİR,Yenikent Spor Salonu | ,,SONER ÖZAYDOĞAN,KAAN KESKİN,KAMİL ALOK,,GİZEM AYDOĞDU,YASEMİN SEL,EVREN ÖĞÜTVEREN,DAMLA KÜÇÜKSARAÇ,Yenikent Spor Salonu
21.10.2017,13:00,BGL33,04. Hafta,TOFAŞ,95 - 82,GELİŞİM KOLEJİ,A,BURSA,Tofaş Spor Salonu | ,,ORÇUN AKGÜL,RAMAZAN TÜREL,BURAK KAAN TAN,,SEVDA USTA,ZEHRA PINAR ÖZGÜR,ABDULLAH KURT,,Tofaş Spor Salonu
21.10.2017,13:30,BGL37,04. Hafta,BAHÇEŞEHİR KOLEJİ,79 - 93,PINAR KARŞIYAKA,B,İSTANBUL,İTO Yakacık Spor Salonu | ,,AHMET KÖSE,NURŞAH OPAKBAY,RECEP GÜRKAN ÖZKAN,,SEÇİL SILA KORALP,GÖRKEM GÖRGÜLÜ,MURAT SONER DURADEMİR,ECE DİKMENLİ,İTO Yakacık Spor Salonu
21.10.2017,16:00,BGL40,04. Hafta,MURATBEY UŞAK SPORTİF,80 - 83,BANVİT,B,UŞAK,ATATÜRK Spor Salonu | ,,BARIŞ TUNÇ,UĞUR AKYILDIZ,MURATCAN REYHAN,,NADİRE SEDA YILMAZ,HALİME SEMA DÜMEN,ŞULE AKSAN,İLYAS YILMAZ,ATATÜRK Spor Salonu
22.10.2017,12:00,BGL36,04. Hafta,FENERBAHÇE DOĞUŞ,85 - 62,SAKARYA BÜYÜKŞEHİR BASKETBOL,B,İSTANBUL,Fenerbahçe Metro Enerji Spor Salonu | ,,AYSUN ERGİN ÇETİNKAYA,BURAK PEHLİVAN,OKAN BERK TUNÇEL,,BEGÜM SAVAŞ,ALTAN CANDAN,GÜLTEKİN KABAŞ,MUSTAFA BURAK SİNOPLUOĞLU,Fenerbahçe Metro Enerji Spor Salonu
22.10.2017,13:00,BGL38,04. Hafta,TRABZONSPOR,73 - 82,GALATASARAY,B,TRABZON,Hayri Gür Spor Salonu | ,,ÇAĞKAN ERTÜRK,ONUR AÇIKYÜZ,HANİFE AYTÜL PİRİM,,MURATHAN SUNGUR,BARLAS ÇUHADAR,RECEP TOPALAK,,Hayri Gür Spor Salonu
22.10.2017,13:00,BGL39,04. Hafta,TÜRK TELEKOM,88 - 86,DEMİR İNŞAAT BÜYÜKÇEKMECE BASKETBOL,B,ANKARA,Ankara Spor Salonu | ,,SAMET BİNER,GÖKHAN GÜRSOY,AHMET MALİK ŞAN,,ZEYNEP ÖZMEN,CESARİ EMRE YILDIRIM,MEHMET AKİF CUMHURLU,BİLAL UZGÖREN,Ankara Spor Salonu
22.10.2017,14:00,BGL34,04. Hafta,ANADOLU EFES,84 - 71,TED ANKARA KOLEJLİLER,A,İSTANBUL,Ahmet Cömert Spor Salonu | ,,CAN YANAR,MELİKŞAH MERCAN,HASAN KAMİL TAKINYALIOĞLU,,YÜCEL FIRAT,GÜL URASLI,MELDA ÇAKIRCA,,Ahmet Cömert Spor Salonu
22.10.2017,16:30,BGL31,04. Hafta,YEŞİLGİRESUN BELEDİYESPOR,61 - 77,DARÜŞŞAFAKA BASKETBOL,A,GİRESUN,19 Eylül Kapalı Spor Salonu | ,,GÖRKEM SÜZEN,ALİ BARAN TECİRLİ,KEMAL AFŞİN,,MİHRİBAN ÇİĞDEM,EMİNE YAZAR,ŞADUMAN AKTAŞ,ZEYNEP BIÇAKCI,19 Eylül Kapalı Spor Salonu
22.10.2017,17:00,BGL35,04. Hafta,BEŞİKTAŞ,87 - 64,GAZİANTEP BASKETBOL,A,İSTANBUL,Süleyman Seba S.Salonu | ,,BURAK DURMUŞ,ANIL HAMİT SAYAR,KAĞAN SÖNMEZ,,AYŞE SERVER SEZER,AHMET YILDIZ,ZAFER RİFAİ,MERVE SAĞLAM,Süleyman Seba S.Salonu
28.10.2017,12:00,BGL48,05. Hafta,SAKARYA BÜYÜKŞEHİR BASKETBOL,60 - 71,BANVİT,B,SAKARYA,Sakarya Spor Salonu | ,,GÖKHAN GÜRSOY,MUHAMMET CAN MERİÇ,ABDURRAHMAN AYDOĞDU,,GİZEM ERSÖZ TİRYAKİ,ABDULLAH ŞEREMET,YUSUF MURAT ÖTEN,,Sakarya Spor Salonu
28.10.2017,14:00,BGL45,05. Hafta,GELİŞİM KOLEJİ,87 - 78,ESKİŞEHİR BASKET,A,İZMİR,Gelişim Koleji S.S. | ,,HALUK YAKIN,TUĞÇE AKYILDIZ,OKAN MUHAMMET ANLATICI,,NURAY KOÇ,İLAYDA DİNÇEL,ANIL DOĞAN,,Gelişim Koleji S.S.
28.10.2017,15:00,BGL43,05. Hafta,GAZİANTEP BASKETBOL,71 - 75,YEŞİLGİRESUN BELEDİYESPOR,A,GAZİANTEP,Karataş Şahinbey Spor Salonu | ,,HAMZA ÇELİK,TAYLAN ÖZGÜR ÜLTEN,ABDULLAH ÖZKAN,,RECEP ÖZTÜRK,MUSTAFA BODUR,PINAR ŞAHİN,EKMEL CENGİZ,Karataş Şahinbey Spor Salonu
28.10.2017,15:00,BGL44,05. Hafta,TED ANKARA KOLEJLİLER,84 - 80,TOFAŞ,A,ANKARA,TED Üniversitesi Prof. Dr. Rüştü Yüce S.S. | ,,SAMET BİNER,MUSTAFA SELÇUK,METİN SARIOĞLU,,SERDAR KARAGÜÇ,ALİ MURAT SUNGUR,ONUR YEŞİLBAĞ,,TED Üniversitesi Prof. Dr. Rüştü Yüce S.S.
28.10.2017,20:00,BGL47,05. Hafta,BAHÇEŞEHİR KOLEJİ,57 - 70,FENERBAHÇE DOĞUŞ,B,İSTANBUL,Caferağa Spor Salonu | ,,ÇAĞKAN ERTÜRK,OKAN GÜNGÖR,MEHMET BAHADIR AŞKIN,,DEMET ULUCUTSOY,YEŞİM ÖZCAN ÖZTÜRK,ECE DİKMENLİ,EDA KÜBRA BARIN,Caferağa Spor Salonu
29.10.2017,14:00,BGL46,05. Hafta,TÜRK TELEKOM,67 - 86,MURATBEY UŞAK SPORTİF,B,ANKARA,TOBB ETÜ Spor Salonu  | ,,GÜRKAN DEMİR,ALPER CAN BOZYEL,HAKAN ÇETİN,,,RESUL GEÇER,CESARİ EMRE YILDIRIM,,TOBB ETÜ Spor Salonu
29.10.2017,14:00,BGL49,05. Hafta,GALATASARAY,78 - 72,DEMİR İNŞAAT BÜYÜKÇEKMECE BASKETBOL,B,İSTANBUL,Ahmet Cömert Spor Salonu | ,,SONER ÖZAYDOĞAN,NURİ DİLMEN,ESRA YILDIZ,,EMRAH RİFAİ,MURAT SEVGİL,SELEN TALAZER,BİROL ÖZDAL,Ahmet Cömert Spor Salonu
29.10.2017,15:30,BGL50,05. Hafta,PINAR KARŞIYAKA,79 - 35,TRABZONSPOR,B,İZMİR,Karşıyaka Selçuk Yaşar Tesisleri | ,,BARIŞ TUNÇ,MUSTAFA BAŞTÜRK,AYGÜN AKGÜL,,,MELİS SERBEST,SÜLEYMAN YALÇIN TORUNOĞLU,,Karşıyaka Selçuk Yaşar Tesisleri
29.10.2017,16:00,BGL41,05. Hafta,BEŞİKTAŞ,54 - 77,ANADOLU EFES,A,İSTANBUL,Süleyman Seba S.Salonu | ,,ORÇUN AKGÜL,SABRİ GÜNDÜZ,DURSUN UĞRAL,,ŞERMİN NAZLIGÜL,YÜKSEL NAZLIGÜL,BEKİR SEVİMLİ,LAL DENİZ ÇELİKER,Süleyman Seba S.Salonu
29.10.2017,16:15,BGL42,05. Hafta,DARÜŞŞAFAKA BASKETBOL,75 - 71,İSTANBUL BBSK,A,İSTANBUL,Darüşşafaka Ayhan Şahenk Spor Salonu | ,,EMRAH ŞATIR,AHMET YAKAR,AHMET OZANER KUTAY,,MURAT ÖZKAN,SAMET AKYÜREK,YEŞİM AKAN,ALPKAN HACIYAKUPOĞLU,Darüşşafaka Ayhan Şahenk Spor Salonu
4.11.2017,14:00,BGL51,06. Hafta,GELİŞİM KOLEJİ,65 - 69,DARÜŞŞAFAKA BASKETBOL,A,İZMİR,Gelişim Koleji S.S. | ,,CAN YANAR,MELİKŞAH MERCAN,ALPEREN BAŞER,,ÖZGÜR TOPCU,ÖMER DURSUN,MELİS SERBEST,,Gelişim Koleji S.S.
4.11.2017,15:00,BGL53,06. Hafta,TOFAŞ,91 - 107,ANADOLU EFES,A,BURSA,Tofaş Spor Salonu | ,,EMRAH ŞATIR,BURAK PEHLİVAN,ANIL HAMİT SAYAR,,BERNA EKBİÇ,YASEMİN AKTAN,BÜŞRA CİN,,Tofaş Spor Salonu
4.11.2017,15:00,BGL59,06. Hafta,MURATBEY UŞAK SPORTİF,77 - 50,SAKARYA BÜYÜKŞEHİR BASKETBOL,B,UŞAK,ATATÜRK Spor Salonu | ,,ORÇUN AKGÜL,EMRE CAN ÇAKIR,ALMİNA KOCABAŞ,,DENİZ DEMİREL,HALİME SEMA DÜMEN,ŞULE AKSAN,KAZIM KAĞAN ŞENTÜRK,ATATÜRK Spor Salonu
4.11.2017,17:00,BGL60,06. Hafta,BANVİT,94 - 85,BAHÇEŞEHİR KOLEJİ,B,BALIKESİR,Banvit Kara Ali Acar Spor Salonu | ,,AYSUN ERGİN ÇETİNKAYA,METİN EROL,OKAN BERK TUNÇEL,,MUSA ÇALIŞKAN,GAMZE ATİLA,NESLİHAN ÇOBAN,,Banvit Kara Ali Acar Spor Salonu
5.11.2017,13:00,BGL52,06. Hafta,ESKİŞEHİR BASKET,75 - 88,TED ANKARA KOLEJLİLER,A,ESKİŞEHİR,Yenikent Spor Salonu | ,,BURAK DURMUŞ,FURKAN KESERATAR,AHMET MALİK ŞAN,,GUŞEF ERTOK,DUYGU ÜLKÜCÜ SAB,MURAT KÖSE,FİLİZ ÇOPUROĞLU,Yenikent Spor Salonu
5.11.2017,14:00,BGL55,06. Hafta,İSTANBUL BBSK,82 - 46,GAZİANTEP BASKETBOL,A,İSTANBUL,Cebeci Spor Salonu | ,,GÖKHAN GÜRSOY,GÖRKEM SÜZEN,SAFA HALİT ÇAKIR,,KEREM SIRMAGİL,AHMET YILDIZ,AYTEK CÖMERT,HİLMİ CANKUT AYNAR,Cebeci Spor Salonu
5.11.2017,14:00,BGL58,06. Hafta,GALATASARAY,96 - 93,TÜRK TELEKOM,B,İSTANBUL,Ahmet Cömert Spor Salonu | ,,SAMET BİNER,HASAN TANER TOPALCA,GÜNEY BİRLİK,,TUĞBA DURNAOĞLU,ERMAN YÜCEL,MELDA ÇAKIRCA,YEŞİM AKAN,Ahmet Cömert Spor Salonu
5.11.2017,15:00,BGL57,06. Hafta,DEMİR İNŞAAT BÜYÜKÇEKMECE BASKETBOL,59 - 84,PINAR KARŞIYAKA,B,İSTANBUL,Gazanfer Bilge | ,,GÜRKAN DEMİR,OĞUZ BİNİCİER,OSMAN AKIN AKTOLGA,,ESİN MÜEZZİNOĞLU,DİNÇER ADİLLER,YÜCEL FIRAT,OSMAN AŞIK,Gazanfer Bilge
5.11.2017,15:30,BGL54,06. Hafta,YEŞİLGİRESUN BELEDİYESPOR,51 - 93,BEŞİKTAŞ,A,GİRESUN,19 Eylül Kapalı Spor Salonu | ,,ÇAĞKAN ERTÜRK,BURAK AKTAŞ,HANİFE AYTÜL PİRİM,,TANSEL TOPŞİR,ZEYNEP BIÇAKCI,YASEMİN KOCUK,,19 Eylül Kapalı Spor Salonu
5.11.2017,18:00,BGL56,06. Hafta,FENERBAHÇE DOĞUŞ,63 - 54,TRABZONSPOR,B,İSTANBUL,Ülker Spor ve Etkinlik Salonu | ,,AHMET KÖSE,ALİ BARAN TECİRLİ,ERDOĞAN ÇELEBİ,,ECE DİKMENLİ,SEDA İŞLER,DEMET ULUCUTSOY,EDA ELFİDAN,Ülker Spor ve Etkinlik Salonu
11.11.2017,13:00,BGL63,07. Hafta,ESKİŞEHİR BASKET,69 - 104,TOFAŞ,A,ESKİŞEHİR,Yenikent Spor Salonu | ,,SONER ÖZAYDOĞAN,GÖRKEM SÜZEN,MURATCAN REYHAN,,YASEMİN SEL,FATİH TAYSI,EVREN ÖĞÜTVEREN,FİLİZ ÇOPUROĞLU,Yenikent Spor Salonu
11.11.2017,16:00,BGL65,07. Hafta,GAZİANTEP BASKETBOL,66 - 61,GELİŞİM KOLEJİ,A,GAZİANTEP,Karataş Şahinbey Spor Salonu | ,,GÜRKAN DEMİR,KEMAL AFŞİN,SAFA HALİT ÇAKIR,,BARIŞ ÖZGÜNEŞ,EKMEL CENGİZ,MUSTAFA BODUR,PINAR ŞAHİN,Karataş Şahinbey Spor Salonu
12.11.2017,12:00,BGL61,07. Hafta,ANADOLU EFES,109 - 54,YEŞİLGİRESUN BELEDİYESPOR,A,İSTANBUL,Ahmet Cömert Spor Salonu | ,,AYSUN ERGİN ÇETİNKAYA,RECEP GÜRKAN ÖZKAN,KAĞAN SÖNMEZ,,YEŞİM AKAN,MURAT SEVGİL,ALPKAN HACIYAKUPOĞLU,MÜGE ÇOLAK,Ahmet Cömert Spor Salonu
12.11.2017,13:00,BGL66,07. Hafta,TÜRK TELEKOM,75 - 48,SAKARYA BÜYÜKŞEHİR BASKETBOL,B,ANKARA,Ankara Spor Salonu (Küçük) | ,,AHMET KÖSE,ALİ BARAN TECİRLİ,FURKAN KESERATAR,,SERKAN ÇADIR,SERDAR KARAGÜÇ,MEHMET AKİF CUMHURLU,,Ankara Spor Salonu (Küçük)
12.11.2017,13:00,BGL67,07. Hafta,BAHÇEŞEHİR KOLEJİ,68 - 69,MURATBEY UŞAK SPORTİF,B,İSTANBUL,Caferağa Spor Salonu | ,,BURAK DURMUŞ,SAMET BİNER,HASAN KAMİL TAKINYALIOĞLU,,EDA ELFİDAN,SERHAT LEVENT,ARZU KÖRKEN,BEGÜM SAVAŞ,Caferağa Spor Salonu
12.11.2017,14:00,BGL64,07. Hafta,DARÜŞŞAFAKA BASKETBOL,85 - 76,TED ANKARA KOLEJLİLER,A,İSTANBUL,Darüşşafaka Ayhan Şahenk Spor Salonu | ,,ORÇUN AKGÜL,BURAK AKTAŞ,METİN EROL,,ERMAN YÜCEL,KEREM SIRMAGİL,OSMAN OKUDAN,EROL TAHTAKESEN,Darüşşafaka Ayhan Şahenk Spor Salonu
12.11.2017,15:00,BGL69,07. Hafta,DEMİR İNŞAAT BÜYÜKÇEKMECE BASKETBOL,77 - 84,FENERBAHÇE DOĞUŞ,B,İSTANBUL,Gazanfer Bilge | ,,BARIŞ TUNÇ,BURAK KAAN TAN,UĞUR AKYILDIZ,,AYGÜN SEVGİL,YUSUF YELESDAĞ,MERVE SAĞLAM,OSMAN AŞIK,Gazanfer Bilge
12.11.2017,15:30,BGL70,07. Hafta,TRABZONSPOR,55 - 88,BANVİT,B,TRABZON,Hayri Gür Spor Salonu | ,,ÇAĞKAN ERTÜRK,ONUR AÇIKYÜZ,HANİFE AYTÜL PİRİM,,GÖRKEM SAKALLIOĞLU,BERKE UĞRAŞKAN,ALPEREN TAHA CİVİL,,Hayri Gür Spor Salonu
12.11.2017,17:00,BGL62,07. Hafta,İSTANBUL BBSK,73 - 69,BEŞİKTAŞ,A,İSTANBUL,Cebeci Spor Salonu | ,,HALUK YAKIN,ÖMER KALAYDIN,DERYA ÇELİK,,ESİN MÜEZZİNOĞLU,HİLMİ CANKUT AYNAR,BEKİR SEVİMLİ,DİLEK DOĞAN KARACA,Cebeci Spor Salonu
12.11.2017,17:30,BGL68,07. Hafta,PINAR KARŞIYAKA,96 - 68,GALATASARAY,B,İZMİR,Karşıyaka Selçuk Yaşar Tesisleri | ,,EMRAH ŞATIR,CAN YANAR,ERDOĞAN ÇELEBİ,,ÖZGÜR TOPCU,MELİS SERBEST,GÜLNAR KADİROĞLU,,Karşıyaka Selçuk Yaşar Tesisleri
18.11.2017,13:00,BGL71,08. Hafta,TOFAŞ,75 - 100,DARÜŞŞAFAKA BASKETBOL,A,BURSA,Tofaş Spor Salonu | ,,ÇAĞKAN ERTÜRK,AYSUN ERGİN ÇETİNKAYA,KAAN KESKİN,,TAHSİN BURAK ŞEKERCİGİLLER,EMEL ÖZTÜRK,TARIK KEMAL ÜNLÜ,,Tofaş Spor Salonu
18.11.2017,14:00,BGL79,08. Hafta,MURATBEY UŞAK SPORTİF,66 - 57,TRABZONSPOR,B,UŞAK,ATATÜRK Spor Salonu | ,,HALUK YAKIN,OĞUZ BİNİCİER,FURKAN KESERATAR,,HALİME SEMA DÜMEN,ŞULE AKSAN,KAZIM KAĞAN ŞENTÜRK,İLYAS YILMAZ,ATATÜRK Spor Salonu
18.11.2017,14:30,BGL72,08. Hafta,ANADOLU EFES,76 - 67,ESKİŞEHİR BASKET,A,İSTANBUL,Ahmet Cömert Spor Salonu | ,,DOĞU BERK İNNAL,NURŞAH OPAKBAY,AHMET MALİK ŞAN,,MEHMET KAPUCU,,MURAT ÖZKAN,EMRECAN ÇAKIRCA,Ahmet Cömert Spor Salonu
19.11.2017,14:00,BGL80,08. Hafta,BANVİT,102 - 77,DEMİR İNŞAAT BÜYÜKÇEKMECE BASKETBOL,B,BALIKESİR,Banvit Kara Ali Acar Spor Salonu | ,,BURAK DURMUŞ,GÖRKEM SÜZEN,ALMİNA KOCABAŞ,,IŞIL ÖZKAN,OGÜN KURTULUŞ,HAKAN KÜLAHLI,,Banvit Kara Ali Acar Spor Salonu
19.11.2017,14:00,BGL75,08. Hafta,TED ANKARA KOLEJLİLER,91 - 63,GAZİANTEP BASKETBOL,A,ANKARA,TED Üniversitesi Prof. Dr. Rüştü Yüce S.S. | ,,EMRAH ŞATIR,HAMZA ÇELİK,GÜNEY BİRLİK,,SERDAR KARAGÜÇ,EZGİ HAN,CESARİ EMRE YILDIRIM,,TED Üniversitesi Prof. Dr. Rüştü Yüce S.S.
19.11.2017,14:00,BGL76,08. Hafta,FENERBAHÇE DOĞUŞ,93 - 85,GALATASARAY,B,İSTANBUL,Fenerbahçe Metro Enerji Spor Salonu | ,,ORÇUN AKGÜL,METİN EROL,ÖMER KALAYDIN,,MUSTAFA GÖKMEN DEMİRAY,SERHAT LEVENT,HİLAL DOĞAN,SEDA İŞLER,Fenerbahçe Metro Enerji Spor Salonu
19.11.2017,15:00,BGL78,08. Hafta,SAKARYA BÜYÜKŞEHİR BASKETBOL,81 - 74,BAHÇEŞEHİR KOLEJİ,B,SAKARYA,Sakarya Spor Salonu | ,,CAN YANAR,ERDOĞAN ÇELEBİ,ANIL HAMİT SAYAR,,MERVE TURAN,ABDULLAH ŞEREMET,MÜCAHİT YAŞAR,,Sakarya Spor Salonu
19.11.2017,15:30,BGL73,08. Hafta,YEŞİLGİRESUN BELEDİYESPOR,78 - 83,İSTANBUL BBSK,A,GİRESUN,19 Eylül Kapalı Spor Salonu | ,,AHMET KÖSE,ALPEREN BAŞER,ONUR AÇIKYÜZ,,YASEMİN KOCUK,EMİNE YAZAR,AZİZE BİROL,,19 Eylül Kapalı Spor Salonu
19.11.2017,16:00,BGL74,08. Hafta,BEŞİKTAŞ,63 - 56,GELİŞİM KOLEJİ,A,İSTANBUL,Süleyman Seba S.Salonu | ,,SAMET BİNER,EMRE CAN ÇAKIR,BURAK PEHLİVAN,,EROL TAHTAKESEN,DİNÇER ADİLLER,AYTEK CÖMERT,HİLMİ CANKUT AYNAR,Süleyman Seba S.Salonu
19.11.2017,17:30,BGL77,08. Hafta,PINAR KARŞIYAKA,83 - 55,TÜRK TELEKOM,B,İZMİR,Karşıyaka Selçuk Yaşar Tesisleri | ,,SONER ÖZAYDOĞAN,MELİKŞAH MERCAN,MURATCAN REYHAN,,NURAY KOÇ,ÖZGÜR TOPCU,İSMAİL AKGÜL,,Karşıyaka Selçuk Yaşar Tesisleri
25.11.2017,12:00,BGL88,09. Hafta,GALATASARAY,63 - 98,BANVİT,B,İSTANBUL,Ahmet Cömert Spor Salonu | ,,AHMET KÖSE,SAMET BİNER,BURAK PEHLİVAN,,BEKİR SEVİMLİ,ERMAN YÜCEL,HAKAN ÇOLAK,CEM TİMOÇİN,Ahmet Cömert Spor Salonu
26.11.2017,12:00,BGL86,09. Hafta,TÜRK TELEKOM,69 - 88,BAHÇEŞEHİR KOLEJİ,B,ANKARA,Mamak Belediyesi Spor Salonu | ,,ÇAĞKAN ERTÜRK,HAMZA ÇELİK,KAĞAN SÖNMEZ,,MELTEM KOLÇAK,GÜL DENİZ ASİLDAĞ,SİBEL FAZLIOĞLU,HİLAL ÖZKÜ,Mamak Belediyesi Spor Salonu
26.11.2017,13:00,BGL90,09. Hafta,TRABZONSPOR,84 - 56,SAKARYA BÜYÜKŞEHİR BASKETBOL,B,TRABZON,Hayri Gür Spor Salonu | ,,GÖKHAN GÜRSOY,KEMAL AFŞİN,KAMİL ALOK,,HASAN TAHSİN ŞEN,CANER HANCI,YAVUZ ERDEM ONAY,,Hayri Gür Spor Salonu
26.11.2017,13:00,BGL83,09. Hafta,GAZİANTEP BASKETBOL,67 - 85,TOFAŞ,A,GAZİANTEP,Karataş Şahinbey Spor Salonu | ,,GÜRKAN DEMİR,RECEP GÜRKAN ÖZKAN,SAFA HALİT ÇAKIR,,UĞUR ŞAHAN,BARIŞ ÖZGÜNEŞ,RECEP ÖZTÜRK,ALİ DALYANOĞLU,Karataş Şahinbey Spor Salonu
26.11.2017,14:00,BGL84,09. Hafta,TED ANKARA KOLEJLİLER,85 - 79,BEŞİKTAŞ,A,ANKARA,TED Üniversitesi Prof. Dr. Rüştü Yüce S.S. | ,,SONER ÖZAYDOĞAN,ANIL HAMİT SAYAR,ALİ BARAN TECİRLİ,,GÖZDE ÖZBEK,GÖKHAN BAŞARAN,CESARİ EMRE YILDIRIM,MUAMMER DUMAN,TED Üniversitesi Prof. Dr. Rüştü Yüce S.S.
26.11.2017,14:00,BGL85,09. Hafta,GELİŞİM KOLEJİ,115 - 50,YEŞİLGİRESUN BELEDİYESPOR,A,İZMİR,Gelişim Koleji S.S. | ,,ORÇUN AKGÜL,HALUK YAKIN,RAMAZAN TÜREL,,EBRU DIVRAK,GÖZDE ONAN,ELÇİN ÇAĞATAY,,Gelişim Koleji S.S.
26.11.2017,14:00,BGL81,09. Hafta,İSTANBUL BBSK,77 - 96,ANADOLU EFES,A,İSTANBUL,Cebeci Spor Salonu | ,,BARIŞ TUNÇ,UĞUR AKYILDIZ,DERYA ÇELİK,,EMRAH RİFAİ,KEREM SIRMAGİL,HİLMİ CANKUT AYNAR,SAMET AKYÜREK,Cebeci Spor Salonu
26.11.2017,14:00,BGL82,09. Hafta,DARÜŞŞAFAKA BASKETBOL,100 - 55,ESKİŞEHİR BASKET,A,İSTANBUL,Darüşşafaka Ayhan Şahenk Spor Salonu | ,,CAN YANAR,MELİKŞAH MERCAN,HASAN KAMİL TAKINYALIOĞLU,,GÜLCAN TANKURT,DİNÇER ADİLLER,OSMAN OKUDAN,NEŞE KIRAN,Darüşşafaka Ayhan Şahenk Spor Salonu
26.11.2017,14:30,BGL87,09. Hafta,FENERBAHÇE DOĞUŞ,67 - 65,PINAR KARŞIYAKA,B,İSTANBUL,Ülker Spor ve Etkinlik Salonu | ,,BURAK DURMUŞ,DOĞU BERK İNNAL,GÖRKEM SÜZEN,,BEGÜM SAVAŞ,SEÇİL SILA KORALP,GÜLŞAH ÇEBİ,DEMET ULUCUTSOY,Ülker Spor ve Etkinlik Salonu
26.11.2017,15:00,BGL89,09. Hafta,DEMİR İNŞAAT BÜYÜKÇEKMECE BASKETBOL,72 - 80,MURATBEY UŞAK SPORTİF,B,İSTANBUL,Gazanfer Bilge | ,,EMRAH ŞATIR,AYSUN ERGİN ÇETİNKAYA,OKAN BERK TUNÇEL,,MELDA ÇAKIRCA,YÜCEL FIRAT,YUSUF YELESDAĞ,MURAT ÖZKAN,Gazanfer Bilge
2.12.2017,12:00,BGL92,10. Hafta,İSTANBUL BBSK,50 - 54,GELİŞİM KOLEJİ,A,İSTANBUL,Cebeci Spor Salonu | ,,AHMET KÖSE,GÜRKAN DEMİR,GÜNEY BİRLİK,,CEM TİMOÇİN,ZAFER RİFAİ,CEYDA KAPKAÇ,HİLMİ CANKUT AYNAR,Cebeci Spor Salonu
2.12.2017,13:00,BGL95,10. Hafta,ESKİŞEHİR BASKET,86 - 54,GAZİANTEP BASKETBOL,A,ESKİŞEHİR,Yenikent Spor Salonu | ,,BARIŞ TUNÇ,DOĞU BERK İNNAL,BURAK KAAN TAN,,BURCU USTAER,FİLİZ ÇOPUROĞLU,NEJAT İMRE,YEŞİM TÜRKSOY,Yenikent Spor Salonu
3.12.2017,11:30,BGL97,10. Hafta,TRABZONSPOR,55 - 71,BAHÇEŞEHİR KOLEJİ,B,TRABZON,Hayri Gür Spor Salonu | ,,GÖKHAN GÜRSOY,OSMAN AKIN AKTOLGA,RECEP GÜRKAN ÖZKAN,,KÜBRA ÇAKIR,ALPEREN TAHA CİVİL,GÖRKEM SAKALLIOĞLU,,Hayri Gür Spor Salonu
3.12.2017,13:00,BGL99,10. Hafta,GALATASARAY,79 - 78,MURATBEY UŞAK SPORTİF,B,İSTANBUL,Ahmet Cömert Spor Salonu | ,,CAN YANAR,KAAN KESKİN,HASAN TANER TOPALCA,,NİLAY YILMAZ,GÜLİZ KONCA ADİLLER,CEYDA KAPKAÇ,ESİN MÜEZZİNOĞLU,Ahmet Cömert Spor Salonu
3.12.2017,13:00,BGL93,10. Hafta,YEŞİLGİRESUN BELEDİYESPOR,75 - 89,TED ANKARA KOLEJLİLER,A,GİRESUN,19 Eylül Kapalı Spor Salonu | ,,ÇAĞKAN ERTÜRK,ONUR AÇIKYÜZ,HANİFE AYTÜL PİRİM,,MİHRİBAN ÇİĞDEM,TANSEL TOPŞİR,ŞADUMAN AKTAŞ,,19 Eylül Kapalı Spor Salonu
3.12.2017,14:00,BGL91,10. Hafta,DARÜŞŞAFAKA BASKETBOL,84 - 96,ANADOLU EFES,A,İSTANBUL,Darüşşafaka Ayhan Şahenk Spor Salonu | ,,HALUK YAKIN,RAMAZAN TÜREL,MURATCAN REYHAN,,MURAT SEVGİL,ERMAN YÜCEL,MUSTAFA BURAK SİNOPLUOĞLU,ALPKAN HACIYAKUPOĞLU,Darüşşafaka Ayhan Şahenk Spor Salonu
3.12.2017,14:00,BGL96,10. Hafta,FENERBAHÇE DOĞUŞ,93 - 66,TÜRK TELEKOM,B,İSTANBUL,Fenerbahçe Metro Enerji Spor Salonu | ,,EMRAH ŞATIR,AYSUN ERGİN ÇETİNKAYA,EMRE CAN ÇAKIR,,BEGÜM SAVAŞ,SERHAT LEVENT,SEÇİL SILA KORALP,BEKİR BAHÇE,Fenerbahçe Metro Enerji Spor Salonu
3.12.2017,15:00,BGL98,10. Hafta,DEMİR İNŞAAT BÜYÜKÇEKMECE BASKETBOL,73 - 72,SAKARYA BÜYÜKŞEHİR BASKETBOL,B,İSTANBUL,Gazanfer Bilge | ,,SONER ÖZAYDOĞAN,OĞUZ BİNİCİER,ALPEREN BAŞER,,YÜCEL FIRAT,SEMRA AKDUMAN,YUSUF YELESDAĞ,BİROL ÖZDAL,Gazanfer Bilge
3.12.2017,16:00,BGL94,10. Hafta,BEŞİKTAŞ,67 - 70,TOFAŞ,A,İSTANBUL,Süleyman Seba S.Salonu | ,,SAMET BİNER,BURAK DURMUŞ,BURAK AKTAŞ,,SAMET AKYÜREK,ZAFER RİFAİ,MUSTAFA GÖKMEN DEMİRAY,HİLMİ CANKUT AYNAR,Süleyman Seba S.Salonu
3.12.2017,17:30,BGL100,10. Hafta,PINAR KARŞIYAKA,81 - 84,BANVİT,B,İZMİR,Karşıyaka Selçuk Yaşar Tesisleri | ,,ORÇUN AKGÜL,UĞUR AKYILDIZ,ERDOĞAN ÇELEBİ,,NURAY KOÇ,BERRİN TURAN,FATMA DÖNMEZ,,Karşıyaka Selçuk Yaşar Tesisleri
9.12.2017,12:00,BGL106,11. Hafta,BANVİT,88 - 71,FENERBAHÇE DOĞUŞ,B,BALIKESİR,Banvit Kara Ali Acar Spor Salonu | ,,ALİ ŞAKACI,OKAN BERK TUNÇEL,ALPEREN BAŞER,,NESLİHAN ÇOBAN,CANEL BOYAR,HAKAN KÜLAHLI,,Banvit Kara Ali Acar Spor Salonu
9.12.2017,16:00,BGL102,11. Hafta,ESKİŞEHİR BASKET,86 - 89,BEŞİKTAŞ,A,ESKİŞEHİR,Yenikent Spor Salonu | ,,YENER YILMAZ,HASAN KAMİL TAKINYALIOĞLU,EMRE CAN ÇAKIR,,YASEMİN SEL,BEGÜM SELİMOĞLU,FİLİZ ÇOPUROĞLU,MUTLU EMİN HÖKÜMDAR,Yenikent Spor Salonu
10.12.2017,13:00,BGL103,11. Hafta,TOFAŞ,109 - 67,YEŞİLGİRESUN BELEDİYESPOR,A,BURSA,Tofaş Spor Salonu | ,,SEMİH VURAL,UĞUR AKYILDIZ,GÖRKEM SÜZEN,,İREM ERGEN,ZEHRA PINAR ÖZGÜR,GÖKHAN AVCI,,Tofaş Spor Salonu
10.12.2017,13:00,BGL109,11. Hafta,BAHÇEŞEHİR KOLEJİ,66 - 76,DEMİR İNŞAAT BÜYÜKÇEKMECE BASKETBOL,B,İSTANBUL,Caferağa Spor Salonu | ,,AHMET ERSAN ERGÜLER,MURATCAN REYHAN,ÖMER KALAYDIN,,MUSTAFA GÖKMEN DEMİRAY,MUSTAFA BURAK SİNOPLUOĞLU,BEKİR BAHÇE,MURAT SONER DURADEMİR,Caferağa Spor Salonu
10.12.2017,13:00,BGL110,11. Hafta,TÜRK TELEKOM,78 - 82,TRABZONSPOR,B,ANKARA,Ankara Spor Salonu (Küçük) | ,,ALPER ALTUĞ KÖSELERLİ,BARAN AVŞAR,ALİ BARAN TECİRLİ,,HİLAL ÖZKÜ,CESARİ EMRE YILDIRIM,MÜMİN DEMİRBİLEK,HAKAN ÜNAL,Ankara Spor Salonu (Küçük)
10.12.2017,14:00,BGL105,11. Hafta,ANADOLU EFES,79 - 63,GELİŞİM KOLEJİ,A,İSTANBUL,Ahmet Cömert Spor Salonu | ,,DUHAN KÖYİÇİ,BURAK PEHLİVAN,BURAK AKTAŞ,,EDA ELFİDAN,MERVE SAĞLAM,GÜLCAN TANKURT,CEYDA KAPKAÇ,Ahmet Cömert Spor Salonu
10.12.2017,14:00,BGL101,11. Hafta,GAZİANTEP BASKETBOL,67 - 84,DARÜŞŞAFAKA BASKETBOL,A,GAZİANTEP,Karataş Şahinbey Spor Salonu | ,,ALİ SERKAN EMLEK,SAFA HALİT ÇAKIR,BATUHAN SÖYLEMEZOĞLU,,SEZEN ARICI,ABDURRAHMAN YALTIRIK,UĞUR ŞAHAN,PINAR ŞAHİN,Karataş Şahinbey Spor Salonu
10.12.2017,14:00,BGL108,11. Hafta,SAKARYA BÜYÜKŞEHİR BASKETBOL,57 - 67,GALATASARAY,B,SAKARYA,Sakarya Spor Salonu | ,,CAN MAVİSU,ANIL HAMİT SAYAR,SELENA GAMZE ÖGET ÇERÇİ,,YUSUF MURAT ÖTEN,BERTAN TİRYAKİ,KÜRŞAT ERKEN,,Sakarya Spor Salonu
10.12.2017,15:00,BGL107,11. Hafta,MURATBEY UŞAK SPORTİF,64 - 94,PINAR KARŞIYAKA,B,UŞAK,ATATÜRK Spor Salonu | ,,POLAT PARLAK,BURAK KAAN TAN,FURKAN KESERATAR,,DENİZ DEMİREL,İLYAS YILMAZ,ALİCAN KAYA,MERT UÇAR,ATATÜRK Spor Salonu
11.12.2017,12:00,BGL104,11. Hafta,TED ANKARA KOLEJLİLER,81 - 77,İSTANBUL BBSK,A,ANKARA,Ankara Spor Salonu (Küçük) | ,,AYTUĞ EKTİ,KAAN KESKİN,SERAY AK,,EZGİ HAN,PELİN KUZU,FATİH ŞEN,FATMA ÇELİK,Ankara Spor Salonu (Küçük)
16.12.2017,12:00,BGL115,12. Hafta,GELİŞİM KOLEJİ,92 - 90,TED ANKARA KOLEJLİLER,A,İZMİR,Gelişim Koleji S.S. | ,,AYTUĞ EKTİ,SEZER BOR,ABDURRAHMAN AYDOĞDU,,İLAYDA DİNÇEL,BERRİN TURAN,MELİS SERBEST,ERKAN TURAN,Gelişim Koleji S.S.
16.12.2017,13:00,BGL112,12. Hafta,TOFAŞ,75 - 71,İSTANBUL BBSK,A,BURSA,Tofaş Spor Salonu | ,,MEHMET KESERATAR,AHMET TAYLAN ÖZTÜRK,GÜNEY BİRLİK,,MELEK NAS,FATİH DURGUT,TAMER DENİZ,,Tofaş Spor Salonu
16.12.2017,14:00,BGL111,12. Hafta,ANADOLU EFES,104 - 36,GAZİANTEP BASKETBOL,A,İSTANBUL,Ahmet Cömert Spor Salonu | ,,ÖZGE ŞENTÜRK BAYRAKTAR,RECEP GÜRKAN ÖZKAN,KAĞAN SÖNMEZ,,SELEN TALAZER,SEMRA AKDUMAN,GÜL URASLI,MURAT SEVGİL,Ahmet Cömert Spor Salonu
16.12.2017,16:00,BGL117,12. Hafta,BAHÇEŞEHİR KOLEJİ,75 - 59,GALATASARAY,B,İSTANBUL,Caferağa Spor Salonu | ,,ZAFER YILMAZ,AHMET MALİK ŞAN,CAN ÜTKÜR,,BEGÜM SAVAŞ,DEMET ULUCUTSOY,GÖRKEM GÖRGÜLÜ,GÜLŞAH ÇEBİ,Caferağa Spor Salonu
17.12.2017,13:00,BGL120,12. Hafta,TRABZONSPOR,84 - 65,DEMİR İNŞAAT BÜYÜKÇEKMECE BASKETBOL,B,TRABZON,Hayri Gür Spor Salonu | ,,MEHMET SERDAR ÜNAL,KAMİL ALOK,ONUR AÇIKYÜZ,,SELÇUK GÖRMÜŞ,BERKE UĞRAŞKAN,GÖRKEM SAKALLIOĞLU,,Hayri Gür Spor Salonu
17.12.2017,13:00,BGL113,12. Hafta,YEŞİLGİRESUN BELEDİYESPOR,73 - 84,ESKİŞEHİR BASKET,A,GİRESUN,19 Eylül Kapalı Spor Salonu | ,,CAN MAVİSU,AHMET OZANER KUTAY,BURAK ERKAN,,ZEYNEP BIÇAKCI,AYNUR KONAR BAVUK,ŞADUMAN AKTAŞ,MİHRİBAN ÇİĞDEM,19 Eylül Kapalı Spor Salonu
17.12.2017,14:00,BGL118,12. Hafta,FENERBAHÇE DOĞUŞ,63 - 67,MURATBEY UŞAK SPORTİF,B,İSTANBUL,Fenerbahçe Metro Enerji Spor Salonu | ,,ALİ SERKAN EMLEK,MESUT ÖZTÜRK,HASAN MESUT DEMİR,,BEGÜM SAVAŞ,EBRU ULUDOĞAN,MUSTAFA BURAK SİNOPLUOĞLU,BURCU DEMİRAY,Fenerbahçe Metro Enerji Spor Salonu
17.12.2017,16:00,BGL116,12. Hafta,TÜRK TELEKOM,59 - 95,BANVİT,B,ANKARA,Ankara Spor Salonu (Küçük) | ,,HALİL BALDEMİR,SERCAN SİNİRLİOĞLU,ECEM BOZKURT,,YUNUS KAHRAMAN,HİKMET NİSA YILDIZ,SİBEL FAZLIOĞLU,GÖZDE ÖZBEK,Ankara Spor Salonu (Küçük)
17.12.2017,16:00,BGL114,12. Hafta,BEŞİKTAŞ,55 - 75,DARÜŞŞAFAKA BASKETBOL,A,İSTANBUL,Süleyman Seba S.Salonu | ,,EMİN MOĞULKOÇ,BARIŞ ÖZTÜRK,BERKİ PEKER,,SELCAN TUĞÇE ALKAYA,DİNÇER ADİLLER,NEŞE KIRAN,GÜLCAN TANKURT,Süleyman Seba S.Salonu
17.12.2017,17:30,BGL119,12. Hafta,PINAR KARŞIYAKA,83 - 56,SAKARYA BÜYÜKŞEHİR BASKETBOL,B,İZMİR,Karşıyaka Selçuk Yaşar Tesisleri | ,,SEHER AYŞE NUR YAZICIOĞLU,ERDOĞAN ÇELEBİ,DERYA ÇELİK,,GÖZDE ONAN,GÜNAY ALPUĞUZ,ÖZGÜR TOPCU,SEVERCAN GÜVEN,Karşıyaka Selçuk Yaşar Tesisleri
23.12.2017,15:00,BGL126,13. Hafta,SAKARYA BÜYÜKŞEHİR BASKETBOL,71 - 80,FENERBAHÇE DOĞUŞ,B,SAKARYA,Sakarya Spor Salonu | ,,DUHAN KÖYİÇİ,EMRE CAN ÇAKIR,ONUR AÇIKYÜZ,,MÜCAHİT YAŞAR,KÜRŞAT ERKEN,TARKAN MERİÇ,,Sakarya Spor Salonu
23.12.2017,17:30,BGL127,13. Hafta,PINAR KARŞIYAKA,91 - 77,BAHÇEŞEHİR KOLEJİ,B,İZMİR,Karşıyaka Selçuk Yaşar Tesisleri | ,,EMİN MOĞULKOÇ,MESUT ÖZTÜRK,BURAK AKTAŞ,,DENİZ TAN,MERAL DURMAZ,ZEYNEP GÖRÜMLÜ,CEREN ÜNSEVER,Karşıyaka Selçuk Yaşar Tesisleri
24.12.2017,12:00,BGL124,13. Hafta,TED ANKARA KOLEJLİLER,91 - 100,ANADOLU EFES,A,ANKARA,Ankara Spor Salonu (Küçük) | ,,KEREM BAKİ,SAFA HALİT ÇAKIR,ALPER CAN BOZYEL,,SİBEL FAZLIOĞLU,EZGİ HAN,RESUL GEÇER,YUNUS KAHRAMAN,Ankara Spor Salonu (Küçük)
24.12.2017,13:00,BGL129,13. Hafta,DEMİR İNŞAAT BÜYÜKÇEKMECE BASKETBOL,69 - 82,TÜRK TELEKOM,B,İSTANBUL,Gazanfer Bilge | ,,ERŞAN KARTAL,ANIL HAMİT SAYAR,OKAN BERK TUNÇEL,,EROL TAHTAKESEN,SEMRA AKDUMAN,DİNÇER ADİLLER,YEŞİM AKAN,Gazanfer Bilge
24.12.2017,14:00,BGL130,13. Hafta,BANVİT,88 - 53,MURATBEY UŞAK SPORTİF,B,BALIKESİR,Banvit Kara Ali Acar Spor Salonu | ,,AHMET TATLICI,ÖMER KALAYDIN,UĞUR AKYILDIZ,,EYLEM KAYA,MAHMUT DEMİR,IŞIL ÖZKAN,,Banvit Kara Ali Acar Spor Salonu
24.12.2017,14:00,BGL128,13. Hafta,GALATASARAY,79 - 84,TRABZONSPOR,B,İSTANBUL,Ahmet Cömert Spor Salonu | ,,MEHMET KARABİLECEN,GÜNEY BİRLİK,BATUHAN SÖYLEMEZOĞLU,,GÜL URASLI,CEYDA KAPKAÇ,LAL DENİZ ÇELİKER,FATOŞ SOYSAL COŞKUN,Ahmet Cömert Spor Salonu
24.12.2017,14:00,BGL121,13. Hafta,DARÜŞŞAFAKA BASKETBOL,105 - 54,YEŞİLGİRESUN BELEDİYESPOR,A,İSTANBUL,Darüşşafaka Ayhan Şahenk Spor Salonu | ,,HALİT CAN CİHAN,HASAN KAMİL TAKINYALIOĞLU,ALPEREN BAŞER,,NEŞE KIRAN,ZAFER RİFAİ,ALPKAN HACIYAKUPOĞLU,SAMET AKYÜREK,Darüşşafaka Ayhan Şahenk Spor Salonu
24.12.2017,14:00,BGL122,13. Hafta,İSTANBUL BBSK,61 - 58,ESKİŞEHİR BASKET,A,İSTANBUL,Cebeci Spor Salonu | ,,MEHMET OZAN ÇAKAR,SERAY AK,GÖRKEM SÜZEN,,ŞAZİYE SİMSAR YAKIN,ŞERMİN NAZLIGÜL,SEÇİL SILA KORALP,GÜLİZ KONCA ADİLLER,Cebeci Spor Salonu
24.12.2017,14:00,BGL123,13. Hafta,GELİŞİM KOLEJİ,66 - 62,TOFAŞ,A,İZMİR,Gelişim Koleji S.S. | ,,ZAFER YILMAZ,FURKAN KESERATAR,MURATCAN REYHAN,,SÜLEYMAN YALÇIN TORUNOĞLU,SİNEM BİRTÜRK,GİZEM ÖZAYDIN,SEVERCAN GÜVEN,Gelişim Koleji S.S.
24.12.2017,16:00,BGL125,13. Hafta,GAZİANTEP BASKETBOL,62 - 52,BEŞİKTAŞ,A,GAZİANTEP,Talat Özkarslı S.S | ,,CAN MAVİSU,ALİ BARAN TECİRLİ,AHMET MALİK ŞAN,,SEZEN ARICI,MUSTAFA BODUR,PINAR ŞAHİN,ÇAĞDAŞ FİDAN,Talat Özkarslı S.S
29.12.2017,13:00,BGL133,14. Hafta,YEŞİLGİRESUN BELEDİYESPOR,79 - 76,GAZİANTEP BASKETBOL,A,GİRESUN,19 Eylül Kapalı Spor Salonu | ,,ALPER ÖZGÖK,AHMET OZANER KUTAY,RECEP GÜRKAN ÖZKAN,,MİHRİBAN ÇİĞDEM,AYNUR KONAR BAVUK,AZİZE BİROL,ŞADUMAN AKTAŞ,19 Eylül Kapalı Spor Salonu
29.12.2017,13:00,BGL134,14. Hafta,TOFAŞ,94 - 84,TED ANKARA KOLEJLİLER,A,BURSA,Tofaş Spor Salonu | ,,FATİH ARSLANOĞLU,CAN ÜTKÜR,GÜNEY BİRLİK,,ESRA AL,SEVDA USTA,BERKE ERBAY,,Tofaş Spor Salonu
29.12.2017,13:00,BGL140,14. Hafta,TRABZONSPOR,59 - 65,PINAR KARŞIYAKA,B,TRABZON,Hayri Gür Spor Salonu | ,,ALİ ŞAKACI,KAMİL ALOK,ONUR AÇIKYÜZ,,BERKE UĞRAŞKAN,AHMET EMRE PEHLİVAN,HASAN TAHSİN ŞEN,,Hayri Gür Spor Salonu
29.12.2017,14:00,BGL136,14. Hafta,MURATBEY UŞAK SPORTİF,88 - 77,TÜRK TELEKOM,B,UŞAK,ATATÜRK Spor Salonu | ,,SEHER AYŞE NUR YAZICIOĞLU,SERCAN SİNİRLİOĞLU,BERKİ PEKER,,DENİZ DEMİREL,ŞULE AKSAN,ALİCAN KAYA,HALİME SEMA DÜMEN,ATATÜRK Spor Salonu
29.12.2017,15:00,BGL138,14. Hafta,BANVİT,84 - 57,SAKARYA BÜYÜKŞEHİR BASKETBOL,B,BALIKESİR,Banvit Kara Ali Acar Spor Salonu | ,,MEHMET KARABİLECEN,ABDURRAHMAN AYDOĞDU,DERYA ÇELİK,,NESLİHAN ÇOBAN,ALEV GÜLAÇTI,IŞIL ÖZKAN,,Banvit Kara Ali Acar Spor Salonu
29.12.2017,17:00,BGL139,14. Hafta,DEMİR İNŞAAT BÜYÜKÇEKMECE BASKETBOL,91 - 97,GALATASARAY,B,İSTANBUL,Gazanfer Bilge | ,,ALİ SERKAN EMLEK,UĞUR AKYILDIZ,SEZER BOR,,HİLMİ CANKUT AYNAR,SEMRA AKDUMAN,ERMAN YÜCEL,MEHMET KAPUCU,Gazanfer Bilge
30.12.2017,12:00,BGL131,14. Hafta,ANADOLU EFES,83 - 51,BEŞİKTAŞ,A,İSTANBUL,Ahmet Cömert Spor Salonu | ,,AYTUĞ EKTİ,BARAN AVŞAR,MESUT ÖZTÜRK,,CEM TİMOÇİN,ERMAN YÜCEL,MURAT SEVGİL,SENA MUSLU,Ahmet Cömert Spor Salonu
30.12.2017,12:00,BGL132,14. Hafta,İSTANBUL BBSK,63 - 78,DARÜŞŞAFAKA BASKETBOL,A,İSTANBUL,Cebeci Spor Salonu | ,,ÖZGE ŞENTÜRK BAYRAKTAR,BARIŞ ÖZTÜRK,BURAK KAAN TAN,,EMRECAN ÇAKIRCA,ZAFER RİFAİ,SAMET AKYÜREK,MURAT ÖZKAN,Cebeci Spor Salonu
30.12.2017,13:00,BGL135,14. Hafta,ESKİŞEHİR BASKET,70 - 79,GELİŞİM KOLEJİ,A,ESKİŞEHİR,Yenikent Spor Salonu | ,,HALİL BALDEMİR,KAĞAN SÖNMEZ,SELENA GAMZE ÖGET ÇERÇİ,,,,,,Yenikent Spor Salonu
30.12.2017,14:00,BGL137,14. Hafta,FENERBAHÇE DOĞUŞ,74 - 50,BAHÇEŞEHİR KOLEJİ,B,İSTANBUL,Fenerbahçe Metro Enerji Spor Salonu | ,,CAN MAVİSU,ERDOĞAN ÇELEBİ,BURAK ERKAN,,MUSTAFA GÖKMEN DEMİRAY,ESER FIRIL,TOLGAY ÖZCAN,SEÇİL SILA KORALP,Fenerbahçe Metro Enerji Spor Salonu
6.01.2018,13:00,BGL145,15. Hafta,GAZİANTEP BASKETBOL,57 - 64,İSTANBUL BBSK,A,GAZİANTEP,Karataş Şahinbey Spor Salonu | ,,İSMAİL AYDIN,ERDOĞAN ÇELEBİ,BURAK PEHLİVAN,,RECEP ÖZTÜRK,EKMEL CENGİZ,MUSTAFA BODUR,PINAR ŞAHİN,Karataş Şahinbey Spor Salonu
6.01.2018,14:00,BGL143,15. Hafta,ANADOLU EFES,82 - 68,TOFAŞ,A,İSTANBUL,Ahmet Cömert Spor Salonu | ,,ERŞAN KARTAL,HASAN MESUT DEMİR,AHMET MALİK ŞAN,,EMRECAN ÇAKIRCA,CEYDA KAPKAÇ,HAKAN ÇOLAK,MURAT ÖZKAN,Ahmet Cömert Spor Salonu
6.01.2018,14:00,BGL144,15. Hafta,BEŞİKTAŞ,75 - 63,YEŞİLGİRESUN BELEDİYESPOR,A,İSTANBUL,Süleyman Seba S.Salonu | ,,AHMET TATLICI,MURATCAN REYHAN,ALPER CAN BOZYEL,,GÜLCAN TANKURT,AHMET YILDIZ,ALPER LAÇİNKAYA,NEŞE KIRAN,Süleyman Seba S.Salonu
6.01.2018,17:30,BGL147,15. Hafta,PINAR KARŞIYAKA,82 - 55,DEMİR İNŞAAT BÜYÜKÇEKMECE BASKETBOL,B,İZMİR,Karşıyaka Selçuk Yaşar Tesisleri | ,,ZAFER YILMAZ,ALPEREN BAŞER,BATUHAN SÖYLEMEZOĞLU,,BURÇİN DURAN,FATİH ÖZEN,ONUR BURAK,ANIL DOĞAN,Karşıyaka Selçuk Yaşar Tesisleri
7.01.2018,12:00,BGL142,15. Hafta,TED ANKARA KOLEJLİLER,73 - 70,ESKİŞEHİR BASKET,A,ANKARA,TED Üniversitesi Prof. Dr. Rüştü Yüce S.S. | ,,ALPER ALTUĞ KÖSELERLİ,BURAK AKTAŞ,HASAN KAMİL TAKINYALIOĞLU,,SERKAN ÇADIR,SERDAR KARAGÜÇ,MEHMET AKİF CUMHURLU,HİLAL ÖZKÜ,TED Üniversitesi Prof. Dr. Rüştü Yüce S.S.
7.01.2018,12:00,BGL150,15. Hafta,BAHÇEŞEHİR KOLEJİ,72 - 94,BANVİT,B,İSTANBUL,Caferağa Spor Salonu | ,,HALİT CAN CİHAN,FURKAN KESERATAR,ÖMER KALAYDIN,,ESER FIRIL,SEDA İŞLER,BEGÜM SAVAŞ,EYLÜL DEDE,Caferağa Spor Salonu
7.01.2018,15:00,BGL149,15. Hafta,SAKARYA BÜYÜKŞEHİR BASKETBOL,64 - 93,MURATBEY UŞAK SPORTİF,B,SAKARYA,Sakarya Spor Salonu | ,,DUHAN KÖYİÇİ,GÖRKEM SÜZEN,AHMET TAYLAN ÖZTÜRK,,YUSUF MURAT ÖTEN,HAKAN BİRLİK,KÜRŞAT ERKEN,,Sakarya Spor Salonu
7.01.2018,15:00,BGL141,15. Hafta,DARÜŞŞAFAKA BASKETBOL,63 - 44,GELİŞİM KOLEJİ,A,İSTANBUL,Darüşşafaka Ayhan Şahenk Spor Salonu | ,,KAAN BÜYÜKÇİL,CAN ÜTKÜR,SERAY AK,,AYŞE SERVER SEZER,SENA MUSLU,SAMET AKYÜREK,HİLMİ CANKUT AYNAR,Darüşşafaka Ayhan Şahenk Spor Salonu
8.01.2018,14:00,BGL148,15. Hafta,TÜRK TELEKOM,71 - 84,GALATASARAY,B,ANKARA,Ankara Spor Salonu | ,,AYTUĞ EKTİ,ANIL HAMİT SAYAR,OKAN BERK TUNÇEL,,MEHTAP ADIGÜZEL,RESUL GEÇER,MÜMİN DEMİRBİLEK,ONUR YEŞİLBAĞ,Ankara Spor Salonu
10.01.2018,13:00,BGL146,15. Hafta,TRABZONSPOR,58 - 74,FENERBAHÇE DOĞUŞ,B,TRABZON,Hayri Gür Spor Salonu | ,,ALPER ÖZGÖK,ALİ BARAN TECİRLİ,SAFA HALİT ÇAKIR,,KÜBRA ÇAKIR,MEHMET DİNÇ,AHMET MUHAMMET KURT,,Hayri Gür Spor Salonu
13.01.2018,14:00,BGL155,16. Hafta,GELİŞİM KOLEJİ,83 - 42,GAZİANTEP BASKETBOL,A,İZMİR,Gelişim Koleji S.S. | ,,POLAT PARLAK,MESUT ÖZTÜRK,ABDURRAHMAN AYDOĞDU,,İLAYDA DİNÇEL,İRFAN TEMELLİ,BERRİN TURAN,İSMAİL AKGÜL,Gelişim Koleji S.S.
13.01.2018,14:00,BGL158,16. Hafta,GALATASARAY,69 - 83,PINAR KARŞIYAKA,B,İSTANBUL,Ahmet Cömert Spor Salonu | ,,MEHMET SERDAR ÜNAL,KAĞAN SÖNMEZ,SELENA GAMZE ÖGET ÇERÇİ,,DİNÇER ADİLLER,ESİN MÜEZZİNOĞLU,CEYDA KAPKAÇ,EMRECAN ÇAKIRCA,Ahmet Cömert Spor Salonu
13.01.2018,15:00,BGL159,16. Hafta,FENERBAHÇE DOĞUŞ,93 - 43,DEMİR İNŞAAT BÜYÜKÇEKMECE BASKETBOL,B,İSTANBUL,Fenerbahçe Metro Enerji Spor Salonu | ,,ALİ ŞAKACI,BARAN AVŞAR,BURAK PEHLİVAN,,SEDA İŞLER,GÜLTEKİN KABAŞ,TOLGAY ÖZCAN,SEÇİL SILA KORALP,Fenerbahçe Metro Enerji Spor Salonu
13.01.2018,16:00,BGL152,16. Hafta,BEŞİKTAŞ,69 - 83,İSTANBUL BBSK,A,İSTANBUL,Süleyman Seba S.Salonu | ,,MEHMET OZAN ÇAKAR,SERCAN SİNİRLİOĞLU,BURAK ERKAN,,EMRAH RİFAİ,NEŞE KIRAN,OSMAN OKUDAN,EROL TAHTAKESEN,Süleyman Seba S.Salonu
14.01.2018,12:00,BGL156,16. Hafta,SAKARYA BÜYÜKŞEHİR BASKETBOL,81 - 82,TÜRK TELEKOM,B,SAKARYA,Sakarya Spor Salonu | ,,ALİ SERKAN EMLEK,UĞUR AKYILDIZ,ONUR AÇIKYÜZ,,BERTAN TİRYAKİ,ABDULLAH ŞEREMET,KÜRŞAT ERKEN,,Sakarya Spor Salonu
14.01.2018,12:00,BGL154,16. Hafta,TED ANKARA KOLEJLİLER,74 - 80,DARÜŞŞAFAKA BASKETBOL,A,ANKARA,Ankara Spor Salonu (Küçük) | ,,HALİL BALDEMİR,EMRE CAN ÇAKIR,ALPER CAN BOZYEL,,ÖMÜR BAHTİYAROĞLU,GÖKHAN BAŞARAN,CESARİ EMRE YILDIRIM,BÜŞRA KANDEMİR,Ankara Spor Salonu (Küçük)
14.01.2018,13:00,BGL157,16. Hafta,MURATBEY UŞAK SPORTİF,71 - 79,BAHÇEŞEHİR KOLEJİ,B,UŞAK,ATATÜRK Spor Salonu | ,,MEHMET ŞAHİN,BERKİ PEKER,GÜNEY BİRLİK,,DENİZ DEMİREL,İLYAS YILMAZ,ALİCAN KAYA,HALİME SEMA DÜMEN,ATATÜRK Spor Salonu
14.01.2018,13:00,BGL153,16. Hafta,TOFAŞ,88 - 96,ESKİŞEHİR BASKET,A,BURSA,Tofaş Spor Salonu | ,,AYTUĞ EKTİ,SEZER BOR,DERYA ÇELİK,,BERNA EKBİÇ,SEVDA USTA,HASAN YILDIZ,,Tofaş Spor Salonu
14.01.2018,13:00,BGL151,16. Hafta,YEŞİLGİRESUN BELEDİYESPOR,60 - 109,ANADOLU EFES,A,GİRESUN,19 Eylül Kapalı Spor Salonu | ,,SEMİH VURAL,AHMET OZANER KUTAY,KAMİL ALOK,,EMİNE YAZAR,AYNUR KONAR BAVUK,AZİZE BİROL,ŞADUMAN AKTAŞ,19 Eylül Kapalı Spor Salonu
14.01.2018,15:30,BGL160,16. Hafta,BANVİT,82 - 61,TRABZONSPOR,B,BALIKESİR,Banvit Kara Ali Acar Spor Salonu | ,,ALPER ALTUĞ KÖSELERLİ,BARIŞ ÖZTÜRK,ECEM BOZKURT,,ÇAĞLA USLUCA,KAHRAMAN BEKDEMİR,SELMA YÜKSEL,,Banvit Kara Ali Acar Spor Salonu
16.01.2018,13:00,BGL164,17. Hafta,GELİŞİM KOLEJİ,83 - 45,BEŞİKTAŞ,A,İZMİR,Gelişim Koleji S.S. | ,,AHMET ERSAN ERGÜLER,ERDOĞAN ÇELEBİ,BARIŞ ÖZTÜRK,,AYBİKE GÖCEKLİ,SİNEM BİRTÜRK,CEREN BARAN,HASAN ÖZTÜRK,Gelişim Koleji S.S.
16.01.2018,13:30,BGL165,17. Hafta,GAZİANTEP BASKETBOL,60 - 70,TED ANKARA KOLEJLİLER,A,GAZİANTEP,Karataş Şahinbey Spor Salonu | ,,MEHMET SERDAR ÜNAL,ALİ BARAN TECİRLİ,AHMET MALİK ŞAN,,UĞUR ŞAHAN,EKMEL CENGİZ,PINAR ŞAHİN,ABDURRAHMAN YALTIRIK,Karataş Şahinbey Spor Salonu
16.01.2018,14:00,BGL163,17. Hafta,İSTANBUL BBSK,84 - 63,YEŞİLGİRESUN BELEDİYESPOR,A,İSTANBUL,Cebeci Spor Salonu | ,,SERHAT BÜKER,MESUT ÖZTÜRK,SELENA GAMZE ÖGET ÇERÇİ,,SELEN TALAZER,KEREM SIRMAGİL,GÜLTEKİN KABAŞ,HİLMİ CANKUT AYNAR,Cebeci Spor Salonu
16.01.2018,17:00,BGL170,17. Hafta,DEMİR İNŞAAT BÜYÜKÇEKMECE BASKETBOL,69 - 105,BANVİT,B,İSTANBUL,Gazanfer Bilge | ,,FATİH ARSLANOĞLU,SEZER BOR,HASAN KAMİL TAKINYALIOĞLU,,GÜL URASLI,SEMRA AKDUMAN,MERVE SAĞLAM,CEYDA KAPKAÇ,Gazanfer Bilge
16.01.2018,17:00,BGL166,17. Hafta,GALATASARAY,64 - 69,FENERBAHÇE DOĞUŞ,B,İSTANBUL,Ahmet Cömert Spor Salonu | ,,ALİ SERKAN EMLEK,FURKAN KESERATAR,ECEM BOZKURT,,HAKAN ÇOLAK,OSMAN AŞIK,ALPER LAÇİNKAYA,LAL DENİZ ÇELİKER,Ahmet Cömert Spor Salonu
17.01.2018,13:00,BGL169,17. Hafta,TRABZONSPOR,66 - 89,MURATBEY UŞAK SPORTİF,B,TRABZON,Hayri Gür Spor Salonu | ,,ALİ ŞAKACI,GÖRKEM SÜZEN,SAFA HALİT ÇAKIR,,CANER HANCI,BARLAS ÇUHADAR,MEHMET DİNÇ,,Hayri Gür Spor Salonu
17.01.2018,14:00,BGL167,17. Hafta,TÜRK TELEKOM,65 - 98,PINAR KARŞIYAKA,B,ANKARA,Ankara Spor Salonu (Küçük) | ,,MEHMET ŞAHİN,HASAN MESUT DEMİR,ÖMER KALAYDIN,,HİLAL ÖZKÜ,GÜL DENİZ ASİLDAĞ,EZGİ HAN,,Ankara Spor Salonu (Küçük)
17.01.2018,14:00,BGL162,17. Hafta,ESKİŞEHİR BASKET,81 - 77,ANADOLU EFES,A,ESKİŞEHİR,Yenikent Spor Salonu | ,,ALPER ALTUĞ KÖSELERLİ,KAĞAN SÖNMEZ,RECEP GÜRKAN ÖZKAN,,SEMA GÜLER,GİZEM AYDOĞDU,ERSAN EKİM,İSMAHAN KÖSE,Yenikent Spor Salonu
17.01.2018,16:00,BGL161,17. Hafta,DARÜŞŞAFAKA BASKETBOL,78 - 72,TOFAŞ,A,İSTANBUL,Darüşşafaka Ayhan Şahenk Spor Salonu | ,,SEMİH VURAL,BERKİ PEKER,CAN ÜTKÜR,,MERVE SAĞLAM,ERMAN YÜCEL,KEREM SIRMAGİL,HİLMİ CANKUT AYNAR,Darüşşafaka Ayhan Şahenk Spor Salonu
17.01.2018,17:00,BGL168,17. Hafta,BAHÇEŞEHİR KOLEJİ,85 - 61,SAKARYA BÜYÜKŞEHİR BASKETBOL,B,İSTANBUL,Caferağa Spor Salonu | ,,AHMET TATLICI,ABDURRAHMAN AYDOĞDU,SERAY AK,,NALAN TAGA,FATİH KORKULU,MUSTAFA GÖKMEN DEMİRAY,ALTAN CANDAN,Caferağa Spor Salonu
20.01.2018,12:00,BGL171,18. Hafta,ANADOLU EFES,90 - 59,İSTANBUL BBSK,A,İSTANBUL,Ahmet Cömert Spor Salonu | ,,MEHMET KARABİLECEN,MURATCAN REYHAN,DERYA ÇELİK,,BİROL ŞİMŞEK,ALPER LAÇİNKAYA,AYTEK CÖMERT,MURAT ÖZKAN,Ahmet Cömert Spor Salonu
20.01.2018,13:00,BGL172,18. Hafta,ESKİŞEHİR BASKET,77 - 76,DARÜŞŞAFAKA BASKETBOL,A,ESKİŞEHİR,Yenikent Spor Salonu | ,,HALİL BALDEMİR,OKAN BERK TUNÇEL,BATUHAN SÖYLEMEZOĞLU,,DUYGU ÜLKÜCÜ SAB,BURCU USTAER,NEJAT İMRE,MEHMET ÖZEMET,Yenikent Spor Salonu
20.01.2018,13:00,BGL173,18. Hafta,TOFAŞ,72 - 53,GAZİANTEP BASKETBOL,A,BURSA,Bursa Atatürk Spor Salonu | ,,DUHAN KÖYİÇİ,BARAN AVŞAR,BURAK AKTAŞ,,CEREN YAVUZ,NİDA ECE TÜZÜK,TAMER DENİZ,,Bursa Atatürk Spor Salonu
20.01.2018,14:30,BGL175,18. Hafta,YEŞİLGİRESUN BELEDİYESPOR,79 - 88,GELİŞİM KOLEJİ,A,GİRESUN,19 Eylül Kapalı Spor Salonu | ,,ALPER ÖZGÖK,SERCAN SİNİRLİOĞLU,BURAK ERKAN,,ZEYNEP BIÇAKCI,AYNUR KONAR BAVUK,ŞADUMAN AKTAŞ,EMİNE YAZAR,19 Eylül Kapalı Spor Salonu
20.01.2018,15:00,BGL180,18. Hafta,SAKARYA BÜYÜKŞEHİR BASKETBOL,61 - 64,TRABZONSPOR,B,SAKARYA,Sakarya Spor Salonu | ,,ZİYA ÖZORHON,UĞUR AKYILDIZ,BURAK KAAN TAN,,YUSUF MURAT ÖTEN,TARKAN MERİÇ,HAKAN BİRLİK,,Sakarya Spor Salonu
21.01.2018,13:00,BGL176,18. Hafta,BAHÇEŞEHİR KOLEJİ,88 - 68,TÜRK TELEKOM,B,İSTANBUL,Caferağa Spor Salonu | ,,ALİ SERKAN EMLEK,ERDOĞAN ÇELEBİ,BURAK PEHLİVAN,,YEŞİM AKAN,ZAFER RİFAİ,BİROL ÖZDAL,BİRGÜL KALE,Caferağa Spor Salonu
21.01.2018,14:00,BGL178,18. Hafta,BANVİT,87 - 73,GALATASARAY,B,BALIKESİR,Banvit Kara Ali Acar Spor Salonu | ,,YENER YILMAZ,MESUT ÖZTÜRK,ALPEREN BAŞER,,ÇAĞLA USLUCA,METİN IŞIK,OGÜN KURTULUŞ,,Banvit Kara Ali Acar Spor Salonu
21.01.2018,16:00,BGL179,18. Hafta,MURATBEY UŞAK SPORTİF,98 - 73,DEMİR İNŞAAT BÜYÜKÇEKMECE BASKETBOL,B,UŞAK,ATATÜRK Spor Salonu | ,,AHMET ERSAN ERGÜLER,CAN ÜTKÜR,SERAY AK,,NADİRE SEDA YILMAZ,İLYAS YILMAZ,ALİCAN KAYA,HALİME SEMA DÜMEN,ATATÜRK Spor Salonu
21.01.2018,17:30,BGL174,18. Hafta,BEŞİKTAŞ,62 - 92,TED ANKARA KOLEJLİLER,A,İSTANBUL,Süleyman Seba S.Salonu | ,,ÖZGE ŞENTÜRK BAYRAKTAR,GÜNEY BİRLİK,ANIL HAMİT SAYAR,,SELCAN TUĞÇE ALKAYA,KEREM SIRMAGİL,HİLMİ CANKUT AYNAR,ALPKAN HACIYAKUPOĞLU,Süleyman Seba S.Salonu
28.01.2018,17:30,BGL177,18. Hafta,PINAR KARŞIYAKA,75 - 67,FENERBAHÇE DOĞUŞ,B,İZMİR,Karşıyaka Selçuk Yaşar Tesisleri | ,,AHMET ERSAN ERGÜLER,RECEP GÜRKAN ÖZKAN,AHMET TAYLAN ÖZTÜRK,,İLAYDA DİNÇEL,ALİ DEVECİ,MESUT KARABULUT,ERHAN AYDIN,Karşıyaka Selçuk Yaşar Tesisleri
31.01.2018,13:00,BGL183,Final Grubu,TOFAŞ,77 - 79,MURATBEY UŞAK SPORTİF,FİNAL GRUBU,BURSA,Tofaş Spor Salonu | ,,ÖZGE ŞENTÜRK BAYRAKTAR,BURAK ERKAN,ALPEREN BAŞER,,AYLİN KORAMAZ,ADEM ÇATALKAŞ,FATİH DURGUT,,Tofaş Spor Salonu
31.01.2018,14:00,BGL186,Final Grubu,FENERBAHÇE DOĞUŞ,72 - 66,TED ANKARA KOLEJLİLER,FİNAL GRUBU,İSTANBUL,Fenerbahçe Metro Enerji Spor Salonu | ,,AHMET TATLICI,BURAK AKTAŞ,GÖRKEM SÜZEN,,DEMET ULUCUTSOY,ALTAN CANDAN,TOLGAY ÖZCAN,AHMET ERKASAP,Fenerbahçe Metro Enerji Spor Salonu
31.01.2018,15:00,BGL184,Final Grubu,BANVİT,92 - 70,İSTANBUL BBSK,FİNAL GRUBU,BALIKESİR,Banvit Kara Ali Acar Spor Salonu | ,,AHMET ERSAN ERGÜLER,MESUT ÖZTÜRK,OKAN BERK TUNÇEL,,ALEV GÜLAÇTI,MAHMUT DEMİR,IŞIL ÖZKAN,,Banvit Kara Ali Acar Spor Salonu
31.01.2018,16:00,BGL181,Final Grubu,ANADOLU EFES,103 - 68,GALATASARAY,FİNAL GRUBU,İSTANBUL,Ahmet Cömert Spor Salonu | ,,ZİYA ÖZORHON,SEZER BOR,CAN ÜTKÜR,,ESİN MÜEZZİNOĞLU,GÜL URASLI,ALPKAN HACIYAKUPOĞLU,ESENGÜL ATALAY,Ahmet Cömert Spor Salonu
31.01.2018,16:00,BGL182,Final Grubu,DARÜŞŞAFAKA BASKETBOL,85 - 63,BAHÇEŞEHİR KOLEJİ,FİNAL GRUBU,İSTANBUL,Darüşşafaka Ayhan Şahenk Spor Salonu | ,,SEMİH VURAL,ÖMER KALAYDIN,FURKAN KESERATAR,,MERVE SAĞLAM,YEŞİM AKAN,OSMAN OKUDAN,TUTKU MELİS AYGÜN,Darüşşafaka Ayhan Şahenk Spor Salonu
31.01.2018,17:30,BGL185,Final Grubu,PINAR KARŞIYAKA,61 - 59,GELİŞİM KOLEJİ,FİNAL GRUBU,İZMİR,Karşıyaka Selçuk Yaşar Tesisleri | ,,POLAT PARLAK,SERAY AK,ANIL HAMİT SAYAR,,SİNEM YENİ,ONUR BURAK,BURÇİN DURAN,ERHAN AYDIN,Karşıyaka Selçuk Yaşar Tesisleri
3.02.2018,14:00,BGL190,Final Grubu,GELİŞİM KOLEJİ,85 - 70,BANVİT,FİNAL GRUBU,İZMİR,Gelişim Koleji S.S. | ,,SEHER AYŞE NUR YAZICIOĞLU,HASAN KAMİL TAKINYALIOĞLU,SELENA GAMZE ÖGET ÇERÇİ,,GÜLNAR KADİROĞLU,GÖZDE ONAN,MELİS SERBEST,KEMAL AYPARS,Gelişim Koleji S.S.
4.02.2018,12:00,BGL191,Final Grubu,TED ANKARA KOLEJLİLER,83 - 91,PINAR KARŞIYAKA,FİNAL GRUBU,ANKARA,TED Üniversitesi Prof. Dr. Rüştü Yüce S.S. | ,,DUHAN KÖYİÇİ,SERCAN SİNİRLİOĞLU,AHMET MALİK ŞAN,,HAKAN ÜNAL,GÖKHAN BAŞARAN,MUSA SAFA SARI,MEHTAP ADIGÜZEL,TED Üniversitesi Prof. Dr. Rüştü Yüce S.S.
4.02.2018,13:00,BGL187,Final Grubu,BAHÇEŞEHİR KOLEJİ,63 - 108,ANADOLU EFES,FİNAL GRUBU,İSTANBUL,Caferağa Spor Salonu | ,,HALİT CAN CİHAN,BURAK PEHLİVAN,MURATCAN REYHAN,,ARZU KÖRKEN,BİRGÜL KALE,DEMET ULUCUTSOY,SEDA İŞLER,Caferağa Spor Salonu
4.02.2018,14:00,BGL192,Final Grubu,İSTANBUL BBSK,68 - 80,FENERBAHÇE DOĞUŞ,FİNAL GRUBU,İSTANBUL,Cebeci Spor Salonu | ,,SEMİH VURAL,BURAK ERKAN,BURAK KAAN TAN,,HİLMİ CANKUT AYNAR,ZAFER RİFAİ,ALPER LAÇİNKAYA,MURAT ÖZKAN,Cebeci Spor Salonu
4.02.2018,14:00,BGL189,Final Grubu,GALATASARAY,63 - 75,TOFAŞ,FİNAL GRUBU,İSTANBUL,Ahmet Cömert Spor Salonu | ,,MEHMET OZAN ÇAKAR,AHMET TAYLAN ÖZTÜRK,BATUHAN SÖYLEMEZOĞLU,,EMRAH RİFAİ,ERMAN YÜCEL,LAL DENİZ ÇELİKER,YEŞİM AKAN,Ahmet Cömert Spor Salonu
4.02.2018,15:00,BGL188,Final Grubu,MURATBEY UŞAK SPORTİF,54 - 85,DARÜŞŞAFAKA BASKETBOL,FİNAL GRUBU,UŞAK,ATATÜRK Spor Salonu | ,,POLAT PARLAK,RECEP GÜRKAN ÖZKAN,GÜNEY BİRLİK,,DENİZ DEMİREL,KAZIM KAĞAN ŞENTÜRK,ALİCAN KAYA,HALİME SEMA DÜMEN,ATATÜRK Spor Salonu
7.02.2018,18:00,BGL194,Final Grubu,DARÜŞŞAFAKA BASKETBOL,110 - 66,GALATASARAY,FİNAL GRUBU,İSTANBUL,Darüşşafaka Ayhan Şahenk Spor Salonu | ,,CAN MAVİSU,ÖMER KALAYDIN,ECEM BOZKURT,,ESİN MÜEZZİNOĞLU,ERMAN YÜCEL,YÜKSEL NAZLIGÜL,AYGÜN SEVGİL,Darüşşafaka Ayhan Şahenk Spor Salonu
9.02.2018,16:00,BGL195,Final Grubu,TOFAŞ,101 - 65,BAHÇEŞEHİR KOLEJİ,FİNAL GRUBU,BURSA,Tofaş Spor Salonu | ,,ALPER ALTUĞ KÖSELERLİ,GÖRKEM SÜZEN,ALPEREN BAŞER,,AYLİN KORAMAZ,NİDA ECE TÜZÜK,YASEMİN AKTAN,,Tofaş Spor Salonu
11.02.2018,14:00,BGL193,Final Grubu,ANADOLU EFES,85 - 68,MURATBEY UŞAK SPORTİF,FİNAL GRUBU,İSTANBUL,Ahmet Cömert Spor Salonu | ,,MEHMET KARABİLECEN,ERDOĞAN ÇELEBİ,ONUR AÇIKYÜZ,,AYŞE SERVER SEZER,EMRAH RİFAİ,ALPKAN HACIYAKUPOĞLU,FATOŞ SOYSAL COŞKUN,Ahmet Cömert Spor Salonu
11.02.2018,14:00,BGL198,Final Grubu,FENERBAHÇE DOĞUŞ,79 - 56,GELİŞİM KOLEJİ,FİNAL GRUBU,İSTANBUL,Fenerbahçe Metro Enerji Spor Salonu | ,,ÖZGE ŞENTÜRK BAYRAKTAR,CAN ÜTKÜR,OKAN BERK TUNÇEL,,BEGÜM SAVAŞ,EBRU ULUDOĞAN,SEDA İŞLER,ARZU KÖRKEN,Fenerbahçe Metro Enerji Spor Salonu
11.02.2018,16:00,BGL196,Final Grubu,BANVİT,81 - 89,TED ANKARA KOLEJLİLER,FİNAL GRUBU,BALIKESİR,Banvit Kara Ali Acar Spor Salonu | ,,KEREM BAKİ,BARAN AVŞAR,UĞUR AKYILDIZ,,ÇAĞLA USLUCA,KAHRAMAN BEKDEMİR,SELMA YÜKSEL,,Banvit Kara Ali Acar Spor Salonu
11.02.2018,17:30,BGL197,Final Grubu,PINAR KARŞIYAKA,79 - 69,İSTANBUL BBSK,FİNAL GRUBU,İZMİR,Karşıyaka Selçuk Yaşar Tesisleri | ,,POLAT PARLAK,MESUT ÖZTÜRK,BURAK AKTAŞ,,İLAYDA DİNÇEL,BURÇİN DURAN,SEVERCAN GÜVEN,ERKAN TURAN,Karşıyaka Selçuk Yaşar Tesisleri
17.02.2018,15:00,BGL203,Final Grubu,MURATBEY UŞAK SPORTİF,80 - 74,İSTANBUL BBSK,FİNAL GRUBU,UŞAK,ATATÜRK Spor Salonu | ,,AHMET ERSAN ERGÜLER,GÜNEY BİRLİK,BERKİ PEKER,,NADİRE SEDA YILMAZ,ŞULE AKSAN,ALİCAN KAYA,HALİME SEMA DÜMEN,ATATÜRK Spor Salonu
17.02.2018,17:30,BGL200,Final Grubu,PINAR KARŞIYAKA,72 - 69,DARÜŞŞAFAKA BASKETBOL,FİNAL GRUBU,İZMİR,Karşıyaka Selçuk Yaşar Tesisleri | ,,MEHMET ŞAHİN,RECEP GÜRKAN ÖZKAN,ANIL HAMİT SAYAR,,HALİDE KAYA,MERAL DURMAZ,ZEYNEP GÖRÜMLÜ,CEREN ÜNSEVER,Karşıyaka Selçuk Yaşar Tesisleri
18.02.2018,13:00,BGL201,Final Grubu,BANVİT,96 - 86,TOFAŞ,FİNAL GRUBU,BALIKESİR,Banvit Kara Ali Acar Spor Salonu | ,,POLAT PARLAK,FURKAN KESERATAR,DERYA ÇELİK,,ÇAĞLA USLUCA,KAHRAMAN BEKDEMİR,SELMA YÜKSEL,,Banvit Kara Ali Acar Spor Salonu
18.02.2018,13:00,BGL202,Final Grubu,GALATASARAY,71 - 69,TED ANKARA KOLEJLİLER,FİNAL GRUBU,İSTANBUL,Ahmet Cömert Spor Salonu | ,,SERHAT BÜKER,SERAY AK,ABDURRAHMAN AYDOĞDU,,CEYDA KAPKAÇ,MURAT SEVİL,EMRECAN ÇAKIRCA,FATOŞ SOYSAL COŞKUN,Ahmet Cömert Spor Salonu
18.02.2018,13:00,BGL204,Final Grubu,BAHÇEŞEHİR KOLEJİ,74 - 60,GELİŞİM KOLEJİ,FİNAL GRUBU,İSTANBUL,Caferağa Spor Salonu | ,,ALİ ŞAKACI,BATUHAN SÖYLEMEZOĞLU,HASAN KAMİL TAKINYALIOĞLU,,ALTAN CANDAN,SERHAT LEVENT,BÜŞRA ERKAN,BEKİR BAHÇE,Caferağa Spor Salonu
18.02.2018,15:00,BGL199,Final Grubu,FENERBAHÇE DOĞUŞ,63 - 65,ANADOLU EFES,FİNAL GRUBU,İSTANBUL,Fenerbahçe Metro Enerji Spor Salonu | ,,OSMAN SİNAN İŞGÜDER,SERCAN SİNİRLİOĞLU,SEZER BOR,,BEGÜM SAVAŞ,GÜLTEKİN KABAŞ,ECE DİKMENLİ,EDA ELFİDAN,Fenerbahçe Metro Enerji Spor Salonu
24.02.2018,13:00,BGL207,Final Grubu,TOFAŞ,90 - 69,FENERBAHÇE DOĞUŞ,FİNAL GRUBU,BURSA,Bursa Atatürk Spor Salonu | ,,AHMET ERSAN ERGÜLER,GÖRKEM SÜZEN,CAN ÜTKÜR,,İREM ERGEN,SEVDA USTA,CEREN YAVUZ,,Bursa Atatürk Spor Salonu
24.02.2018,13:00,BGL209,Final Grubu,TED ANKARA KOLEJLİLER,86 - 90,BAHÇEŞEHİR KOLEJİ,FİNAL GRUBU,ANKARA,TED Üniversitesi Prof. Dr. Rüştü Yüce S.S. | ,,AYTUĞ EKTİ,MESUT ÖZTÜRK,AHMET MALİK ŞAN,,FATMA ÇELİK,SERDAR KARAGÜÇ,FATİH ŞEN,SİMAY ÇAKMAK,TED Üniversitesi Prof. Dr. Rüştü Yüce S.S.
25.02.2018,14:00,BGL210,Final Grubu,İSTANBUL BBSK,91 - 72,GALATASARAY,FİNAL GRUBU,İSTANBUL,Cebeci Spor Salonu | ,,OSMAN SİNAN İŞGÜDER,BURAK ERKAN,MURATCAN REYHAN,,AYGÜN SEVGİL,AHMET YILDIZ,ZAFER RİFAİ,YÜCEL FIRAT,Cebeci Spor Salonu
25.02.2018,14:00,BGL206,Final Grubu,DARÜŞŞAFAKA BASKETBOL,68 - 90,BANVİT,FİNAL GRUBU,İSTANBUL,Darüşşafaka Ayhan Şahenk Spor Salonu | ,,EMİN MOĞULKOÇ,BURAK PEHLİVAN,BURAK AKTAŞ,,ALPKAN HACIYAKUPOĞLU,KEREM SIRMAGİL,ERMAN YÜCEL,HİLMİ CANKUT AYNAR,Darüşşafaka Ayhan Şahenk Spor Salonu
25.02.2018,14:00,BGL208,Final Grubu,GELİŞİM KOLEJİ,69 - 67,MURATBEY UŞAK SPORTİF,FİNAL GRUBU,İZMİR,Gelişim Koleji S.S. | ,,ZAFER YILMAZ,UĞUR AKYILDIZ,AHMET TAYLAN ÖZTÜRK,,GİZEM KULAKSIZ,CEREN BARAN,AYÇA ZEYBEK KUYUCU,ERKAN TURAN,Gelişim Koleji S.S.
28.02.2018,18:00,BGL205,Final Grubu,ANADOLU EFES,89 - 75,PINAR KARŞIYAKA,FİNAL GRUBU,İSTANBUL,Sinan Erdem Spor Salonu | ,,ALİ SERKAN EMLEK,GÜNEY BİRLİK,ERDOĞAN ÇELEBİ,,GÜL URASLI,ZAFER RİFAİ,ESİN MÜEZZİNOĞLU,MİHRİBAN İBEK,Sinan Erdem Spor Salonu
2.03.2018,17:30,BGL215,Final Grubu,BAHÇEŞEHİR KOLEJİ,70 - 75,İSTANBUL BBSK,FİNAL GRUBU,İSTANBUL,Caferağa Spor Salonu | ,,ZİYA ÖZORHON,FURKAN KESERATAR,SEZER BOR,,FATİH KORKULU,MUSTAFA GÖKMEN DEMİRAY,GÖZDE BEGÜM AKÜZÜM,BİRGÜL KALE,Caferağa Spor Salonu
3.03.2018,14:30,BGL211,Final Grubu,ANADOLU EFES,81 - 76,BANVİT,FİNAL GRUBU,İSTANBUL,Ahmet Cömert Spor Salonu | ,,YENER YILMAZ,ALPEREN BAŞER,HASAN KAMİL TAKINYALIOĞLU,,CEYDA KAPKAÇ,ESİN MÜEZZİNOĞLU,GÜL URASLI,HİLMİ CANKUT AYNAR,Ahmet Cömert Spor Salonu
4.03.2018,13:00,BGL214,Final Grubu,MURATBEY UŞAK SPORTİF,78 - 71,TED ANKARA KOLEJLİLER,FİNAL GRUBU,UŞAK,ATATÜRK Spor Salonu | ,,SEHER AYŞE NUR YAZICIOĞLU,SERCAN SİNİRLİOĞLU,GÜNEY BİRLİK,,DENİZ DEMİREL,NADİRE SEDA YILMAZ,ALİCAN KAYA,HALİME SEMA DÜMEN,ATATÜRK Spor Salonu
4.03.2018,16:00,BGL212,Final Grubu,FENERBAHÇE DOĞUŞ,71 - 72,DARÜŞŞAFAKA BASKETBOL,FİNAL GRUBU,İSTANBUL,Ülker Spor ve Etkinlik Salonu | ,,AHMET TATLICI,BURAK PEHLİVAN,SERAY AK,,BURCU DEMİRAY,MUSTAFA GÖKMEN DEMİRAY,HİLAL DOĞAN,ECE DİKMENLİ,Ülker Spor ve Etkinlik Salonu
4.03.2018,17:30,BGL213,Final Grubu,PINAR KARŞIYAKA,84 - 81,TOFAŞ,FİNAL GRUBU,İZMİR,Karşıyaka Selçuk Yaşar Tesisleri | ,,HALİL BALDEMİR,BARAN AVŞAR,ANIL HAMİT SAYAR,,EBRU DIVRAK,GİZEM ÖZAYDIN,DİLEK GEDİK HANGÜL,ANIL DOĞAN,Karşıyaka Selçuk Yaşar Tesisleri
4.03.2018,17:30,BGL216,Final Grubu,GALATASARAY,53 - 64,GELİŞİM KOLEJİ,FİNAL GRUBU,İSTANBUL,Ahmet Cömert Spor Salonu | ,,HALİT CAN CİHAN,BATUHAN SÖYLEMEZOĞLU,SELENA GAMZE ÖGET ÇERÇİ,,CEYDA KAPKAÇ,ZAFER RİFAİ,ERMAN YÜCEL,YEŞİM AKAN,Ahmet Cömert Spor Salonu
13.03.2018,17:30,BGL218,Final Grubu,BAHÇEŞEHİR KOLEJİ,61 - 91,DARÜŞŞAFAKA BASKETBOL,FİNAL GRUBU,İSTANBUL,Caferağa Spor Salonu | ,,SEMİH VURAL,BURAK ERKAN,UĞUR AKYILDIZ,,BEGÜM SAVAŞ,EBRU ULUDOĞAN,ESER FIRIL,DEMET ULUCUTSOY,Caferağa Spor Salonu
14.03.2018,14:00,BGL220,Final Grubu,İSTANBUL BBSK,80 - 94,BANVİT,FİNAL GRUBU,İSTANBUL,Cebeci Spor Salonu | ,,CAN MAVİSU,AHMET TAYLAN ÖZTÜRK,RECEP GÜRKAN ÖZKAN,,CEYDA KAPKAÇ,KEREM SIRMAGİL,ERMAN YÜCEL,HİLMİ CANKUT AYNAR,Cebeci Spor Salonu
14.03.2018,14:00,BGL221,Final Grubu,GELİŞİM KOLEJİ,66 - 74,PINAR KARŞIYAKA,FİNAL GRUBU,İZMİR,Gelişim Koleji S.S. | ,,AHMET ERSAN ERGÜLER,ERDOĞAN ÇELEBİ,CAN ÜTKÜR,,SİNEM YENİ,BERRİN TURAN,GÜLNAR KADİROĞLU,CEREN ÜNSEVER,Gelişim Koleji S.S.
14.03.2018,15:00,BGL219,Final Grubu,MURATBEY UŞAK SPORTİF,69 - 80,TOFAŞ,FİNAL GRUBU,UŞAK,ATATÜRK Spor Salonu | ,,MEHMET ŞAHİN,GÖRKEM SÜZEN,ÖMER KALAYDIN,,NADİRE SEDA YILMAZ,ŞULE AKSAN,ALİCAN KAYA,HALİME SEMA DÜMEN,ATATÜRK Spor Salonu
14.03.2018,17:30,BGL217,Final Grubu,GALATASARAY,75 - 110,ANADOLU EFES,FİNAL GRUBU,İSTANBUL,Ahmet Cömert Spor Salonu | ,,FATİH ARSLANOĞLU,SEZER BOR,ECEM BOZKURT,,ŞAZİYE SİMSAR YAKIN,DİNÇER ADİLLER,MİHRİBAN İBEK,HAKAN ÇOLAK,Ahmet Cömert Spor Salonu
15.03.2018,15:00,BGL222,Final Grubu,TED ANKARA KOLEJLİLER,77 - 89,FENERBAHÇE DOĞUŞ,FİNAL GRUBU,ANKARA,TED Üniversitesi Prof. Dr. Rüştü Yüce S.S. | ,,KEREM BAKİ,ANIL HAMİT SAYAR,BURAK AKTAŞ,,SERDAR KARAGÜÇ,YUSUF NADAS,GÜL DENİZ ASİLDAĞ,HÜSEYİN MURAT EKİM,TED Üniversitesi Prof. Dr. Rüştü Yüce S.S.
17.03.2018,16:00,BGL224,Final Grubu,DARÜŞŞAFAKA BASKETBOL,79 - 56,MURATBEY UŞAK SPORTİF,FİNAL GRUBU,İSTANBUL,Darüşşafaka Ayhan Şahenk Spor Salonu | ,,KAAN BÜYÜKÇİL,BATUHAN SÖYLEMEZOĞLU,ALPEREN BAŞER,,MERVE SERDAR,ERMAN YÜCEL,SEDA İŞLER,GÜLTEKİN KABAŞ,Darüşşafaka Ayhan Şahenk Spor Salonu
18.03.2018,15:00,BGL226,Final Grubu,BANVİT,75 - 60,GELİŞİM KOLEJİ,FİNAL GRUBU,BALIKESİR,Banvit Kara Ali Acar Spor Salonu | ,,MEHMET ŞAHİN,SELENA GAMZE ÖGET ÇERÇİ,FURKAN KESERATAR,,NESLİHAN ÇOBAN,ERCAN ÇAVUŞOĞLU,EYLEM KAYA,,Banvit Kara Ali Acar Spor Salonu
18.03.2018,17:30,BGL227,Final Grubu,PINAR KARŞIYAKA,85 - 80,TED ANKARA KOLEJLİLER,FİNAL GRUBU,İZMİR,Karşıyaka Selçuk Yaşar Tesisleri | ,,ERŞAN KARTAL,MESUT ÖZTÜRK,BURAK ERKAN,,ELÇİN ÇAĞATAY,ÖMER DURSUN,BURÇİN DURAN,KEMAL AYPARS,Karşıyaka Selçuk Yaşar Tesisleri
19.03.2018,13:00,BGL225,Final Grubu,TOFAŞ,91 - 73,GALATASARAY,FİNAL GRUBU,BURSA,Bursa Atatürk Spor Salonu | ,,ALİ SERKAN EMLEK,SERAY AK,GÜNEY BİRLİK,,,,,,Bursa Atatürk Spor Salonu
19.03.2018,17:30,BGL223,Final Grubu,ANADOLU EFES,105 - 61,BAHÇEŞEHİR KOLEJİ,FİNAL GRUBU,İSTANBUL,Ahmet Cömert Spor Salonu | ,,YENER YILMAZ,BARAN AVŞAR,SERCAN SİNİRLİOĞLU,,SELEN TALAZER,MERVE SAĞLAM,ESİN MÜEZZİNOĞLU,NİLAY YILMAZ,Ahmet Cömert Spor Salonu
19.03.2018,18:00,BGL228,Final Grubu,FENERBAHÇE DOĞUŞ,71 - 50,İSTANBUL BBSK,FİNAL GRUBU,İSTANBUL,Fenerbahçe Metro Enerji Spor Salonu | ,,SEMİH VURAL,CAN ÜTKÜR,BURAK PEHLİVAN,,AHMET ERKASAP,ESER FIRIL,GÜLŞAH ÇEBİ,BUKET ÖZDEMİR,Fenerbahçe Metro Enerji Spor Salonu
23.03.2018,14:00,BGL232,Final Grubu,TED ANKARA KOLEJLİLER,84 - 94,BANVİT,FİNAL GRUBU,ANKARA,TED Üniversitesi Prof. Dr. Rüştü Yüce S.S. | ,,ALPER ALTUĞ KÖSELERLİ,SEZER BOR,ECEM BOZKURT,,ONUR YEŞİLBAĞ,FATİH ŞEN,GÖKHAN BAŞARAN,FATMA ÇELİK,TED Üniversitesi Prof. Dr. Rüştü Yüce S.S.
24.03.2018,14:30,BGL230,Final Grubu,GALATASARAY,68 - 94,DARÜŞŞAFAKA BASKETBOL,FİNAL GRUBU,İSTANBUL,Ahmet Cömert Spor Salonu | ,,OSMAN SİNAN İŞGÜDER,UĞUR AKYILDIZ,ÖMER KALAYDIN,,SELEN TALAZER,CEYDA KAPKAÇ,ESİN MÜEZZİNOĞLU,MURAT SEVGİL,Ahmet Cömert Spor Salonu
25.03.2018,13:00,BGL233,Final Grubu,İSTANBUL BBSK,80 - 95,PINAR KARŞIYAKA,FİNAL GRUBU,İSTANBUL,Cebeci Spor Salonu | ,,KEREM BAKİ,BURAK AKTAŞ,ERDOĞAN ÇELEBİ,,EMRAH RİFAİ,KEREM SIRMAGİL,DİNÇER ADİLLER,YÜKSEL NAZLIGÜL,Cebeci Spor Salonu
25.03.2018,14:00,BGL234,Final Grubu,GELİŞİM KOLEJİ,73 - 63,FENERBAHÇE DOĞUŞ,FİNAL GRUBU,İZMİR,Gelişim Koleji S.S. | ,,ÖZGE ŞENTÜRK BAYRAKTAR,MESUT ÖZTÜRK,HASAN KAMİL TAKINYALIOĞLU,,GİZEM ÖZAYDIN,BURÇİN DURAN,MELİS SERBEST,SEVERCAN GÜVEN,Gelişim Koleji S.S.
25.03.2018,15:00,BGL231,Final Grubu,BAHÇEŞEHİR KOLEJİ,76 - 92,TOFAŞ,FİNAL GRUBU,İSTANBUL,Caferağa Spor Salonu | ,,ALİ ŞAKACI,RECEP GÜRKAN ÖZKAN,ANIL HAMİT SAYAR,,ALTAN CANDAN,BİRGÜL KALE,GİZEM OFLUOĞLU KARAARSLAN,MUSTAFA GÖKMEN DEMİRAY,Caferağa Spor Salonu
25.03.2018,17:00,BGL229,Final Grubu,MURATBEY UŞAK SPORTİF,81 - 83,ANADOLU EFES,FİNAL GRUBU,UŞAK,ATATÜRK Spor Salonu | ,,AHMET ERSAN ERGÜLER,BERKİ PEKER,AHMET TAYLAN ÖZTÜRK,,NADİRE SEDA YILMAZ,İLYAS YILMAZ,ALİCAN KAYA,HALİME SEMA DÜMEN,ATATÜRK Spor Salonu
15.04.2018,13:00,BGL237,Final Grubu,TOFAŞ,85 - 82,BANVİT,FİNAL GRUBU,BURSA,Bursa Atatürk Spor Salonu | ,,OSMAN SİNAN İŞGÜDER,BARAN AVŞAR,UĞUR AKYILDIZ,,ESRA AL,NİDA ECE TÜZÜK,TARIK KEMAL ÜNLÜ,,Bursa Atatürk Spor Salonu
16.04.2018,13:00,BGL238,Final Grubu,İSTANBUL BBSK,89 - 55,MURATBEY UŞAK SPORTİF,FİNAL GRUBU,İSTANBUL,Cebeci Spor Salonu | ,,SERHAT BÜKER,GÖRKEM SÜZEN,SELENA GAMZE ÖGET ÇERÇİ,,,KEREM SIRMAGİL,HİLMİ CANKUT AYNAR,ŞAZİYE SİMSAR YAKIN,Cebeci Spor Salonu
16.04.2018,14:00,BGL239,Final Grubu,GELİŞİM KOLEJİ,68 - 58,BAHÇEŞEHİR KOLEJİ,FİNAL GRUBU,İZMİR,Gelişim Koleji S.S. | ,,AHMET ERSAN ERGÜLER,CAN ÜTKÜR,ERDOĞAN ÇELEBİ,,SİNEM YENİ,FATMA DÖNMEZ,ONUR BURAK,EBRU DIVRAK,Gelişim Koleji S.S.
16.04.2018,16:00,BGL240,Final Grubu,TED ANKARA KOLEJLİLER,100 - 98,GALATASARAY,FİNAL GRUBU,ANKARA,TED Üniversitesi Prof. Dr. Rüştü Yüce S.S. | ,,MEHMET ŞAHİN,ANIL HAMİT SAYAR,BURAK AKTAŞ,,GÜL DENİZ ASİLDAĞ,RESUL GEÇER,SERDAR KARAGÜÇ,ANIL ENDER DURGUN,TED Üniversitesi Prof. Dr. Rüştü Yüce S.S.
16.04.2018,17:00,BGL236,Final Grubu,DARÜŞŞAFAKA BASKETBOL,78 - 48,PINAR KARŞIYAKA,FİNAL GRUBU,İSTANBUL,Darüşşafaka Ayhan Şahenk Spor Salonu | ,,MEHMET OZAN ÇAKAR,BURAK PEHLİVAN,ALPEREN BAŞER,,AYŞE SERVER SEZER,ALPER LAÇİNKAYA,ERMAN YÜCEL,ALPKAN HACIYAKUPOĞLU,Darüşşafaka Ayhan Şahenk Spor Salonu
16.04.2018,19:30,BGL235,Final Grubu,ANADOLU EFES,91 - 70,FENERBAHÇE DOĞUŞ,FİNAL GRUBU,İSTANBUL,Ahmet Cömert Spor Salonu | ,,ZAFER YILMAZ,MESUT ÖZTÜRK,FURKAN KESERATAR,,SELEN TALAZER,CEYDA KAPKAÇ,ESİN MÜEZZİNOĞLU,GÜLİZ KONCA ADİLLER,Ahmet Cömert Spor Salonu
21.04.2018,14:00,BGL246,Final Grubu,GALATASARAY,62 - 63,İSTANBUL BBSK,FİNAL GRUBU,İSTANBUL,Ahmet Cömert Spor Salonu | ,,AHMET TATLICI,BARAN AVŞAR,ECEM BOZKURT,,SEMRA AKDUMAN,YUSUF YELESDAĞ,ŞERMİN NAZLIGÜL,AYŞE SERVER SEZER,Ahmet Cömert Spor Salonu
22.04.2018,14:00,BGL245,Final Grubu,BAHÇEŞEHİR KOLEJİ,49 - 76,TED ANKARA KOLEJLİLER,FİNAL GRUBU,İSTANBUL,Caferağa Spor Salonu | ,,SEMİH VURAL,BURAK PEHLİVAN,HASAN KAMİL TAKINYALIOĞLU,,BİRGÜL KALE,GÜLŞAH ÇEBİ,SEÇİL SILA KORALP,SEDA İŞLER,Caferağa Spor Salonu
22.04.2018,15:00,BGL244,Final Grubu,MURATBEY UŞAK SPORTİF,74 - 40,GELİŞİM KOLEJİ,FİNAL GRUBU,UŞAK,ATATÜRK Spor Salonu | ,,HALİL BALDEMİR,ALPEREN BAŞER,SELENA GAMZE ÖGET ÇERÇİ,,DENİZ DEMİREL,KAZIM KAĞAN ŞENTÜRK,ALİCAN KAYA,HALİME SEMA DÜMEN,ATATÜRK Spor Salonu
22.04.2018,15:30,BGL243,Final Grubu,FENERBAHÇE DOĞUŞ,73 - 64,TOFAŞ,FİNAL GRUBU,İSTANBUL,Fenerbahçe Metro Enerji Spor Salonu | ,,HALİT CAN CİHAN,BATUHAN SÖYLEMEZOĞLU,RECEP GÜRKAN ÖZKAN,,BEGÜM SAVAŞ,EBRU ULUDOĞAN,GÖZDE BEGÜM AKÜZÜM,ESER FIRIL,Fenerbahçe Metro Enerji Spor Salonu
22.04.2018,17:30,BGL241,Final Grubu,PINAR KARŞIYAKA,88 - 91,ANADOLU EFES,FİNAL GRUBU,İZMİR,Karşıyaka Selçuk Yaşar Tesisleri | ,,ALPER ÖZGÖK,MESUT ÖZTÜRK,BURAK ERKAN,,ANIL DOĞAN,İLAYDA DİNÇEL,MELİS SERBEST,MURAT GEDİK,Karşıyaka Selçuk Yaşar Tesisleri
23.04.2018,16:00,BGL242,Final Grubu,BANVİT,95 - 85,DARÜŞŞAFAKA BASKETBOL,FİNAL GRUBU,BALIKESİR,Banvit Kara Ali Acar Spor Salonu | ,,AYTUĞ EKTİ,SERAY AK,BERKİ PEKER,,ECE ONUR,KAHRAMAN BEKDEMİR,ÇAĞLA USLUCA,,Banvit Kara Ali Acar Spor Salonu
25.04.2018,14:00,BGL252,Final Grubu,GELİŞİM KOLEJİ,89 - 68,GALATASARAY,FİNAL GRUBU,İZMİR,Gelişim Koleji S.S. | ,,AHMET ERSAN ERGÜLER,ABDURRAHMAN AYDOĞDU,BURAK AKTAŞ,,CEREN BARAN,SİNEM BİRTÜRK,FATMA DÖNMEZ,MURAT GEDİK,Gelişim Koleji S.S.
25.04.2018,16:00,BGL250,Final Grubu,TED ANKARA KOLEJLİLER,77 - 54,MURATBEY UŞAK SPORTİF,FİNAL GRUBU,ANKARA,TED Üniversitesi Prof. Dr. Rüştü Yüce S.S. | ,,ALPER ALTUĞ KÖSELERLİ,MESUT ÖZTÜRK,BARIŞ ÖZTÜRK,,EZGİ HAN,VEYSEL SİNAN TUNCER,GÖKHAN BAŞARAN,FATMA DENİZ SÖNMEZ,TED Üniversitesi Prof. Dr. Rüştü Yüce S.S.
25.04.2018,16:00,BGL251,Final Grubu,İSTANBUL BBSK,66 - 48,BAHÇEŞEHİR KOLEJİ,FİNAL GRUBU,İSTANBUL,Cebeci Spor Salonu | ,,ALİ SERKAN EMLEK,UĞUR AKYILDIZ,BURAK ERKAN,,GÜLİZ KONCA ADİLLER,MERVE SAĞLAM,,HİLMİ CANKUT AYNAR,Cebeci Spor Salonu
26.04.2018,18:00,BGL247,Final Grubu,BANVİT,72 - 66,ANADOLU EFES,FİNAL GRUBU,BALIKESİR,Banvit Kara Ali Acar Spor Salonu | ,,ZAFER YILMAZ,GÖRKEM SÜZEN,ERDOĞAN ÇELEBİ,,MUSA ÇALIŞKAN,MERT TELLİBAYRAKTAR,HAKAN KÜLAHLI,,Banvit Kara Ali Acar Spor Salonu
26.04.2018,18:00,BGL248,Final Grubu,DARÜŞŞAFAKA BASKETBOL,76 - 60,FENERBAHÇE DOĞUŞ,FİNAL GRUBU,İSTANBUL,Darüşşafaka Ayhan Şahenk Spor Salonu | ,,MEHMET KESERATAR,BARAN AVŞAR,ÖMER KALAYDIN,,AYŞE SERVER SEZER,KEREM SIRMAGİL,ERMAN YÜCEL,ALPKAN HACIYAKUPOĞLU,Darüşşafaka Ayhan Şahenk Spor Salonu
26.04.2018,18:00,BGL249,Final Grubu,TOFAŞ,75 - 72,PINAR KARŞIYAKA,FİNAL GRUBU,BURSA,Bursa Atatürk Spor Salonu | ,,MEHMET KARABİLECEN,CAN ÜTKÜR,AHMET TAYLAN ÖZTÜRK,,BERNA EKBİÇ,EMEL ÖZTÜRK,TARIK KEMAL ÜNLÜ,,Bursa Atatürk Spor Salonu
1.05.2018,13:00,BGL253,Playoff Çeyrek Final,TED ANKARA KOLEJLİLER,66 - 71,ANADOLU EFES,Playoff Çeyrek Final,ANKARA,Ankara Spor Salonu | ,,ÖZLEM YALMAN,SERAY AK,AHMET TAYLAN ÖZTÜRK,,ARZU ÖKSÜZ,VEYSEL SİNAN TUNCER,GÖKHAN BAŞARAN,ALİ MURAT SUNGUR,Ankara Spor Salonu
1.05.2018,13:00,BGL254,Playoff Çeyrek Final,TOFAŞ,75 - 101,BANVİT,Playoff Çeyrek Final,BURSA,Bursa Atatürk Spor Salonu | ,,EMİN MOĞULKOÇ,ÖMER KALAYDIN,FURKAN KESERATAR,,BERNA EKBİÇ,NİDA ECE TÜZÜK,FATİH DURGUT,,Bursa Atatürk Spor Salonu
1.05.2018,14:00,BGL255,Playoff Çeyrek Final,GELİŞİM KOLEJİ,62 - 81,DARÜŞŞAFAKA BASKETBOL,Playoff Çeyrek Final,İZMİR,Gelişim Koleji S.S. | ,,AHMET ERSAN ERGÜLER,BATUHAN SÖYLEMEZOĞLU,ANIL HAMİT SAYAR,,BERRİN TURAN,İRFAN TEMELLİ,ELÇİN ÇAĞATAY,HÜSNİYE ÇOBAN,Gelişim Koleji S.S.
1.05.2018,16:00,BGL256,Playoff Çeyrek Final,FENERBAHÇE DOĞUŞ,73 - 66,PINAR KARŞIYAKA,Playoff Çeyrek Final,İSTANBUL,Fenerbahçe Metro Enerji Spor Salonu | ,,YENER YILMAZ,ERDOĞAN ÇELEBİ,ALPEREN BAŞER,,ESER FIRIL,SEDA İŞLER,ECE DİKMENLİ,GÜLTEKİN KABAŞ,Fenerbahçe Metro Enerji Spor Salonu
5.05.2018,16:00,BGL257,Playoff Çeyrek Final,DARÜŞŞAFAKA BASKETBOL,82 - 56,GELİŞİM KOLEJİ,Playoff Çeyrek Final,İSTANBUL,Darüşşafaka Ayhan Şahenk Spor Salonu | ,,MEHMET OZAN ÇAKAR,HASAN KAMİL TAKINYALIOĞLU,BARIŞ ÖZTÜRK,,EROL TAHTAKESEN,ERMAN YÜCEL,HİLMİ CANKUT AYNAR,SELCAN TUĞÇE ALKAYA,Darüşşafaka Ayhan Şahenk Spor Salonu
5.05.2018,17:30,BGL258,Playoff Çeyrek Final,PINAR KARŞIYAKA,53 - 56,FENERBAHÇE DOĞUŞ,Playoff Çeyrek Final,İZMİR,Karşıyaka Selçuk Yaşar Tesisleri | ,,ERŞAN KARTAL,MESUT ÖZTÜRK,BURAK PEHLİVAN,,DİLEK GEDİK HANGÜL,ZEYNEP GÖRÜMLÜ,SEVERCAN GÜVEN,EBRU DIVRAK,Karşıyaka Selçuk Yaşar Tesisleri
6.05.2018,14:00,BGL259,Playoff Çeyrek Final,BANVİT,78 - 81,TOFAŞ,Playoff Çeyrek Final,BALIKESİR,Banvit Kara Ali Acar Spor Salonu | ,,ALİ SERKAN EMLEK,BARAN AVŞAR,UĞUR AKYILDIZ,,NESLİHAN ÇOBAN,MUSA ÇALIŞKAN,EYLEM KAYA,,Banvit Kara Ali Acar Spor Salonu
6.05.2018,19:30,BGL260,Playoff Çeyrek Final,ANADOLU EFES,91 - 92,TED ANKARA KOLEJLİLER,Playoff Çeyrek Final,İSTANBUL,Ahmet Cömert Spor Salonu | ,,SEHER AYŞE NUR YAZICIOĞLU,CAN ÜTKÜR,BURAK AKTAŞ,,GÖZDE TUNA YILDIZ,ZAFER RİFAİ,OSMAN AŞIK,NİLAY YILMAZ,Ahmet Cömert Spor Salonu
11.05.2018,18:00,BGL261,Yarı Final,DARÜŞŞAFAKA BASKETBOL,99 - 70,BANVİT,Dörtlü Final,İSTANBUL,Sinan Erdem Spor Salonu | ,,FATİH ARSLANOĞLU,AHMET TATLICI,BURAK PEHLİVAN,,SELEN TALAZER,ZAFER RİFAİ,SEMRA AKDUMAN,ALPER LAÇİNKAYA,Sinan Erdem Spor Salonu
11.05.2018,20:30,BGL262,Yarı Final,ANADOLU EFES,86 - 68,FENERBAHÇE DOĞUŞ,Dörtlü Final,İSTANBUL,Sinan Erdem Spor Salonu | ,,OSMAN SİNAN İŞGÜDER,MEHMET OZAN ÇAKAR,MESUT ÖZTÜRK,,BEKİR SEVİMLİ,ALPER LAÇİNKAYA,ERMAN YÜCEL,HİLMİ CANKUT AYNAR,Sinan Erdem Spor Salonu
12.05.2018,14:00,BGL263,Klasman Maçları,BANVİT,81 - 82,FENERBAHÇE DOĞUŞ,Dörtlü Final,İSTANBUL,Sinan Erdem Spor Salonu | ,,FATİH ARSLANOĞLU,MEHMET OZAN ÇAKAR,BURAK PEHLİVAN,,BİROL ŞİMŞEK,YÜKSEL NAZLIGÜL,ESİN MÜEZZİNOĞLU,SEÇİL SILA KORALP,Sinan Erdem Spor Salonu
12.05.2018,16:30,BGL264,Final,DARÜŞŞAFAKA BASKETBOL,71 - 81,ANADOLU EFES,Dörtlü Final,İSTANBUL,Sinan Erdem Spor Salonu | ,,OSMAN SİNAN İŞGÜDER,AHMET TATLICI,MESUT ÖZTÜRK,,GÜL URASLI,KEREM SIRMAGİL,MİHRİBAN İBEK,MELDA ÇAKIRCA,Sinan Erdem Spor Salonu
