Tarih,Saat,Maç No,Hafta,A Takım,Sonuç,B Takım,Grubu,Şehir,Salon,TV,Baş Hakem,1. Yrd. Hakem,2. Yrd. Hakem,Temsilci,1. Masa G.,2. Masa G.,3. Masa G.,4. Masa G.,Salon.1
10.12.2021,15:00,BGLK80,01. Hafta,BEŞİKTAŞ JK,40 - 55,İSTANBUL ÜNİVERSİTESİ,A,İSTANBUL,Akatlar Spor ve Kültür Kompleksi | ,,ÇAĞLAR ÖZKAN,CANER BAHADIR,BURAK PEHLİVAN,ENES HİKMET ERMANER,AYBERK PARALI,YÜKSEL NAZLIGÜL,NEŞE KIRAN,HİLMİ CANKUT AYNAR,Akatlar Spor ve Kültür Kompleksi
10.12.2021,16:30,BGLK79,01. Hafta,HATAYSPOR,77 - 49,KEPEZ BELEDİYESİ ANTALYA 07 BASKETBOL,A,HATAY,Antakya Spor Salonu | ,,HALDUN ÇOBAN,SALİH OCAKOĞLU,ABDURRAHMAN İNAL,MELEK BANU MURSAL,ZELİHA ADİS,ÇAĞLA ÇAY,DÖNE KARA,YÜSRA BAKIRCI,Antakya Spor Salonu
10.12.2021,18:00,BGLK82,01. Hafta,GALATASARAY,55 - 66,İSTANBUL BASKETBOL FENERİ,B,İSTANBUL,Küçükçekmece Halkalı Spor Salonu | ,,MUHAMMED MURAT ZAFER,SÜLEYMAN EREN PEKDOĞAN,BURAK ERKAN,TUĞBA EŞKİL,NİLAY YILMAZ,ERMAN YÜCEL,FARUK RAMOĞLU,TUĞÇE KAYA,Küçükçekmece Halkalı Spor Salonu
11.12.2021,15:00,BGLK77,01. Hafta,İSTANBUL YILDIZLARI,39 - 67,BOTAŞ,A,İSTANBUL,Maltepe Müzahir Sille Spor Salonu | ,,BENHÜR İRCEL,GÖKHAN EĞLENOĞLU,MAHSUN ALANKO,ALİGÜRHAN UZUNAY,BEGÜM SAVAŞ,DEMET ULUCUTSOY,SİNAN ERSOY,ECE DİKMENLİ,Maltepe Müzahir Sille Spor Salonu
12.12.2021,13:00,BGLK81,01. Hafta,TİMUR ARSLAN KOLEJİ,39 - 69,ÇANKAYA ÜNİVERSİTESİ,B,İZMİR,12 Eylül Spor Salonu | ,,MUSTAFA CANDEMİR TABAK,NUR AKÇA,OKAN MUHAMMET ANLATICI,DOĞAN HEPGÜVENDİK,BETÜL AKDOĞAN,İLAYDA DİNÇEL,OSMAN ARKIN BARUTCU,SİNEM YENİ,12 Eylül Spor Salonu
12.12.2021,15:30,BGLK84,01. Hafta,BELLONA KAYSERİ BASKETBOL,71 - 47,ÇBK MERSİN YENİŞEHİR BELEDİYESİ,B,KAYSERİ,Kadir Has Kongre Merkezi Spor Salonu | ,,YARKIN KESKİN,HASAN MESUT DEMİR,AHMET MALİK ŞAN,ABDULLAH ÖZSUVEREN,MELİKE ÜLKÜ,YÜCEL KARAFİL,FATMA AŞILI,,Kadir Has Kongre Merkezi Spor Salonu
13.12.2021,14:00,BGLK83,01. Hafta,NESİBE AYDIN,45 - 80,EMLAK KONUT,B,ANKARA,TOBB ETÜ Spor Salonu  | ,,NİYAZİ YASİN KAHRAMAN,OSMAN CAN GÜNDOĞDU,BERK YÜCEL,OZAN ÜSTÜN,ALPER KESEN,NİHAN ÜNSAL,MURATCAN KOLÇAK,SİMAY ÇAKMAK,TOBB ETÜ Spor Salonu
13.12.2021,15:00,BGLK78,01. Hafta,FENERBAHÇE,75 - 53,DÜZCE ATLETİK,A,İSTANBUL,Fenerbahçe Metro Enerji Spor Salonu | ,,AYDIN KARAÇAM,MURAT GENÇ,ENES DURAN,ERSİN ÇELİK,EDA ELFİDAN,EBRU ULUDOĞAN,FATMA GÖK,ESER FIRIL,Fenerbahçe Metro Enerji Spor Salonu
17.12.2021,14:00,BGLK90,02. Hafta,TİMUR ARSLAN KOLEJİ,46 - 56,NESİBE AYDIN,B,İZMİR,Buca Akıncılar Serdar Yereli Spor Salonu | ,,CEMİL UYGÜL,MURAT AMAÇ,ATAKAN KOLCU,ELA ONAT,SENEM ARIN KOCATÜRK,DENİZ TAN,DİLEK DOĞAN KARACA,ŞAHİN ŞANLI,Buca Akıncılar Serdar Yereli Spor Salonu
18.12.2021,15:00,BGLK86,02. Hafta,İSTANBUL YILDIZLARI,70 - 50,KEPEZ BELEDİYESİ ANTALYA 07 BASKETBOL,A,İSTANBUL,Maltepe Müzahir Sille Spor Salonu | ,,MÜNEVVER ÖZEMRE,AHMET TAYLAN ÖZTÜRK,MUSTAFA ÇELTİKER,BURAK DEMİR,DEMET ULUCUTSOY,YEŞİM ÖZCAN ÖZTÜRK,EBRU ULUDOĞAN,EDA ELFİDAN,Maltepe Müzahir Sille Spor Salonu
18.12.2021,19:30,BGLK87,02. Hafta,İSTANBUL ÜNİVERSİTESİ,33 - 63,FENERBAHÇE,A,İSTANBUL,Şehit Mustafa Özel Spor Kompleksi | ,,HANDE ÖZTÜRK,TARIK ARAZ,OSMAN YETİŞKİN,TUĞBA YURTSEVEN,VİLDAN ÇAKAL,LAL DENİZ ÇELİKER,TUĞÇE KAYA,CEYDA KAPKAÇ,Şehit Mustafa Özel Spor Kompleksi
19.12.2021,13:00,BGLK91,02. Hafta,ÇBK MERSİN YENİŞEHİR BELEDİYESİ,54 - 69,GALATASARAY,B,MERSİN,Servet Tazegül Spor Salonu | ,,YİĞİT EMRE ŞİMŞEK,HİKMET FEN,ABDURRAHMAN İNAL,YALÇIN DEDE,AYŞE AR,SİNEM DENİZ,ZEKİYE EZER,LEVENT YORULMAZ,Servet Tazegül Spor Salonu
19.12.2021,15:30,BGLK85,02. Hafta,BOTAŞ,76 - 39,DÜZCE ATLETİK,A,ANKARA,Ankara DSİ Spor Salonu | ,,SERDAR SARAÇ,UMUT MEMİŞ,KÜBRA KENDİRLİ,FİLİZ ÖGET,EMRULLAH ŞİMŞEK,NİHAN ÜNSAL,SEDA KIDIK,ALİ MURAT SUNGUR,Ankara DSİ Spor Salonu
19.12.2021,18:00,BGLK88,02. Hafta,HATAYSPOR,61 - 58,BEŞİKTAŞ JK,A,HATAY,Antakya Spor Salonu | ,,ANIL VEZİROĞLU,HÜSEYİN EMRE EROL,GÜNDOĞAN ALİ BALABAN,MELEK BANU MURSAL,RECEP CEVDET ÖZSOY,MÜFİT ARSLAN,KADİR HANİFİ YILMAZ,YÜSRA BAKIRCI,Antakya Spor Salonu
20.12.2021,13:00,BGLK92,02. Hafta,EMLAK KONUT,70 - 40,BELLONA KAYSERİ BASKETBOL,B,İSTANBUL,Başakşehir Spor Kompleksi | ,,NAZLI ÇİSİL GÜNGÖR,MUSTAFA TOPALOĞLU,ASLI KOÇAK,EMİN FAZIL KESERATAR,MURAT SEVGİL,MERVE SAĞLAM,MERT İĞDELİ,BİROL ŞİMŞEK,Başakşehir Spor Kompleksi
20.12.2021,14:30,BGLK89,02. Hafta,ÇANKAYA ÜNİVERSİTESİ,67 - 39,İSTANBUL BASKETBOL FENERİ,B,ANKARA,Çankaya Üniversitesi Olimpik Spor Salonu | ,,DOĞU BERK İNNAL,MEHMET BARUT,SÜLEYMAN TEPE,MUSTAFA KOCAEREN,EZGİ KILIÇ,VEYSEL SİNAN TUNCER,MERT YILMAZ,FATMA ÇELİK,Çankaya Üniversitesi Olimpik Spor Salonu
25.12.2021,18:00,BGLK98,03. Hafta,İSTANBUL BASKETBOL FENERİ,61 - 40,ÇBK MERSİN YENİŞEHİR BELEDİYESİ,B,İSTANBUL,İTO Yakacık Spor Salonu | ,,MUHAMMED MURAT ZAFER,CAN YANAR,GÖNENÇ ÇETİN,ENES HİKMET ERMANER,ARZU KÖRKEN,DEMET ULUCUTSOY,MURAT SONER DURADEMİR,GÜLTEKİN KABAŞ,İTO Yakacık Spor Salonu
26.12.2021,14:30,BGLK99,03. Hafta,BELLONA KAYSERİ BASKETBOL,79 - 48,TİMUR ARSLAN KOLEJİ,B,KAYSERİ,Kadir Has Kongre Merkezi Spor Salonu | ,,SERDAR SARAÇ,DEYER AKÇAY,ERSEL BÜYÜKKARA,ABDULLAH ÖZSUVEREN,MELİKE DENİZ BAYRAM,BÜŞRA ALAN,MUSTAFA FURKAN KARADELİ,CELAL AKSOY,Kadir Has Kongre Merkezi Spor Salonu
26.12.2021,15:00,BGLK94,03. Hafta,DÜZCE ATLETİK,84 - 66,İSTANBUL ÜNİVERSİTESİ,A,DÜZCE,Kalıcı Konutlar Merkez Spor Salonu | ,,NİYAZİ YASİN KAHRAMAN,MUSTAFA BAŞTÜRK,RIDVAN CÖMERT,BÜLENT TANESEN,ONUR OROÇ,EMRE ARSLAN,GÜLNİHAL ERDEM,EYÜP ESEN,Kalıcı Konutlar Merkez Spor Salonu
26.12.2021,16:00,BGLK95,03. Hafta,BEŞİKTAŞ JK,64 - 57,İSTANBUL YILDIZLARI,A,İSTANBUL,Süleyman Seba S.Salonu | ,,SEDA ESEN,HALUK YAKIN,GÖZDE KAFADAR,BATUHAN KARABİBER,BURAK BÜKER,YÜKSEL NAZLIGÜL,NEŞE KIRAN,ŞERMİN NAZLIGÜL,Süleyman Seba S.Salonu
26.12.2021,16:00,BGLK97,03. Hafta,NESİBE AYDIN,53 - 79,ÇANKAYA ÜNİVERSİTESİ,B,ANKARA,TOBB ETÜ Spor Salonu  | ,,SİBEL KOÇ,DERYA ÇELİK,SAFA HALİT ÇAKIR,OZAN ÜSTÜN,SENA NUR ÖKSÜZ,SİNA KÜÇÜKDİLEK,MERT YILMAZ,MUSA SAFA SARI,TOBB ETÜ Spor Salonu
26.12.2021,19:00,BGLK100,03. Hafta,GALATASARAY,57 - 63,EMLAK KONUT,B,İSTANBUL,Şehit Mustafa Özel Spor Kompleksi | ,,UĞUR AKYILDIZ,RECEP GÜRKAN ÖZKAN,ALPEREN BAŞER,ERSİN ÇELİK,TUTKU MELİS AYGÜN,KEREM SIRMAGİL,FARUK RAMOĞLU,YUSUF YELESDAĞ,Şehit Mustafa Özel Spor Kompleksi
27.12.2021,13:00,BGLK96,03. Hafta,FENERBAHÇE,79 - 56,HATAYSPOR,A,İSTANBUL,Fenerbahçe Metro Enerji Spor Salonu | ,,GÖKSUN ÖZ,NURİ DİLMEN,OZAN GÜNDÜZ,HURŞİT CEM AKAN,EDA ELFİDAN,ESER FIRIL,SERCAN DEMİRÖREN,GÜLTEKİN KABAŞ,Fenerbahçe Metro Enerji Spor Salonu
27.12.2021,14:00,BGLK93,03. Hafta,KEPEZ BELEDİYESİ ANTALYA 07 BASKETBOL,35 - 77,BOTAŞ,A,ANTALYA,Kepez Turgut Özal Spor Salonu | ,,TOLGA AKKUŞOĞLU,AYGÜN AKGÜL,ERKMEN KAYA,MERT ELMA,SEDA DİKER,BURHAN ÇİÇEK,ELİF KÜBRA TÜRKCAN,NİLÜFER GÖK AKDAĞ,Kepez Turgut Özal Spor Salonu
9.01.2022,14:00,BGLK102,04. Hafta,KEPEZ BELEDİYESİ ANTALYA 07 BASKETBOL,37 - 73,BEŞİKTAŞ JK,A,ANTALYA,Kepez Turgut Özal Spor Salonu | ,,YİĞİT EMRE ŞİMŞEK,OKAN MUHAMMET ANLATICI,ÜNAL GÜNDOĞDU,METE BULUT,TANSU BOZOK,MERYEM PEHLİVAN,İLKAY ERDOĞAN,ELAY ARICAN,Kepez Turgut Özal Spor Salonu
9.01.2022,15:00,BGLK103,04. Hafta,HATAYSPOR,87 - 82,DÜZCE ATLETİK,A,HATAY,Hatay Büyükşehir Belediyesi Yaşam Merkezi ve Spor Kompleksi | ,,MEHMET BURAK ANLATICI,ÖZKAN ÇAĞLAYAN,SALİH OCAKOĞLU,MUSTAFA KEMAL ERSÖZ,SEMİRE AKKAN,RECEP CEVDET ÖZSOY,BETÜL ERKAN,MÜFİT ARSLAN,Hatay Büyükşehir Belediyesi Yaşam Merkezi ve Spor Kompleksi
9.01.2022,15:00,BGLK106,04. Hafta,NESİBE AYDIN,63 - 50,BELLONA KAYSERİ BASKETBOL,B,ANKARA,TOBB ETÜ Spor Salonu  | ,,DOĞU BERK İNNAL,GÖKHAN GÜRSOY,ABDURRAHMAN İNAL,BURAK TALHA DOĞAN,ALPER KESEN,FATMA ÇELİK,KAMİL TOSUN,FİKRET MERCAN,TOBB ETÜ Spor Salonu
9.01.2022,15:30,BGLK105,04. Hafta,ÇANKAYA ÜNİVERSİTESİ,81 - 46,ÇBK MERSİN YENİŞEHİR BELEDİYESİ,B,ANKARA,Çankaya Üniversitesi Olimpik Spor Salonu | ,,SERDAR SARAÇ,HASAN MESUT DEMİR,MUHAMMET CAN MERİÇ,MÜBERRA ÖZTÜRK,SÜMEYYE SENEKLİOĞLU,NİHAN ÜNSAL,MEHMET AKİF CUMHURLU,SİNA KÜÇÜKDİLEK,Çankaya Üniversitesi Olimpik Spor Salonu
10.01.2022,18:00,BGLK104,04. Hafta,İSTANBUL YILDIZLARI,59 - 81,FENERBAHÇE,A,İSTANBUL,Fenerbahçe Metro Enerji Spor Salonu | ,,HANDE ÖZTÜRK,SEZER BOR,UĞUR YÜKSEL,BURAK DEMİR,EDA ELFİDAN,ESER FIRIL,İREM KESKİN,EBRU ULUDOĞAN,Fenerbahçe Metro Enerji Spor Salonu
14.02.2022,13:00,BGLK108,04. Hafta,TİMUR ARSLAN KOLEJİ,52 - 60,GALATASARAY,B,İZMİR,Gaziemir Spor Salonu | ,,OZAN GÖNEN,SONER ÖZAYDOĞAN,BARIŞ BURAK DURMUŞ,DOĞAN HEPGÜVENDİK,HURİYE BUDAK,EBRU AYDIN,OKAN ÇETİNBAŞ,MEHMET AKINCI,Gaziemir Spor Salonu
14.02.2022,17:30,BGLK107,04. Hafta,EMLAK KONUT,71 - 35,İSTANBUL BASKETBOL FENERİ,B,İSTANBUL,Başakşehir Spor Kompleksi | ,,ABDULLAH İLİK,SÜLEYMAN EREN PEKDOĞAN,HASAN OK,ERSİN ÇELİK,BARIŞ AKSAKAL,BİROL ŞİMŞEK,SERDAR ERHAN,BİROL ÖZDAL,Başakşehir Spor Kompleksi
15.02.2022,13:00,BGLK101,04. Hafta,BOTAŞ,82 - 39,İSTANBUL ÜNİVERSİTESİ,A,ANKARA,Ankara DSİ Spor Salonu | ,,SİBEL KOÇ,ENES DURAN,YUNUS EMRE ALICI,MUSTAFA KOCAEREN,SEDA KIDIK,SİBEL FAZLIOĞLU,AHMET BUĞRAHAN TÜRKER,ATAKAN EFE DEVECİ,Ankara DSİ Spor Salonu
22.01.2022,13:00,BGLK115,05. Hafta,GALATASARAY,56 - 51,NESİBE AYDIN,B,İSTANBUL,Şehit Mustafa Özel Spor Kompleksi | ,,MUSTAFA CANDEMİR TABAK,MUSTAFA TOPALOĞLU,ÜNAL GÜNDOĞDU,ALİGÜRHAN UZUNAY,TUĞÇE KAYA,EMRAH RİFAİ,FARUK RAMOĞLU,EROL TAHTAKESEN,Şehit Mustafa Özel Spor Kompleksi
22.01.2022,15:30,BGLK111,05. Hafta,FENERBAHÇE,79 - 49,KEPEZ BELEDİYESİ ANTALYA 07 BASKETBOL,A,İSTANBUL,Fenerbahçe Metro Enerji Spor Salonu | ,,SEDA ESEN,CAN YANAR,HASAN KAMİL TAKINYALIOĞLU,ÖMER KESKİN,DUYGU USTAOĞLU,SEÇİL SILA KORALP,ZEHRA AKAN,YEŞİM ÖZCAN ÖZTÜRK,Fenerbahçe Metro Enerji Spor Salonu
23.01.2022,13:00,BGLK112,05. Hafta,DÜZCE ATLETİK,78 - 62,İSTANBUL YILDIZLARI,A,DÜZCE,18 Temmuz Spor Salonu | ,,YARKIN KESKİN,DERYA ÇELİK,GÜNDOĞAN ALİ BALABAN,ÖNDER ŞENEL,ONUR OROÇ,MERT CAN YAZGELDİ,EMRE ARSLAN,İREM GÜNAYDIN,18 Temmuz Spor Salonu
23.01.2022,13:00,BGLK113,05. Hafta,BELLONA KAYSERİ BASKETBOL,52 - 64,ÇANKAYA ÜNİVERSİTESİ,B,KAYSERİ,Kadir Has Kongre Merkezi Spor Salonu | ,,HALDUN ÇOBAN,SALİH OCAKOĞLU,ALİ BARAN TECİRLİ,MURAT DEMİRATAN,ŞULE DOĞAN,MELİKE DENİZ BAYRAM,MURAT BAYKAN,FATİH SAVAŞKAN,Kadir Has Kongre Merkezi Spor Salonu
23.01.2022,16:00,BGLK109,05. Hafta,BEŞİKTAŞ JK,53 - 64,BOTAŞ,A,İSTANBUL,Akatlar Spor ve Kültür Kompleksi | ,,MÜNEVVER ÖZEMRE,METİN SARIOĞLU,FATİH OĞUZHAN,HÜSEYİN OSMAN BÜYÜKGÖKSU,TUNA TAŞ,NEŞE KIRAN,ALPKAN HACIYAKUPOĞLU,LAL DENİZ ÇELİKER,Akatlar Spor ve Kültür Kompleksi
23.01.2022,17:00,BGLK114,05. Hafta,ÇBK MERSİN YENİŞEHİR BELEDİYESİ,44 - 96,EMLAK KONUT,B,MERSİN,Edip Buran Spor Salonu | ,,ANIL VEZİROĞLU,VEYSEL ASLAN,ALİ CAN YILMAZ,YALÇIN DEDE,VİLDAN KÖROĞLU EZER,SELÇUK TEMÜR,RABİA YILDIZ ÖZTÜRK,ŞÜKRÜ SITKI,Edip Buran Spor Salonu
24.01.2022,13:00,BGLK110,05. Hafta,İSTANBUL ÜNİVERSİTESİ,37 - 61,HATAYSPOR,A,İSTANBUL,Şehit Mustafa Özel Spor Kompleksi | ,,SEDA ESEN,METİN EROL,MERİÇ BAYAZIT,UĞUR TÜRKEL,BARIŞ AKSAKAL,CEYDA KAPKAÇ,YEŞİM AKAN,MERT İĞDELİ,Şehit Mustafa Özel Spor Kompleksi
24.01.2022,14:00,BGLK116,05. Hafta,İSTANBUL BASKETBOL FENERİ,79 - 51,TİMUR ARSLAN KOLEJİ,B,İSTANBUL,İTO Yakacık Spor Salonu | ,,YÜCEL ÇİLİNGİR,NİHAT KARA,METİN SARIOĞLU,ENES HİKMET ERMANER,HALİL İBRAHİM ÖZBEK,GÜLTEKİN KABAŞ,MURAT GÜRKAN,TİMUR TOPUZ,İTO Yakacık Spor Salonu
19.02.2022,11:30,BGLK120,06. Hafta,KEPEZ BELEDİYESİ ANTALYA 07 BASKETBOL,55 - 71,DÜZCE ATLETİK,A,ANTALYA,Antalya Spor Salonu | ,,UĞUR AKYILDIZ,GÖZDE KAFADAR,MERT KAYALI,ÖZGÜR NALBANT,KEZİBAN KARTCA,NİLÜFER GÖK AKDAĞ,SEDA AYDIN,İLKAY ERDOĞAN,Antalya Spor Salonu
20.02.2022,14:00,BGLK122,06. Hafta,BELLONA KAYSERİ BASKETBOL,51 - 53,GALATASARAY,B,KAYSERİ,Kadir Has Kongre Merkezi Spor Salonu | ,,SAMET BİNER,ABDURRAHMAN İNAL,DEYER AKÇAY,ABDULLAH ÖZSUVEREN,MELİKE ÜLKÜ,FATMA AŞILI,EDA TAŞ,SEVİM VURAL,Kadir Has Kongre Merkezi Spor Salonu
20.02.2022,15:00,BGLK124,06. Hafta,NESİBE AYDIN,48 - 52,İSTANBUL BASKETBOL FENERİ,B,ANKARA,TOBB ETÜ Spor Salonu  | ,,SİBEL KOÇ,GÖKHAN GÜRSOY,MUHAMMET CAN MERİÇ,MÜBERRA ÖZTÜRK,GÖZDE ÖZBEK,SİBEL FAZLIOĞLU,EZGİ KILIÇ,FATİH DEMİRCİ,TOBB ETÜ Spor Salonu
21.02.2022,12:00,BGLK117,06. Hafta,BOTAŞ,61 - 45,HATAYSPOR,A,ANKARA,Ankara DSİ Spor Salonu | ,,İZEL DENİZ PEHLİVAN ÇAKICI,HÜSEYİN EMRE EROL,RABİHA TANK,NİYAZİ ALİŞAN,HASAN BAŞKURT,FATİH ŞEN,AHMET BUĞRAHAN TÜRKER,MERT YILMAZ,Ankara DSİ Spor Salonu
21.02.2022,13:00,BGLK118,06. Hafta,BEŞİKTAŞ JK,48 - 69,FENERBAHÇE,A,İSTANBUL,Akatlar Spor ve Kültür Kompleksi | ,,ÇAĞLAR ÖZKAN,ÇETİN ARTAN,SAMET ERDOĞAN,TUĞBA EŞKİL,ALTAN CANDAN,MERT İĞDELİ,TUNA TAŞ,ALPKAN HACIYAKUPOĞLU,Akatlar Spor ve Kültür Kompleksi
21.02.2022,13:00,BGLK119,06. Hafta,İSTANBUL YILDIZLARI,68 - 79,İSTANBUL ÜNİVERSİTESİ,A,İSTANBUL,Taha Akgül Spor Salonu | ,,BERK KURTULMUŞ,HAKAN GEREY,OSMAN CAN GÜNDOĞDU,GÖZDE ERSÖZ,HALİL İBRAHİM ÖZBEK,MURAT GÜRKAN,TİMUR TOPUZ,GÜLTEKİN KABAŞ,Taha Akgül Spor Salonu
21.02.2022,14:00,BGLK121,06. Hafta,ÇANKAYA ÜNİVERSİTESİ,67 - 66,EMLAK KONUT,B,ANKARA,Çankaya Üniversitesi Olimpik Spor Salonu | ,,AHMET MURAT ARIKANLI,ALİ CAN YILMAZ,MEHMET BARUT,HASAN GÜNGÖR,EMRULLAH ŞİMŞEK,VEYSEL SİNAN TUNCER,ŞERİFE YILMAZ,ATAKAN EFE DEVECİ,Çankaya Üniversitesi Olimpik Spor Salonu
21.02.2022,14:30,BGLK123,06. Hafta,TİMUR ARSLAN KOLEJİ,57 - 55,ÇBK MERSİN YENİŞEHİR BELEDİYESİ,B,İZMİR,Buca Akıncılar Serdar Yereli Spor Salonu | ,,BURAK DURMUŞ,MERİÇ BAYAZIT,OKAN MUHAMMET ANLATICI,MURAT MISIRLI,ARZU AKINCI,MEHMET AKINCI,ÇAĞATAY KAMER VANLIOĞLU,OSMAN ARKIN BARUTCU,Buca Akıncılar Serdar Yereli Spor Salonu
26.02.2022,13:00,BGLK130,07. Hafta,EMLAK KONUT,81 - 31,TİMUR ARSLAN KOLEJİ,B,İSTANBUL,Şehit Mustafa Özel Spor Kompleksi | ,,SEDA ESEN,BUĞRA ÇAĞATAY SAVAŞ,HÜSEYİN SÖYLEMEZOĞLU,ALİGÜRHAN UZUNAY,MEHMET KAPUCU,ALPER LAÇİNKAYA,EROL TAHTAKESEN,BİROL ÖZDAL,Şehit Mustafa Özel Spor Kompleksi
27.02.2022,13:00,BGLK132,07. Hafta,ÇBK MERSİN YENİŞEHİR BELEDİYESİ,67 - 59,NESİBE AYDIN,B,MERSİN,Edip Buran Spor Salonu | ,,HALDUN ÇOBAN,SÜLEYMAN TEPE,NUSRET BİLALOĞLU,SERKAN SU,MELDA KÖKLÜER,LEVENT YORULMAZ,ZİYA ERTAŞ,ŞÜKRÜ SITKI,Edip Buran Spor Salonu
27.02.2022,14:00,BGLK127,07. Hafta,DÜZCE ATLETİK,74 - 56,BEŞİKTAŞ JK,A,DÜZCE,Kalıcı Konutlar Merkez Spor Salonu | ,,SERDAR SARAÇ,MUSTAFA BAŞTÜRK,RABİHA TANK,ZAFER ÖZGÜN,ONUR OROÇ,EMRE ARSLAN,GÜLNİHAL ERDEM,EYÜP ESEN,Kalıcı Konutlar Merkez Spor Salonu
28.02.2022,13:00,BGLK128,07. Hafta,İSTANBUL ÜNİVERSİTESİ,49 - 48,KEPEZ BELEDİYESİ ANTALYA 07 BASKETBOL,A,İSTANBUL,Şehit Mustafa Özel Spor Kompleksi | ,,GÖKSUN ÖZ,MUSTAFA ÇELTİKER,FATİH OĞUZHAN,TAYFUN AY,DİLEK ELİF ALBAYRAK,CEYDA KAPKAÇ,ESİN MÜEZZİNOĞLU,GÜL URASLI,Şehit Mustafa Özel Spor Kompleksi
28.02.2022,13:00,BGLK126,07. Hafta,HATAYSPOR,90 - 61,İSTANBUL YILDIZLARI,A,HATAY,Antakya Spor Salonu | ,,İSMAİL BİNBİR,ABDURRAHMAN İNAL,AHMET MALİK ŞAN,MUSTAFA KEMAL ERSÖZ,SEMİRE AKKAN,KADİR HANİFİ YILMAZ,NAZİM AKTAŞ,DÖNE KARA,Antakya Spor Salonu
28.02.2022,14:00,BGLK131,07. Hafta,İSTANBUL BASKETBOL FENERİ,37 - 49,BELLONA KAYSERİ BASKETBOL,B,İSTANBUL,İTO Yakacık Spor Salonu | ,,UĞUR AKYILDIZ,NURİ DİLMEN,BARIŞ ÖZTÜRK,ERSİN ÇELİK,FATMA GÖK,GÜLTEKİN KABAŞ,NAZLI TUZCUOĞLU,MURAT GÜRKAN,İTO Yakacık Spor Salonu
28.02.2022,15:30,BGLK129,07. Hafta,GALATASARAY,48 - 64,ÇANKAYA ÜNİVERSİTESİ,B,İSTANBUL,Şehit Mustafa Özel Spor Kompleksi | ,,ÇAĞLAR ÖZKAN,ALİ BARAN TECİRLİ,GÜNEY BİRLİK,HURŞİT CEM AKAN,CEYDA KAPKAÇ,BİROL ŞİMŞEK,DİLEK ELİF ALBAYRAK,ESİN MÜEZZİNOĞLU,Şehit Mustafa Özel Spor Kompleksi
28.02.2022,17:00,BGLK125,07. Hafta,FENERBAHÇE,61 - 75,BOTAŞ,A,İSTANBUL,Fenerbahçe Metro Enerji Spor Salonu | ,,YÜCEL ÇİLİNGİR,OZAN GÜNDÜZ,CELAL GÖRMÜŞ,RAHŞAN ŞEBNEM TÜMER,ZEHRA AKAN,GÜLTEKİN KABAŞ,RIFAT TÜMER,YEŞİM ÖZCAN ÖZTÜRK,Fenerbahçe Metro Enerji Spor Salonu
4.03.2022,12:00,BGLK140,08. Hafta,ÇBK MERSİN YENİŞEHİR BELEDİYESİ,43 - 57,BELLONA KAYSERİ BASKETBOL,B,MERSİN,Edip Buran Spor Salonu | ,,NAZLI ÇİSİL GÜNGÖR,GÜNDOĞAN ALİ BALABAN,HAMZA ÇALIŞKAN,YALÇIN DEDE,NİL KİFAYET GÜRLÜ,CANER SERTEL,BETÜL ÖZCAN,SABAHİTTİN KAZAN,Edip Buran Spor Salonu
5.03.2022,14:00,BGLK138,08. Hafta,İSTANBUL BASKETBOL FENERİ,59 - 60,GALATASARAY,B,İSTANBUL,İTO Yakacık Spor Salonu | ,,ALPER GÖKÇEBEL,CAN YANAR,ASLI KOÇAK,ENES HİKMET ERMANER,BÜŞRA ERKAN,MURAT GÜRKAN,SİNAN ERSOY,RAMAZAN KOÇ,İTO Yakacık Spor Salonu
5.03.2022,17:00,BGLK139,08. Hafta,EMLAK KONUT,75 - 37,NESİBE AYDIN,B,İSTANBUL,Başakşehir Spor Kompleksi | ,,SAMET TEKİN,KÜBRA KENDİRLİ,ALPER CAN BOZYEL,TUĞBA EŞKİL,MURAT SEVGİL,YUSUF YELESDAĞ,AYGÜN SEVGİL,REMZİ KILIÇ,Başakşehir Spor Kompleksi
6.03.2022,13:00,BGLK136,08. Hafta,İSTANBUL ÜNİVERSİTESİ,59 - 58,BEŞİKTAŞ JK,A,İSTANBUL,Şehit Mustafa Özel Spor Kompleksi | ,,HANDE ÖZTÜRK,BUĞRA ÇAĞATAY SAVAŞ,MUHAMMET CAN MERİÇ,ALİGÜRHAN UZUNAY,VİLDAN ÇAKAL,BİROL ÖZDAL,FARUK RAMOĞLU,NİLAY YILMAZ,Şehit Mustafa Özel Spor Kompleksi
6.03.2022,15:00,BGLK133,08. Hafta,BOTAŞ,72 - 55,İSTANBUL YILDIZLARI,A,ANKARA,Ankara DSİ Spor Salonu | ,,DOĞU BERK İNNAL,KAMİL ALOK,SÜLEYMAN TEPE,NİYAZİ ALİŞAN,SENA NUR ÖKSÜZ,ALİ MURAT SUNGUR,SERCAN YILDIRIM,MERT YILMAZ,Ankara DSİ Spor Salonu
7.03.2022,12:00,BGLK135,08. Hafta,KEPEZ BELEDİYESİ ANTALYA 07 BASKETBOL,59 - 75,HATAYSPOR,A,ANTALYA,Kepez Turgut Özal Spor Salonu | ,,NİYAZİ YASİN KAHRAMAN,SERAY AK,ERKMEN KAYA,METE BULUT,İRFAN YAŞAR,BURHAN ÇİÇEK,SEDA DİKER,DEMET KAYA,Kepez Turgut Özal Spor Salonu
7.03.2022,13:00,BGLK137,08. Hafta,ÇANKAYA ÜNİVERSİTESİ,69 - 59,TİMUR ARSLAN KOLEJİ,B,ANKARA,Çankaya Üniversitesi Olimpik Spor Salonu | ,,SİBEL KOÇ,ALİ CAN YILMAZ,ALİ BARAN TECİRLİ,CANSIN BERK KÖSEOĞLU,SENA NUR ÖKSÜZ,FATİH ŞEN,ATAKAN EFE DEVECİ,SİMAY ÇAKMAK,Çankaya Üniversitesi Olimpik Spor Salonu
7.03.2022,15:00,BGLK134,08. Hafta,DÜZCE ATLETİK,54 - 78,FENERBAHÇE,A,DÜZCE,Kalıcı Konutlar Merkez Spor Salonu | ,,YİĞİT EMRE ŞİMŞEK,MUSTAFA ÇELTİKER,DERYA ÇELİK,BÜLENT TANESEN,GÜLNİHAL ERDEM,MERTCAN AKGÜL,METEHAN AKGÜL,EYÜP ESEN,Kalıcı Konutlar Merkez Spor Salonu
11.03.2022,14:00,BGLK146,09. Hafta,NESİBE AYDIN,56 - 55,TİMUR ARSLAN KOLEJİ,B,ANKARA,TOBB ETÜ Spor Salonu  | ,,SERDAR SARAÇ,MUSTAFA SELÇUK,FATİH OĞUZHAN,MÜBERRA ÖZTÜRK,SENA NUR ÖKSÜZ,FATİH ŞEN,MERT YILMAZ,SİBEL FAZLIOĞLU,TOBB ETÜ Spor Salonu
14.03.2022,14:00,BGLK141,09. Hafta,DÜZCE ATLETİK,46 - 74,BOTAŞ,A,DÜZCE,Kalıcı Konutlar Merkez Spor Salonu | ,,ÇAĞLAR ÖZKAN,OSMAN YETİŞKİN,GÜNEY BİRLİK,UĞUR ERHAN DEDEŞAH,GÜLNİHAL ERDEM,UFUK DOĞANAY,EMRE ARSLAN,ANIL ÖZTÜRK,Kalıcı Konutlar Merkez Spor Salonu
14.03.2022,18:00,BGLK143,09. Hafta,FENERBAHÇE,57 - 44,İSTANBUL ÜNİVERSİTESİ,A,İSTANBUL,Fenerbahçe Metro Enerji Spor Salonu | ,,BERK KURTULMUŞ,HALUK YAKIN,ONUR AÇIKYÜZ,AHMET MÜNİR GÖKMEN,DİLAN SARIBULAK,TİMUR TOPUZ,FATMA GÖK,ZEHRA AKAN,Fenerbahçe Metro Enerji Spor Salonu
27.03.2022,14:00,BGLK148,09. Hafta,BELLONA KAYSERİ BASKETBOL,40 - 48,EMLAK KONUT,B,KAYSERİ,Kadir Has Kongre Merkezi Spor Salonu | ,,YARKIN KESKİN,ERSEL BÜYÜKKARA,SÜLEYMAN TEPE,MEHMET ONUR KARACA,NAGİHAN ÖZÇELİK,MELİKE DENİZ BAYRAM,FATMA ÖZÇELİK,YÜCEL KARAFİL,Kadir Has Kongre Merkezi Spor Salonu
15.04.2022,13:30,BGLK145,09. Hafta,İSTANBUL BASKETBOL FENERİ,50 - 47,ÇANKAYA ÜNİVERSİTESİ,B,İSTANBUL,İTO Yakacık Spor Salonu | ,,NAZLI ÇİSİL GÜNGÖR,UMUT MEMİŞ,OSMAN CAN GÜNDOĞDU,UĞUR TÜRKEL,RIFAT TÜMER,GÜLTEKİN KABAŞ,ÇAĞLAR SARIDEDE,FATMA GÖK,İTO Yakacık Spor Salonu
21.04.2022,14:00,BGLK147,09. Hafta,GALATASARAY,76 - 65,ÇBK MERSİN YENİŞEHİR BELEDİYESİ,B,İSTANBUL,Şehit Mustafa Özel Spor Kompleksi | ,,NAZLI ÇİSİL GÜNGÖR,ALMİNA KOCABAŞ,GÜNEY BİRLİK,ADNAN KIVANÇ,DİLEK ELİF ALBAYRAK,CEYDA KAPKAÇ,YEŞİM AKAN,GÜL URASLI,Şehit Mustafa Özel Spor Kompleksi
21.04.2022,14:00,BGLK144,09. Hafta,BEŞİKTAŞ JK,83 - 57,HATAYSPOR,A,İSTANBUL,Akatlar Spor ve Kültür Kompleksi | ,,SEDA ESEN,DERYA ÇELİK,FATİH OĞUZHAN,TAYFUN AY,AYBERK PARALI,OSMAN OKUDAN,HİLMİ CANKUT AYNAR,NEŞE KIRAN,Akatlar Spor ve Kültür Kompleksi
21.04.2022,15:00,BGLK142,09. Hafta,KEPEZ BELEDİYESİ ANTALYA 07 BASKETBOL,45 - 59,İSTANBUL YILDIZLARI,A,ANTALYA,Kepez Turgut Özal Spor Salonu | ,,AHMET KEMAL DİGİLLİ,SONER ÖZAYDOĞAN,ERKMEN KAYA,METE BULUT,FATMA MAFACAN,BURHAN ÇİÇEK,HAMDİ ÇAKIROSMANAKİ,KORAY ASAL,Kepez Turgut Özal Spor Salonu
18.03.2022,13:30,BGLK151,10. Hafta,İSTANBUL YILDIZLARI,69 - 60,BEŞİKTAŞ JK,A,İSTANBUL,Taha Akgül Spor Salonu | ,,UYGAR KURT,BARIŞ ÖZTÜRK,HASAN OK,AHMET MÜNİR GÖKMEN,HALİL İBRAHİM ÖZBEK,MURAT GÜRKAN,OSMAN OKUDAN,TİMUR TOPUZ,Taha Akgül Spor Salonu
19.03.2022,16:00,BGLK153,10. Hafta,ÇANKAYA ÜNİVERSİTESİ,70 - 43,NESİBE AYDIN,B,ANKARA,Çankaya Üniversitesi Olimpik Spor Salonu | ,,UĞUR ÖZEN,ESRA YILDIZ,YUSUF SARPER DAĞLI,BURAK DEDE,SİNA KÜÇÜKDİLEK,FATİH DEMİRCİ,ULVİYE DEMİRÖRS,GÖZDE ÖZBEK,Çankaya Üniversitesi Olimpik Spor Salonu
20.03.2022,12:00,BGLK150,10. Hafta,İSTANBUL ÜNİVERSİTESİ,62 - 72,DÜZCE ATLETİK,A,İSTANBUL,Şehit Mustafa Özel Spor Kompleksi | ,,BENHÜR İRCEL,HÜSEYİN SÖYLEMEZOĞLU,MUHAMMET CAN MERİÇ,FERHAT SUNA,TUĞÇE KAYA,ERMAN YÜCEL,GÜL URASLI,EROL TAHTAKESEN,Şehit Mustafa Özel Spor Kompleksi
20.03.2022,12:30,BGLK152,10. Hafta,HATAYSPOR,45 - 49,FENERBAHÇE,A,HATAY,Antakya Spor Salonu | ,,SAMET BİNER,RABİHA TANK,GÜNDOĞAN ALİ BALABAN,MELEK BANU MURSAL,CUMA KARA,ZELİHA ADİS,SEMİRE AKKAN,MÜFİT ARSLAN,Antakya Spor Salonu
20.03.2022,13:00,BGLK155,10. Hafta,TİMUR ARSLAN KOLEJİ,44 - 61,BELLONA KAYSERİ BASKETBOL,B,İZMİR,Vali Hüseyin Öğütcen Spor Salonu | ,,TURGUT IŞIK,NUR AKÇA,BURAK MERT DEMİRTAŞ,REŞAT ATAY,SİNEM YENİ,HAKAN DÖNMEZ,MUSTAFA MESCİ,HALİL TEPEBAĞ,Vali Hüseyin Öğütcen Spor Salonu
20.03.2022,14:00,BGLK149,10. Hafta,BOTAŞ,87 - 32,KEPEZ BELEDİYESİ ANTALYA 07 BASKETBOL,A,ANKARA,Ankara DSİ Spor Salonu | ,,SİBEL KOÇ,KAMİL ALOK,SÜLEYMAN TEPE,BURAK TALHA DOĞAN,SERCAN YILDIRIM,SİNA KÜÇÜKDİLEK,VOLKAN DARCAN,ALİ MURAT SUNGUR,Ankara DSİ Spor Salonu
20.03.2022,15:00,BGLK156,10. Hafta,EMLAK KONUT,64 - 29,GALATASARAY,B,İSTANBUL,Şehit Mustafa Özel Spor Kompleksi | ,,AYDIN KARAÇAM,SERAY AK,GÜNEY BİRLİK,SERDAR ÇELİK,TUĞÇE KAYA,ERMAN YÜCEL,EROL TAHTAKESEN,GÜL URASLI,Şehit Mustafa Özel Spor Kompleksi
21.03.2022,13:00,BGLK154,10. Hafta,ÇBK MERSİN YENİŞEHİR BELEDİYESİ,44 - 54,İSTANBUL BASKETBOL FENERİ,B,MERSİN,Edip Buran Spor Salonu | ,,HALİL ERKOÇ,HASAN MESUT DEMİR,ALİ CAN YILMAZ,AHMET ÖZKAN,MERVE YAĞMA,ZİYA ERTAŞ,AYŞE AR,ŞÜKRÜ SITKI,Edip Buran Spor Salonu
2.04.2022,14:00,BGLK158,11. Hafta,BEŞİKTAŞ JK,60 - 58,KEPEZ BELEDİYESİ ANTALYA 07 BASKETBOL,A,İSTANBUL,Akatlar Spor ve Kültür Kompleksi | ,,SAMET TEKİN,HÜSEYİN SÖYLEMEZOĞLU,İSMAİL BALPETEK,HÜSEYİN OSMAN BÜYÜKGÖKSU,NEŞE KIRAN,MERT İĞDELİ,ŞERMİN NAZLIGÜL,ZAFER RİFAİ,Akatlar Spor ve Kültür Kompleksi
2.04.2022,14:00,BGLK163,11. Hafta,İSTANBUL BASKETBOL FENERİ,36 - 59,EMLAK KONUT,B,İSTANBUL,İTO Yakacık Spor Salonu | ,,ALPER GÖKÇEBEL,ALPEREN BAŞER,METİN ÜSTER,TUĞBA YURTSEVEN,BÜŞRA ERKAN,ARZU KÖRKEN,TUĞBA DURNAOĞLU,DUYGU USTAOĞLU,İTO Yakacık Spor Salonu
3.04.2022,17:00,BGLK160,11. Hafta,FENERBAHÇE,70 - 47,İSTANBUL YILDIZLARI,A,İSTANBUL,Fenerbahçe Metro Enerji Spor Salonu | ,,ABDULLAH İLİK,ERSEL BÜYÜKKARA,ALİ BARAN TECİRLİ,FERHAT SUNA,FATMA GÖK,DEMET ULUCUTSOY,SİNAN ERSOY,SEHER KAZANÇ,Fenerbahçe Metro Enerji Spor Salonu
4.04.2022,13:00,BGLK161,11. Hafta,ÇBK MERSİN YENİŞEHİR BELEDİYESİ,58 - 71,ÇANKAYA ÜNİVERSİTESİ,B,MERSİN,Servet Tazegül Spor Salonu | ,,GÜRKAN DEMİR,DEYER AKÇAY,MUHAMMED TURP,YALÇIN DEDE,NİL KİFAYET GÜRLÜ,BERK MERT,RAMAZAN ÖZYİĞİT,ZİYA ERTAŞ,Servet Tazegül Spor Salonu
4.04.2022,13:00,BGLK159,11. Hafta,DÜZCE ATLETİK,67 - 60,HATAYSPOR,A,DÜZCE,Kalıcı Konutlar Merkez Spor Salonu | ,,SİBEL KOÇ,ONUR AÇIKYÜZ,OSMAN YETİŞKİN,UĞUR ERHAN DEDEŞAH,ONUR OROÇ,MERTCAN AKGÜL,ANIL ÖZTÜRK,GÖKHAN ŞANLI,Kalıcı Konutlar Merkez Spor Salonu
4.04.2022,13:00,BGLK164,11. Hafta,GALATASARAY,81 - 43,TİMUR ARSLAN KOLEJİ,B,İSTANBUL,Şehit Mustafa Özel Spor Kompleksi | ,,ÇAĞLAR ÖZKAN,MEHMET BOZKURT,ALİ CAN YILMAZ,ADNAN KIVANÇ,CEYDA KAPKAÇ,GÜL URASLI,DİLEK ELİF ALBAYRAK,BİROL ŞİMŞEK,Şehit Mustafa Özel Spor Kompleksi
4.04.2022,15:00,BGLK157,11. Hafta,İSTANBUL ÜNİVERSİTESİ,27 - 60,BOTAŞ,A,İSTANBUL,Şehit Mustafa Özel Spor Kompleksi | ,,BERK KURTULMUŞ,CAN YANAR,GÜNEY BİRLİK,BURAK DEMİR,DİLEK ELİF ALBAYRAK,CEYDA KAPKAÇ,BİROL ŞİMŞEK,GÜL URASLI,Şehit Mustafa Özel Spor Kompleksi
4.04.2022,15:30,BGLK162,11. Hafta,BELLONA KAYSERİ BASKETBOL,72 - 68,NESİBE AYDIN,B,KAYSERİ,Kadir Has Kongre Merkezi Spor Salonu | ,,YİĞİT EMRE ŞİMŞEK,SONER TÜRKER,RABİHA TANK,MEHMET ONUR KARACA,ŞULE DOĞAN,BÜLENT TOSUN,EDA TAŞ,GÖZDE ÇULFACI,Kadir Has Kongre Merkezi Spor Salonu
8.04.2022,13:30,BGLK168,12. Hafta,İSTANBUL YILDIZLARI,61 - 54,DÜZCE ATLETİK,A,İSTANBUL,Taha Akgül Spor Salonu | ,,SEDA ESEN,SEYHAN TOPALOĞLU,DERYA ÇELİK,HÜSEYİN OSMAN BÜYÜKGÖKSU,HALİL İBRAHİM ÖZBEK,GÜLTEKİN KABAŞ,OSMAN OKUDAN,MURAT GÜRKAN,Taha Akgül Spor Salonu
9.04.2022,13:00,BGLK169,12. Hafta,ÇANKAYA ÜNİVERSİTESİ,51 - 38,BELLONA KAYSERİ BASKETBOL,B,ANKARA,Çankaya Üniversitesi Olimpik Spor Salonu | ,,SİBEL KOÇ,BUĞRA ÇAĞATAY SAVAŞ,SÜLEYMAN TEPE,MÜBERRA ÖZTÜRK,GÖZDE ÖZBEK,YUNUS KAHRAMAN,EMRULLAH ŞİMŞEK,MELTEM KOLÇAK,Çankaya Üniversitesi Olimpik Spor Salonu
9.04.2022,14:00,BGLK172,12. Hafta,TİMUR ARSLAN KOLEJİ,51 - 70,İSTANBUL BASKETBOL FENERİ,B,İZMİR,Buca Akıncılar Serdar Yereli Spor Salonu | ,,MUZAFFER VARDARLI,NUR AKÇA,ALPER CAN BOZYEL,DENİZ ÜNLÜ,EBRU DIVRAK,ERKAN TURAN,ANIL DOĞAN,İLAYDA DİNÇEL,Buca Akıncılar Serdar Yereli Spor Salonu
10.04.2022,12:00,BGLK166,12. Hafta,HATAYSPOR,61 - 65,İSTANBUL ÜNİVERSİTESİ,A,HATAY,Antakya Spor Salonu | ,,MEHMET BURAK ANLATICI,KÜBRA KENDİRLİ,GÜNDOĞAN ALİ BALABAN,MUSTAFA KEMAL ERSÖZ,CUMA KARA,MÜFİT ARSLAN,GAMZE İNAL,YÜSRA BAKIRCI,Antakya Spor Salonu
10.04.2022,16:00,BGLK170,12. Hafta,EMLAK KONUT,84 - 30,ÇBK MERSİN YENİŞEHİR BELEDİYESİ,B,İSTANBUL,Başakşehir Spor Kompleksi | ,,UYGAR KURT,CAN YANAR,METEHAN ALAÇAM,FERHAT SUNA,MEHMET KAPUCU,YÜCEL FIRAT,KÜBRA TOPAL,REMZİ KILIÇ,Başakşehir Spor Kompleksi
10.04.2022,17:00,BGLK171,12. Hafta,NESİBE AYDIN,69 - 86,GALATASARAY,B,ANKARA,TOBB ETÜ Spor Salonu  | ,,YARKIN KESKİN,MUSTAFA SELÇUK,SELENA GAMZE ÖGET ÇERÇİ,DERYA ANTAŞ,EZGİ KILIÇ,TUNCER ULUŞEKER,SİMAY ÇAKMAK,ALİ MURAT SUNGUR,TOBB ETÜ Spor Salonu
11.04.2022,13:00,BGLK165,12. Hafta,BOTAŞ,63 - 56,BEŞİKTAŞ JK,A,ANKARA,Ankara DSİ Spor Salonu | ,,DOĞU BERK İNNAL,YUSUF SARPER DAĞLI,METİN SARIOĞLU,OZAN ÜSTÜN,MİNE MİHRİCAN KANBUR,ALİ MURAT SUNGUR,MUHSİNE AYDIN,HASAN BAŞKURT,Ankara DSİ Spor Salonu
11.04.2022,15:00,BGLK167,12. Hafta,KEPEZ BELEDİYESİ ANTALYA 07 BASKETBOL,61 - 70,FENERBAHÇE,A,ANTALYA,Kepez Turgut Özal Spor Salonu | ,,ANIL VEZİROĞLU,SERAY AK,SONER ÖZAYDOĞAN,METE BULUT,DERYA YILDIZ,HAMDİ ÇAKIROSMANAKİ,SEDA AYDIN,FATMA MAFACAN,Kepez Turgut Özal Spor Salonu
17.04.2022,15:00,BGLK175,13. Hafta,İSTANBUL ÜNİVERSİTESİ,58 - 41,İSTANBUL YILDIZLARI,A,İSTANBUL,Şehit Mustafa Özel Spor Kompleksi | ,,BERK KURTULMUŞ,ECEM BOZKURT,ALPEREN BAŞER,GÖZDE ERSÖZ,NAZLI YENER,EMRAH RİFAİ,SERDAR ERHAN,YEŞİM AKAN,Şehit Mustafa Özel Spor Kompleksi
17.04.2022,15:00,BGLK177,13. Hafta,EMLAK KONUT,66 - 48,ÇANKAYA ÜNİVERSİTESİ,B,İSTANBUL,Başakşehir Spor Kompleksi | ,,SAMET TEKİN,AHMET TAYLAN ÖZTÜRK,BERK YÜCEL,NURSEL İSLAM,MURAT SEVGİL,AYGÜN SEVGİL,KÜBRA TOPAL,REMZİ KILIÇ,Başakşehir Spor Kompleksi
17.04.2022,17:00,BGLK174,13. Hafta,FENERBAHÇE,56 - 35,BEŞİKTAŞ JK,A,İSTANBUL,Fenerbahçe Metro Enerji Spor Salonu | ,,UYGAR KURT,FIRAT ATAR,OSMAN YETİŞKİN,SAVAŞ BAYRAM ERTÜRK,FATMA GÖK,EBRU ULUDOĞAN,VEDAT SAVAŞ,ECE DİKMENLİ,Fenerbahçe Metro Enerji Spor Salonu
18.04.2022,12:00,BGLK173,13. Hafta,HATAYSPOR,37 - 65,BOTAŞ,A,HATAY,Antakya Spor Salonu | ,,SERDAR SARAÇ,ORÇUN AKGÜL,İBRAHİM BARIŞ ERDOLU,MELEK BANU MURSAL,EZGİ DAĞ,ZELİHA ADİS,SEMİRE AKKAN,YÜSRA BAKIRCI,Antakya Spor Salonu
18.04.2022,12:00,BGLK179,13. Hafta,ÇBK MERSİN YENİŞEHİR BELEDİYESİ,71 - 47,TİMUR ARSLAN KOLEJİ,B,MERSİN,Servet Tazegül Spor Salonu | ,,YİĞİT EMRE ŞİMŞEK,HİKMET FEN,ALİ CAN YILMAZ,YALÇIN DEDE,NİL KİFAYET GÜRLÜ,SABAHİTTİN KAZAN,MELDA KÖKLÜER,CANER SERTEL,Servet Tazegül Spor Salonu
18.04.2022,14:00,BGLK178,13. Hafta,GALATASARAY,67 - 48,BELLONA KAYSERİ BASKETBOL,B,İSTANBUL,Şehit Mustafa Özel Spor Kompleksi | ,,ABDULLAH İLİK,ELİF İNCİ,KÜBRA KENDİRLİ,BURAK DEMİR,MEHMET KAPUCU,BİROL ŞİMŞEK,MUSTAFA ATAK,ÖZLEM TUNA,Şehit Mustafa Özel Spor Kompleksi
18.04.2022,14:00,BGLK176,13. Hafta,DÜZCE ATLETİK,66 - 47,KEPEZ BELEDİYESİ ANTALYA 07 BASKETBOL,A,DÜZCE,Kalıcı Konutlar Merkez Spor Salonu | ,,YARKIN KESKİN,SALİH ARDA UNUL,ONUR AÇIKYÜZ,UĞUR ERHAN DEDEŞAH,UFUK DOĞANAY,MERTCAN AKGÜL,METEHAN AKGÜL,GÖKHAN ŞANLI,Kalıcı Konutlar Merkez Spor Salonu
18.04.2022,15:00,BGLK180,13. Hafta,İSTANBUL BASKETBOL FENERİ,52 - 58,NESİBE AYDIN,B,İSTANBUL,İTO Yakacık Spor Salonu | ,,GÖKSUN ÖZ,FATİH ERDOĞAN,BARIŞ ÖZTÜRK,ERSİN ÇELİK,RIFAT TÜMER,GÜLTEKİN KABAŞ,ŞÜKRÜ ALOĞLU,ALTAN CANDAN,İTO Yakacık Spor Salonu
24.04.2022,12:00,BGLK182,14. Hafta,İSTANBUL YILDIZLARI,77 - 68,HATAYSPOR,A,İSTANBUL,Maltepe Müzahir Sille Spor Salonu | ,,MUSTAFA CANDEMİR TABAK,BUĞRA ÇAĞATAY SAVAŞ,ALPER CAN BOZYEL,ALİGÜRHAN UZUNAY,GÖZDE BEGÜM AKÜZÜM,ARZU KÖRKEN,HAKAN KARAGÖZ,ŞÜKRÜ ALOĞLU,Maltepe Müzahir Sille Spor Salonu
24.04.2022,14:00,BGLK183,14. Hafta,BEŞİKTAŞ JK,64 - 63,DÜZCE ATLETİK,A,İSTANBUL,Akatlar Spor ve Kültür Kompleksi | ,,BENHÜR İRCEL,ELİF İNCİ,BARIŞ BURAK DURMUŞ,ENES HİKMET ERMANER,SERENAY EMEKLİ DÖNER,ALPKAN HACIYAKUPOĞLU,NEŞE KIRAN,PINAR ŞAHİN,Akatlar Spor ve Kültür Kompleksi
24.04.2022,14:00,BGLK186,14. Hafta,TİMUR ARSLAN KOLEJİ,48 - 85,EMLAK KONUT,B,İZMİR,Vali Hüseyin Öğütcen Spor Salonu | ,,BURAK DURMUŞ,AYGÜN AKGÜL,DERYA ÇELİK,DENİZ ÜNLÜ,GİZEM ÖZAYDIN,MUSTAFA MESCİ,GÖKHAN YAZ,CANSU ÇOBAN,Vali Hüseyin Öğütcen Spor Salonu
24.04.2022,14:00,BGLK187,14. Hafta,BELLONA KAYSERİ BASKETBOL,66 - 56,İSTANBUL BASKETBOL FENERİ,B,KAYSERİ,Kadir Has Kongre Merkezi Spor Salonu | ,,DOĞU BERK İNNAL,ÖZKAN ÇAĞLAYAN,MUSTAFA BAŞTÜRK,ABDULLAH ÖZSUVEREN,SEVİM VURAL,SİNEM MUTLU,CEREN SIDIKA DEMİR,FATİH SAVAŞKAN,Kadir Has Kongre Merkezi Spor Salonu
24.04.2022,15:00,BGLK185,14. Hafta,ÇANKAYA ÜNİVERSİTESİ,63 - 56,GALATASARAY,B,ANKARA,Çankaya Üniversitesi Olimpik Spor Salonu | ,,ANIL VEZİROĞLU,FATİH ERDOĞAN,ALİ BARAN TECİRLİ,GÖKHAN ZEKERİYA ARSLAN,NAZAN ŞİMŞEK,ALİ MURAT SUNGUR,EMRULLAH ŞİMŞEK,MUSA SAFA SARI,Çankaya Üniversitesi Olimpik Spor Salonu
24.04.2022,15:30,BGLK188,14. Hafta,NESİBE AYDIN,62 - 64,ÇBK MERSİN YENİŞEHİR BELEDİYESİ,B,ANKARA,TOBB ETÜ Spor Salonu  | ,,HALDUN ÇOBAN,KAMİL ALOK,OSMAN CAN GÜNDOĞDU,BURAK TALHA DOĞAN,NİHAN ÜNSAL,BİLAL UZGÖREN,YENER SALMAN,FEVZİ CAN ÜRESİN,TOBB ETÜ Spor Salonu
24.04.2022,16:00,BGLK184,14. Hafta,KEPEZ BELEDİYESİ ANTALYA 07 BASKETBOL,55 - 62,İSTANBUL ÜNİVERSİTESİ,A,ANTALYA,Kepez Turgut Özal Spor Salonu | ,,OGÜN CILIZ,BURAK MERT DEMİRTAŞ,MERT KAYALI,ÖZGÜR NALBANT,KEZİBAN KARTCA,NESLİHAN SÜTLÜ,HAMDİ ÇAKIROSMANAKİ,NASUH ÜZER,Kepez Turgut Özal Spor Salonu
25.04.2022,13:00,BGLK181,14. Hafta,BOTAŞ,55 - 58,FENERBAHÇE,A,ANKARA,Ankara DSİ Spor Salonu | ,,YİĞİT EMRE ŞİMŞEK,OSMAN CAN GÜNDOĞDU,GÜNEY BİRLİK,MÜBERRA ÖZTÜRK,SENA NUR ÖKSÜZ,ONUR YEŞİLBAĞ,YASEMİN YILDIRIM,DOĞUKAN TOPRAK,Ankara DSİ Spor Salonu
27.04.2022,12:00,BGLK190,Playoff Eleme Turu,HATAYSPOR,64 - 64,İSTANBUL ÜNİVERSİTESİ,Play Off Yükselme Turu A Grubu 5-4 Eşleşmesi,HATAY,Hatay Büyükşehir Belediyesi Yaşam Merkezi ve Spor Kompleksi | ,,BATUHAN KÜMÜKOĞLU,ÖZKAN ÇAĞLAYAN,HAMZA ÇALIŞKAN,MUSTAFA KEMAL ERSÖZ,EZGİ DAĞ,MÜFİT ARSLAN,KADİR HANİFİ YILMAZ,YÜSRA BAKIRCI,Hatay Büyükşehir Belediyesi Yaşam Merkezi ve Spor Kompleksi
27.04.2022,13:00,BGLK189,Playoff Eleme Turu,İSTANBUL YILDIZLARI,58 - 62,DÜZCE ATLETİK,Play Off Yükselme Turu A Grubu 6-3 Eşleşmesi,İSTANBUL,Taha Akgül Spor Salonu | ,,ORKUN YURTTAŞ,AHMET KÖSE,SEZER BOR,TUĞBA EŞKİL,ZEHRA AKAN,MURAT GÜRKAN,NAZLI TUZCUOĞLU,HALİL İBRAHİM ÖZBEK,Taha Akgül Spor Salonu
27.04.2022,14:00,BGLK191,Playoff Eleme Turu,NESİBE AYDIN,48 - 115,GALATASARAY,Play Off Yükselme Turu B Grubu 6-3 Eşleşmesi,ANKARA,TOBB ETÜ Spor Salonu  | ,,AHMET TANER İBİN,ALPER TACETTİN,SÜLEYMAN TEPE,MUSTAFA KOCAEREN,SÜMEYYE SENEKLİOĞLU,FATMA ÇELİK,SENA NUR ÖKSÜZ,TUNCER ULUŞEKER,TOBB ETÜ Spor Salonu
27.04.2022,14:00,BGLK192,Playoff Eleme Turu,İSTANBUL BASKETBOL FENERİ,59 - 38,BELLONA KAYSERİ BASKETBOL,Play Off Yükselme Turu B Grubu 5-4 Eşleşmesi,İSTANBUL,İTO Yakacık Spor Salonu | ,,MESUT ÖZTÜRK,MUSTAFA TOPALOĞLU,MUSTAFA SELÇUK,MELİH SABRİ KAZMAZ,EDA ELFİDAN,ESER FIRIL,TUĞBA DURNAOĞLU,ŞÜKRÜ ALOĞLU,İTO Yakacık Spor Salonu
30.04.2022,12:00,BGLK193,Playoff Eleme Turu,İSTANBUL ÜNİVERSİTESİ,50 - 49,HATAYSPOR,Play Off Eleme Yükselme A Grubu 4-5 Eşleşmesi,İSTANBUL,Şehit Mustafa Özel Spor Kompleksi | ,,DORUKHAN KALYONCU,FATİH ERDOĞAN,GÖKHAN EĞLENOĞLU,FERHAT SUNA,LAL DENİZ ÇELİKER,SEMRA AKDUMAN,ALPER LAÇİNKAYA,HİLMİ CANKUT AYNAR,Şehit Mustafa Özel Spor Kompleksi
30.04.2022,14:00,BGLK194,Playoff Eleme Turu,DÜZCE ATLETİK,74 - 50,İSTANBUL YILDIZLARI,Play Off Eleme Yükselme A Grubu 3-6 Eşleşmesi,DÜZCE,Kalıcı Konutlar Merkez Spor Salonu | ,,NİHAT ÇETİN,DERYA ÇELİK,FATİH OĞUZHAN,ERDEM DEMİRSOY,GÜLNİHAL ERDEM,ONUR OROÇ,EMRE ARSLAN,,Kalıcı Konutlar Merkez Spor Salonu
30.04.2022,15:30,BGLK196,Playoff Eleme Turu,GALATASARAY,91 - 47,NESİBE AYDIN,Play Off Eleme Yükselme B Grubu 3-6 Eşleşmesi,İSTANBUL,Şehit Mustafa Özel Spor Kompleksi | ,,FATİH GÜLER,METİN AKSOYAK,GÖNENÇ ÇETİN,TAYFUN AY,CEYDA KAPKAÇ,ERMAN YÜCEL,ESİN MÜEZZİNOĞLU,YÜKSEL NAZLIGÜL,Şehit Mustafa Özel Spor Kompleksi
30.04.2022,17:00,BGLK195,Playoff Eleme Turu,BELLONA KAYSERİ BASKETBOL,63 - 56,İSTANBUL BASKETBOL FENERİ,Play Off Eleme Yükselme B Grubu 4-5 Eşleşmesi,KAYSERİ,Kayseri Atatürk Spor Salonu | ,,EYYÜP AYHAN,ALMİNA KOCABAŞ,AHMET MALİK ŞAN,MEHMET ONUR KARACA,NAGİHAN ÖZÇELİK,CELAL AKSOY,BÜLENT TOSUN,YÜCEL KARAFİL,Kayseri Atatürk Spor Salonu
3.05.2022,14:00,BGLK197,Playoff Çeyrek Final,İSTANBUL BASKETBOL FENERİ,36 - 50,BOTAŞ,Play Off Çeyrek Final B4-A1,İSTANBUL,İTO Yakacık Spor Salonu | ,Youtube / TBF TV,BENHÜR İRCEL,FATİH ERDOĞAN,GÜNEY BİRLİK,FERHAT SUNA,ŞÜKRÜ ALOĞLU,TOLGAY ÖZCAN,MURAT SONER DURADEMİR,ZEHRA AKAN,İTO Yakacık Spor Salonu
3.05.2022,14:00,BGLK198,Playoff Çeyrek Final,İSTANBUL ÜNİVERSİTESİ,42 - 79,EMLAK KONUT,Play Off Çeyrek Final A4-B1,İSTANBUL,Şehit Mustafa Özel Spor Kompleksi | ,Youtube / TBF TV,ABDULLAH KOPUTAN,SAMET FIRAT SAVAŞ,FATMA ÖZTÜRK,BATUHAN KARABİBER,AYBERK PARALI,REMZİ KILIÇ,FARUK RAMOĞLU,NEŞE KIRAN,Şehit Mustafa Özel Spor Kompleksi
3.05.2022,14:00,BGLK200,Playoff Çeyrek Final,DÜZCE ATLETİK,66 - 65,ÇANKAYA ÜNİVERSİTESİ,Play Off Çeyrek Final A3-B2,DÜZCE,Kalıcı Konutlar Merkez Spor Salonu | ,Youtube / TBF TV,CEMİL UYGÜL,SALİH ARDA UNUL,FATİH OĞUZHAN,BÜLENT TANESEN,GÜLNİHAL ERDEM,MERTCAN AKGÜL,METEHAN AKGÜL,EYÜP ESEN,Kalıcı Konutlar Merkez Spor Salonu
3.05.2022,16:30,BGLK199,Playoff Çeyrek Final,GALATASARAY,50 - 89,FENERBAHÇE,Play Off Çeyrek Final B3-A2,İSTANBUL,Şehit Mustafa Özel Spor Kompleksi | ,Youtube / TBF TV,NAZLI ÇİSİL GÜNGÖR,ÖMER KALAYDIN,CANER BAHADIR,TAYFUN AY,MEHMET KAPUCU,HİLMİ CANKUT AYNAR,TUNA TAŞ,GÜL URASLI,Şehit Mustafa Özel Spor Kompleksi
6.05.2022,13:00,BGLK204,Playoff Çeyrek Final,ÇANKAYA ÜNİVERSİTESİ,66 - 29,DÜZCE ATLETİK,Play Off Çeyrek Final B2-A3,ANKARA,Çankaya Üniversitesi Olimpik Spor Salonu | ,Youtube / TBF TV,SERDAR SARAÇ,AHMET KÖSE,SEZER BOR,GÖKHAN ZEKERİYA ARSLAN,AYSU İNALTUN,RESUL GEÇER,YENER SALMAN,VEYSEL SİNAN TUNCER,Çankaya Üniversitesi Olimpik Spor Salonu
6.05.2022,15:00,BGLK202,Playoff Çeyrek Final,EMLAK KONUT,83 - 49,İSTANBUL ÜNİVERSİTESİ,Play Off Çeyrek Final B1-A4,İSTANBUL,Şehit Mustafa Özel Spor Kompleksi | ,Youtube / TBF TV,UĞUR AKYILDIZ,HAKAN GEREY,ALMİNA KOCABAŞ,TUĞBA EŞKİL,MURAT SEVGİL,BİROL ÖZDAL,MURAT YAZ,BURHAN DEMİR,Şehit Mustafa Özel Spor Kompleksi
6.05.2022,16:30,BGLK201,Playoff Çeyrek Final,BOTAŞ,75 - 39,İSTANBUL BASKETBOL FENERİ,Play Off Çeyrek Final A1-B4,ANKARA,Ankara Dsi Spor Salonu | ,Youtube / TBF TV,UĞUR ÖZEN,MUSTAFA TOPALOĞLU,GÖZDE KAFADAR,CANSIN BERK KÖSEOĞLU,SİMGE ÇAKICI,İSMAİL FULSER,MUHSİNE AYDIN,NİHAN ÜNSAL,Ankara Dsi Spor Salonu
6.05.2022,18:00,BGLK203,Playoff Çeyrek Final,FENERBAHÇE,66 - 54,GALATASARAY,Play Off Çeyrek Final A2-B3,İSTANBUL,Fenerbahçe Metro Enerji Spor Salonu | ,Youtube / TBF TV,KEREM YILMAZ,BURAK ERKAN,UĞUR YÜKSEL,AHMET MÜNİR GÖKMEN,BEGÜM SAVAŞ,ALTAN CANDAN,MURAT SONER DURADEMİR,TUĞBA DURNAOĞLU,Fenerbahçe Metro Enerji Spor Salonu
29.05.2022,16:00,BGLK205,Playoff Yarı Final,ÇANKAYA ÜNİVERSİTESİ,40 - 51,BOTAŞ,Play Off Yarı Final  1. Maçlar,ANKARA,Çankaya Üniversitesi Olimpik Spor Salonu | ,Youtube / TBF TV,MEHMET ONUR SÖNMEZ,METEHAN ALAÇAM,ALMİNA KOCABAŞ,NİYAZİ ALİŞAN,ALPER KESEN,VEYSEL SİNAN TUNCER,VOLKAN DARCAN,FATMA ÇELİK,Çankaya Üniversitesi Olimpik Spor Salonu
29.05.2022,17:00,BGLK206,Playoff Yarı Final,FENERBAHÇE,49 - 67,EMLAK KONUT,Play Off Yarı Final 1. Maçlar,İSTANBUL,Fenerbahçe Metro Enerji Spor Salonu | ,Youtube / TBF TV,ALPER ELÇİKOCA,BURAK ERKAN,FATMA ÖZTÜRK,ADNAN KIVANÇ,SİNAN ERSOY,YEŞİM ÖZCAN ÖZTÜRK,FATMA GÖK,ŞÜKRÜ ALOĞLU,Fenerbahçe Metro Enerji Spor Salonu
31.05.2022,17:30,BGLK208,Playoff Yarı Final,EMLAK KONUT,60 - 71,FENERBAHÇE,Play Off Yarı Final 2. Maçlar,İSTANBUL,Başakşehir Spor Kompleksi | ,Youtube / TBF TV,ÖNDER YILMAZ,ECEM BOZKURT,UĞUR YÜKSEL,NURSEL İSLAM,ÖZLEM TUNA,HİLMİ CANKUT AYNAR,KÜBRA TOPAL,REMZİ KILIÇ,Başakşehir Spor Kompleksi
31.05.2022,18:30,BGLK207,Playoff Yarı Final,BOTAŞ,54 - 63,ÇANKAYA ÜNİVERSİTESİ,Play Off Yarı Final 2. Maçlar,ANKARA,Ankara Dsi Spor Salonu | ,Youtube / TBF TV,SERTAN KIRKLAR,FURKAN KESERATAR,HASAN OK,FİLİZ ÖGET,NİHAN ÜNSAL,SİNA KÜÇÜKDİLEK,RESUL GEÇER,FATİH ŞEN,Ankara Dsi Spor Salonu
12.06.2022,13:00,BGLK209,Final,EMLAK KONUT,64 - 45,BOTAŞ,FİNAL,İSTANBUL,Sinan Erdem Spor Salonu | ,TRT WEB,YÜCEL ÇİLİNGİR,ÖMER SARI,ERDOĞAN ÇELEBİ,NURSEL İSLAM,MERVE SAĞLAM,ESİN MÜEZZİNOĞLU,ŞAZİYE SİMSAR YAKIN,ERMAN YÜCEL,Sinan Erdem Spor Salonu
