{
  "league_acronym": "bglk",
  "league_name": "Basketbol Gençler Ligi",
  "gender": "Kadın",
  "season": "2024-2025",
  "sponsor": "",
  "scraped_at": "2025-06-23T00:12:30.136200",
  "rows": 121,
  "columns": 20,
  "column_names": [
    "Tarih",
    "Saat",
    "Maç No",
    "Hafta",
    "A Takım",
    "Sonuç",
    "B Takım",
    "Grubu",
    "Şehir",
    "Salon",
    "TV",
    "Baş Hakem",
    "1. Yrd. Hakem",
    "2. Yrd. Hakem",
    "Temsilci",
    "1. Masa G.",
    "2. Masa G.",
    "3. Masa G.",
    "4. Masa G.",
    "Salon.1"
  ],
  "excel_file": "bglk_Kadın_2024-2025.xlsx",
  "csv_file": "bglk_Kadın_2024-2025.csv"
}