Tarih,Saat,Maç No,Hafta,A Takım,Sonuç,B Takım,Grubu,Şehir,Salon,TV,Baş Hakem,1. Yrd. Hakem,2. Yrd. Hakem,Temsilci,1. Masa G.,2. Masa G.,3. Masa G.,4. Masa G.,Salon.1
20.10.2023,17:30,BGLK351,01. Hafta,FENERBAHÇE,83 - 57,OGM ORMANSPOR,A,İSTANBUL,Fenerbahçe Metro Enerji Spor Salonu | ,Youtube / TBF TV,FATMA ÖZTÜRK,BERKİN YÜCER,AHMET EMRE PEHLİVAN,TAYFUN AY,MURAT GÜRKAN,GÜLTEKİN KABAŞ,NAZLI TUZCUOĞLU,ZEHRA AKAN,Fenerbahçe Metro Enerji Spor Salonu
20.10.2023,19:00,BGLK353,01. Hafta,BOTAŞ,67 - 42,BEŞİKTAŞ,B,ANKARA,Yeni Botaş Spor Salonu | ,Youtube / TBF TV,ALMİNA KOCABAŞ,MUTLU AKBAŞ,SÜLEYMAN YILDIZ,FİLİZ ÖGET,ELİF CAN,ALİ MURAT SUNGUR,VOLKAN DARCAN,ALPER KESEN,Yeni Botaş Spor Salonu
21.10.2023,13:00,BGLK354,01. Hafta,ÇBK MERSİN,78 - 77,BURSA ULUDAĞ BASKETBOL,B,MERSİN,Servet Tazegül Spor Salonu | ,Youtube / TBF TV,HALİL ERKOÇ,TAYYİP YAVUZ,HASAN HÜSEYİN DEVECİ,YALÇIN DEDE,MÜCAHİT AHMED UĞUR,MERVE YAĞMA,AHMET ÖZDOĞAN,TUFAN EZER,Servet Tazegül Spor Salonu
21.10.2023,13:00,BGLK357,01. Hafta,EMLAK KONUT,72 - 67,ASİLADA EGE GELİŞİM,D,İSTANBUL,Şehit Mustafa Özel Spor Kompleksi | ,Youtube / TBF TV,FURKAN KESERATAR,YAVUZHAN KÜRŞAT AYDIN,İLAYDA SEZAN,RAHŞAN ŞEBNEM TÜMER,EYÜP KÜLLE,PINAR ŞAHİN,REMZİ KILIÇ,MURAT SÜMER,Şehit Mustafa Özel Spor Kompleksi
21.10.2023,15:00,BGLK355,01. Hafta,TED ANKARA KOLEJLİLER,63 - 49,KEPEZ BELEDİYE ANTALYA TOROSLAR,C,ANKARA,TED Üniversitesi Prof. Dr. Rüştü Yüce S.S. | ,Youtube / TBF TV,ÖZKAN TALO,KADİR BERDAN ŞEKER,KEMAL VURAL,MUTLU  HİÇYILMAZ,HÜSEYİN ÖKMEN,SÜMEYYE SENEKLİOĞLU,SEMİH BOSTANCI,YUNUS KAHRAMAN,TED Üniversitesi Prof. Dr. Rüştü Yüce S.S.
21.10.2023,16:00,BGLK356,01. Hafta,MELİKGAZİ KAYSERİ BASKETBOL,56 - 71,GALATASARAY,C,KAYSERİ,Kadir Has Kongre Merkezi Spor Salonu | ,Youtube / TBF TV,AHMET MURAT ARIKANLI,ÜNAL ÖZDEMİR,OSMAN KINCAL,MEHMET ONUR KARACA,HAKAN ÇEKMEN,FATMA AŞILI,SİNEM MUTLU,BÜLENT TOSUN,Kadir Has Kongre Merkezi Spor Salonu
21.10.2023,16:00,BGLK358,01. Hafta,İSTANBUL BASKETBOL FENERİ,40 - 70,NESİBE AYDIN,D,İSTANBUL,İTO Yakacık Spor Salonu | ,Youtube / TBF TV,MUHAMMED MURAT ZAFER,BATUHAN AKIN,NURTEN BEREKET,ERSİN ÇELİK,PINAR PAR MAT,GÜLTEKİN KABAŞ,MERVE SERDAR,ZEHRA AKAN,İTO Yakacık Spor Salonu
23.10.2023,14:00,BGLK352,01. Hafta,ÇANKAYA ÜNİVERSİTESİ,68 - 53,ECOGREEN MERKEZEFENDİ BELEDİYESİ,A,ANKARA,Çankaya Üniversitesi Olimpik Spor Salonu | ,Youtube / TBF TV,ÇAĞATAY TAŞKIN,SERKAN İPEK,HAKAN ÇETİN,MUSTAFA KOCAEREN,BEYZA MERYEM BOLAT,VEYSEL SİNAN TUNCER,MELİKE DENİZ BAYRAM,AYSU İNALTUN,Çankaya Üniversitesi Olimpik Spor Salonu
2.02.2024,18:00,BGLK409,Final Grubu,OGM ORMANSPOR,51 - 70,ASİLADA EGE GELİŞİM,FİNAL GRUBU A,ANKARA,M. Sait Zarifoğlu Spor Salonu | ,Youtube / TBF TV,OSMAN CAN GÜNDOĞDU,BEKİR BOZKURT,KÜBRA GÜMÜŞ,MUSTAFA KOCAEREN,SELDA UZUN,FATMA ÇELİK,MELİKE DENİZ BAYRAM,MİNE MİHRİCAN KANBUR,M. Sait Zarifoğlu Spor Salonu
3.02.2024,16:00,BGLK410,Final Grubu,NESİBE AYDIN,77 - 61,ÇANKAYA ÜNİVERSİTESİ,FİNAL GRUBU A,ANKARA,TOBB ETÜ Spor Salonu  | ,Youtube / TBF TV,DERYA ÇELİK,KADİR BERDAN ŞEKER,MEHMET FURKAN GÜLTEN,SERKAN OKAN,SİMAY ÇAKMAK,SİBEL FAZLIOĞLU,BORA MERT KARADEMİR,HASAN BAŞKURT,TOBB ETÜ Spor Salonu
4.02.2024,15:00,BGLK413,Final Grubu,MELİKGAZİ KAYSERİ BASKETBOL,25 - 83,BOTAŞ,FİNAL GRUBU B,KAYSERİ,Kadir Has Kongre Merkezi Spor Salonu | ,Youtube / TBF TV,MEHMET AKÇADAĞ,BERKİN YÜCER,SERDAR SEÇKİN,ABDULLAH ÖZSUVEREN,ŞULE DOĞAN,MELİKE ÜLKÜ,SİNEM MUTLU,KÜBRA GÜLTEKİN,Kadir Has Kongre Merkezi Spor Salonu
4.02.2024,16:00,BGLK414,Final Grubu,ÇBK MERSİN,62 - 38,GALATASARAY,FİNAL GRUBU B,MERSİN,Servet Tazegül Spor Salonu | ,Youtube / TBF TV,BETÜL YENİSU,SERKAN İPEK,NURTEN BEREKET,MELEK BANU MURSAL,MELDA KÖKLÜER,SABRİ DUYGUN SAYDANOĞLU,ERDİNÇ BOZKURT,RABİA YILDIZ ÖZTÜRK,Servet Tazegül Spor Salonu
4.02.2024,16:00,BGLK411,Final Grubu,EMLAK KONUT,56 - 74,FENERBAHÇE,FİNAL GRUBU A,İSTANBUL,Başakşehir Spor Kompleksi | ,Youtube / TBF TV,SÜLEYMAN EREN PEKDOĞAN,KÜRŞAT DENİZ,AHMET YİĞİT,TUĞBA EŞKİL,CEM ORGAN,MEHMET KAPUCU,ÖZLEM TUNA,MURAT SÜMER,Başakşehir Spor Kompleksi
4.02.2024,20:00,BGLK412,Final Grubu,TED ANKARA KOLEJLİLER,60 - 64,BEŞİKTAŞ,FİNAL GRUBU B,ANKARA,TED Üniversitesi Prof. Dr. Rüştü Yüce S.S. | ,Youtube / TBF TV,BEDİRHAN ÇİÇEK,MELİH BAĞLAR,HAKAN ÇETİN,ÖMER FARUK İLİCEPINAR,EROL TUNCEL,FATMA ÇELİK,AYSU İNALTUN,FATİH ŞEN,TED Üniversitesi Prof. Dr. Rüştü Yüce S.S.
13.04.2024,16:00,BGLK471,Playoff Çeyrek Final,EMLAK KONUT,75 - 59,BEŞİKTAŞ,A2-B3,İSTANBUL,Başakşehir Spor Kompleksi | ,Youtube / TBF TV,HÜSEYİN SÖYLEMEZOĞLU,İSMAİL ARSLAN,ARDA NAVRUZ,ALPER DENİZ DEMİR,BERNA ÇOLAK,MEHMET KAPUCU,BİROL ÖZDAL,REMZİ KILIÇ,Başakşehir Spor Kompleksi
15.04.2024,16:00,BGLK469,Playoff Çeyrek Final,FENERBAHÇE,101 - 54,TED ANKARA KOLEJLİLER,A1-B4,İSTANBUL,Fenerbahçe Metro Enerji Spor Salonu | ,Youtube / TBF TV,MUSTAFA TOPALOĞLU,İLAYDA SEZAN,BATUHAN AKIN,DAĞHAN ÇELEBİ,TOLGAY ÖZCAN,EBRU ULUDOĞAN,BEKİR BAHÇE,MURAT GÜRKAN,Fenerbahçe Metro Enerji Spor Salonu
15.04.2024,18:00,BGLK470,Playoff Çeyrek Final,BOTAŞ,76 - 46,NESİBE AYDIN,B1-A4,ANKARA,Yeni Botaş Spor Salonu | ,Youtube / TBF TV,BATUHAN BARUT,MUTLU AKBAŞ,SERKAN İPEK,HATİCE FAZLIOĞLU ERKAN,VEFA ÇELİK,SİMAY ÇAKMAK,SÜLEYMAN YALÇIN TORUNOĞLU,ELİF CAN,Yeni Botaş Spor Salonu
16.04.2024,17:00,BGLK472,Playoff Çeyrek Final,ÇBK MERSİN,68 - 62,ÇANKAYA ÜNİVERSİTESİ,B2-A3,MERSİN,Servet Tazegül Spor Salonu | ,Youtube / TBF TV,HAMZA ÇALIŞKAN,TAYYİP YAVUZ,OSMAN KINCAL,AHMET ÖZKAN,EMİNE SEYREK,MELDA KÖKLÜER,SABRİ DUYGUN SAYDANOĞLU,MEHTAP ÇETİNKIRAN,Servet Tazegül Spor Salonu
27.10.2023,16:00,BGLK365,02. Hafta,NESİBE AYDIN,49 - 62,EMLAK KONUT,D,ANKARA,TOBB ETÜ Spor Salonu  | ,Youtube / TBF TV,BURAK AKTAŞ,ANASTASIIA USOVA,ERSEL ŞENTÜRK,KARDELEN ERDAŞ,SELDA UZUN,ALİ MURAT SUNGUR,TUNCER ULUŞEKER,MİNE MİHRİCAN KANBUR,TOBB ETÜ Spor Salonu
28.10.2023,13:00,BGLK366,02. Hafta,ASİLADA EGE GELİŞİM,67 - 58,İSTANBUL BASKETBOL FENERİ,D,İZMİR,Halkapınar Spor Salonu | ,Youtube / TBF TV,SERHAT DÜLGER,ÖZGÜR ÖZBAYİS,ELİF ÇELİKTEPE,REŞAT ATAY,ERKAN TURAN,OSMAN ARKIN BARUTCU,BÜLENT TURAN,DİLEK GEDİK HANGÜL,Halkapınar Spor Salonu
28.10.2023,17:00,BGLK359,02. Hafta,ECOGREEN MERKEZEFENDİ BELEDİYESİ,52 - 65,FENERBAHÇE,A,DENİZLİ,Pamukkale Üniversitesi Spor Salonu | ,Youtube / TBF TV,KADİR GİRAY ESEN,EMİN YEŞİL,ATACAN ERCAN,EMRE GÜLŞEN,SELİN BAYRAM DOĞRAMACI,MERYEM PEHLİVAN,SARE NUR ELMAS,AYŞE ERİŞ,Pamukkale Üniversitesi Spor Salonu
29.10.2023,15:00,BGLK364,02. Hafta,KEPEZ BELEDİYE ANTALYA TOROSLAR,61 - 67,MELİKGAZİ KAYSERİ BASKETBOL,C,ANTALYA,Kepez Turgut Özal Spor Salonu | ,Youtube / TBF TV,BARIŞ BURAK DURMUŞ,BEKİR BOZKURT,KÜBRA GÜMÜŞ,METE BULUT,TANSU BOZOK,KORAY ASAL,KEZİBAN KARTCA,FATMA MAFACAN,Kepez Turgut Özal Spor Salonu
29.10.2023,17:00,BGLK363,02. Hafta,GALATASARAY,68 - 51,TED ANKARA KOLEJLİLER,C,İSTANBUL,Ahmet Cömert Spor Salonu | ,Youtube / TBF TV,BENHÜR İRCEL,İBRAHİM DENİZ,MERT ENVER GERMEN,HASAN VOLKAN  KARA,MURAT ÖZKAN,CEYDA KAPKAÇ,RIFAT GÜRSES,YUSUF YELESDAĞ,Ahmet Cömert Spor Salonu
30.10.2023,14:00,BGLK362,02. Hafta,BEŞİKTAŞ,69 - 44,ÇBK MERSİN,B,İSTANBUL,BJK Emlakjet Spor Kompleksi | ,Youtube / TBF TV,BATUHAN MERT GÜL,MEHMET EMİN RAŞİTOĞLU,TALİP KOCAÖZ,FURKAN DEDE,DİLARA YEŞİLDAL,ALPKAN HACIYAKUPOĞLU,AHSEN CANBULAT,TUNA TAŞ,BJK Emlakjet Spor Kompleksi
30.10.2023,17:00,BGLK361,02. Hafta,BURSA ULUDAĞ BASKETBOL,37 - 88,BOTAŞ,B,BURSA,Naim Süleymanoğlu Spor Kompleksi | ,Youtube / TBF TV,HASAN OK,AYBERK ÖZBAŞ,SAMET BİLİR,UĞUR AYDEMİR,ÖZLEM NUR TOPRAK,AYÇA ÜNLÜ,BERNA EKBİÇ,AHMET CAN ŞAPÇI,Naim Süleymanoğlu Spor Kompleksi
30.10.2023,18:00,BGLK360,02. Hafta,OGM ORMANSPOR,40 - 62,ÇANKAYA ÜNİVERSİTESİ,A,ANKARA,M. Sait Zarifoğlu Spor Salonu | ,Youtube / TBF TV,YİĞİT EMRE ŞİMŞEK,TAHİR EROĞLU,BATUHAN ARSLAN,HAKAN EMRE  ÇINAR,MELİKE DENİZ BAYRAM,NİHAN ÜNSAL,KAMİL TOSUN,YÜSRA BAKIRCI,M. Sait Zarifoğlu Spor Salonu
11.02.2024,13:00,BGLK418,Final Grubu,BEŞİKTAŞ,89 - 51,MELİKGAZİ KAYSERİ BASKETBOL,FİNAL GRUBU B,İSTANBUL,BJK Emlakjet Spor Kompleksi | ,Youtube / TBF TV,SİBEL KOÇ,HAKAN ÇETİN,AHMET EMRE PEHLİVAN,ALPER DENİZ DEMİR,DİLARA YEŞİLDAL,HİLMİ CANKUT AYNAR,ALPKAN HACIYAKUPOĞLU,EMRE YAZICI,BJK Emlakjet Spor Kompleksi
11.02.2024,16:00,BGLK417,Final Grubu,ÇANKAYA ÜNİVERSİTESİ,81 - 60,EMLAK KONUT,FİNAL GRUBU A,ANKARA,Çankaya Üniversitesi Olimpik Spor Salonu | ,Youtube / TBF TV,ERSEL BÜYÜKKARA,HÜSEYİN CENGİZ,BEKİR BOZKURT,MEHMET KAAN  KANTAR,KAMİL TOSUN,ALİ MURAT SUNGUR,SERCAN YILDIRIM,SÜMEYYE SENEKLİOĞLU,Çankaya Üniversitesi Olimpik Spor Salonu
11.02.2024,18:00,BGLK419,Final Grubu,GALATASARAY,46 - 58,TED ANKARA KOLEJLİLER,FİNAL GRUBU B,İSTANBUL,Ahmet Cömert Spor Salonu | ,Youtube / TBF TV,NİHAT KARA,MEHMET EMİN RAŞİTOĞLU,OSMAN KINCAL,RAHŞAN ŞEBNEM TÜMER,DERYA ÖZTÜRK,KEREM SIRMAGİL,BARIŞ AKSAKAL,SEMRA AKDUMAN,Ahmet Cömert Spor Salonu
11.02.2024,18:00,BGLK416,Final Grubu,FENERBAHÇE,92 - 49,OGM ORMANSPOR,FİNAL GRUBU A,İSTANBUL,Fenerbahçe Metro Enerji Spor Salonu | ,Youtube / TBF TV,EMRE YELDAŞ,TAYYİP YAVUZ,HASAN HÜSEYİN GÜRSES,CANSU ÇAĞLAYANIRMAK,SEHER KAZANÇ,GÖZDE BEGÜM AKÜZÜM,DİDEM ARPACI KARAGÖZ,EBRU ULUDOĞAN,Fenerbahçe Metro Enerji Spor Salonu
12.02.2024,16:30,BGLK415,Final Grubu,ASİLADA EGE GELİŞİM,76 - 73,NESİBE AYDIN,FİNAL GRUBU A,İZMİR,Serdar Yereli Spor Salonu | ,Youtube / TBF TV,BURAK METE ÖZTÜRK,MERT ENVER GERMEN,TALİP KOCAÖZ,İLSU DARICIOĞLU,EMİNE KALKAN,ÇAĞATAY KAMER VANLIOĞLU,ZEHRA ÖZCAN,HALDUN TAŞKAVAK,Serdar Yereli Spor Salonu
12.02.2024,18:00,BGLK420,Final Grubu,BOTAŞ,50 - 55,ÇBK MERSİN,FİNAL GRUBU B,ANKARA,Yeni Botaş Spor Salonu | ,Youtube / TBF TV,SÜLEYMAN TEPE,AHMET ÇAKIR,KADİR BERDAN ŞEKER,HACI MUSTAFA  BORA,YASEMİN YILDIRIM,ALPER KESEN,FİLİZ UYGUN,ELİF CAN,Yeni Botaş Spor Salonu
20.04.2024,16:00,BGLK473,Playoff Çeyrek Final,TED ANKARA KOLEJLİLER,73 - 100,FENERBAHÇE,B4-A1,ANKARA,TED Üniversitesi Prof. Dr. Rüştü Yüce S.S. | ,Youtube / TBF TV,ALİHAN CİVELEK,MEHMET FURKAN GÜLTEN,AHMET ÇAKIR,DERYA ANTAŞ,BORA MERT KARADEMİR,FUNDA KONCA,EREN UYGUN,SERCAN YILDIRIM,TED Üniversitesi Prof. Dr. Rüştü Yüce S.S.
20.04.2024,16:00,BGLK474,Playoff Çeyrek Final,NESİBE AYDIN,83 - 63,BOTAŞ,A4-B1,ANKARA,TOBB ETÜ Spor Salonu  | ,Youtube / TBF TV,OSMAN CAN GÜNDOĞDU,ATACAN ERCAN,KÜBRA GÜMÜŞ,ERDEM EFE,FİLİZ UYGUN,RESUL GEÇER,ALPER KESEN,MİNE MİHRİCAN KANBUR,TOBB ETÜ Spor Salonu
20.04.2024,16:00,BGLK476,Playoff Çeyrek Final,ÇANKAYA ÜNİVERSİTESİ,52 - 59,ÇBK MERSİN,A3-B2,ANKARA,ATA Spor Salonu | ,Youtube / TBF TV,KAMİL TALHA OLGUN,ÜNAL ÖZDEMİR,KADİR BERDAN ŞEKER,DİNÇER ÇERİBAŞ,MİNE KARAMAN,YUNUS KAHRAMAN,VEFA ÇELİK,VOLKAN DARCAN,ATA Spor Salonu
21.04.2024,13:00,BGLK475,Playoff Çeyrek Final,BEŞİKTAŞ,45 - 61,EMLAK KONUT,B3-A2,İSTANBUL,BJK Emlakjet Spor Kompleksi | ,Youtube / TBF TV,FURKAN  SÖYLEMEZOĞLU,KÜRŞAT DENİZ,ELİF ÇELİKTEPE,ÖZHAN ÖZDEMİR,CANAN EROĞUL,MERT İĞDELİ,MEHMET NECATİ EROĞUL,MERVE SAĞLAM,BJK Emlakjet Spor Kompleksi
11.11.2023,13:00,BGLK374,03. Hafta,NESİBE AYDIN,76 - 72,ASİLADA EGE GELİŞİM,D,ANKARA,TOBB ETÜ Spor Salonu  | ,Youtube / TBF TV,EMRE YELDAŞ,HAKAN MENNAN,MEHMET FURKAN GÜLTEN,BURAK TALHA DOĞAN,SELDA UZUN,VOLKAN DARCAN,SEÇİL ÇAPKINOĞLU,HÜSEYİN ÖKMEN,TOBB ETÜ Spor Salonu
11.11.2023,14:00,BGLK371,03. Hafta,TED ANKARA KOLEJLİLER,68 - 64,MELİKGAZİ KAYSERİ BASKETBOL,C,ANKARA,TED Üniversitesi Prof. Dr. Rüştü Yüce S.S. | ,Youtube / TBF TV,ÇELEBİ YAŞAR,İSMAİL ARSLAN,KÜRŞAT DENİZ,DİNÇER ÇERİBAŞ,MERYEM MERVE SARI,YENER SALMAN,MUSTAFA KAYA,MELİKE DENİZ BAYRAM,TED Üniversitesi Prof. Dr. Rüştü Yüce S.S.
11.11.2023,14:00,BGLK369,03. Hafta,BOTAŞ,64 - 71,ÇBK MERSİN,B,ANKARA,Yeni Botaş Spor Salonu | ,Youtube / TBF TV,ÇAĞRI TEMUR,YASİN ALKAN,BORA ÇEVİK,TAHA UMAY  UZUN,EREN UYGUN,ALPER KESEN,ELİF CAN,FİKRET MERCAN,Yeni Botaş Spor Salonu
11.11.2023,15:00,BGLK373,03. Hafta,EMLAK KONUT,64 - 38,İSTANBUL BASKETBOL FENERİ,D,İSTANBUL,Şehit Mustafa Özel Spor Kompleksi | ,Youtube / TBF TV,BEYHAN ERBİLGİN,BURAK ALACAR,ARDA NAVRUZ,EMRULLAH DAĞ,EMRECAN ÇAKIRCA,GÜLİZ KONCA ADİLLER,DİNÇER ADİLLER,YUSUF YELESDAĞ,Şehit Mustafa Özel Spor Kompleksi
11.11.2023,16:00,BGLK372,03. Hafta,GALATASARAY,91 - 69,KEPEZ BELEDİYE ANTALYA TOROSLAR,C,İSTANBUL,Ahmet Cömert Spor Salonu | ,Youtube / TBF TV,MUSA ONUR SAVAŞ,AHMET ÇAKIR,ALİ KÜÇÜKERDEM,BOĞAÇHAN ŞERBETCİOĞLU,MEHMET KAPUCU,GÜL URASLI,GÖKHAN ALTUNTAŞ,GÖKHAN BAŞARAN,Ahmet Cömert Spor Salonu
11.11.2023,17:00,BGLK370,03. Hafta,BURSA ULUDAĞ BASKETBOL,58 - 83,BEŞİKTAŞ,B,BURSA,Naim Süleymanoğlu Spor Kompleksi | ,Youtube / TBF TV,OZAN İNCE,BEKİR BOZKURT,YAVUZHAN KÜRŞAT AYDIN,GÜNAY YAYLI,FATMA SARI,BÜŞRA HEKİMOĞLU,SERKAN ILGAR,SEVDA USTA,Naim Süleymanoğlu Spor Kompleksi
12.11.2023,17:00,BGLK367,03. Hafta,FENERBAHÇE,83 - 89,ÇANKAYA ÜNİVERSİTESİ,A,İSTANBUL,Fenerbahçe Metro Enerji Spor Salonu | ,Youtube / TBF TV,KEREM ALTINTAŞ,SERDAR SEÇKİN,TALİP KOCAÖZ,ULVİ  ARIKAN,AYSEL GÜNER,PERİHAN GİZEM ÜNSAL,DİDEM ARPACI KARAGÖZ,SİNAN ERSOY,Fenerbahçe Metro Enerji Spor Salonu
12.11.2023,18:00,BGLK368,03. Hafta,ECOGREEN MERKEZEFENDİ BELEDİYESİ,79 - 60,OGM ORMANSPOR,A,DENİZLİ,Pamukkale Üniversitesi Spor Salonu | ,Youtube / TBF TV,IŞILAY ÇAPRAZ,KÜBRA GÜMÜŞ,MELİH BAĞLAR,SERMET AL,AYŞE ERİŞ,FATMA NUR DİKMEN ÇOBAN,MUHAMMET SALİH KARA,AHMET ERYÜRÜK,Pamukkale Üniversitesi Spor Salonu
16.02.2024,17:00,BGLK426,Final Grubu,TED ANKARA KOLEJLİLER,55 - 86,BOTAŞ,FİNAL GRUBU B,ANKARA,TED Üniversitesi Prof. Dr. Rüştü Yüce S.S. | ,Youtube / TBF TV,ALİ KÜÇÜKERDEM,BATUHAN ARSLAN,TAHİR EROĞLU,DENİZ ÖNER,SERKAN DOĞRUTÜRK,ALPER KESEN,AYSU İNALTUN,VEYSEL SİNAN TUNCER,TED Üniversitesi Prof. Dr. Rüştü Yüce S.S.
17.02.2024,12:30,BGLK422,Final Grubu,EMLAK KONUT,73 - 57,NESİBE AYDIN,FİNAL GRUBU A,İSTANBUL,Başakşehir Spor Kompleksi | ,Youtube / TBF TV,HÜSEYİN MERT ŞEKER,MEHMET EMİN RAŞİTOĞLU,MESUT ÇİMEN,SELİM ALAATTİN ALGÜL,REMZİ KILIÇ,MURAT SÜMER,BİROL ÖZDAL,MEHMET KAPUCU,Başakşehir Spor Kompleksi
17.02.2024,13:00,BGLK425,Final Grubu,ÇBK MERSİN,74 - 31,MELİKGAZİ KAYSERİ BASKETBOL,FİNAL GRUBU B,MERSİN,Servet Tazegül Spor Salonu | ,Youtube / TBF TV,YUNUS EMRE YILDIZ,ÜNAL ÖZDEMİR,SÜLEYMAN YILDIZ,SERKAN SU,AHMET ÖZDOĞAN,MERVE YAĞMA,SABRİ DUYGUN SAYDANOĞLU,LEVENT YORULMAZ,Servet Tazegül Spor Salonu
17.02.2024,18:00,BGLK423,Final Grubu,OGM ORMANSPOR,38 - 83,ÇANKAYA ÜNİVERSİTESİ,FİNAL GRUBU A,ANKARA,M. Sait Zarifoğlu Spor Salonu | ,Youtube / TBF TV,ÇELEBİ YAŞAR,HÜSEYİN MERİÇ ÇAKIR,NURTEN BEREKET,VELİ BURAK ÇAYGARA,FİLİZ UYGUN,BİLAL UZGÖREN,SERCAN YILDIRIM,EREN UYGUN,M. Sait Zarifoğlu Spor Salonu
19.02.2024,13:00,BGLK424,Final Grubu,GALATASARAY,66 - 54,BEŞİKTAŞ,FİNAL GRUBU B,İSTANBUL,Ahmet Cömert Spor Salonu | ,Youtube / TBF TV,METİN ÜSTER,YASİN ALKAN,BORA ÇEVİK,BEKİR GENÇAL,CANAN EROĞUL,MURAT SEVGİL,BİROL ŞİMŞEK,REMZİ KILIÇ,Ahmet Cömert Spor Salonu
19.02.2024,18:00,BGLK421,Final Grubu,FENERBAHÇE,69 - 44,ASİLADA EGE GELİŞİM,FİNAL GRUBU A,İSTANBUL,Fenerbahçe Metro Enerji Spor Salonu | ,Youtube / TBF TV,BERKE NÜFER,YAVUZHAN KÜRŞAT AYDIN,İBRAHİM DENİZ,ARAS BİLGE AKSÜYEK,OSMAN OKUDAN,YEŞİM ÖZCAN ÖZTÜRK,ALTAN CANDAN,ESER FIRIL,Fenerbahçe Metro Enerji Spor Salonu
23.04.2024,18:00,BGLK477,Playoff Çeyrek Final,BOTAŞ,49 - 54,NESİBE AYDIN,B1-A4,ANKARA,Yeni Botaş Spor Salonu | ,Youtube / TBF TV,FATİH KURT,ALİ KÜÇÜKERDEM,TAHİR EROĞLU,DERYA ANTAŞ,YURDAGÜL YALÇIN,ALİ MURAT SUNGUR,SERKAN DOĞRUTÜRK,VOLKAN DARCAN,Yeni Botaş Spor Salonu
24.11.2023,13:00,BGLK381,04. Hafta,ASİLADA EGE GELİŞİM,58 - 64,EMLAK KONUT,D,İZMİR,Halkapınar Spor Salonu | ,Youtube / TBF TV,KEREM ALTINTAŞ,HÜSEYİN CENGİZ,SÜLEYMAN YILDIRIM,MURAT MISIRLI,BEREN ÇELİKOĞLU,MESUT KARABULUT,SÜLEYMAN BARTU GÜL,ONUR BURAK,Halkapınar Spor Salonu
24.11.2023,16:00,BGLK375,04. Hafta,OGM ORMANSPOR,62 - 77,FENERBAHÇE,A,ANKARA,M. Sait Zarifoğlu Spor Salonu | ,Youtube / TBF TV,FATİH OĞUZHAN,KEMAL VURAL,KADİR BERDAN ŞEKER,NURSEN AYDIN,SELDA UZUN,FATİH DEMİRCİ,SÜMEYYE SENEKLİOĞLU,TUNCER ULUŞEKER,M. Sait Zarifoğlu Spor Salonu
24.11.2023,17:30,BGLK377,04. Hafta,BEŞİKTAŞ,39 - 63,BOTAŞ,B,İSTANBUL,BJK Emlakjet Spor Kompleksi | ,Youtube / TBF TV,MELİK KAYA,ERSEL ŞENTÜRK,AHMET YİĞİT,RAHŞAN ŞEBNEM TÜMER,NAZLI YENER,ALPKAN HACIYAKUPOĞLU,BARIŞ AKSAKAL,AYBERK PARALI,BJK Emlakjet Spor Kompleksi
25.11.2023,17:00,BGLK376,04. Hafta,ECOGREEN MERKEZEFENDİ BELEDİYESİ,78 - 85,ÇANKAYA ÜNİVERSİTESİ,A,DENİZLİ,Pamukkale Üniversitesi Spor Salonu | ,Youtube / TBF TV,NUR AKÇA,EMİN YEŞİL,DAMLA GÖRKEM AKTEKİN,BORA HAZIR,MUHAMMET SALİH KARA,MELTEM ARABACI,SELİN BAYRAM DOĞRAMACI,AYŞE ERİŞ,Pamukkale Üniversitesi Spor Salonu
26.11.2023,13:00,BGLK380,04. Hafta,GALATASARAY,67 - 62,MELİKGAZİ KAYSERİ BASKETBOL,C,İSTANBUL,Ahmet Cömert Spor Salonu | ,Youtube / TBF TV,AHMET TAYLAN ÖZTÜRK,BATUHAN AKIN,NURTEN BEREKET,TUĞBA EŞKİL,AYGÜN SEVGİL,MERVE SAĞLAM,CEYDA KAPKAÇ,GÖKHAN ALTUNTAŞ,Ahmet Cömert Spor Salonu
27.11.2023,13:00,BGLK378,04. Hafta,BURSA ULUDAĞ BASKETBOL,59 - 99,ÇBK MERSİN,B,BURSA,Tofaş Spor Salonu | ,Youtube / TBF TV,ONUR AÇIKYÜZ,HÜSEYİN MERİÇ ÇAKIR,ARDA NAVRUZ,RAMAZAN ÖYLEK,NEBİYE SALLANTI,BERNA EKBİÇ,SERKAN ILGAR,TUĞBA ÖYLEK,Tofaş Spor Salonu
27.11.2023,14:00,BGLK382,04. Hafta,NESİBE AYDIN,60 - 48,İSTANBUL BASKETBOL FENERİ,D,ANKARA,TOBB ETÜ Spor Salonu  | ,Youtube / TBF TV,MEHMET SEÇKİN ÖZTÜRK,SÜLEYMAN YILDIZ,BERKİN YÜCER,CANSIN BERK KÖSEOĞLU,SELDA UZUN,SİMAY ÇAKMAK,SÜMEYYE SENEKLİOĞLU,MELİKE DENİZ BAYRAM,TOBB ETÜ Spor Salonu
27.11.2023,18:00,BGLK379,04. Hafta,KEPEZ BELEDİYE ANTALYA TOROSLAR,48 - 58,TED ANKARA KOLEJLİLER,C,ANTALYA,Kepez Turgut Özal Spor Salonu | ,Youtube / TBF TV,SONER ÖZAYDOĞAN,FURKAN KÖSE,BEKİR BOZKURT,MERT ELMA,FATMA MAFACAN,KORAY ASAL,MELTEM YANIK,NESLİHAN SÜTLÜ,Kepez Turgut Özal Spor Salonu
23.02.2024,14:00,BGLK427,Final Grubu,ASİLADA EGE GELİŞİM,66 - 73,EMLAK KONUT,FİNAL GRUBU A,İZMİR,Serdar Yereli Spor Salonu | ,Youtube / TBF TV,SEDAT ERKOL,BATUHAN AKIN,ERSEL ŞENTÜRK,AHMET CEYHUN KARACA,DİLEK GEDİK HANGÜL,KEMAL AYPARS,BÜLENT TURAN,ÇAĞATAY KAMER VANLIOĞLU,Serdar Yereli Spor Salonu
23.02.2024,16:00,BGLK429,Final Grubu,NESİBE AYDIN,76 - 57,OGM ORMANSPOR,FİNAL GRUBU A,ANKARA,TOBB ETÜ Spor Salonu  | ,Youtube / TBF TV,ARMAN ATLI,DAMLA GÖRKEM AKTEKİN,BERKİN YÜCER,OZAN ÜSTÜN,VOLKAN DARCAN,RESUL GEÇER,MİNE MİHRİCAN KANBUR,YÜSRA BAKIRCI,TOBB ETÜ Spor Salonu
23.02.2024,18:00,BGLK431,Final Grubu,BOTAŞ,68 - 58,GALATASARAY,FİNAL GRUBU B,ANKARA,Yeni Botaş Spor Salonu | ,Youtube / TBF TV,OSMAN OZAN ÇALAP,FURKAN KÖSE,AHMET EMRE PEHLİVAN,BETÜL KARADEDE,SEDA İLTER,ALPER KESEN,SİMAY ÇAKMAK,ELİF CAN,Yeni Botaş Spor Salonu
24.02.2024,13:00,BGLK432,Final Grubu,MELİKGAZİ KAYSERİ BASKETBOL,57 - 70,TED ANKARA KOLEJLİLER,FİNAL GRUBU B,KAYSERİ,Kadir Has Kongre Merkezi Spor Salonu | ,Youtube / TBF TV,İSMAİL BAYRAM,ÜNAL ÖZDEMİR,HAKAN MENNAN,ABDULLAH ÖZSUVEREN,ALİM KILIÇ,FATMA AŞILI,ŞEVVAL SENA KARADELİ,CEREN SIDIKA DEMİR,Kadir Has Kongre Merkezi Spor Salonu
25.02.2024,16:00,BGLK428,Final Grubu,ÇANKAYA ÜNİVERSİTESİ,60 - 63,FENERBAHÇE,FİNAL GRUBU A,ANKARA,Çankaya Üniversitesi Olimpik Spor Salonu | ,Youtube / TBF TV,KAZIM KILIÇ,İLAYDA SEZAN,KEMAL VURAL,HATİCE FAZLIOĞLU ERKAN,GÜLSEREN ÇORAKLIK,ALİ MURAT SUNGUR,FATMA ÇELİK,NİHAN ÜNSAL,Çankaya Üniversitesi Olimpik Spor Salonu
26.02.2024,13:00,BGLK430,Final Grubu,BEŞİKTAŞ,58 - 63,ÇBK MERSİN,FİNAL GRUBU B,İSTANBUL,BJK Emlakjet Spor Kompleksi | ,Youtube / TBF TV,FURKAN ÜNLÜ,SAMET BİLİR,MESUT ÇİMEN,CANSU ÇAĞLAYANIRMAK,NEŞE KIRAN,ALPKAN HACIYAKUPOĞLU,GÖKHAN ALTUNTAŞ,MERVE SAĞLAM,BJK Emlakjet Spor Kompleksi
27.04.2024,15:30,BGLK479,Playoff Yarı Final,EMLAK KONUT,61 - 54,NESİBE AYDIN,Yarı Final 1,İSTANBUL,Başakşehir Spor Kompleksi | ,Youtube / TBF TV,ENES DURAN,ÜNAL ÖZDEMİR,HÜSEYİN CENGİZ,NURSEL İSLAM,BARIŞ AKSAKAL,MEHMET KAPUCU,HİLMİ CANKUT AYNAR,HALİL İBRAHİM SEVİLİR,Başakşehir Spor Kompleksi
30.04.2024,14:00,BGLK481,Playoff Yarı Final,NESİBE AYDIN,67 - 73,EMLAK KONUT,Yarı Final 2,ANKARA,TOBB ETÜ Spor Salonu  | ,Youtube / TBF TV,SÜLEYMAN TEPE,KEMAL VURAL,SERKAN İPEK,ERDEM EFE,ELİF CAN,RESUL GEÇER,VEYSEL SİNAN TUNCER,FATİH ŞEN,TOBB ETÜ Spor Salonu
30.04.2024,14:00,BGLK480,Playoff Yarı Final,FENERBAHÇE,83 - 80,ÇBK MERSİN,Yarı Final 1,İSTANBUL,Fenerbahçe Metro Enerji Spor Salonu | ,Youtube / TBF TV,SEDEF YARICI,ERSEL ŞENTÜRK,ÖZGÜR ÖZBAYİS,MELİH SABRİ KAZMAZ,UFUK CAN SARI,GÜLTEKİN KABAŞ,MURAT GÜRKAN,ALTAN CANDAN,Fenerbahçe Metro Enerji Spor Salonu
3.05.2024,14:00,BGLK482,Playoff Yarı Final,ÇBK MERSİN,72 - 62,FENERBAHÇE,Yarı Final 2,MERSİN,Servet Tazegül Spor Salonu | ,Youtube / TBF TV,EMRE YELDAŞ,HASAN HÜSEYİN DEVECİ,SÜLEYMAN YILDIZ,EMRE BÜLENT ÖĞRAŞ,TÜRKAN KEKLİK,LEVENT YORULMAZ,ABUZER BİLEN,SABAHİTTİN KAZAN,Servet Tazegül Spor Salonu
15.05.2024,14:00,BGLK483,Playoff Yarı Final,FENERBAHÇE,76 - 64,ÇBK MERSİN,Yarı Final 3,İSTANBUL,Fenerbahçe Metro Enerji Spor Salonu | ,Youtube / TBF TV,HAVVA MİRHAN ATEŞER,MEHMET EMİN RAŞİTOĞLU,MERT ENVER GERMEN,NURSEL İSLAM,ZEHRA AKAN,BEKİR BAHÇE,ECE DİKMENLİ,FATMA GÖK,Fenerbahçe Metro Enerji Spor Salonu
1.12.2023,13:00,BGLK390,05. Hafta,İSTANBUL BASKETBOL FENERİ,69 - 43,ASİLADA EGE GELİŞİM,D,İSTANBUL,İTO Yakacık Spor Salonu | ,Youtube / TBF TV,BATUHAN BARUT,KÜBRA GÜMÜŞ,MEHMET FURKAN GÜLTEN,TAYFUN AY,AYSEL GÜNER,ESER FIRIL,DİLAN SARIBULAK,MURAT GÜRKAN,İTO Yakacık Spor Salonu
2.12.2023,13:00,BGLK389,05. Hafta,EMLAK KONUT,66 - 63,NESİBE AYDIN,D,İSTANBUL,Şehit Mustafa Özel Spor Kompleksi | ,Youtube / TBF TV,ALPER CAN BOZYEL,SERDAR SEÇKİN,MUTLU AKBAŞ,ERKAN URASLI,AHSEN CANBULAT,EMRECAN ÇAKIRCA,ERMAN YÜCEL,HİLMİ CANKUT AYNAR,Şehit Mustafa Özel Spor Kompleksi
2.12.2023,14:00,BGLK387,05. Hafta,TED ANKARA KOLEJLİLER,50 - 62,GALATASARAY,C,ANKARA,TED Üniversitesi Prof. Dr. Rüştü Yüce S.S. | ,Youtube / TBF TV,AHMET KÖSE,SAMET BİLİR,TALİP KOCAÖZ,IRMAK BAŞAK KAN,MERYEM EREKER,HASAN BAŞKURT,HÜSEYİN ÖKMEN,YUNUS KAHRAMAN,TED Üniversitesi Prof. Dr. Rüştü Yüce S.S.
3.12.2023,15:00,BGLK388,05. Hafta,MELİKGAZİ KAYSERİ BASKETBOL,61 - 40,KEPEZ BELEDİYE ANTALYA TOROSLAR,C,KAYSERİ,Kadir Has Kongre Merkezi Spor Salonu | ,Youtube / TBF TV,FATİH KURT,SERKAN İPEK,MERT ENVER GERMEN,ABDULLAH ÖZSUVEREN,ENGİN AVINÇ,MELİKE ÜLKÜ,ÇİĞDEM  ÖZKAN,FATMA ÖZÇELİK,Kadir Has Kongre Merkezi Spor Salonu
3.12.2023,16:00,BGLK384,05. Hafta,ÇANKAYA ÜNİVERSİTESİ,56 - 41,OGM ORMANSPOR,A,ANKARA,Çankaya Üniversitesi Olimpik Spor Salonu | ,Youtube / TBF TV,DERYA ÇELİK,YAVUZHAN KÜRŞAT AYDIN,ALİ KÜÇÜKERDEM,BURAK TALHA DOĞAN,ÖYKÜ BÖYÜKÇAKIR,BİLAL UZGÖREN,FİKRET CAN AYDIN,SÜLEYMAN YALÇIN TORUNOĞLU,Çankaya Üniversitesi Olimpik Spor Salonu
3.12.2023,17:00,BGLK383,05. Hafta,FENERBAHÇE,74 - 56,ECOGREEN MERKEZEFENDİ BELEDİYESİ,A,İSTANBUL,Fenerbahçe Metro Enerji Spor Salonu | ,Youtube / TBF TV,SAMET TEKİN,AHMET ÇAKIR,HAKAN ÇETİN,NURSEL İSLAM,AYSEL GÜNER,EBRU ULUDOĞAN,FATMA GÖK,GÜLTEKİN KABAŞ,Fenerbahçe Metro Enerji Spor Salonu
4.12.2023,16:00,BGLK386,05. Hafta,ÇBK MERSİN,72 - 53,BEŞİKTAŞ,B,MERSİN,Servet Tazegül Spor Salonu | ,Youtube / TBF TV,FURKAN ÜNLÜ,ÜNAL ÖZDEMİR,OSMAN KINCAL,MELEK BANU MURSAL,İLKNUR DABLAN,BERK MERT,MÜCAHİT AHMED UĞUR,ABUZER BİLEN,Servet Tazegül Spor Salonu
4.12.2023,18:00,BGLK385,05. Hafta,BOTAŞ,80 - 37,BURSA ULUDAĞ BASKETBOL,B,ANKARA,Yeni Botaş Spor Salonu | ,Youtube / TBF TV,ALİ BARAK,HASAN HÜSEYİN DEVECİ,HAKAN MENNAN,OZAN ÜSTÜN,AZRA ÖZKAN,VOLKAN DARCAN,FİKRET MERCAN,ELİF CAN,Yeni Botaş Spor Salonu
28.02.2024,14:00,BGLK433,Final Grubu,ÇANKAYA ÜNİVERSİTESİ,81 - 60,ASİLADA EGE GELİŞİM,FİNAL GRUBU A,ANKARA,Çankaya Üniversitesi Olimpik Spor Salonu | ,Youtube / TBF TV,DENİZ SENİR,SÜLEYMAN YILDIZ,BORA ÇEVİK,EZEL SÜRÜCÜ,SELDA UZUN,HASAN BAŞKURT,SERKAN DOĞRUTÜRK,VOLKAN DARCAN,Çankaya Üniversitesi Olimpik Spor Salonu
28.02.2024,16:00,BGLK434,Final Grubu,OGM ORMANSPOR,33 - 80,EMLAK KONUT,FİNAL GRUBU A,ANKARA,M. Sait Zarifoğlu Spor Salonu | ,Youtube / TBF TV,BURAK ALKAN,FURKAN KÖSE,MELİH BAĞLAR,YUNUS EMRE YAVUZ,ÖYKÜ BÖYÜKÇAKIR,SİMAY ÇAKMAK,YASEMİN YILDIRIM,MİNE MİHRİCAN KANBUR,M. Sait Zarifoğlu Spor Salonu
28.02.2024,16:00,BGLK437,Final Grubu,TED ANKARA KOLEJLİLER,65 - 78,ÇBK MERSİN,FİNAL GRUBU B,ANKARA,TED Üniversitesi Prof. Dr. Rüştü Yüce S.S. | ,Youtube / TBF TV,ÇELEBİ YAŞAR,ARDA NAVRUZ,MUTLU AKBAŞ,SELAMİ KARAHANCI,ÇAĞLA AKYÜZ,MELİKE DENİZ BAYRAM,AYSU İNALTUN,YÜSRA BAKIRCI,TED Üniversitesi Prof. Dr. Rüştü Yüce S.S.
28.02.2024,17:00,BGLK435,Final Grubu,FENERBAHÇE,62 - 71,NESİBE AYDIN,FİNAL GRUBU A,İSTANBUL,Fenerbahçe Metro Enerji Spor Salonu | ,Youtube / TBF TV,BERK BÜKE,ÖZGÜR ÖZBAYİS,EMİN YEŞİL,NAZLI HİLAL KAYA,İLYAS KURTULUŞ,DİDEM ARPACI KARAGÖZ,UFUK CAN SARI,FATMA GÖK,Fenerbahçe Metro Enerji Spor Salonu
29.02.2024,14:00,BGLK438,Final Grubu,GALATASARAY,71 - 47,MELİKGAZİ KAYSERİ BASKETBOL,FİNAL GRUBU B,İSTANBUL,Şehit Mustafa Özel Spor Kompleksi | ,Youtube / TBF TV,HÜSEYİN MERT ŞEKER,YAVUZHAN KÜRŞAT AYDIN,İBRAHİM DENİZ,ARAS BİLGE AKSÜYEK,AHSEN CANBULAT,MERT İĞDELİ,GÖKHAN ALTUNTAŞ,MURAT ÖZKAN,Şehit Mustafa Özel Spor Kompleksi
21.03.2024,14:00,BGLK436,Final Grubu,BOTAŞ,58 - 31,BEŞİKTAŞ,FİNAL GRUBU B,ANKARA,Yeni Botaş Spor Salonu | ,Youtube / TBF TV,MEHMET SEÇKİN ÖZTÜRK,İLAYDA SEZAN,KEMAL VURAL,ÜMİT  ÇETİNKAYA,ESİN KALELİ,FATİH DEMİRCİ,MELİKE DENİZ BAYRAM,FİKRET MERCAN,Yeni Botaş Spor Salonu
19.05.2024,13:00,BGLK484,Playoff Final,FENERBAHÇE,65 - 50,EMLAK KONUT,Playoff Final,İSTANBUL,Sinan Erdem Spor Salonu | ,Youtube / TBF TV,İZEL DENİZ PEHLİVAN ÇAKICI,ARDA NAVRUZ,BURAK ALACAR,HASAN VOLKAN  KARA,DİLARA YEŞİLDAL,MERVE SAĞLAM,ESİN MÜEZZİNOĞLU,ŞEVVAL DİZDAR,Sinan Erdem Spor Salonu
15.12.2023,16:30,BGLK398,06. Hafta,ASİLADA EGE GELİŞİM,80 - 72,NESİBE AYDIN,D,İZMİR,Halkapınar Spor Salonu | ,Youtube / TBF TV,İREM GÖRDES,KÜRŞAT DENİZ,İSMAİL ARSLAN,DİDEM SÜER,AYŞE SELCEN ÜŞENMEZ,ERSOY TURAN,BERRİN TURAN,ERKAN TURAN,Halkapınar Spor Salonu
16.12.2023,13:00,BGLK392,06. Hafta,OGM ORMANSPOR,54 - 69,ECOGREEN MERKEZEFENDİ BELEDİYESİ,A,ANKARA,M. Sait Zarifoğlu Spor Salonu | ,Youtube / TBF TV,TARIK ENES BAŞ,AYBERK ÖZBAŞ,AHMET YİĞİT,TAHA UMAY  UZUN,SERKAN DOĞRUTÜRK,VEYSEL SİNAN TUNCER,FİKRET CAN AYDIN,SİMAY ÇAKMAK,M. Sait Zarifoğlu Spor Salonu
16.12.2023,14:00,BGLK397,06. Hafta,İSTANBUL BASKETBOL FENERİ,63 - 57,EMLAK KONUT,D,İSTANBUL,İTO Yakacık Spor Salonu | ,Youtube / TBF TV,RAMAZAN YENİ,YASİN ALKAN,AHMET EMRE PEHLİVAN,EMRULLAH DAĞ,MEHMET ALİ ATAY,MUSTAFA KEMAL PENPE,TUĞBA DURNAOĞLU,DEMET ULUCUTSOY,İTO Yakacık Spor Salonu
16.12.2023,15:00,BGLK395,06. Hafta,MELİKGAZİ KAYSERİ BASKETBOL,71 - 66,TED ANKARA KOLEJLİLER,C,KAYSERİ,Kadir Has Kongre Merkezi Spor Salonu | ,Youtube / TBF TV,TAYFUN KARAKUM,SÜLEYMAN YILDIZ,HASAN HÜSEYİN DEVECİ,MEHMET ONUR KARACA,KÜBRA NUR DALKILIÇ,KÜBRA GÜLTEKİN,FATMA AŞILI,BÜLENT TOSUN,Kadir Has Kongre Merkezi Spor Salonu
17.12.2023,15:30,BGLK391,06. Hafta,ÇANKAYA ÜNİVERSİTESİ,79 - 72,FENERBAHÇE,A,ANKARA,Çankaya Üniversitesi Olimpik Spor Salonu | ,Youtube / TBF TV,BETÜL YENİSU,ÜNAL ÖZDEMİR,OSMAN KINCAL,CANSIN BERK KÖSEOĞLU,BORA MERT KARADEMİR,BİLAL UZGÖREN,MELİKE DENİZ BAYRAM,SÜLEYMAN YALÇIN TORUNOĞLU,Çankaya Üniversitesi Olimpik Spor Salonu
17.12.2023,16:00,BGLK396,06. Hafta,KEPEZ BELEDİYE ANTALYA TOROSLAR,48 - 71,GALATASARAY,C,ANTALYA,Kepez Turgut Özal Spor Salonu | ,Youtube / TBF TV,ÖZKAN ALTINÖRS,MUTLU AKBAŞ,ÖZGÜR ÖZBAYİS,ÖZGÜR NALBANT,DEMET ÖZEN,DERYA YILDIZ,KORAY ASAL,VOLKAN YILDIZ,Kepez Turgut Özal Spor Salonu
18.12.2023,13:00,BGLK394,06. Hafta,BEŞİKTAŞ,96 - 53,BURSA ULUDAĞ BASKETBOL,B,İSTANBUL,BJK Emlakjet Spor Kompleksi | ,Youtube / TBF TV,OSMAN CAN GÜNDOĞDU,İBRAHİM DENİZ,DAMLA GÖRKEM AKTEKİN,ENES HİKMET ERMANER,AHSEN CANBULAT,GÜL URASLI,ŞERMİN NAZLIGÜL,ESİN MÜEZZİNOĞLU,BJK Emlakjet Spor Kompleksi
18.12.2023,14:00,BGLK393,06. Hafta,ÇBK MERSİN,59 - 92,BOTAŞ,B,MERSİN,Servet Tazegül Spor Salonu | ,Youtube / TBF TV,ALİ CAN YILMAZ,MEHMET FURKAN GÜLTEN,SERKAN İPEK,YALÇIN DEDE,MERVE YAĞMA,TÜRKAN KEKLİK,ERSAN EKER,BERK MERT,Servet Tazegül Spor Salonu
3.03.2024,18:30,BGLK443,Final Grubu,BOTAŞ,76 - 43,MELİKGAZİ KAYSERİ BASKETBOL,FİNAL GRUBU B,ANKARA,Yeni Botaş Spor Salonu | ,Youtube / TBF TV,HAKAN ÇETİN,TAYYİP YAVUZ,ELİF ÇELİKTEPE,Öner Özcan,AZRA ÖZKAN,SERCAN YILDIRIM,EREN UYGUN,FİLİZ UYGUN,Yeni Botaş Spor Salonu
4.03.2024,14:00,BGLK444,Final Grubu,GALATASARAY,74 - 90,ÇBK MERSİN,FİNAL GRUBU B,İSTANBUL,Ahmet Cömert Spor Salonu | ,Youtube / TBF TV,FURKAN ÜNLÜ,HÜSEYİN MERİÇ ÇAKIR,SERDAR SEÇKİN,SAVAŞ BAYRAM ERTÜRK,ŞAZİYE SİMSAR YAKIN,BİROL ŞİMŞEK,GÖKHAN ALTUNTAŞ,MURAT SEVGİL,Ahmet Cömert Spor Salonu
4.03.2024,14:00,BGLK440,Final Grubu,ÇANKAYA ÜNİVERSİTESİ,60 - 57,NESİBE AYDIN,FİNAL GRUBU A,ANKARA,Çankaya Üniversitesi Olimpik Spor Salonu | ,Youtube / TBF TV,KAAN ÖZKAN,ALİ KÜÇÜKERDEM,HASAN HÜSEYİN DEVECİ,MUSTAFA KOCAEREN,SELDA UZUN,FATMA ÇELİK,MİNE KARAMAN,SÜLEYMAN YALÇIN TORUNOĞLU,Çankaya Üniversitesi Olimpik Spor Salonu
4.03.2024,16:30,BGLK439,Final Grubu,ASİLADA EGE GELİŞİM,55 - 49,OGM ORMANSPOR,FİNAL GRUBU A,İZMİR,Halkapınar Spor Salonu | ,Youtube / TBF TV,YUNUS ÖZTÜRK,İSMAİL ARSLAN,SÜLEYMAN YILDIRIM,PELİN ÇOMAK,MEHMET AKINCI,ÇAĞATAY KAMER VANLIOĞLU,DİLEK GEDİK HANGÜL,OKAN ÇETİNBAŞ,Halkapınar Spor Salonu
4.03.2024,17:00,BGLK441,Final Grubu,FENERBAHÇE,57 - 56,EMLAK KONUT,FİNAL GRUBU A,İSTANBUL,Fenerbahçe Metro Enerji Spor Salonu | ,Youtube / TBF TV,MURAT BERK KAYA,KADİR BERDAN ŞEKER,ARDA NAVRUZ,NAZLI HİLAL KAYA,HÜSEYİN DENİZ KIZIL,BUKET ÖZDEMİR,EBRU ULUDOĞAN,ZEHRA AKAN,Fenerbahçe Metro Enerji Spor Salonu
4.03.2024,18:00,BGLK442,Final Grubu,BEŞİKTAŞ,83 - 81,TED ANKARA KOLEJLİLER,FİNAL GRUBU B,İSTANBUL,BJK Emlakjet Spor Kompleksi | ,Youtube / TBF TV,TEOMAN ALTAR AKIN,MEHMET FURKAN GÜLTEN,AHMET ÇAKIR,MELİK YİĞİT BAYINDIR,NAZLI YENER,ZAFER RİFAİ,KEREM SIRMAGİL,NEŞE KIRAN,BJK Emlakjet Spor Kompleksi
6.01.2024,15:00,BGLK400,Yükselme Grubu,BEŞİKTAŞ,73 - 41,KEPEZ BELEDİYE ANTALYA TOROSLAR,B3-C4,İSTANBUL,BJK Emlakjet Spor Kompleksi | ,Youtube / TBF TV,OZAN GÜNDÜZ,HAKAN MENNAN,TAYYİP YAVUZ,TUĞBA YURTSEVEN,SERDAR ERHAN,BURHAN DEMİR,SUDE BAŞAK,NAZLI YENER,BJK Emlakjet Spor Kompleksi
7.01.2024,15:00,BGLK399,Yükselme Grubu,ECOGREEN MERKEZEFENDİ BELEDİYESİ,43 - 63,ASİLADA EGE GELİŞİM,A3-D4,DENİZLİ,Pamukkale Üniversitesi Spor Salonu | ,Youtube / TBF TV,SALİH ACAR,TALİP KOCAÖZ,MUTLU AKBAŞ,MEHMET KANER,FATMA NUR DİKMEN ÇOBAN,MELEK ERYÜRÜK,BERKAN DELİBAŞ,AYŞE ERİŞ,Pamukkale Üniversitesi Spor Salonu
8.01.2024,14:30,BGLK401,Yükselme Grubu,İSTANBUL BASKETBOL FENERİ,73 - 61,OGM ORMANSPOR,D3-A4,İSTANBUL,İTO Yakacık Spor Salonu | ,Youtube / TBF TV,ARMAN ATLI,MERT ENVER GERMEN,AHMET ÇAKIR,SEVGİNAZ DIRAHOR,GÜLDEN KASAP DÜZGÜN,UFUK CAN SARI,ŞÜKRÜ ALOĞLU,BUKET ÖZDEMİR,İTO Yakacık Spor Salonu
8.01.2024,17:00,BGLK402,Yükselme Grubu,TED ANKARA KOLEJLİLER,90 - 53,BURSA ULUDAĞ BASKETBOL,C3-B4,ANKARA,TED Üniversitesi Prof. Dr. Rüştü Yüce S.S. | ,Youtube / TBF TV,SALİH SERKAN KOÇAK,BURAK ALACAR,EMİN YEŞİL,ÜMİT  ÇETİNKAYA,SELDA UZUN,FATİH ŞEN,YÜSRA BAKIRCI,TUNCER ULUŞEKER,TED Üniversitesi Prof. Dr. Rüştü Yüce S.S.
8.03.2024,16:00,BGLK445,Final Grubu,NESİBE AYDIN,60 - 46,ASİLADA EGE GELİŞİM,FİNAL GRUBU A,ANKARA,TOBB ETÜ Spor Salonu  | ,Youtube / TBF TV,ALİHAN CİVELEK,OSMAN KINCAL,BURAK ALACAR,MEHMET CEMİL AYÇİÇEK,SERKAN DOĞRUTÜRK,RESUL GEÇER,MİNE KARAMAN,MİNE MİHRİCAN KANBUR,TOBB ETÜ Spor Salonu
8.03.2024,18:00,BGLK447,Final Grubu,EMLAK KONUT,74 - 66,ÇANKAYA ÜNİVERSİTESİ,FİNAL GRUBU A,İSTANBUL,Başakşehir Spor Kompleksi | ,Youtube / TBF TV,EMRE EFE CİHAN,SÜLEYMAN YILDIZ,SAMET BİLİR,YAŞAR TERZİOĞLU,REMZİ KILIÇ,GÖKHAN ALTUNTAŞ,FARUK RAMOĞLU,MEHMET KAPUCU,Başakşehir Spor Kompleksi
9.03.2024,14:00,BGLK448,Final Grubu,MELİKGAZİ KAYSERİ BASKETBOL,70 - 80,BEŞİKTAŞ,FİNAL GRUBU B,KAYSERİ,Kadir Has Kongre Merkezi Spor Salonu | ,Youtube / TBF TV,BETÜL YENİSU,NURTEN BEREKET,BERKİN YÜCER,BAHA KAÇIN,KÜBRA NUR DALKILIÇ,BÜŞRA ALAN,ENGİN AVINÇ,FATMA AŞILI,Kadir Has Kongre Merkezi Spor Salonu
9.03.2024,14:00,BGLK449,Final Grubu,TED ANKARA KOLEJLİLER,84 - 69,GALATASARAY,FİNAL GRUBU B,ANKARA,TED Üniversitesi Prof. Dr. Rüştü Yüce S.S. | ,Youtube / TBF TV,SEÇKİN ŞENTÜRK,KÜBRA GÜMÜŞ,ÖZGÜR ÖZBAYİS,MERT KARAOĞLAN,ALİ SERCAN SEVER,SİBEL FAZLIOĞLU,MİNE KARAMAN,SÜLEYMAN YALÇIN TORUNOĞLU,TED Üniversitesi Prof. Dr. Rüştü Yüce S.S.
9.03.2024,14:00,BGLK446,Final Grubu,OGM ORMANSPOR,49 - 64,FENERBAHÇE,FİNAL GRUBU A,ANKARA,M. Sait Zarifoğlu Spor Salonu | ,Youtube / TBF TV,ÖZKAN ALTINÖRS,MERT ENVER GERMEN,BEKİR BOZKURT,MEHMET AKİF BALTACI,BURCU NUR KIVRAK,FUNDA KONCA,SERCAN YILDIRIM,YENER SALMAN,M. Sait Zarifoğlu Spor Salonu
28.03.2024,18:00,BGLK450,Final Grubu,ÇBK MERSİN,62 - 74,BOTAŞ,FİNAL GRUBU B,MERSİN,Edip Buran Spor Salonu | ,Youtube / TBF TV,ALİ BARAK,ARDA NAVRUZ,KÜRŞAT DENİZ,EMRE BÜLENT ÖĞRAŞ,HURİYE ERGENÇ,MELDA KÖKLÜER,SERAAY ŞİMŞEK,MERVE YAĞMA,Edip Buran Spor Salonu
12.01.2024,16:00,BGLK403,Yükselme Grubu,ASİLADA EGE GELİŞİM,73 - 62,ECOGREEN MERKEZEFENDİ BELEDİYESİ,D4-A3,İZMİR,Halkapınar Spor Salonu | ,Youtube / TBF TV,HAVVA MİRHAN ATEŞER,ÖZGÜR ÖZBAYİS,İLAYDA SEZAN,MEHMET AKİF KARAGÖZ,ERSOY TURAN,BERRİN TURAN,BÜLENT TURAN,ERKAN TURAN,Halkapınar Spor Salonu
13.01.2024,15:00,BGLK404,Yükselme Grubu,KEPEZ BELEDİYE ANTALYA TOROSLAR,57 - 56,BEŞİKTAŞ,C4-B3,ANTALYA,Kepez Turgut Özal Spor Salonu | ,Youtube / TBF TV,ANIL VEZİROĞLU,TAHİR EROĞLU,HÜSEYİN CENGİZ,ÖZGÜR NALBANT,ELAY ARICAN,KORAY ASAL,KEZİBAN KARTCA,NESLİHAN SÜTLÜ,Kepez Turgut Özal Spor Salonu
13.01.2024,18:00,BGLK406,Yükselme Grubu,BURSA ULUDAĞ BASKETBOL,50 - 73,TED ANKARA KOLEJLİLER,B4-C3,BURSA,Yıldırım Şahin Başol Spor Kompleksi | ,Youtube / TBF TV,SALİH ACAR,İSMAİL ARSLAN,SÜLEYMAN YILDIRIM,HAKAN AK,PELİN ALA,TEOMAN ÖYLEK,MELTEM UĞURLU,FATİH DURGUT,Yıldırım Şahin Başol Spor Kompleksi
13.01.2024,18:00,BGLK405,Yükselme Grubu,OGM ORMANSPOR,57 - 50,İSTANBUL BASKETBOL FENERİ,A4-D3,ANKARA,M. Sait Zarifoğlu Spor Salonu | ,Youtube / TBF TV,HASAN HÜSEYİN GÜRSES,OSMAN KINCAL,SERKAN İPEK,ERGÜN GÜNGÖR,SERKAN DOĞRUTÜRK,YASEMİN YILDIRIM,ELİF CAN,YÜSRA BAKIRCI,M. Sait Zarifoğlu Spor Salonu
16.03.2024,16:30,BGLK451,Final Grubu,ASİLADA EGE GELİŞİM,70 - 93,FENERBAHÇE,FİNAL GRUBU A,İZMİR,Serdar Yereli Spor Salonu | ,Youtube / TBF TV,SEDEF YARICI,MEHMET EMİN RAŞİTOĞLU,MELİH BAĞLAR,AHMET CEYHUN KARACA,HALİDE KAYA,OKAN ÇETİNBAŞ,ZEHRA ÖZCAN,MEHMET AKINCI,Serdar Yereli Spor Salonu
17.03.2024,18:30,BGLK456,Final Grubu,BOTAŞ,63 - 53,TED ANKARA KOLEJLİLER,FİNAL GRUBU B,ANKARA,Yeni Botaş Spor Salonu | ,Youtube / TBF TV,ERHAN ERDOĞAN,ALİ KÜÇÜKERDEM,YAVUZHAN KÜRŞAT AYDIN,ŞABAN KAYMAK,AFET ÖYKÜ KILIÇ,ALPER KESEN,FİLİZ UYGUN,EREN UYGUN,Yeni Botaş Spor Salonu
18.03.2024,14:00,BGLK453,Final Grubu,ÇANKAYA ÜNİVERSİTESİ,76 - 49,OGM ORMANSPOR,FİNAL GRUBU A,ANKARA,Çankaya Üniversitesi Olimpik Spor Salonu | ,Youtube / TBF TV,BATUHAN BARUT,KÜRŞAT DENİZ,AHMET ÇAKIR,MUHARREM KAAN YILMAZ,EREN YILDIRIM,FATİH ŞEN,MİNE MİHRİCAN KANBUR,VEFA ÇELİK,Çankaya Üniversitesi Olimpik Spor Salonu
18.03.2024,16:00,BGLK452,Final Grubu,NESİBE AYDIN,53 - 75,EMLAK KONUT,FİNAL GRUBU A,ANKARA,TOBB ETÜ Spor Salonu  | ,Youtube / TBF TV,EMRE EFE CİHAN,TAYYİP YAVUZ,SERKAN İPEK,ÖMER FARUK İLİCEPINAR,YURDAGÜL YALÇIN,RESUL GEÇER,YASEMİN YILDIRIM,SERKAN DOĞRUTÜRK,TOBB ETÜ Spor Salonu
18.03.2024,19:30,BGLK454,Final Grubu,BEŞİKTAŞ,66 - 62,GALATASARAY,FİNAL GRUBU B,İSTANBUL,BJK Emlakjet Spor Kompleksi | ,Youtube / TBF TV,CELAL GÖRMÜŞ,TALİP KOCAÖZ,MERT ENVER GERMEN,SEVGİNAZ DIRAHOR,SAMET AKYÜREK,YÜKSEL NAZLIGÜL,TUĞÇE KAYA,ŞERMİN NAZLIGÜL,BJK Emlakjet Spor Kompleksi
19.03.2024,16:00,BGLK455,Final Grubu,MELİKGAZİ KAYSERİ BASKETBOL,77 - 100,ÇBK MERSİN,FİNAL GRUBU B,KAYSERİ,Kadir Has Kongre Merkezi Spor Salonu | ,Youtube / TBF TV,OSMAN OZAN ÇALAP,EMİN YEŞİL,MEHMET FURKAN GÜLTEN,ABDULLAH ÖZSUVEREN,HAKAN ÇEKMEN,SEVİM VURAL,CEREN SIDIKA DEMİR,MERVE KILINÇ,Kadir Has Kongre Merkezi Spor Salonu
21.01.2024,12:00,BGLK407,Yükselme Grubu,BEŞİKTAŞ,69 - 36,KEPEZ BELEDİYE ANTALYA TOROSLAR,B3-C4,İSTANBUL,BJK Emlakjet Spor Kompleksi | ,Youtube / TBF TV,ERHAN ERDOĞAN,FURKAN KÖSE,HÜSEYİN MERİÇ ÇAKIR,AHMET MÜNİR GÖKMEN,ÖZLEM TUNA,MEHMET NECATİ EROĞUL,CANAN EROĞUL,MURAT ÖZKAN,BJK Emlakjet Spor Kompleksi
22.01.2024,15:00,BGLK408,Yükselme Grubu,İSTANBUL BASKETBOL FENERİ,44 - 46,OGM ORMANSPOR,D3-A4,İSTANBUL,İTO Yakacık Spor Salonu | ,Youtube / TBF TV,TAYFUN KARAKUM,EMİN YEŞİL,BATUHAN AKIN,ORHAN EFE  ÖZENÇ,SERAP BAYRAKTAR,BUKET ÖZDEMİR,DİLAN SARIBULAK,TOLGAY ÖZCAN,İTO Yakacık Spor Salonu
26.03.2024,13:30,BGLK461,Final Grubu,GALATASARAY,47 - 75,BOTAŞ,FİNAL GRUBU B,İSTANBUL,Ahmet Cömert Spor Salonu | ,Youtube / TBF TV,OĞUZHAN GÜZEL,BATUHAN AKIN,ERSEL ŞENTÜRK,ENES HİKMET ERMANER,NEŞE KIRAN,CEYDA KAPKAÇ,ELİF AKMAN DAKAK,MURAT SEVGİL,Ahmet Cömert Spor Salonu
26.03.2024,14:00,BGLK457,Final Grubu,EMLAK KONUT,74 - 53,ASİLADA EGE GELİŞİM,FİNAL GRUBU A,İSTANBUL,Başakşehir Spor Kompleksi | ,Youtube / TBF TV,NİHAT FURKAN YÜZGEÇ,HASAN HÜSEYİN DEVECİ,HAKAN MENNAN,AHMET MÜNİR GÖKMEN,YEŞİM AKAN,ERMAN YÜCEL,MEHMET KAPUCU,MERVE SAĞLAM,Başakşehir Spor Kompleksi
26.03.2024,14:00,BGLK458,Final Grubu,FENERBAHÇE,69 - 55,ÇANKAYA ÜNİVERSİTESİ,FİNAL GRUBU A,İSTANBUL,Fenerbahçe Metro Enerji Spor Salonu | ,Youtube / TBF TV,EMİRHAN SERTOĞLU,FURKAN KÖSE,MUTLU AKBAŞ,RAHŞAN ŞEBNEM TÜMER,NAZLI TUZCUOĞLU,MURAT GÜRKAN,HÜSEYİN DENİZ KIZIL,ZEHRA AKAN,Fenerbahçe Metro Enerji Spor Salonu
26.03.2024,16:00,BGLK459,Final Grubu,OGM ORMANSPOR,56 - 93,NESİBE AYDIN,FİNAL GRUBU A,ANKARA,M. Sait Zarifoğlu Spor Salonu | ,Youtube / TBF TV,ALİ CAN YILMAZ,MEHMET EMİN RAŞİTOĞLU,İLAYDA SEZAN,SELAMİ KARAHANCI,BURCU NUR KIVRAK,FATMA ÇELİK,YÜSRA BAKIRCI,MELİKE DENİZ BAYRAM,M. Sait Zarifoğlu Spor Salonu
26.03.2024,16:00,BGLK460,Final Grubu,ÇBK MERSİN,69 - 44,BEŞİKTAŞ,FİNAL GRUBU B,MERSİN,Edip Buran Spor Salonu | ,Youtube / TBF TV,DENİZ SENİR,ÜNAL ÖZDEMİR,SÜLEYMAN YILDIZ,SERKAN SU,İLKNUR DABLAN,MELDA KÖKLÜER,ERDİNÇ BOZKURT,SABRİ DUYGUN SAYDANOĞLU,Edip Buran Spor Salonu
26.03.2024,17:00,BGLK462,Final Grubu,TED ANKARA KOLEJLİLER,102 - 61,MELİKGAZİ KAYSERİ BASKETBOL,FİNAL GRUBU B,ANKARA,TED Üniversitesi Prof. Dr. Rüştü Yüce S.S. | ,Youtube / TBF TV,DEYER AKÇAY,KADİR BERDAN ŞEKER,SERKAN İPEK,SADIK ÖZTÜRK,ÇAĞLA AKYÜZ,YASEMİN YILDIRIM,BORA MERT KARADEMİR,SÜLEYMAN YALÇIN TORUNOĞLU,TED Üniversitesi Prof. Dr. Rüştü Yüce S.S.
7.04.2024,13:00,BGLK463,Final Grubu,ASİLADA EGE GELİŞİM,47 - 79,ÇANKAYA ÜNİVERSİTESİ,FİNAL GRUBU A,İZMİR,Serdar Yereli Spor Salonu | ,Youtube / TBF TV,OZAN İNCE,ELİF ÇELİKTEPE,EMİN YEŞİL,OKAN KAHRAMAN,SADIK ERGÜL,OKAN ÇETİNBAŞ,ESMA UNTUÇ,HALDUN TAŞKAVAK,Serdar Yereli Spor Salonu
7.04.2024,13:00,BGLK465,Final Grubu,NESİBE AYDIN,58 - 65,FENERBAHÇE,FİNAL GRUBU A,ANKARA,TOBB ETÜ Spor Salonu  | ,Youtube / TBF TV,ÇAĞRI TEMUR,HAKAN ÇETİN,KÜBRA GÜMÜŞ,ERDEM EFE,BURCU NUR KIVRAK,RESUL GEÇER,EREN UYGUN,FİKRET MERCAN,TOBB ETÜ Spor Salonu
7.04.2024,13:00,BGLK466,Final Grubu,BEŞİKTAŞ,50 - 66,BOTAŞ,FİNAL GRUBU B,İSTANBUL,BJK Emlakjet Spor Kompleksi | ,Youtube / TBF TV,SALİH DALMAN,ÖZGÜR ÖZBAYİS,KADİR BERDAN ŞEKER,ARAS BİLGE AKSÜYEK,CANAN EROĞUL,AHMET YILDIZ,MEHMET NECATİ EROĞUL,PINAR YÜKSEL,BJK Emlakjet Spor Kompleksi
7.04.2024,13:00,BGLK467,Final Grubu,ÇBK MERSİN,69 - 60,TED ANKARA KOLEJLİLER,FİNAL GRUBU B,MERSİN,Edip Buran Spor Salonu | ,Youtube / TBF TV,ERSEL BÜYÜKKARA,TAYYİP YAVUZ,OSMAN KINCAL,MELEK BANU MURSAL,İLKNUR DABLAN,MERVE YAĞMA,SERAAY ŞİMŞEK,SABRİ DUYGUN SAYDANOĞLU,Edip Buran Spor Salonu
7.04.2024,14:00,BGLK468,Final Grubu,MELİKGAZİ KAYSERİ BASKETBOL,55 - 83,GALATASARAY,FİNAL GRUBU B,KAYSERİ,Kadir Has Kongre Merkezi Spor Salonu | ,Youtube / TBF TV,DEYER AKÇAY,ATACAN ERCAN,TAHİR EROĞLU,MEHMET ONUR KARACA,TAMARA REYHAN,İSMAİL DULDA,ALİM KILIÇ,KÜBRA GÜLTEKİN,Kadir Has Kongre Merkezi Spor Salonu
7.04.2024,15:00,BGLK464,Final Grubu,EMLAK KONUT,85 - 64,OGM ORMANSPOR,FİNAL GRUBU A,İSTANBUL,Başakşehir Spor Kompleksi | ,Youtube / TBF TV,ALPER CAN BOZYEL,İSMAİL ARSLAN,DAMLA GÖRKEM AKTEKİN,CANSU ÇAĞLAYANIRMAK,HİLAL AKMAN,AYGÜN SEVGİL,MURAT SEVGİL,MEHMET KAPUCU,Başakşehir Spor Kompleksi
