{
  "league_acronym": "bsl",
  "league_name": "Türkiye Sigorta Basketbol Süper Ligi",
  "gender": "Erkek",
  "season": "2016-2017",
  "sponsor": "Türkiye Sigorta",
  "scraped_at": "2025-06-22T23:41:53.259352",
  "rows": 260,
  "columns": 20,
  "column_names": [
    "Tarih",
    "Saat",
    "Maç No",
    "Hafta",
    "A Takım",
    "Sonuç",
    "B Takım",
    "Grubu",
    "Şehir",
    "Salon",
    "TV",
    "Baş Hakem",
    "1. Yrd. Hakem",
    "2. Yrd. Hakem",
    "Temsilci",
    "1. Masa G.",
    "2. Masa G.",
    "3. Masa G.",
    "4. Masa G.",
    "Salon.1"
  ],
  "excel_file": "bsl_Erkek_2016-2017.xlsx",
  "csv_file": "bsl_Erkek_2016-2017.csv"
}