Tarih,Saat,Maç No,Hafta,A Takım,Sonuç,B Takım,Grubu,Şehir,Salon,TV,Baş Hakem,1. Yrd. Hakem,2. Yrd. Hakem,Temsilci,1. Masa G.,2. Masa G.,3. Masa G.,4. Masa G.,Salon.1
8.10.2016,15:00,1EA2250,01. Hafta,DEMİR İNŞAAT BÜYÜKÇEKMECE,97 - 69,TRABZONSPOR MEDICAL PARK,,İSTANBUL,Gazanfer Bilge | ,LİGTV3,MURAT  BİRİCİK,FATİH ARSLANOĞLU,MEHMET KARABİLECEN,,,,,,Gazanfer Bilge
8.10.2016,16:00,1EA2257,01. Hafta,HALK ENERJİ TED ANKARA KOLEJLİLER,51 - 93,BEŞİKTAŞ SOMPO JAPAN,,ANKARA,Ankara Spor Salonu | ,NTV SPOR,ALİ SERKAN EMLEK,İSMAİL AYDIN,ÖNDER YILMAZ,,İBRAHİM BULUT,İBRAHİM BULUT,PELİN KUZU,,Ankara Spor Salonu
8.10.2016,18:00,1EA2253,01. Hafta,PINAR KARŞIYAKA,67 - 85,BANVİT,,İZMİR,Mustafa Kemal Atatürk Karşıyaka Spor Salonu | ,LİGTV3,ZAFER YILMAZ,MEHMET SERDAR ÜNAL,KAAN BÜYÜKÇİL,,,,,,Mustafa Kemal Atatürk Karşıyaka Spor Salonu
8.10.2016,18:00,1EA2254,01. Hafta,YEŞİLGİRESUN BELEDİYESPOR,92 - 85,GAZİANTEP BASKETBOL,,GİRESUN,19 Eylül S.S. | ,Youtube / TBF TV,YENER YILMAZ,ZİYA ÖZORHON,SERHAT BÜKER,,,,,,19 Eylül S.S.
8.10.2016,19:00,1EA2252,01. Hafta,DARÜŞŞAFAKA DOĞUŞ,83 - 75,TOFAŞ,,İSTANBUL,Volkswagen Arena | ,NTV SPOR,EMİN MOĞULKOÇ,ALPER ALTUĞ KÖSELERLİ,MEHMET ŞAHİN,,,,,,Volkswagen Arena
9.10.2016,15:00,1EA2256,01. Hafta,MURATBEY UŞAK,71 - 70,FENERBAHÇE,,UŞAK,Uşak Universitesi | ,LİGTV3,AYTUĞ EKTİ,AHMET ERSAN ERGÜLER,ALPER ÖZGÖK,,,,,,Uşak Universitesi
9.10.2016,17:00,1EA2251,01. Hafta,GALATASARAY ODEABANK,81 - 72,BEST BALIKESİR,,İSTANBUL,Abdi İpekçi Spor Salonu | ,NTV SPOR,MEHMET KESERATAR,HALİL BALDEMİR,CAN MAVİSU,,,ZAFER RİFAİ,,ABDULLAH ŞEREMET,Abdi İpekçi Spor Salonu
9.10.2016,19:00,1EA2255,01. Hafta,İSTANBUL BBSK,67 - 95,ANADOLU EFES,,İSTANBUL,Cebeci Spor Salonu | ,LİGTV3,ERŞAN KARTAL,OSMAN SİNAN İŞGÜDER,HALİT CAN CİHAN,,CEYDA KAPKAÇ,,,,Cebeci Spor Salonu
15.10.2016,14:00,1EA2264,02. Hafta,BEŞİKTAŞ SOMPO JAPAN,87 - 65,MURATBEY UŞAK,,İSTANBUL,Akatlar Spor ve Kültür Kompleksi | ,LİGTV3,EMİN MOĞULKOÇ,OSMAN SİNAN İŞGÜDER,HALİT CAN CİHAN,,SEDA İŞLER,ZAFER RİFAİ,KEREM SIRMAGİL,,Akatlar Spor ve Kültür Kompleksi
15.10.2016,17:00,1EA2261,02. Hafta,GAZİANTEP BASKETBOL,73 - 75,PINAR KARŞIYAKA,,GAZİANTEP,Karataş Şahinbey Spor Salonu | ,Youtube / TBF TV,MURAT  BİRİCİK,FATİH ARSLANOĞLU,AHMET TATLICI,,MUSTAFA BODUR,EKMEL CENGİZ,PINAR ŞAHİN,ALİ DALYANOĞLU,Karataş Şahinbey Spor Salonu
15.10.2016,18:00,1EA2262,02. Hafta,TRABZONSPOR MEDICAL PARK,85 - 89,YEŞİLGİRESUN BELEDİYESPOR,,TRABZON,Hayri Gür Spor Salonu | ,Youtube / TBF TV,MEHMET KESERATAR,ALİ SERKAN EMLEK,ALPER ÖZGÖK,,,,,,Hayri Gür Spor Salonu
16.10.2016,16:00,1EA2258,02. Hafta,BEST BALIKESİR,77 - 80,DEMİR İNŞAAT BÜYÜKÇEKMECE,,BALIKESİR,Şehit Turgut Solak Spor Salonu | ,Youtube / TBF TV,YENER YILMAZ,ZİYA ÖZORHON,İBRAHİM ALTINTAŞ,,IŞIL ÖZKAN,SERHAT SANU,METİN IŞIK,MERT TELLİBAYRAKTAR,Şehit Turgut Solak Spor Salonu
16.10.2016,16:00,1EA2259,02. Hafta,TOFAŞ,80 - 82,GALATASARAY ODEABANK,,BURSA,Tofaş Spor Salonu | ,LİGTV2,AYTUĞ EKTİ,SEMİH VURAL,ÖNDER YILMAZ,,EMEL ÖZTÜRK,ZEHRA PINAR ÖZGÜR,ENES EL,OYANAZ NALBANTOĞLU,Tofaş Spor Salonu
16.10.2016,17:00,1EA2260,02. Hafta,BANVİT,93 - 88,DARÜŞŞAFAKA DOĞUŞ,,BALIKESİR,Banvit Kara Ali Acar Spor Salonu | ,NTV SPOR,ERŞAN KARTAL,ALİ ŞAKACI,KEREM BAKİ,,NESLİHAN ÇOBAN,MUSA ÇALIŞKAN,HAKAN KÜLAHLI,CANEL BOYAR,Banvit Kara Ali Acar Spor Salonu
17.10.2016,19:00,1EA2265,02. Hafta,ANADOLU EFES,109 - 60,HALK ENERJİ TED ANKARA KOLEJLİLER,,İSTANBUL,Abdi İpekçi Spor Salonu | ,LİGTV3,AHMET ERSAN ERGÜLER,MEHMET OZAN ÇAKAR,SEHER AYŞE NUR YAZICIOĞLU,,,AHMET YILDIZ,SEMRA AKDUMAN,,Abdi İpekçi Spor Salonu
17.10.2016,21:00,1EA2263,02. Hafta,FENERBAHÇE,76 - 62,İSTANBUL BBSK,,İSTANBUL,Ülker Spor ve Etkinlik Salonu | ,NTV SPOR,ZAFER YILMAZ,ÖZLEM YALMAN,CAN MAVİSU,,,MERT İĞDELİ,EBRU ULUDOĞAN,,Ülker Spor ve Etkinlik Salonu
22.10.2016,14:00,1EA2271,03. Hafta,İSTANBUL BBSK,73 - 84,BEŞİKTAŞ SOMPO JAPAN,,İSTANBUL,Cebeci Spor Salonu | ,LİGTV3,MEHMET KESERATAR,ZİYA ÖZORHON,MEHMET KARABİLECEN,,KEREM SIRMAGİL,AHMET YILDIZ,,CEYDA KAPKAÇ,Cebeci Spor Salonu
22.10.2016,16:00,1EA2269,03. Hafta,PINAR KARŞIYAKA,74 - 59,TRABZONSPOR MEDICAL PARK,,İZMİR,Mustafa Kemal Atatürk Karşıyaka Spor Salonu | ,LİGTV3,YENER YILMAZ,ALPER ALTUĞ KÖSELERLİ,ALİ ŞAKACI,,CEYDA SARICA KUZU,ASUMAN ARICAN ATAY,MERAL DURMAZ,HALE DELTA,Mustafa Kemal Atatürk Karşıyaka Spor Salonu
22.10.2016,17:00,1EA2266,03. Hafta,DEMİR İNŞAAT BÜYÜKÇEKMECE,70 - 93,TOFAŞ,,İSTANBUL,Gazanfer Bilge | ,Youtube / TBF TV,ERŞAN KARTAL,İSMAİL AYDIN,HALİL BALDEMİR,,YÜKSEL NAZLIGÜL,SEMRA AKDUMAN,YÜCEL FIRAT,MELDA ÇAKIRCA,Gazanfer Bilge
22.10.2016,19:00,1EA2268,03. Hafta,DARÜŞŞAFAKA DOĞUŞ,81 - 56,GAZİANTEP BASKETBOL,,İSTANBUL,Darüşşafaka Ayhan Şahenk Spor Salonu | ,NTV SPOR,ALİ SERKAN EMLEK,MEHMET SERDAR ÜNAL,HALİT CAN CİHAN,,HİLAL DOĞAN,SERHAT LEVENT,MERT İĞDELİ,MİHRİBAN İBEK,Darüşşafaka Ayhan Şahenk Spor Salonu
23.10.2016,16:00,1EA2272,03. Hafta,MURATBEY UŞAK,103 - 64,HALK ENERJİ TED ANKARA KOLEJLİLER,,UŞAK,Uşak Universitesi | ,Youtube / TBF TV,FATİH ARSLANOĞLU,SERHAT BÜKER,CAN MAVİSU,,DENİZ DEMİREL,,KAZIM KAĞAN ŞENTÜRK,EBRU ÇAMURCU,Uşak Universitesi
23.10.2016,17:00,1EA2273,03. Hafta,BEST BALIKESİR,77 - 94,ANADOLU EFES,,BALIKESİR,Şehit Turgut Solak Spor Salonu | ,NTV SPOR,AYTUĞ EKTİ,ÖZLEM YALMAN,ÖNDER YILMAZ,,IŞIL ÖZKAN,SERHAT SANU,METİN IŞIK,MERT TELLİBAYRAKTAR,Şehit Turgut Solak Spor Salonu
23.10.2016,17:00,1EA2267,03. Hafta,GALATASARAY ODEABANK,74 - 83,BANVİT,,İSTANBUL,Abdi İpekçi Spor Salonu | ,LİGTV3,EMİN MOĞULKOÇ,MEHMET OZAN ÇAKAR,OSMAN SİNAN İŞGÜDER,,,ZAFER RİFAİ,DİNÇER ADİLLER,SEHER KAZANÇ,Abdi İpekçi Spor Salonu
23.10.2016,19:00,1EA2270,03. Hafta,YEŞİLGİRESUN BELEDİYESPOR,61 - 72,FENERBAHÇE,,GİRESUN,19 Eylül S.S. | ,NTV SPOR,MURAT  BİRİCİK,KAAN BÜYÜKÇİL,MEHMET ŞAHİN,,YASEMİN KOCUK,AYNUR KONAR BAVUK,AZİZE BİROL,TANSEL TOPŞİR,19 Eylül S.S.
29.10.2016,16:00,1EA2279,04. Hafta,HALK ENERJİ TED ANKARA KOLEJLİLER,75 - 96,İSTANBUL BBSK,,ANKARA,Mamak Belediyesi Spor Salonu | ,Youtube / TBF TV,ALPER ALTUĞ KÖSELERLİ,HALİL BALDEMİR,KEREM BAKİ,,AKIN AYTEKİN,VEYSEL SİNAN TUNCER,GÜL DENİZ ASİLDAĞ,FATİH ŞEN,Mamak Belediyesi Spor Salonu
29.10.2016,17:00,1EA2281,04. Hafta,TOFAŞ,91 - 72,BEST BALIKESİR,,BURSA,Tofaş Spor Salonu | ,Youtube / TBF TV,MURAT  BİRİCİK,KAAN BÜYÜKÇİL,SERHAT BÜKER,,ÖZGE ÇETİN,SEVDA USTA,TUĞBA ÖYLEK,BÜŞRA HEKİMOĞLU,Tofaş Spor Salonu
29.10.2016,19:00,1EA2278,04. Hafta,BEŞİKTAŞ SOMPO JAPAN,77 - 59,YEŞİLGİRESUN BELEDİYESPOR,,İSTANBUL,Akatlar Spor ve Kültür Kompleksi | ,LİGTV3,ZAFER YILMAZ,ÖZLEM YALMAN,AHMET TATLICI,,BEGÜM SAVAŞ,ZAFER RİFAİ,AYGÜN SEVGİL,GÖZDE BEGÜM AKÜZÜM,Akatlar Spor ve Kültür Kompleksi
30.10.2016,13:00,1EA2277,04. Hafta,FENERBAHÇE,84 - 75,PINAR KARŞIYAKA,,İSTANBUL,Ülker Spor ve Etkinlik Salonu | ,LİGTV3,EMİN MOĞULKOÇ,İSMAİL AYDIN,İBRAHİM ALTINTAŞ,,SEDA İŞLER,HİLAL DOĞAN,SERHAT LEVENT,ARZU KÖRKEN,Ülker Spor ve Etkinlik Salonu
30.10.2016,16:00,1EA2274,04. Hafta,BANVİT,79 - 76,DEMİR İNŞAAT BÜYÜKÇEKMECE,,BALIKESİR,Banvit Kara Ali Acar Spor Salonu | ,Youtube / TBF TV,MEHMET KESERATAR,SEMİH VURAL,SEHER AYŞE NUR YAZICIOĞLU,,IŞIL ÖZKAN,MERT TELLİBAYRAKTAR,METİN IŞIK,SELMA YÜKSEL,Banvit Kara Ali Acar Spor Salonu
30.10.2016,19:00,1EA2276,04. Hafta,TRABZONSPOR MEDICAL PARK,71 - 83,DARÜŞŞAFAKA DOĞUŞ,,TRABZON,Hayri Gür Spor Salonu | ,LİGTV2,AHMET ERSAN ERGÜLER,MEHMET OZAN ÇAKAR,OSMAN SİNAN İŞGÜDER,,ALEYNA KİLİT,MEHMET DİNÇ,AHMET OZANER KUTAY,SEMA MISIR,Hayri Gür Spor Salonu
30.10.2016,19:00,1EA2280,04. Hafta,ANADOLU EFES,86 - 73,MURATBEY UŞAK,,İSTANBUL,Abdi İpekçi Spor Salonu | ,NTV SPOR,ALİ SERKAN EMLEK,MEHMET SERDAR ÜNAL,ALİ ŞAKACI,,CEYDA KAPKAÇ,AHMET YILDIZ,SİNEM ÜNAL,MELDA ÇAKIRCA,Abdi İpekçi Spor Salonu
31.10.2016,18:00,1EA2275,04. Hafta,GAZİANTEP BASKETBOL,72 - 79,GALATASARAY ODEABANK,,GAZİANTEP,Karataş Şahinbey Spor Salonu | ,NTV SPOR,ERŞAN KARTAL,ALPER ÖZGÖK,MEHMET KARABİLECEN,,,MUSTAFA BODUR,,,Karataş Şahinbey Spor Salonu
5.11.2016,16:00,1EA2287,05. Hafta,İSTANBUL BBSK,87 - 85,MURATBEY UŞAK,,İSTANBUL,Cebeci Spor Salonu | ,Youtube / TBF TV,MURAT  BİRİCİK,KAAN BÜYÜKÇİL,MEHMET ŞAHİN,,CEYDA KAPKAÇ,SEMRA AKDUMAN,YÜKSEL NAZLIGÜL,ŞERMİN NAZLIGÜL,Cebeci Spor Salonu
5.11.2016,16:00,1EA2285,05. Hafta,PINAR KARŞIYAKA,82 - 77,BEŞİKTAŞ SOMPO JAPAN,,İZMİR,Mustafa Kemal Atatürk Karşıyaka Spor Salonu | ,LİGTV2,AYTUĞ EKTİ,HALİL BALDEMİR,CAN MAVİSU,,SİNEM BİRTÜRK,ZÜLFÜKAR ŞENBİL,EDA NİHAN DUMAN,GÜLTEKİN DAĞDEVİREN,Mustafa Kemal Atatürk Karşıyaka Spor Salonu
5.11.2016,16:30,1EA2286,05. Hafta,YEŞİLGİRESUN BELEDİYESPOR,107 - 77,HALK ENERJİ TED ANKARA KOLEJLİLER,,GİRESUN,19 Eylül S.S. | ,Youtube / TBF TV,ERŞAN KARTAL,ALİ ŞAKACI,HALİT CAN CİHAN,,YASEMİN KOCUK,AYNUR KONAR BAVUK,AZİZE BİROL,,19 Eylül S.S.
6.11.2016,14:00,1EA2282,05. Hafta,DEMİR İNŞAAT BÜYÜKÇEKMECE,73 - 68,GAZİANTEP BASKETBOL,,İSTANBUL,Gazanfer Bilge | ,LİGTV2,EMİN MOĞULKOÇ,MEHMET OZAN ÇAKAR,ÖNDER YILMAZ,,MELDA ÇAKIRCA,KEREM SIRMAGİL,SİNEM ÜNAL,NEŞE KIRAN,Gazanfer Bilge
6.11.2016,16:00,1EA2288,05. Hafta,BEST BALIKESİR,98 - 102,BANVİT,,BALIKESİR,Şehit Turgut Solak Spor Salonu | ,Youtube / TBF TV,ALİ SERKAN EMLEK,ALPER ALTUĞ KÖSELERLİ,AHMET ERSAN ERGÜLER,,IŞIL ÖZKAN,SERHAT SANU,HAKAN KÜLAHLI,MERT TELLİBAYRAKTAR,Şehit Turgut Solak Spor Salonu
6.11.2016,17:00,1EA2283,05. Hafta,GALATASARAY ODEABANK,90 - 84,TRABZONSPOR MEDICAL PARK,,İSTANBUL,Abdi İpekçi Spor Salonu | ,NTV SPOR,MEHMET SERDAR ÜNAL,ZİYA ÖZORHON,SERHAT BÜKER,,YEŞİM ÖZCAN ÖZTÜRK,AREZU KARAKAŞ,ZAFER RİFAİ,MERVE SAĞLAM,Abdi İpekçi Spor Salonu
7.11.2016,19:00,1EA2289,05. Hafta,TOFAŞ,83 - 89,ANADOLU EFES,,BURSA,Tofaş Spor Salonu | ,NTV SPOR,YENER YILMAZ,FATİH ARSLANOĞLU,MEHMET KARABİLECEN,,ÖZGE ÇETİN,ZEHRA PINAR ÖZGÜR,ENES EL,AKIN BİLEN,Tofaş Spor Salonu
7.11.2016,21:00,1EA2284,05. Hafta,DARÜŞŞAFAKA DOĞUŞ,78 - 79,FENERBAHÇE,,İSTANBUL,Volkswagen Arena | ,LİGTV3,MEHMET KESERATAR,ALPER ÖZGÖK,SEMİH VURAL,,SEÇİL SILA KORALP,SERHAT LEVENT,MERT İĞDELİ,MİHRİBAN İBEK,Volkswagen Arena
12.11.2016,16:00,1EA2293,06. Hafta,HALK ENERJİ TED ANKARA KOLEJLİLER,78 - 84,PINAR KARŞIYAKA,,ANKARA,Ankara Spor Salonu | ,Youtube / TBF TV,ÖZLEM YALMAN,OSMAN SİNAN İŞGÜDER,MEHMET ŞAHİN,,SELİN AVNAMAK,YUSUF NADAS,HİLMİ ŞEN BULUT,,Ankara Spor Salonu
12.11.2016,16:00,1EA2294,06. Hafta,MURATBEY UŞAK,79 - 86,YEŞİLGİRESUN BELEDİYESPOR,,UŞAK,Uşak Universitesi | ,LİGTV3,AYTUĞ EKTİ,MEHMET OZAN ÇAKAR,SEHER AYŞE NUR YAZICIOĞLU,,DENİZ DEMİREL,ŞULE AKSAN,KAZIM KAĞAN ŞENTÜRK,NADİRE SEDA YILMAZ,Uşak Universitesi
12.11.2016,17:00,1EA2296,06. Hafta,GAZİANTEP BASKETBOL,88 - 80,BEST BALIKESİR,,GAZİANTEP,Karataş Şahinbey Spor Salonu | ,Youtube / TBF TV,MEHMET KESERATAR,İSMAİL AYDIN,KEREM BAKİ,,İBRAHİM HALİL UÇAN,BARIŞ ÖZGÜNEŞ,RECEP ÖZTÜRK,ALİ DALYANOĞLU,Karataş Şahinbey Spor Salonu
12.11.2016,18:00,1EA2292,06. Hafta,BEŞİKTAŞ SOMPO JAPAN,77 - 75,DARÜŞŞAFAKA DOĞUŞ,,İSTANBUL,Akatlar Spor ve Kültür Kompleksi | ,NTV SPOR,MURAT  BİRİCİK,FATİH ARSLANOĞLU,SERHAT BÜKER,,BEGÜM SAVAŞ,AREZU KARAKAŞ,KEREM SIRMAGİL,MELDA ÇAKIRCA,Akatlar Spor ve Kültür Kompleksi
12.11.2016,19:00,1EA2295,06. Hafta,TRABZONSPOR MEDICAL PARK,95 - 75,İSTANBUL BBSK,,TRABZON,Hayri Gür Spor Salonu | ,LİGTV3,EMİN MOĞULKOÇ,SEMİH VURAL,AHMET TATLICI,,ERDEM SEVİNDİK,BARLAS ÇUHADAR,MEHMET DİNÇ,ÖMER ŞENER,Hayri Gür Spor Salonu
13.11.2016,15:00,1EA2297,06. Hafta,BANVİT,84 - 82,TOFAŞ,,BALIKESİR,Banvit Kara Ali Acar Spor Salonu | ,NTV SPOR,ZAFER YILMAZ,MEHMET SERDAR ÜNAL,İBRAHİM ALTINTAŞ,,IŞIL ÖZKAN,NESLİHAN ÇOBAN,METİN IŞIK,MAHMUT DEMİR,Banvit Kara Ali Acar Spor Salonu
13.11.2016,17:00,1EA2290,06. Hafta,ANADOLU EFES,98 - 74,DEMİR İNŞAAT BÜYÜKÇEKMECE,,İSTANBUL,Abdi İpekçi Spor Salonu | ,LİGTV2,ALPER ALTUĞ KÖSELERLİ,KAAN BÜYÜKÇİL,ZİYA ÖZORHON,,CEYDA KAPKAÇ,AHMET YILDIZ,ALPER LAÇİNKAYA,ERMAN YÜCEL,Abdi İpekçi Spor Salonu
13.11.2016,19:00,1EA2291,06. Hafta,FENERBAHÇE,92 - 74,GALATASARAY ODEABANK,,İSTANBUL,Ülker Spor ve Etkinlik Salonu | ,LİGTV3,ALİ SERKAN EMLEK,YENER YILMAZ,ALİ ŞAKACI,,SEDA İŞLER,SERHAT LEVENT,MERT İĞDELİ,SERENAY NEŞE,Ülker Spor ve Etkinlik Salonu
19.11.2016,16:00,1EA2303,07. Hafta,BEST BALIKESİR,69 - 76,TRABZONSPOR MEDICAL PARK,,BALIKESİR,Şehit Turgut Solak Spor Salonu | ,LİGTV2,FATİH ARSLANOĞLU,ALPER ÖZGÖK,MEHMET KARABİLECEN,,GAMZE ATİLA,MERT TELLİBAYRAKTAR,METİN IŞIK,NESLİHAN ÇOBAN,Şehit Turgut Solak Spor Salonu
19.11.2016,17:00,1EA2304,07. Hafta,TOFAŞ,72 - 87,GAZİANTEP BASKETBOL,,BURSA,Tofaş Spor Salonu | ,Youtube / TBF TV,ALİ SERKAN EMLEK,ALİ ŞAKACI,SEHER AYŞE NUR YAZICIOĞLU,,EMEL ÖZTÜRK,SEVDA USTA,AKIN BİLEN,BÜŞRA HEKİMOĞLU,Tofaş Spor Salonu
19.11.2016,17:30,1EA2302,07. Hafta,YEŞİLGİRESUN BELEDİYESPOR,82 - 67,İSTANBUL BBSK,,GİRESUN,19 Eylül S.S. | ,Youtube / TBF TV,YENER YILMAZ,MEHMET SERDAR ÜNAL,ÖNDER YILMAZ,,YASEMİN KOCUK,AYNUR KONAR BAVUK,TANSEL TOPŞİR,EMİNE YAZAR,19 Eylül S.S.
19.11.2016,18:00,1EA2301,07. Hafta,PINAR KARŞIYAKA,85 - 75,MURATBEY UŞAK,,İZMİR,Mustafa Kemal Atatürk Karşıyaka Spor Salonu | ,NTV SPOR,MEHMET KESERATAR,ZİYA ÖZORHON,AHMET TATLICI,,BERRİN TURAN,MUSTAFA VEFA GEZ,ŞAHİN ŞANLI,METİN CAN BİLİR,Mustafa Kemal Atatürk Karşıyaka Spor Salonu
20.11.2016,13:00,1EA2298,07. Hafta,DEMİR İNŞAAT BÜYÜKÇEKMECE,60 - 80,FENERBAHÇE,,İSTANBUL,Gazanfer Bilge | ,NTV SPOR,ERŞAN KARTAL,OSMAN SİNAN İŞGÜDER,HALİT CAN CİHAN,,CEYDA KAPKAÇ,SEMRA AKDUMAN,KEREM SIRMAGİL,SİNEM ÜNAL,Gazanfer Bilge
20.11.2016,16:00,1EA2305,07. Hafta,BANVİT,69 - 68,ANADOLU EFES,,BALIKESİR,Banvit Kara Ali Acar Spor Salonu | ,LİGTV3,MURAT  BİRİCİK,İSMAİL AYDIN,CAN MAVİSU,,METİN IŞIK,MERT TELLİBAYRAKTAR,HAKAN KÜLAHLI,MUSA ÇALIŞKAN,Banvit Kara Ali Acar Spor Salonu
21.11.2016,18:00,1EA2300,07. Hafta,DARÜŞŞAFAKA DOĞUŞ,71 - 62,HALK ENERJİ TED ANKARA KOLEJLİLER,,İSTANBUL,Darüşşafaka Ayhan Şahenk Spor Salonu | ,NTV SPOR,ZAFER YILMAZ,HALİL BALDEMİR,KAAN BÜYÜKÇİL,,SEÇİL SILA KORALP,AHMET YILDIZ,SERHAT LEVENT,GÜLŞAH ÇEBİ,Darüşşafaka Ayhan Şahenk Spor Salonu
21.11.2016,20:00,1EA2299,07. Hafta,GALATASARAY ODEABANK,84 - 78,BEŞİKTAŞ SOMPO JAPAN,,İSTANBUL,Abdi İpekçi Spor Salonu | ,LİGTV3,EMİN MOĞULKOÇ,ALPER ALTUĞ KÖSELERLİ,AHMET ERSAN ERGÜLER,,ESER FIRIL,ZAFER RİFAİ,ALİ MALÇOK,SEDA İŞLER,Abdi İpekçi Spor Salonu
26.11.2016,14:00,1EA2306,08. Hafta,BEŞİKTAŞ SOMPO JAPAN,87 - 81,DEMİR İNŞAAT BÜYÜKÇEKMECE,,İSTANBUL,Akatlar Spor ve Kültür Kompleksi | ,NTV SPOR,YENER YILMAZ,MEHMET SERDAR ÜNAL,MEHMET KARABİLECEN,,BEGÜM SAVAŞ,DİNÇER ADİLLER,AYTEK CÖMERT,GÖZDE BEGÜM AKÜZÜM,Akatlar Spor ve Kültür Kompleksi
26.11.2016,16:00,1EA2309,08. Hafta,İSTANBUL BBSK,79 - 72,PINAR KARŞIYAKA,,İSTANBUL,Cebeci Spor Salonu | ,Youtube / TBF TV,ALİ SERKAN EMLEK,ALİ ŞAKACI,KEREM BAKİ,,CEYDA KAPKAÇ,ZAFER RİFAİ,YÜCEL FIRAT,SELEN TALAZER,Cebeci Spor Salonu
26.11.2016,17:00,1EA2313,08. Hafta,GAZİANTEP BASKETBOL,69 - 60,BANVİT,,GAZİANTEP,Karataş Şahinbey Spor Salonu | ,Youtube / TBF TV,FATİH ARSLANOĞLU,ALPER ÖZGÖK,SERHAT BÜKER,,PINAR ŞAHİN,MUSTAFA BODUR,MUSTAFA TANER ÖZÇELİK,EKMEL CENGİZ,Karataş Şahinbey Spor Salonu
26.11.2016,18:00,1EA2312,08. Hafta,TRABZONSPOR MEDICAL PARK,86 - 80,TOFAŞ,,TRABZON,Hayri Gür Spor Salonu | ,Youtube / TBF TV,MURAT  BİRİCİK,ÖZLEM YALMAN,ZİYA ÖZORHON,,ALEYNA KİLİT,MEHMET DİNÇ,ÖMER ŞENER,SEMA MISIR,Hayri Gür Spor Salonu
27.11.2016,13:00,1EA2311,08. Hafta,FENERBAHÇE,91 - 57,BEST BALIKESİR,,İSTANBUL,Ülker Spor ve Etkinlik Salonu | ,LİGTV3,ZAFER YILMAZ,MEHMET OZAN ÇAKAR,SEHER AYŞE NUR YAZICIOĞLU,,ESER FIRIL,SERHAT LEVENT,PERİHAN GİZEM ÜNSAL,MUSTAFA BURAK SİNOPLUOĞLU,Ülker Spor ve Etkinlik Salonu
27.11.2016,16:00,1EA2307,08. Hafta,HALK ENERJİ TED ANKARA KOLEJLİLER,67 - 92,GALATASARAY ODEABANK,,ANKARA,Ankara Spor Salonu | ,LİGTV2,MEHMET KESERATAR,SEMİH VURAL,AHMET TATLICI,,HİKMET NİSA YILDIZ,PELİN KUZU,MEHMET AKİF CUMHURLU,,Ankara Spor Salonu
27.11.2016,19:00,1EA2310,08. Hafta,ANADOLU EFES,82 - 75,YEŞİLGİRESUN BELEDİYESPOR,,İSTANBUL,Abdi İpekçi Spor Salonu | ,LİGTV2,EMİN MOĞULKOÇ,AHMET ERSAN ERGÜLER,MEHMET ŞAHİN,,YEŞİM ÖZCAN ÖZTÜRK,AHMET YILDIZ,ZAFER RİFAİ,SAMET AKYÜREK,Abdi İpekçi Spor Salonu
28.11.2016,18:00,1EA2308,08. Hafta,MURATBEY UŞAK,65 - 90,DARÜŞŞAFAKA DOĞUŞ,,UŞAK,Uşak Universitesi | ,NTV SPOR,ERŞAN KARTAL,İSMAİL AYDIN,ALPER ALTUĞ KÖSELERLİ,,DENİZ DEMİREL,ŞULE AKSAN,KAZIM KAĞAN ŞENTÜRK,ALİCAN KAYA,Uşak Universitesi
3.12.2016,15:00,1EA2318,09. Hafta,BEST BALIKESİR,75 - 91,BEŞİKTAŞ SOMPO JAPAN,,BALIKESİR,Şehit Turgut Solak Spor Salonu | ,NTV SPOR,ALİ SERKAN EMLEK,ALİ ŞAKACI,MEHMET ŞAHİN,,MUSA ÇALIŞKAN,IŞIL ÖZKAN,HAKAN KÜLAHLI,CANEL BOYAR,Şehit Turgut Solak Spor Salonu
3.12.2016,17:00,1EA2317,09. Hafta,PINAR KARŞIYAKA,80 - 58,YEŞİLGİRESUN BELEDİYESPOR,,İZMİR,Mustafa Kemal Atatürk Karşıyaka Spor Salonu | ,LİGTV2,FATİH ARSLANOĞLU,SEMİH VURAL,MEHMET KARABİLECEN,,CEYDA SARICA KUZU,ÖMER DURSUN,GÜLÇİN AKIN,GÜLTEKİN DAĞDEVİREN,Mustafa Kemal Atatürk Karşıyaka Spor Salonu
3.12.2016,17:00,1EA2314,09. Hafta,DEMİR İNŞAAT BÜYÜKÇEKMECE,85 - 67,HALK ENERJİ TED ANKARA KOLEJLİLER,,İSTANBUL,Gazanfer Bilge | ,Youtube / TBF TV,AHMET ERSAN ERGÜLER,ALPER ÖZGÖK,SEHER AYŞE NUR YAZICIOĞLU,,SELEN TALAZER,SEMRA AKDUMAN,YÜCEL FIRAT,MELDA ÇAKIRCA,Gazanfer Bilge
4.12.2016,14:00,1EA2321,09. Hafta,GAZİANTEP BASKETBOL,70 - 75,ANADOLU EFES,,GAZİANTEP,Karataş Şahinbey Spor Salonu | ,LİGTV3,ZAFER YILMAZ,HALİL BALDEMİR,HALİT CAN CİHAN,,PINAR ŞAHİN,MUSTAFA BODUR,MUSTAFA TANER ÖZÇELİK,EKMEL CENGİZ,Karataş Şahinbey Spor Salonu
4.12.2016,16:00,1EA2320,09. Hafta,BANVİT,89 - 58,TRABZONSPOR MEDICAL PARK,,BALIKESİR,Banvit Kara Ali Acar Spor Salonu | ,Youtube / TBF TV,YENER YILMAZ,KAAN BÜYÜKÇİL,ÖNDER YILMAZ,,GAMZE ATİLA,MERT TELLİBAYRAKTAR,METİN IŞIK,SERHAT SANU,Banvit Kara Ali Acar Spor Salonu
4.12.2016,17:00,1EA2319,09. Hafta,TOFAŞ,81 - 72,FENERBAHÇE,,BURSA,Tofaş Spor Salonu | ,NTV SPOR,MEHMET KESERATAR,ALPER ALTUĞ KÖSELERLİ,KEREM BAKİ,,ÖZGE ÇETİN,ZEHRA PINAR ÖZGÜR,ENES EL,ABDULLAH KURT,Tofaş Spor Salonu
4.12.2016,20:00,1EA2315,09. Hafta,GALATASARAY ODEABANK,83 - 73,MURATBEY UŞAK,,İSTANBUL,Abdi İpekçi Spor Salonu | ,LİGTV3,MURAT  BİRİCİK,OSMAN SİNAN İŞGÜDER,İBRAHİM ALTINTAŞ,,YEŞİM ÖZCAN ÖZTÜRK,AHMET YILDIZ,ALPER LAÇİNKAYA,MERVE SAĞLAM,Abdi İpekçi Spor Salonu
5.12.2016,18:00,1EA2316,09. Hafta,DARÜŞŞAFAKA DOĞUŞ,82 - 50,İSTANBUL BBSK,,İSTANBUL,Darüşşafaka Ayhan Şahenk Spor Salonu | ,NTV SPOR,AYTUĞ EKTİ,ÖZLEM YALMAN,CAN MAVİSU,,GÜLŞAH ÇEBİ,SERHAT LEVENT,ZAFER RİFAİ,ŞERMİN NAZLIGÜL,Darüşşafaka Ayhan Şahenk Spor Salonu
10.12.2016,14:00,1EA2327,10. Hafta,BEŞİKTAŞ SOMPO JAPAN,76 - 63,TOFAŞ,,İSTANBUL,Akatlar Spor ve Kültür Kompleksi | ,LİGTV2,AHMET ERSAN ERGÜLER,MEHMET OZAN ÇAKAR,ALPER ÖZGÖK,,BEGÜM SAVAŞ,KEREM SIRMAGİL,YEŞİM ÖZCAN ÖZTÜRK,DİNÇER ADİLLER,Akatlar Spor ve Kültür Kompleksi
10.12.2016,16:00,1EA2326,10. Hafta,HALK ENERJİ TED ANKARA KOLEJLİLER,69 - 82,BEST BALIKESİR,,ANKARA,Ankara Spor Salonu | ,Youtube / TBF TV,İSMAİL AYDIN,MEHMET SERDAR ÜNAL,HALİT CAN CİHAN,,EZGİ HAN,SİBEL DÖRTKOL CANLI,SERKAN ÇADIR,CESARİ EMRE YILDIRIM,Ankara Spor Salonu
10.12.2016,17:00,1EA2329,10. Hafta,TRABZONSPOR MEDICAL PARK,86 - 70,GAZİANTEP BASKETBOL,,TRABZON,Hayri Gür Spor Salonu | ,Youtube / TBF TV,ALPER ALTUĞ KÖSELERLİ,OSMAN SİNAN İŞGÜDER,CAN MAVİSU,,ALEYNA KİLİT,BARLAS ÇUHADAR,AHMET OZANER KUTAY,ERDEM SEVİNDİK,Hayri Gür Spor Salonu
11.12.2016,13:00,1EA2328,10. Hafta,FENERBAHÇE,76 - 71,BANVİT,,İSTANBUL,Ülker Spor ve Etkinlik Salonu | ,LİGTV3,AYTUĞ EKTİ,HALİL BALDEMİR,AHMET TATLICI,,GİZEM OFLUOĞLU KARAARSLAN,ESER FIRIL,PERİHAN GİZEM ÜNSAL,SEDA İŞLER,Ülker Spor ve Etkinlik Salonu
11.12.2016,16:00,1EA2322,10. Hafta,MURATBEY UŞAK,76 - 71,DEMİR İNŞAAT BÜYÜKÇEKMECE,,UŞAK,Uşak Universitesi | ,Youtube / TBF TV,EMİN MOĞULKOÇ,ÖZLEM YALMAN,KEREM BAKİ,,DENİZ DEMİREL,ŞULE AKSAN,NADİRE SEDA YILMAZ,KAZIM KAĞAN ŞENTÜRK,Uşak Universitesi
11.12.2016,19:00,1EA2325,10. Hafta,ANADOLU EFES,96 - 70,PINAR KARŞIYAKA,,İSTANBUL,Abdi İpekçi Spor Salonu | ,NTV SPOR,YENER YILMAZ,ÖNDER YILMAZ,SERHAT BÜKER,,CEYDA KAPKAÇ,MERT İĞDELİ,AHMET YILDIZ,MİHRİBAN İBEK,Abdi İpekçi Spor Salonu
12.12.2016,18:00,1EA2324,10. Hafta,YEŞİLGİRESUN BELEDİYESPOR,61 - 80,DARÜŞŞAFAKA DOĞUŞ,,GİRESUN,19 Eylül S.S. | ,LİGTV3,MURAT  BİRİCİK,ZİYA ÖZORHON,İBRAHİM ALTINTAŞ,,YASEMİN KOCUK,TANSEL TOPŞİR,AZİZE BİROL,EMİNE YAZAR,19 Eylül S.S.
12.12.2016,19:00,1EA2323,10. Hafta,İSTANBUL BBSK,71 - 61,GALATASARAY ODEABANK,,İSTANBUL,Cebeci Spor Salonu | ,NTV SPOR,FATİH ARSLANOĞLU,KAAN BÜYÜKÇİL,MEHMET KARABİLECEN,,MERVE SAĞLAM,ZAFER RİFAİ,SEMRA AKDUMAN,ERMAN YÜCEL,Cebeci Spor Salonu
17.12.2016,16:00,1EA2335,11. Hafta,BANVİT,69 - 80,BEŞİKTAŞ SOMPO JAPAN,,BALIKESİR,Banvit Kara Ali Acar Spor Salonu | ,LİGTV2,MEHMET KESERATAR,ÖZLEM YALMAN,OSMAN SİNAN İŞGÜDER,,MUSA ÇALIŞKAN,IŞIL ÖZKAN,HAKAN KÜLAHLI,NESLİHAN ÇOBAN,Banvit Kara Ali Acar Spor Salonu
17.12.2016,17:00,1EA2330,11. Hafta,DEMİR İNŞAAT BÜYÜKÇEKMECE,99 - 79,İSTANBUL BBSK,,İSTANBUL,Gazanfer Bilge | ,Youtube / TBF TV,ZAFER YILMAZ,İSMAİL AYDIN,SERHAT BÜKER,,SEMRA AKDUMAN,MERVE SAĞLAM,YUSUF YELESDAĞ,ŞERMİN NAZLIGÜL,Gazanfer Bilge
17.12.2016,17:00,1EA2334,11. Hafta,TOFAŞ,104 - 77,HALK ENERJİ TED ANKARA KOLEJLİLER,,BURSA,Tofaş Spor Salonu | ,Youtube / TBF TV,EMİN MOĞULKOÇ,ÖNDER YILMAZ,MEHMET KARABİLECEN,,OYANAZ NALBANTOĞLU,SEVDA USTA,TUĞBA ÖYLEK,YASEMİN AKTAN,Tofaş Spor Salonu
18.12.2016,13:00,1EA2337,11. Hafta,TRABZONSPOR MEDICAL PARK,77 - 78,ANADOLU EFES,,TRABZON,Hayri Gür Spor Salonu | ,NTV SPOR,AYTUĞ EKTİ,ALİ ŞAKACI,AHMET TATLICI,,,,,,Hayri Gür Spor Salonu
18.12.2016,15:00,1EA2331,11. Hafta,GALATASARAY ODEABANK,80 - 74,YEŞİLGİRESUN BELEDİYESPOR,,İSTANBUL,Abdi İpekçi Spor Salonu | ,NTV SPOR,ALİ SERKAN EMLEK,ALPER ALTUĞ KÖSELERLİ,CAN MAVİSU,,YEŞİM ÖZCAN ÖZTÜRK,AHMET YILDIZ,DİNÇER ADİLLER,YÜKSEL NAZLIGÜL,Abdi İpekçi Spor Salonu
18.12.2016,16:00,1EA2332,11. Hafta,DARÜŞŞAFAKA DOĞUŞ,87 - 74,PINAR KARŞIYAKA,,İSTANBUL,Volkswagen Arena | ,LİGTV2,MEHMET SERDAR ÜNAL,KAAN BÜYÜKÇİL,SEHER AYŞE NUR YAZICIOĞLU,,SEÇİL SILA KORALP,SERHAT LEVENT,MERT İĞDELİ,AYTEK CÖMERT,Volkswagen Arena
18.12.2016,16:00,1EA2333,11. Hafta,BEST BALIKESİR,75 - 78,MURATBEY UŞAK,,BALIKESİR,Şehit Turgut Solak Spor Salonu | ,Youtube / TBF TV,AHMET ERSAN ERGÜLER,HALİL BALDEMİR,SEMİH VURAL,,GAMZE ATİLA,MERT TELLİBAYRAKTAR,METİN IŞIK,IŞIL ÖZKAN,Şehit Turgut Solak Spor Salonu
18.12.2016,18:00,1EA2336,11. Hafta,GAZİANTEP BASKETBOL,98 - 102,FENERBAHÇE,,GAZİANTEP,Karataş Şahinbey Spor Salonu | ,LİGTV3,MURAT  BİRİCİK,ZİYA ÖZORHON,MEHMET ŞAHİN,,PINAR ŞAHİN,MUSTAFA BODUR,MUSTAFA TANER ÖZÇELİK,EKMEL CENGİZ,Karataş Şahinbey Spor Salonu
24.12.2016,14:00,1EA2344,12. Hafta,BEŞİKTAŞ SOMPO JAPAN,67 - 60,GAZİANTEP BASKETBOL,,İSTANBUL,Akatlar Spor ve Kültür Kompleksi | ,NTV SPOR,FATİH ARSLANOĞLU,MEHMET KARABİLECEN,İBRAHİM ALTINTAŞ,,MELDA ÇAKIRCA,KEREM SIRMAGİL,DİNÇER ADİLLER,ŞERMİN NAZLIGÜL,Akatlar Spor ve Kültür Kompleksi
24.12.2016,15:00,1EA2341,12. Hafta,İSTANBUL BBSK,80 - 75,BEST BALIKESİR,,İSTANBUL,Cebeci Spor Salonu | ,LİGTV3,EMİN MOĞULKOÇ,MEHMET OZAN ÇAKAR,AHMET TATLICI,,YÜKSEL NAZLIGÜL,AHMET YILDIZ,YUSUF YELESDAĞ,YÜCEL FIRAT,Cebeci Spor Salonu
24.12.2016,16:00,1EA2343,12. Hafta,HALK ENERJİ TED ANKARA KOLEJLİLER,76 - 99,BANVİT,,ANKARA,Ankara Spor Salonu | ,Youtube / TBF TV,MURAT  BİRİCİK,ZİYA ÖZORHON,KEREM BAKİ,,RESUL GEÇER,ERHAN ALKEVLİ,FUNDA KONCA,SERDAR KARAGÜÇ,Ankara Spor Salonu
24.12.2016,17:30,1EA2338,12. Hafta,YEŞİLGİRESUN BELEDİYESPOR,100 - 72,DEMİR İNŞAAT BÜYÜKÇEKMECE,,GİRESUN,19 Eylül S.S. | ,Youtube / TBF TV,KAAN BÜYÜKÇİL,OSMAN SİNAN İŞGÜDER,ÖNDER YILMAZ,,EMİNE YAZAR,AYNUR KONAR BAVUK,AZİZE BİROL,TANSEL TOPŞİR,19 Eylül S.S.
25.12.2016,16:00,1EA2342,12. Hafta,MURATBEY UŞAK,74 - 98,TOFAŞ,,UŞAK,Uşak Universitesi | ,Youtube / TBF TV,YENER YILMAZ,ALİ ŞAKACI,SERHAT BÜKER,,DENİZ DEMİREL,ŞULE AKSAN,KAZIM KAĞAN ŞENTÜRK,ALİCAN KAYA,Uşak Universitesi
25.12.2016,17:00,1EA2339,12. Hafta,PINAR KARŞIYAKA,78 - 72,GALATASARAY ODEABANK,,İZMİR,Mustafa Kemal Atatürk Karşıyaka Spor Salonu | ,LİGTV3,ZAFER YILMAZ,ÖZLEM YALMAN,HALİT CAN CİHAN,,SİNEM BİRTÜRK,MESUT KARABULUT,ŞAHİN ŞANLI,METİN CAN BİLİR,Mustafa Kemal Atatürk Karşıyaka Spor Salonu
25.12.2016,19:00,1EA2345,12. Hafta,FENERBAHÇE,98 - 78,TRABZONSPOR MEDICAL PARK,,İSTANBUL,Ülker Spor ve Etkinlik Salonu | ,NTV SPOR,MEHMET SERDAR ÜNAL,ALPER ÖZGÖK,SEHER AYŞE NUR YAZICIOĞLU,,GİZEM OFLUOĞLU KARAARSLAN,SERHAT LEVENT,MERT İĞDELİ,GÜLŞAH ÇEBİ,Ülker Spor ve Etkinlik Salonu
26.12.2016,19:00,1EA2340,12. Hafta,ANADOLU EFES,78 - 72,DARÜŞŞAFAKA DOĞUŞ,,İSTANBUL,Abdi İpekçi Spor Salonu | ,LİGTV3,MEHMET KESERATAR,İSMAİL AYDIN,MEHMET ŞAHİN,,SEMRA AKDUMAN,ZAFER RİFAİ,KEREM SIRMAGİL,YÜKSEL NAZLIGÜL,Abdi İpekçi Spor Salonu
30.12.2016,17:30,1EA2351,13. Hafta,GAZİANTEP BASKETBOL,93 - 69,HALK ENERJİ TED ANKARA KOLEJLİLER,,GAZİANTEP,Karataş Şahinbey Spor Salonu | ,Youtube / TBF TV,ÖZLEM YALMAN,MEHMET OZAN ÇAKAR,ALİ ŞAKACI,,ALİ DALYANOĞLU,MUSTAFA BODUR,MUSTAFA TANER ÖZÇELİK,EKMEL CENGİZ,Karataş Şahinbey Spor Salonu
30.12.2016,19:00,1EA2348,13. Hafta,BEST BALIKESİR,81 - 76,YEŞİLGİRESUN BELEDİYESPOR,,BALIKESİR,Şehit Turgut Solak Spor Salonu | ,Youtube / TBF TV,AYTUĞ EKTİ,FATİH ARSLANOĞLU,MEHMET SERDAR ÜNAL,,METİN IŞIK,MERT TELLİBAYRAKTAR,HAKAN KÜLAHLI,IŞIL ÖZKAN,Şehit Turgut Solak Spor Salonu
30.12.2016,19:30,1EA2349,13. Hafta,TOFAŞ,86 - 81,İSTANBUL BBSK,,BURSA,Tofaş Spor Salonu | ,Youtube / TBF TV,MEHMET KESERATAR,HALİL BALDEMİR,SEHER AYŞE NUR YAZICIOĞLU,,ÖZGE ÇETİN,ZEHRA PINAR ÖZGÜR,AKIN BİLEN,EMEL ÖZTÜRK,Tofaş Spor Salonu
31.12.2016,15:00,1EA2350,13. Hafta,BANVİT,82 - 72,MURATBEY UŞAK,,BALIKESİR,Banvit Kara Ali Acar Spor Salonu | ,LİGTV3,ZAFER YILMAZ,İSMAİL AYDIN,MEHMET KARABİLECEN,,MUSA ÇALIŞKAN,GAMZE ATİLA,HAKAN KÜLAHLI,SERHAT SANU,Banvit Kara Ali Acar Spor Salonu
31.12.2016,15:00,1EA2346,13. Hafta,DEMİR İNŞAAT BÜYÜKÇEKMECE,72 - 68,PINAR KARŞIYAKA,,İSTANBUL,Gazanfer Bilge | ,NTV SPOR,ALİ SERKAN EMLEK,ALPER ALTUĞ KÖSELERLİ,ALPER ÖZGÖK,,MERVE SAĞLAM,,YÜCEL FIRAT,SEMRA AKDUMAN,Gazanfer Bilge
31.12.2016,17:00,1EA2352,13. Hafta,TRABZONSPOR MEDICAL PARK,90 - 91,BEŞİKTAŞ SOMPO JAPAN,,TRABZON,Hayri Gür Spor Salonu | ,LİGTV2,MURAT  BİRİCİK,KAAN BÜYÜKÇİL,HALİT CAN CİHAN,,MEHMET DİNÇ,BARLAS ÇUHADAR,AHMET OZANER KUTAY,,Hayri Gür Spor Salonu
2.01.2017,19:00,1EA2353,13. Hafta,FENERBAHÇE,81 - 75,ANADOLU EFES,,İSTANBUL,Ülker Spor ve Etkinlik Salonu | ,LİGTV3,EMİN MOĞULKOÇ,OSMAN SİNAN İŞGÜDER,CAN MAVİSU,,ESER FIRIL,SERHAT LEVENT,KEREM SIRMAGİL,EBRU ULUDOĞAN,Ülker Spor ve Etkinlik Salonu
2.01.2017,21:00,1EA2347,13. Hafta,GALATASARAY ODEABANK,72 - 87,DARÜŞŞAFAKA DOĞUŞ,,İSTANBUL,Abdi İpekçi Spor Salonu | ,NTV SPOR,YENER YILMAZ,AHMET ERSAN ERGÜLER,ÖNDER YILMAZ,,AREZU KARAKAŞ,AHMET YILDIZ,ALİ MALÇOK,CEYDA KAPKAÇ,Abdi İpekçi Spor Salonu
7.01.2017,16:00,1EA2360,14. Hafta,HALK ENERJİ TED ANKARA KOLEJLİLER,75 - 87,TRABZONSPOR MEDICAL PARK,,ANKARA,Ankara Spor Salonu | ,Youtube / TBF TV,YENER YILMAZ,ALPER ALTUĞ KÖSELERLİ,İBRAHİM ALTINTAŞ,,AKIN AYTEKİN,VEYSEL SİNAN TUNCER,TUNCER ULUŞEKER,BÜŞRA AYDIN,Ankara Spor Salonu
7.01.2017,16:00,1EA2358,14. Hafta,İSTANBUL BBSK,100 - 95,BANVİT,,İSTANBUL,Cebeci Spor Salonu | ,NTV SPOR,ALİ SERKAN EMLEK,MEHMET SERDAR ÜNAL,MEHMET ŞAHİN,,SELEN TALAZER,MERT İĞDELİ,DİNÇER ADİLLER,AYTEK CÖMERT,Cebeci Spor Salonu
7.01.2017,17:30,1EA2357,14. Hafta,YEŞİLGİRESUN BELEDİYESPOR,84 - 79,TOFAŞ,,GİRESUN,19 Eylül S.S. | ,Youtube / TBF TV,ZAFER YILMAZ,İSMAİL AYDIN,KEREM BAKİ,,YASEMİN KOCUK,AYNUR KONAR BAVUK,AZİZE BİROL,TANSEL TOPŞİR,19 Eylül S.S.
7.01.2017,18:00,1EA2356,14. Hafta,PINAR KARŞIYAKA,80 - 69,BEST BALIKESİR,,İZMİR,Mustafa Kemal Atatürk Karşıyaka Spor Salonu | ,LİGTV3,MEHMET KESERATAR,OSMAN SİNAN İŞGÜDER,SERHAT BÜKER,,GÖZDE ONAN,ZÜLFÜKAR ŞENBİL,MERAL DURMAZ,İRFAN TEMELLİ,Mustafa Kemal Atatürk Karşıyaka Spor Salonu
8.01.2017,15:30,1EA2354,14. Hafta,DARÜŞŞAFAKA DOĞUŞ,97 - 75,DEMİR İNŞAAT BÜYÜKÇEKMECE,,İSTANBUL,Volkswagen Arena | ,LİGTV3,EMİN MOĞULKOÇ,ZİYA ÖZORHON,AHMET TATLICI,,SEÇİL SILA KORALP,SERHAT LEVENT,GİZEM OFLUOĞLU KARAARSLAN,PERİHAN GİZEM ÜNSAL,Volkswagen Arena
8.01.2017,16:00,1EA2359,14. Hafta,MURATBEY UŞAK,82 - 87,GAZİANTEP BASKETBOL,,UŞAK,Uşak Universitesi | ,Youtube / TBF TV,AYTUĞ EKTİ,KAAN BÜYÜKÇİL,SEHER AYŞE NUR YAZICIOĞLU,,DENİZ DEMİREL,ŞULE AKSAN,KAZIM KAĞAN ŞENTÜRK,NADİRE SEDA YILMAZ,Uşak Universitesi
8.01.2017,18:00,1EA2355,14. Hafta,ANADOLU EFES,80 - 77,GALATASARAY ODEABANK,,İSTANBUL,Abdi İpekçi Spor Salonu | ,LİGTV3,MURAT  BİRİCİK,FATİH ARSLANOĞLU,ALPER ÖZGÖK,,YÜKSEL NAZLIGÜL,ALİ MALÇOK,KEREM SIRMAGİL,MERVE SAĞLAM,Abdi İpekçi Spor Salonu
8.01.2017,20:30,1EA2361,14. Hafta,BEŞİKTAŞ SOMPO JAPAN,76 - 79,FENERBAHÇE,,İSTANBUL,Akatlar Spor ve Kültür Kompleksi | ,NTV SPOR,AHMET ERSAN ERGÜLER,MEHMET OZAN ÇAKAR,ALİ ŞAKACI,,BEGÜM SAVAŞ,MERT İĞDELİ,DİNÇER ADİLLER,ESER FIRIL,Akatlar Spor ve Kültür Kompleksi
21.01.2017,16:00,1EA2364,15. Hafta,TOFAŞ,80 - 86,PINAR KARŞIYAKA,,BURSA,Tofaş Spor Salonu | ,beINSports HD 3,MURAT  BİRİCİK,ZİYA ÖZORHON,CAN MAVİSU,,ZEYNEP  SERBEST,SEVDA USTA,ENES EL,OYANAZ NALBANTOĞLU,Tofaş Spor Salonu
21.01.2017,17:00,1EA2366,15. Hafta,GAZİANTEP BASKETBOL,62 - 61,İSTANBUL BBSK,,GAZİANTEP,Karataş Şahinbey Spor Salonu | ,Youtube / TBF TV,YENER YILMAZ,AHMET ERSAN ERGÜLER,SEMİH VURAL,,HASAN MESUT DEMİR,MUSTAFA BODUR,PINAR ŞAHİN,EKMEL CENGİZ,Karataş Şahinbey Spor Salonu
21.01.2017,17:00,1EA2368,15. Hafta,FENERBAHÇE,89 - 76,HALK ENERJİ TED ANKARA KOLEJLİLER,,İSTANBUL,Ülker Spor ve Etkinlik Salonu | ,NTV SPOR,FATİH ARSLANOĞLU,KAAN BÜYÜKÇİL,SERHAT BÜKER,,BEGÜM SAVAŞ,SERHAT LEVENT,PERİHAN GİZEM ÜNSAL,BİRGÜL KALE,Ülker Spor ve Etkinlik Salonu
21.01.2017,18:00,1EA2367,15. Hafta,TRABZONSPOR MEDICAL PARK,101 - 105,MURATBEY UŞAK,,TRABZON,Hayri Gür Spor Salonu | ,Youtube / TBF TV,MEHMET KESERATAR,ÖZLEM YALMAN,ÖNDER YILMAZ,,,BARLAS ÇUHADAR,ÖMER ŞENER,MEHMET DİNÇ,Hayri Gür Spor Salonu
22.01.2017,16:00,1EA2365,15. Hafta,BANVİT,91 - 71,YEŞİLGİRESUN BELEDİYESPOR,,BALIKESİR,Banvit Kara Ali Acar Spor Salonu | ,Youtube / TBF TV,EMİN MOĞULKOÇ,HALİL BALDEMİR,HALİT CAN CİHAN,,ÇAĞLA USLUCA,MERT TELLİBAYRAKTAR,METİN IŞIK,CANEL BOYAR,Banvit Kara Ali Acar Spor Salonu
22.01.2017,16:30,1EA2369,15. Hafta,BEŞİKTAŞ SOMPO JAPAN,83 - 93,ANADOLU EFES,,İSTANBUL,Akatlar Spor ve Kültür Kompleksi | ,beINSports2,ALİ SERKAN EMLEK,ALPER ALTUĞ KÖSELERLİ,MEHMET SERDAR ÜNAL,,KEREM SIRMAGİL,MERT İĞDELİ,DİNÇER ADİLLER,ERMAN YÜCEL,Akatlar Spor ve Kültür Kompleksi
22.01.2017,19:00,1EA2362,15. Hafta,DEMİR İNŞAAT BÜYÜKÇEKMECE,71 - 90,GALATASARAY ODEABANK,,İSTANBUL,Gazanfer Bilge | ,beINSports2,AYTUĞ EKTİ,MEHMET OZAN ÇAKAR,ALİ ŞAKACI,,MERVE SAĞLAM,SEMRA AKDUMAN,YÜCEL FIRAT,SAMET AKYÜREK,Gazanfer Bilge
22.01.2017,19:00,1EA2363,15. Hafta,BEST BALIKESİR,85 - 86,DARÜŞŞAFAKA DOĞUŞ,,BALIKESİR,Şehit Turgut Solak Spor Salonu | ,NTV SPOR,ZAFER YILMAZ,ALPER ÖZGÖK,MEHMET KARABİLECEN,,GAMZE ATİLA,SERHAT SANU,HAKAN KÜLAHLI,IŞIL ÖZKAN,Şehit Turgut Solak Spor Salonu
28.01.2017,15:30,1EA2377,16. Hafta,BEŞİKTAŞ SOMPO JAPAN,93 - 52,HALK ENERJİ TED ANKARA KOLEJLİLER,,İSTANBUL,Akatlar Spor ve Kültür Kompleksi | ,NTV SPOR,AYTUĞ EKTİ,İSMAİL AYDIN,AHMET TATLICI,,ZAFER RİFAİ,ALPER LAÇİNKAYA,DİNÇER ADİLLER,YÜKSEL NAZLIGÜL,Akatlar Spor ve Kültür Kompleksi
28.01.2017,17:00,1EA2374,16. Hafta,GAZİANTEP BASKETBOL,78 - 71,YEŞİLGİRESUN BELEDİYESPOR,,GAZİANTEP,Karataş Şahinbey Spor Salonu | ,Youtube / TBF TV,MEHMET KESERATAR,ALPER ÖZGÖK,İBRAHİM ALTINTAŞ,,HASAN MESUT DEMİR,ALİ DALYANOĞLU,MUSTAFA BODUR,BARIŞ ÖZGÜNEŞ,Karataş Şahinbey Spor Salonu
28.01.2017,18:00,1EA2370,16. Hafta,TRABZONSPOR MEDICAL PARK,83 - 75,DEMİR İNŞAAT BÜYÜKÇEKMECE,,TRABZON,Hayri Gür Spor Salonu | ,Youtube / TBF TV,AHMET ERSAN ERGÜLER,MEHMET SERDAR ÜNAL,MEHMET ŞAHİN,,MEHMET DİNÇ,BARLAS ÇUHADAR,ÖMER ŞENER,AHMET OZANER KUTAY,Hayri Gür Spor Salonu
29.01.2017,13:00,1EA2376,16. Hafta,FENERBAHÇE,98 - 89,MURATBEY UŞAK,,İSTANBUL,Ülker Spor ve Etkinlik Salonu | ,beINSports HD 3,MURAT  BİRİCİK,HALİL BALDEMİR,MEHMET KARABİLECEN,,BEGÜM SAVAŞ,SERHAT LEVENT,PERİHAN GİZEM ÜNSAL,AREZU KARAKAŞ,Ülker Spor ve Etkinlik Salonu
29.01.2017,16:00,1EA2371,16. Hafta,BEST BALIKESİR,72 - 78,GALATASARAY ODEABANK,,BALIKESİR,Şehit Turgut Solak Spor Salonu | ,beINSports HD 3,EMİN MOĞULKOÇ,KAAN BÜYÜKÇİL,KEREM BAKİ,,GAMZE ATİLA,MERT TELLİBAYRAKTAR,METİN IŞIK,CANEL BOYAR,Şehit Turgut Solak Spor Salonu
29.01.2017,19:00,1EA2373,16. Hafta,BANVİT,104 - 109,PINAR KARŞIYAKA,,BALIKESİR,Banvit Kara Ali Acar Spor Salonu | ,NTV SPOR,YENER YILMAZ,FATİH ARSLANOĞLU,SEHER AYŞE NUR YAZICIOĞLU,,ÇAĞLA USLUCA,IŞIL ÖZKAN,HAKAN KÜLAHLI,OGÜN KURTULUŞ,Banvit Kara Ali Acar Spor Salonu
30.01.2017,19:00,1EA2372,16. Hafta,TOFAŞ,83 - 66,DARÜŞŞAFAKA DOĞUŞ,,BURSA,Tofaş Spor Salonu | ,NTV SPOR,ALİ SERKAN EMLEK,SEMİH VURAL,OSMAN SİNAN İŞGÜDER,,YASEMİN AKTAN,ZEHRA PINAR ÖZGÜR,AKIN BİLEN,BÜŞRA CİN,Tofaş Spor Salonu
30.01.2017,20:00,1EA2375,16. Hafta,ANADOLU EFES,106 - 67,İSTANBUL BBSK,,İSTANBUL,Abdi İpekçi Spor Salonu | ,beINSports HD 3,ZAFER YILMAZ,ZİYA ÖZORHON,SERHAT BÜKER,,ŞERMİN NAZLIGÜL,AHMET YILDIZ,CEYDA KAPKAÇ,MİHRİBAN İBEK,Abdi İpekçi Spor Salonu
4.02.2017,16:00,1EA2384,17. Hafta,MURATBEY UŞAK,66 - 84,BEŞİKTAŞ SOMPO JAPAN,,UŞAK,Uşak Universitesi | ,beINSports HD 3,YENER YILMAZ,OSMAN SİNAN İŞGÜDER,SERHAT BÜKER,,DENİZ DEMİREL,ŞULE AKSAN,KAZIM KAĞAN ŞENTÜRK,ALİCAN KAYA,Uşak Universitesi
4.02.2017,17:00,1EA2378,17. Hafta,DEMİR İNŞAAT BÜYÜKÇEKMECE,92 - 100,BEST BALIKESİR,,İSTANBUL,Gazanfer Bilge | ,Youtube / TBF TV,ALİ SERKAN EMLEK,ALPER ALTUĞ KÖSELERLİ,CAN MAVİSU,,SELEN TALAZER,SEMRA AKDUMAN,YÜCEL FIRAT,ERMAN YÜCEL,Gazanfer Bilge
4.02.2017,18:00,1EA2381,17. Hafta,PINAR KARŞIYAKA,79 - 92,GAZİANTEP BASKETBOL,,İZMİR,Mustafa Kemal Atatürk Karşıyaka Spor Salonu | ,Youtube / TBF TV,EMİN MOĞULKOÇ,HALİL BALDEMİR,AHMET TATLICI,,ÖMER DURSUN,EDA NİHAN DUMAN,MESUT KARABULUT,PINAR EĞRİLMEZ,Mustafa Kemal Atatürk Karşıyaka Spor Salonu
4.02.2017,18:30,1EA2382,17. Hafta,YEŞİLGİRESUN BELEDİYESPOR,81 - 80,TRABZONSPOR MEDICAL PARK,,GİRESUN,19 Eylül S.S. | ,beINSports HD 3,MURAT  BİRİCİK,ZİYA ÖZORHON,MEHMET OZAN ÇAKAR,,YASEMİN KOCUK,EMİNE YAZAR,AZİZE BİROL,,19 Eylül S.S.
5.02.2017,15:30,1EA2383,17. Hafta,İSTANBUL BBSK,69 - 76,FENERBAHÇE,,İSTANBUL,Cebeci Spor Salonu | ,NTV SPOR,İSMAİL AYDIN,ALPER ÖZGÖK,ÖNDER YILMAZ,,MELDA ÇAKIRCA,ZAFER RİFAİ,ŞERMİN NAZLIGÜL,YÜKSEL NAZLIGÜL,Cebeci Spor Salonu
5.02.2017,16:00,1EA2385,17. Hafta,HALK ENERJİ TED ANKARA KOLEJLİLER,72 - 74,ANADOLU EFES,,ANKARA,Ankara Spor Salonu | ,beINSports HD 3,ÖZLEM YALMAN,SEMİH VURAL,ALİ ŞAKACI,,SEMANUR GÜVEN,ERHAN ALKEVLİ,VEYSEL SİNAN TUNCER,SERDAR KARAGÜÇ,Ankara Spor Salonu
5.02.2017,18:00,1EA2380,17. Hafta,DARÜŞŞAFAKA DOĞUŞ,70 - 76,BANVİT,,İSTANBUL,Volkswagen Arena | ,NTV SPOR,AYTUĞ EKTİ,AHMET ERSAN ERGÜLER,KAAN BÜYÜKÇİL,,KEREM SIRMAGİL,DİNÇER ADİLLER,ALPER LAÇİNKAYA,MERVE SAĞLAM,Volkswagen Arena
6.02.2017,20:00,1EA2379,17. Hafta,GALATASARAY ODEABANK,82 - 73,TOFAŞ,,İSTANBUL,Abdi İpekçi Spor Salonu | ,beINSports HD 3,MEHMET KESERATAR,MEHMET SERDAR ÜNAL,HALİT CAN CİHAN,,AYŞE SERVER SEZER,AHMET YILDIZ,MİHRİBAN İBEK,OSMAN AŞIK,Abdi İpekçi Spor Salonu
11.02.2017,14:00,1EA2391,18. Hafta,BEŞİKTAŞ SOMPO JAPAN,86 - 73,İSTANBUL BBSK,,İSTANBUL,Akatlar Spor ve Kültür Kompleksi | ,beINSports HD 3,MEHMET KESERATAR,ALİ ŞAKACI,İBRAHİM ALTINTAŞ,,ŞAZİYE SİMSAR YAKIN,ALPER LAÇİNKAYA,ERMAN YÜCEL,ŞERMİN NAZLIGÜL,Akatlar Spor ve Kültür Kompleksi
11.02.2017,16:00,1EA2392,18. Hafta,HALK ENERJİ TED ANKARA KOLEJLİLER,90 - 84,MURATBEY UŞAK,,ANKARA,Ankara Spor Salonu | ,Youtube / TBF TV,EMİN MOĞULKOÇ,MEHMET SERDAR ÜNAL,KEREM BAKİ,,SELİN AVNAMAK,YUSUF NADAS,PELİN KUZU,HÜSEYİN MURAT EKİM,Ankara Spor Salonu
11.02.2017,17:00,1EA2386,18. Hafta,TOFAŞ,73 - 69,DEMİR İNŞAAT BÜYÜKÇEKMECE,,BURSA,Tofaş Spor Salonu | ,Youtube / TBF TV,YENER YILMAZ,FATİH ARSLANOĞLU,ÖNDER YILMAZ,,ŞAFAK IRMAK SARAÇOĞLU,SEVDA USTA,TUĞBA ÖYLEK,YASEMİN AKTAN,Tofaş Spor Salonu
11.02.2017,18:00,1EA2389,18. Hafta,TRABZONSPOR MEDICAL PARK,78 - 74,PINAR KARŞIYAKA,,TRABZON,Hayri Gür Spor Salonu | ,Youtube / TBF TV,İSMAİL AYDIN,KAAN BÜYÜKÇİL,MEHMET KARABİLECEN,,MEHMET DİNÇ,BARLAS ÇUHADAR,AHMET OZANER KUTAY,RECEP TOPALAK,Hayri Gür Spor Salonu
12.02.2017,17:00,1EA2393,18. Hafta,ANADOLU EFES,95 - 67,BEST BALIKESİR,,İSTANBUL,Abdi İpekçi Spor Salonu | ,NTV SPOR,AYTUĞ EKTİ,AHMET ERSAN ERGÜLER,SEHER AYŞE NUR YAZICIOĞLU,,CEYDA KAPKAÇ,AHMET YILDIZ,YÜKSEL NAZLIGÜL,ZAFER RİFAİ,Abdi İpekçi Spor Salonu
12.02.2017,19:00,1EA2390,18. Hafta,FENERBAHÇE,76 - 65,YEŞİLGİRESUN BELEDİYESPOR,,İSTANBUL,Ülker Spor ve Etkinlik Salonu | ,NTV SPOR,ALİ SERKAN EMLEK,SEMİH VURAL,MEHMET ŞAHİN,,DEMET ULUCUTSOY,EBRU ULUDOĞAN,SERHAT LEVENT,SEÇİL SILA KORALP,Ülker Spor ve Etkinlik Salonu
13.02.2017,18:00,1EA2388,18. Hafta,GAZİANTEP BASKETBOL,85 - 89,DARÜŞŞAFAKA DOĞUŞ,,GAZİANTEP,Karataş Şahinbey Spor Salonu | ,beINSports HD 3,ÖZLEM YALMAN,ALPER ALTUĞ KÖSELERLİ,CAN MAVİSU,,HASAN MESUT DEMİR,MUSTAFA BODUR,PINAR ŞAHİN,EKMEL CENGİZ,Karataş Şahinbey Spor Salonu
13.02.2017,20:00,1EA2387,18. Hafta,BANVİT,79 - 64,GALATASARAY ODEABANK,,BALIKESİR,Banvit Kara Ali Acar Spor Salonu | ,beINSports HD 3,MURAT  BİRİCİK,ZAFER YILMAZ,OSMAN SİNAN İŞGÜDER,,GAMZE ATİLA,MERT TELLİBAYRAKTAR,METİN IŞIK,IŞIL ÖZKAN,Banvit Kara Ali Acar Spor Salonu
25.02.2017,16:00,1EA2398,19. Hafta,YEŞİLGİRESUN BELEDİYESPOR,62 - 82,BEŞİKTAŞ SOMPO JAPAN,,GİRESUN,19 Eylül S.S. | ,beINSports HD 3,ZAFER YILMAZ,AHMET ERSAN ERGÜLER,ÖNDER YILMAZ,,YASEMİN KOCUK,AYNUR KONAR BAVUK,TANSEL TOPŞİR,EMİNE YAZAR,19 Eylül S.S.
25.02.2017,16:00,1EA2399,19. Hafta,İSTANBUL BBSK,100 - 81,HALK ENERJİ TED ANKARA KOLEJLİLER,,İSTANBUL,Cebeci Spor Salonu | ,Youtube / TBF TV,ALİ SERKAN EMLEK,OSMAN SİNAN İŞGÜDER,HALİT CAN CİHAN,,MERVE SAĞLAM,YUSUF YELESDAĞ,ŞERMİN NAZLIGÜL,YÜKSEL NAZLIGÜL,Cebeci Spor Salonu
25.02.2017,17:00,1EA2394,19. Hafta,DEMİR İNŞAAT BÜYÜKÇEKMECE,65 - 89,BANVİT,,İSTANBUL,Gazanfer Bilge | ,Youtube / TBF TV,MEHMET KESERATAR,ALPER ÖZGÖK,MEHMET KARABİLECEN,,SELEN TALAZER,EMRECAN ÇAKIRCA,YÜCEL FIRAT,EMRAH RİFAİ,Gazanfer Bilge
25.02.2017,18:00,1EA2401,19. Hafta,BEST BALIKESİR,81 - 86,TOFAŞ,,BALIKESİR,Şehit Turgut Solak Spor Salonu | ,Youtube / TBF TV,EMİN MOĞULKOÇ,İSMAİL AYDIN,AHMET TATLICI,,GAMZE ATİLA,MERT TELLİBAYRAKTAR,METİN IŞIK,MUSA ÇALIŞKAN,Şehit Turgut Solak Spor Salonu
26.02.2017,16:00,1EA2397,19. Hafta,PINAR KARŞIYAKA,73 - 85,FENERBAHÇE,,İZMİR,Mustafa Kemal Atatürk Karşıyaka Spor Salonu | ,beINSports HD 3,AYTUĞ EKTİ,ALPER ALTUĞ KÖSELERLİ,MEHMET SERDAR ÜNAL,,YELİZ SEZEN,İRFAN TEMELLİ,GÜLTEKİN DAĞDEVİREN,ZÜLFÜKAR ŞENBİL,Mustafa Kemal Atatürk Karşıyaka Spor Salonu
26.02.2017,18:00,1EA2395,19. Hafta,GALATASARAY ODEABANK,66 - 79,GAZİANTEP BASKETBOL,,İSTANBUL,Abdi İpekçi Spor Salonu | ,NTV SPOR,FATİH ARSLANOĞLU,SEMİH VURAL,MEHMET ŞAHİN,,AYŞE SERVER SEZER,AHMET YILDIZ,DİNÇER ADİLLER,OSMAN AŞIK,Abdi İpekçi Spor Salonu
27.02.2017,18:00,1EA2400,19. Hafta,MURATBEY UŞAK,78 - 80,ANADOLU EFES,,UŞAK,Uşak Universitesi | ,beINSports HD 3,MURAT  BİRİCİK,MEHMET OZAN ÇAKAR,KAAN BÜYÜKÇİL,,DENİZ DEMİREL,ŞULE AKSAN,ALİCAN KAYA,EBRU ÇAMURCU,Uşak Universitesi
27.02.2017,20:00,1EA2396,19. Hafta,DARÜŞŞAFAKA DOĞUŞ,82 - 79,TRABZONSPOR MEDICAL PARK,,İSTANBUL,Volkswagen Arena | ,NTV SPOR,YENER YILMAZ,HALİL BALDEMİR,SERHAT BÜKER,,MERVE SAĞLAM,ALPER LAÇİNKAYA,KEREM SIRMAGİL,MERT İĞDELİ,Volkswagen Arena
4.03.2017,14:00,1EA2405,20. Hafta,BEŞİKTAŞ SOMPO JAPAN,86 - 81,PINAR KARŞIYAKA,,İSTANBUL,Akatlar Spor ve Kültür Kompleksi | ,beINSports HD 3,FATİH ARSLANOĞLU,ZİYA ÖZORHON,KEREM BAKİ,,ALPER LAÇİNKAYA,KEREM SIRMAGİL,YÜKSEL NAZLIGÜL,ŞERMİN NAZLIGÜL,Akatlar Spor ve Kültür Kompleksi
4.03.2017,15:00,1EA2406,20. Hafta,HALK ENERJİ TED ANKARA KOLEJLİLER,90 - 78,YEŞİLGİRESUN BELEDİYESPOR,,ANKARA,TOBB ETÜ Spor Salonu  | ,Youtube / TBF TV,MEHMET KESERATAR,KAAN BÜYÜKÇİL,CAN MAVİSU,,SAHRA ÇOKER,RESUL GEÇER,NİLAY ERCAN,YUNUS KAHRAMAN,TOBB ETÜ Spor Salonu
4.03.2017,16:00,1EA2408,20. Hafta,BANVİT,79 - 73,BEST BALIKESİR,,BALIKESİR,Banvit Kara Ali Acar Spor Salonu | ,Youtube / TBF TV,YENER YILMAZ,ÖZLEM YALMAN,ALİ ŞAKACI,,GAMZE ATİLA,MERT TELLİBAYRAKTAR,METİN IŞIK,SERHAT SANU,Banvit Kara Ali Acar Spor Salonu
4.03.2017,17:00,1EA2402,20. Hafta,GAZİANTEP BASKETBOL,78 - 67,DEMİR İNŞAAT BÜYÜKÇEKMECE,,GAZİANTEP,Karataş Şahinbey Spor Salonu | ,Youtube / TBF TV,AYTUĞ EKTİ,İSMAİL AYDIN,HALİT CAN CİHAN,,BARIŞ ÖZGÜNEŞ,RECEP ÖZTÜRK,MUSTAFA BODUR,EKMEL CENGİZ,Karataş Şahinbey Spor Salonu
5.03.2017,15:00,1EA2407,20. Hafta,MURATBEY UŞAK,80 - 68,İSTANBUL BBSK,,UŞAK,Uşak Universitesi | ,beINSports HD 3,ZAFER YILMAZ,ALPER ALTUĞ KÖSELERLİ,AHMET TATLICI,,DENİZ DEMİREL,ŞULE AKSAN,KAZIM KAĞAN ŞENTÜRK,NADİRE SEDA YILMAZ,Uşak Universitesi
5.03.2017,18:00,1EA2403,20. Hafta,TRABZONSPOR MEDICAL PARK,73 - 80,GALATASARAY ODEABANK,,TRABZON,Hayri Gür Spor Salonu | ,NTV SPOR,AHMET ERSAN ERGÜLER,MEHMET SERDAR ÜNAL,SEHER AYŞE NUR YAZICIOĞLU,,CANER HANCI,MEHMET DİNÇ,AHMET OZANER KUTAY,GÖKSU SELİN ODACI,Hayri Gür Spor Salonu
6.03.2017,18:30,1EA2409,20. Hafta,ANADOLU EFES,81 - 58,TOFAŞ,,İSTANBUL,Abdi İpekçi Spor Salonu | ,NTV SPOR,ALİ SERKAN EMLEK,HALİL BALDEMİR,İBRAHİM ALTINTAŞ,,CEYDA KAPKAÇ,MERT İĞDELİ,OSMAN AŞIK,SENA MUSLU,Abdi İpekçi Spor Salonu
6.03.2017,20:30,1EA2404,20. Hafta,FENERBAHÇE,79 - 76,DARÜŞŞAFAKA DOĞUŞ,,İSTANBUL,Ülker Spor ve Etkinlik Salonu | ,beINSports HD 3,EMİN MOĞULKOÇ,MEHMET OZAN ÇAKAR,OSMAN SİNAN İŞGÜDER,,ESER FIRIL,SERHAT LEVENT,SEDA İŞLER,EBRU ULUDOĞAN,Ülker Spor ve Etkinlik Salonu
11.03.2017,16:00,1EA2417,21. Hafta,TOFAŞ,88 - 83,BANVİT,,BURSA,Tofaş Spor Salonu | ,beINSports HD 3,AHMET ERSAN ERGÜLER,ALPER ALTUĞ KÖSELERLİ,MEHMET OZAN ÇAKAR,,OYANAZ NALBANTOĞLU,ZEHRA PINAR ÖZGÜR,ENES EL,AKIN BİLEN,Tofaş Spor Salonu
11.03.2017,17:00,1EA2413,21. Hafta,PINAR KARŞIYAKA,84 - 80,HALK ENERJİ TED ANKARA KOLEJLİLER,,İZMİR,Mustafa Kemal Atatürk Karşıyaka Spor Salonu | ,Youtube / TBF TV,YENER YILMAZ,ÖNDER YILMAZ,SERHAT BÜKER,,BERRİN TURAN,ÖMER DURSUN,GÜLÇİN AKIN,CEYDA SARICA KUZU,Mustafa Kemal Atatürk Karşıyaka Spor Salonu
11.03.2017,17:30,1EA2414,21. Hafta,YEŞİLGİRESUN BELEDİYESPOR,109 - 100,MURATBEY UŞAK,,GİRESUN,19 Eylül S.S. | ,Youtube / TBF TV,AYTUĞ EKTİ,HALİL BALDEMİR,SEHER AYŞE NUR YAZICIOĞLU,,EMİNE YAZAR,TANSEL TOPŞİR,AZİZE BİROL,ŞADUMAN AKTAŞ,19 Eylül S.S.
11.03.2017,18:00,1EA2416,21. Hafta,BEST BALIKESİR,78 - 71,GAZİANTEP BASKETBOL,,BALIKESİR,Şehit Turgut Solak Spor Salonu | ,Youtube / TBF TV,MURAT  BİRİCİK,ZİYA ÖZORHON,CAN MAVİSU,,EYLEM KAYA,MERT TELLİBAYRAKTAR,METİN IŞIK,NESLİHAN ÇOBAN,Şehit Turgut Solak Spor Salonu
12.03.2017,16:00,1EA2411,21. Hafta,GALATASARAY ODEABANK,75 - 79,FENERBAHÇE,,İSTANBUL,Abdi İpekçi Spor Salonu | ,beINSports HD 3,MEHMET KESERATAR,ZAFER YILMAZ,KAAN BÜYÜKÇİL,,MERVE SAĞLAM,AHMET YILDIZ,MERT İĞDELİ,ALPER LAÇİNKAYA,Abdi İpekçi Spor Salonu
12.03.2017,18:30,1EA2415,21. Hafta,İSTANBUL BBSK,96 - 78,TRABZONSPOR MEDICAL PARK,,İSTANBUL,Cebeci Spor Salonu | ,NTV SPOR,ÖZLEM YALMAN,FATİH ARSLANOĞLU,MEHMET KARABİLECEN,,,,,,Cebeci Spor Salonu
13.03.2017,18:00,1EA2410,21. Hafta,DEMİR İNŞAAT BÜYÜKÇEKMECE,52 - 79,ANADOLU EFES,,İSTANBUL,Gazanfer Bilge | ,beINSports HD 3,EMİN MOĞULKOÇ,OSMAN SİNAN İŞGÜDER,MEHMET ŞAHİN,,SEMRA AKDUMAN,ZAFER RİFAİ,YÜCEL FIRAT,OSMAN AŞIK,Gazanfer Bilge
13.03.2017,20:00,1EA2412,21. Hafta,DARÜŞŞAFAKA DOĞUŞ,71 - 68,BEŞİKTAŞ SOMPO JAPAN,,İSTANBUL,Volkswagen Arena | ,NTV SPOR,MEHMET SERDAR ÜNAL,ALPER ÖZGÖK,SEMİH VURAL,,GÖZDE BEGÜM AKÜZÜM,KEREM SIRMAGİL,MERT İĞDELİ,ŞAZİYE SİMSAR YAKIN,Volkswagen Arena
18.03.2017,15:00,1EA2423,22. Hafta,TRABZONSPOR MEDICAL PARK,76 - 84,BEST BALIKESİR,,TRABZON,Hayri Gür Spor Salonu | ,Youtube / TBF TV,MEHMET KESERATAR,ALPER ALTUĞ KÖSELERLİ,OSMAN SİNAN İŞGÜDER,,CANER HANCI,MEHMET DİNÇ,ÖMER ŞENER,HASAN TAHSİN ŞEN,Hayri Gür Spor Salonu
18.03.2017,16:00,1EA2422,22. Hafta,İSTANBUL BBSK,89 - 83,YEŞİLGİRESUN BELEDİYESPOR,,İSTANBUL,Cebeci Spor Salonu | ,Youtube / TBF TV,EMİN MOĞULKOÇ,İSMAİL AYDIN,HALİT CAN CİHAN,,MERVE SAĞLAM,SEMRA AKDUMAN,ŞERMİN NAZLIGÜL,YÜKSEL NAZLIGÜL,Cebeci Spor Salonu
18.03.2017,19:00,1EA2418,22. Hafta,FENERBAHÇE,89 - 68,DEMİR İNŞAAT BÜYÜKÇEKMECE,,İSTANBUL,Ülker Spor ve Etkinlik Salonu | ,NTV SPOR,ÖZLEM YALMAN,AHMET ERSAN ERGÜLER,İBRAHİM ALTINTAŞ,,ESER FIRIL,SERHAT LEVENT,SEDA İŞLER,EBRU ULUDOĞAN,Ülker Spor ve Etkinlik Salonu
18.03.2017,20:00,1EA2425,22. Hafta,ANADOLU EFES,83 - 74,BANVİT,,İSTANBUL,Abdi İpekçi Spor Salonu | ,beINSports HD 3,ZAFER YILMAZ,MEHMET SERDAR ÜNAL,KEREM BAKİ,,AYŞE SERVER SEZER,AHMET YILDIZ,MERT İĞDELİ,KEREM SIRMAGİL,Abdi İpekçi Spor Salonu
19.03.2017,15:00,1EA2421,22. Hafta,MURATBEY UŞAK,86 - 71,PINAR KARŞIYAKA,,UŞAK,Uşak Universitesi | ,beINSports HD 3,ALİ SERKAN EMLEK,ALPER ÖZGÖK,ALİ ŞAKACI,,DENİZ DEMİREL,ŞULE AKSAN,KAZIM KAĞAN ŞENTÜRK,NADİRE SEDA YILMAZ,Uşak Universitesi
19.03.2017,16:00,1EA2424,22. Hafta,GAZİANTEP BASKETBOL,95 - 82,TOFAŞ,,GAZİANTEP,Karataş Şahinbey Spor Salonu | ,NTV SPOR,YENER YILMAZ,KAAN BÜYÜKÇİL,MEHMET KARABİLECEN,,İBRAHİM HALİL UÇAN,PINAR ŞAHİN,MUSTAFA BODUR,EKMEL CENGİZ,Karataş Şahinbey Spor Salonu
19.03.2017,18:00,1EA2420,22. Hafta,HALK ENERJİ TED ANKARA KOLEJLİLER,57 - 88,DARÜŞŞAFAKA DOĞUŞ,,ANKARA,Ankara Spor Salonu | ,NTV SPOR,FATİH ARSLANOĞLU,ZİYA ÖZORHON,AHMET TATLICI,,AKIN AYTEKİN,PELİN KUZU,SERDAR KARAGÜÇ,MEHTAP ADIGÜZEL,Ankara Spor Salonu
20.03.2017,20:00,1EA2419,22. Hafta,BEŞİKTAŞ SOMPO JAPAN,90 - 84,GALATASARAY ODEABANK,,İSTANBUL,Akatlar Spor ve Kültür Kompleksi | ,beINSports HD 3,MURAT  BİRİCİK,AYTUĞ EKTİ,SERHAT BÜKER,,ŞAZİYE SİMSAR YAKIN,MERT İĞDELİ,ZAFER RİFAİ,KEREM SIRMAGİL,Akatlar Spor ve Kültür Kompleksi
25.03.2017,16:00,1EA2432,23. Hafta,TOFAŞ,79 - 89,TRABZONSPOR MEDICAL PARK,,BURSA,Tofaş Spor Salonu | ,beINSports HD 3,ZAFER YILMAZ,ALİ ŞAKACI,KEREM BAKİ,,ÖZGE ÇETİN,SEVDA USTA,TUĞBA ÖYLEK,ŞAFAK IRMAK SARAÇOĞLU,Tofaş Spor Salonu
25.03.2017,18:00,1EA2429,23. Hafta,PINAR KARŞIYAKA,92 - 65,İSTANBUL BBSK,,İZMİR,Mustafa Kemal Atatürk Karşıyaka Spor Salonu | ,beINSports HD 3,MURAT  BİRİCİK,ZİYA ÖZORHON,MEHMET ŞAHİN,,SİNEM BİRTÜRK,YELİZ SEZEN,ZÜLFÜKAR ŞENBİL,ŞAHİN ŞANLI,Mustafa Kemal Atatürk Karşıyaka Spor Salonu
25.03.2017,18:30,1EA2426,23. Hafta,DEMİR İNŞAAT BÜYÜKÇEKMECE,67 - 84,BEŞİKTAŞ SOMPO JAPAN,,İSTANBUL,Gazanfer Bilge | ,NTV SPOR,MEHMET KESERATAR,ALPER ALTUĞ KÖSELERLİ,SEHER AYŞE NUR YAZICIOĞLU,,AYGÜN SEVGİL,MERVE SAĞLAM,YÜCEL FIRAT,AHMET YILDIZ,Gazanfer Bilge
26.03.2017,16:00,1EA2433,23. Hafta,BANVİT,83 - 77,GAZİANTEP BASKETBOL,,BALIKESİR,Banvit Kara Ali Acar Spor Salonu | ,NTV SPOR,EMİN MOĞULKOÇ,SEMİH VURAL,ÖNDER YILMAZ,,EYLEM KAYA,MUSA ÇALIŞKAN,HAKAN KÜLAHLI,ERCAN ÇAVUŞOĞLU,Banvit Kara Ali Acar Spor Salonu
26.03.2017,16:00,1EA2430,23. Hafta,YEŞİLGİRESUN BELEDİYESPOR,76 - 84,ANADOLU EFES,,GİRESUN,19 Eylül S.S. | ,beINSports HD 3,YENER YILMAZ,FATİH ARSLANOĞLU,AHMET TATLICI,,EMİNE YAZAR,AYNUR KONAR BAVUK,AZİZE BİROL,TANSEL TOPŞİR,19 Eylül S.S.
26.03.2017,18:00,1EA2431,23. Hafta,BEST BALIKESİR,68 - 79,FENERBAHÇE,,BALIKESİR,Şehit Turgut Solak Spor Salonu | ,beINSports HD 3,ALİ SERKAN EMLEK,HALİL BALDEMİR,HALİT CAN CİHAN,,IŞIL ÖZKAN,MERT TELLİBAYRAKTAR,SERHAT SANU,NESLİHAN ÇOBAN,Şehit Turgut Solak Spor Salonu
27.03.2017,19:00,1EA2428,23. Hafta,DARÜŞŞAFAKA DOĞUŞ,78 - 70,MURATBEY UŞAK,,İSTANBUL,Volkswagen Arena | ,NTV SPOR,AHMET ERSAN ERGÜLER,MEHMET KARABİLECEN,SERHAT BÜKER,,BİROL ŞİMŞEK,SEMRA AKDUMAN,MELDA ÇAKIRCA,ERMAN YÜCEL,Volkswagen Arena
28.03.2017,17:00,1EA2427,23. Hafta,GALATASARAY ODEABANK,104 - 57,HALK ENERJİ TED ANKARA KOLEJLİLER,,İSTANBUL,Abdi İpekçi Spor Salonu | ,beINSports HD 3,İSMAİL AYDIN,MEHMET OZAN ÇAKAR,CAN MAVİSU,,MERVE SAĞLAM,YÜCEL FIRAT,HAKAN ÇOLAK,KEREM SIRMAGİL,Abdi İpekçi Spor Salonu
1.04.2017,14:00,1EA2438,24. Hafta,BEŞİKTAŞ SOMPO JAPAN,84 - 75,BEST BALIKESİR,,İSTANBUL,Akatlar Spor ve Kültür Kompleksi | ,beINSports HD 3,EMİN MOĞULKOÇ,KAAN BÜYÜKÇİL,ÖNDER YILMAZ,,ŞAZİYE SİMSAR YAKIN,KEREM SIRMAGİL,ZAFER RİFAİ,OSMAN OKUDAN,Akatlar Spor ve Kültür Kompleksi
1.04.2017,17:30,1EA2437,24. Hafta,YEŞİLGİRESUN BELEDİYESPOR,81 - 82,PINAR KARŞIYAKA,,GİRESUN,19 Eylül S.S. | ,Youtube / TBF TV,MEHMET KESERATAR,OSMAN SİNAN İŞGÜDER,İBRAHİM ALTINTAŞ,,YASEMİN KOCUK,AYNUR KONAR BAVUK,AZİZE BİROL,,19 Eylül S.S.
1.04.2017,18:00,1EA2440,24. Hafta,TRABZONSPOR MEDICAL PARK,66 - 75,BANVİT,,TRABZON,Hayri Gür Spor Salonu | ,Youtube / TBF TV,ALİ SERKAN EMLEK,HALİL BALDEMİR,MEHMET ŞAHİN,,MEHMET DİNÇ,BARLAS ÇUHADAR,AHMET OZANER KUTAY,ÖMER ŞENER,Hayri Gür Spor Salonu
2.04.2017,15:00,1EA2436,24. Hafta,İSTANBUL BBSK,93 - 94,DARÜŞŞAFAKA DOĞUŞ,,İSTANBUL,Cebeci Spor Salonu | ,beINSports HD 3,YENER YILMAZ,ALİ ŞAKACI,KEREM BAKİ,,SELEN TALAZER,ŞERMİN NAZLIGÜL,YÜKSEL NAZLIGÜL,YUSUF YELESDAĞ,Cebeci Spor Salonu
2.04.2017,15:00,1EA2434,24. Hafta,HALK ENERJİ TED ANKARA KOLEJLİLER,73 - 96,DEMİR İNŞAAT BÜYÜKÇEKMECE,,ANKARA,Ankara Spor Salonu | ,Youtube / TBF TV,MURAT  BİRİCİK,MEHMET SERDAR ÜNAL,MEHMET KARABİLECEN,,BÜŞRA AYDIN,YUSUF NADAS,FUNDA KONCA,SİBEL FAZLIOĞLU,Ankara Spor Salonu
2.04.2017,17:00,1EA2441,24. Hafta,ANADOLU EFES,84 - 96,GAZİANTEP BASKETBOL,,İSTANBUL,Abdi İpekçi Spor Salonu | ,beINSports HD 3,ÖZLEM YALMAN,AHMET ERSAN ERGÜLER,MEHMET OZAN ÇAKAR,,AYŞE SERVER SEZER,AHMET YILDIZ,AYTEK CÖMERT,SENA MUSLU,Abdi İpekçi Spor Salonu
2.04.2017,19:00,1EA2439,24. Hafta,FENERBAHÇE,90 - 75,TOFAŞ,,İSTANBUL,Ülker Spor ve Etkinlik Salonu | ,NTV SPOR,AYTUĞ EKTİ,ALPER ÖZGÖK,SERHAT BÜKER,,ESER FIRIL,SERHAT LEVENT,EBRU ULUDOĞAN,SEDA İŞLER,Ülker Spor ve Etkinlik Salonu
3.04.2017,18:00,1EA2435,24. Hafta,MURATBEY UŞAK,88 - 95,GALATASARAY ODEABANK,,UŞAK,Uşak Universitesi | ,NTV SPOR,FATİH ARSLANOĞLU,ALPER ALTUĞ KÖSELERLİ,ZİYA ÖZORHON,,DENİZ DEMİREL,ŞULE AKSAN,KAZIM KAĞAN ŞENTÜRK,EBRU ÇAMURCU,Uşak Universitesi
8.04.2017,15:00,1EA2447,25. Hafta,TOFAŞ,94 - 95,BEŞİKTAŞ SOMPO JAPAN,,BURSA,Tofaş Spor Salonu | ,beINSports HD 3,FATİH ARSLANOĞLU,OSMAN SİNAN İŞGÜDER,MEHMET ŞAHİN,,ÖZGE ÇETİN,ZEHRA PINAR ÖZGÜR,TUĞBA ÖYLEK,BÜŞRA HEKİMOĞLU,Tofaş Spor Salonu
8.04.2017,17:00,1EA2449,25. Hafta,GAZİANTEP BASKETBOL,96 - 75,TRABZONSPOR MEDICAL PARK,,GAZİANTEP,Karataş Şahinbey Spor Salonu | ,NTV SPOR,AYTUĞ EKTİ,MEHMET SERDAR ÜNAL,ALPER ÖZGÖK,,NUR SEMA KARTAL,ALİ DALYANOĞLU,RECEP ÖZTÜRK,EKMEL CENGİZ,Karataş Şahinbey Spor Salonu
8.04.2017,17:00,1EA2442,25. Hafta,DEMİR İNŞAAT BÜYÜKÇEKMECE,103 - 87,MURATBEY UŞAK,,İSTANBUL,Gazanfer Bilge | ,Youtube / TBF TV,ÖZLEM YALMAN,YENER YILMAZ,ÖNDER YILMAZ,,AYŞE SERVER SEZER,MERVE SAĞLAM,YÜCEL FIRAT,MURAT ÖZKAN,Gazanfer Bilge
8.04.2017,18:00,1EA2446,25. Hafta,BEST BALIKESİR,86 - 73,HALK ENERJİ TED ANKARA KOLEJLİLER,,BALIKESİR,Şehit Turgut Solak Spor Salonu | ,Youtube / TBF TV,ZAFER YILMAZ,AHMET ERSAN ERGÜLER,SEHER AYŞE NUR YAZICIOĞLU,,SERHAT SANU,MERT TELLİBAYRAKTAR,METİN IŞIK,IŞIL ÖZKAN,Şehit Turgut Solak Spor Salonu
9.04.2017,15:00,1EA2448,25. Hafta,BANVİT,75 - 86,FENERBAHÇE,,BALIKESİR,Banvit Kara Ali Acar Spor Salonu | ,beINSports HD 3,MEHMET KESERATAR,ZİYA ÖZORHON,MEHMET KARABİLECEN,,SERHAT SANU,MERT TELLİBAYRAKTAR,METİN IŞIK,CANEL BOYAR,Banvit Kara Ali Acar Spor Salonu
9.04.2017,17:00,1EA2443,25. Hafta,GALATASARAY ODEABANK,74 - 67,İSTANBUL BBSK,,İSTANBUL,Abdi İpekçi Spor Salonu | ,NTV SPOR,ALİ SERKAN EMLEK,HALİL BALDEMİR,AHMET TATLICI,,SEMRA AKDUMAN,AHMET YILDIZ,ALPER LAÇİNKAYA,AYTEK CÖMERT,Abdi İpekçi Spor Salonu
10.04.2017,18:00,1EA2444,25. Hafta,DARÜŞŞAFAKA DOĞUŞ,87 - 77,YEŞİLGİRESUN BELEDİYESPOR,,İSTANBUL,Volkswagen Arena | ,NTV SPOR,MURAT  BİRİCİK,ALPER ALTUĞ KÖSELERLİ,KAAN BÜYÜKÇİL,,MELDA ÇAKIRCA,KEREM SIRMAGİL,DİNÇER ADİLLER,ŞAZİYE SİMSAR YAKIN,Volkswagen Arena
10.04.2017,19:30,1EA2445,25. Hafta,PINAR KARŞIYAKA,100 - 96,ANADOLU EFES,,İZMİR,Mustafa Kemal Atatürk Karşıyaka Spor Salonu | ,beINSports HD 3,EMİN MOĞULKOÇ,İSMAİL AYDIN,SEMİH VURAL,,MERAL DURMAZ,MUSTAFA VEFA GEZ,GÜLÇİN AKIN,ASUMAN ARICAN ATAY,Mustafa Kemal Atatürk Karşıyaka Spor Salonu
14.04.2017,18:00,1EA2457,26. Hafta,ANADOLU EFES,100 - 77,TRABZONSPOR MEDICAL PARK,,İSTANBUL,Abdi İpekçi Spor Salonu | ,NTV SPOR,ALPER ALTUĞ KÖSELERLİ,KAAN BÜYÜKÇİL,İBRAHİM ALTINTAŞ,,MELDA ÇAKIRCA,AHMET YILDIZ,CEYDA KAPKAÇ,MURAT ÖZKAN,Abdi İpekçi Spor Salonu
14.04.2017,19:00,1EA2452,26. Hafta,PINAR KARŞIYAKA,90 - 95,DARÜŞŞAFAKA DOĞUŞ,,İZMİR,Mustafa Kemal Atatürk Karşıyaka Spor Salonu | ,beINSports HD 3,ALİ SERKAN EMLEK,ÖZLEM YALMAN,HALİL BALDEMİR,,GÜLTEKİN DAĞDEVİREN,İRFAN TEMELLİ,ÖMER DURSUN,ZÜLFÜKAR ŞENBİL,Mustafa Kemal Atatürk Karşıyaka Spor Salonu
14.04.2017,20:00,1EA2456,26. Hafta,FENERBAHÇE,97 - 92,GAZİANTEP BASKETBOL,,İSTANBUL,Ülker Spor ve Etkinlik Salonu | ,NTV SPOR,EMİN MOĞULKOÇ,İSMAİL AYDIN,KEREM BAKİ,,SEDA İŞLER,ESER FIRIL,SERHAT LEVENT,BEGÜM SAVAŞ,Ülker Spor ve Etkinlik Salonu
15.04.2017,14:00,1EA2451,26. Hafta,YEŞİLGİRESUN BELEDİYESPOR,86 - 89,GALATASARAY ODEABANK,,GİRESUN,19 Eylül S.S. | ,beINSports HD 3,ZAFER YILMAZ,SEMİH VURAL,SEHER AYŞE NUR YAZICIOĞLU,,YASEMİN KOCUK,AYNUR KONAR BAVUK,TANSEL TOPŞİR,ŞADUMAN AKTAŞ,19 Eylül S.S.
15.04.2017,15:00,1EA2453,26. Hafta,MURATBEY UŞAK,88 - 80,BEST BALIKESİR,,UŞAK,Uşak Universitesi | ,Youtube / TBF TV,MURAT  BİRİCİK,MEHMET SERDAR ÜNAL,ALPER ÖZGÖK,,DENİZ DEMİREL,ŞULE AKSAN,KAZIM KAĞAN ŞENTÜRK,NADİRE SEDA YILMAZ,Uşak Universitesi
15.04.2017,16:00,1EA2454,26. Hafta,HALK ENERJİ TED ANKARA KOLEJLİLER,75 - 85,TOFAŞ,,ANKARA,Ankara Spor Salonu | ,Youtube / TBF TV,MEHMET KESERATAR,ZİYA ÖZORHON,HALİT CAN CİHAN,,NİHAN ÜNSAL,EZGİ HAN,SERDAR KARAGÜÇ,HÜSEYİN MURAT EKİM,Ankara Spor Salonu
15.04.2017,16:00,1EA2455,26. Hafta,BEŞİKTAŞ SOMPO JAPAN,85 - 69,BANVİT,,İSTANBUL,Akatlar Spor ve Kültür Kompleksi | ,beINSports HD 3,YENER YILMAZ,ALİ ŞAKACI,CAN MAVİSU,,KEREM SIRMAGİL,AHMET YILDIZ,ALPER LAÇİNKAYA,NEŞE KIRAN,Akatlar Spor ve Kültür Kompleksi
15.04.2017,16:00,1EA2450,26. Hafta,İSTANBUL BBSK,86 - 79,DEMİR İNŞAAT BÜYÜKÇEKMECE,,İSTANBUL,Cebeci Spor Salonu | ,Youtube / TBF TV,AYTUĞ EKTİ,MEHMET OZAN ÇAKAR,SERHAT BÜKER,,ŞERMİN NAZLIGÜL,DİNÇER ADİLLER,ZAFER RİFAİ,YÜKSEL NAZLIGÜL,Cebeci Spor Salonu
21.04.2017,18:00,1EA2463,27. Hafta,BANVİT,97 - 71,HALK ENERJİ TED ANKARA KOLEJLİLER,,BALIKESİR,Banvit Kara Ali Acar Spor Salonu | ,Youtube / TBF TV,İSMAİL AYDIN,SERHAT BÜKER,ÖNDER YILMAZ,,ÇAĞLA USLUCA,SELMA YÜKSEL,METİN IŞIK,İLKAY SÖNMEZ,Banvit Kara Ali Acar Spor Salonu
22.04.2017,16:00,1EA2458,27. Hafta,DEMİR İNŞAAT BÜYÜKÇEKMECE,83 - 77,YEŞİLGİRESUN BELEDİYESPOR,,İSTANBUL,Gazanfer Bilge | ,beINSports2,ALİ SERKAN EMLEK,AHMET ERSAN ERGÜLER,AHMET TATLICI,,KEREM SIRMAGİL,YUSUF YELESDAĞ,OSMAN AŞIK,AYGÜN SEVGİL,Gazanfer Bilge
22.04.2017,17:00,1EA2459,27. Hafta,GALATASARAY ODEABANK,67 - 55,PINAR KARŞIYAKA,,İSTANBUL,Abdi İpekçi Spor Salonu | ,NTV SPOR,AYTUĞ EKTİ,ALİ ŞAKACI,MEHMET KARABİLECEN,,SELEN TALAZER,SEMRA AKDUMAN,DİNÇER ADİLLER,ERMAN YÜCEL,Abdi İpekçi Spor Salonu
22.04.2017,17:00,1EA2462,27. Hafta,TOFAŞ,82 - 69,MURATBEY UŞAK,,BURSA,Tofaş Spor Salonu | ,Youtube / TBF TV,EMİN MOĞULKOÇ,MEHMET OZAN ÇAKAR,CAN MAVİSU,,ZEYNEP  SERBEST,BÜŞRA HEKİMOĞLU,ABDULLAH KURT,ZEHRA PINAR ÖZGÜR,Tofaş Spor Salonu
22.04.2017,18:00,1EA2461,27. Hafta,BEST BALIKESİR,77 - 84,İSTANBUL BBSK,,BALIKESİR,Şehit Turgut Solak Spor Salonu | ,Youtube / TBF TV,MEHMET KESERATAR,ÖZLEM YALMAN,KAAN BÜYÜKÇİL,,IŞIL ÖZKAN,MERT TELLİBAYRAKTAR,METİN IŞIK,NEVİN ÇETİNKAYA KURTULUŞ,Şehit Turgut Solak Spor Salonu
23.04.2017,16:00,1EA2464,27. Hafta,GAZİANTEP BASKETBOL,59 - 67,BEŞİKTAŞ SOMPO JAPAN,,GAZİANTEP,Karataş Şahinbey Spor Salonu | ,beINSports2,MURAT  BİRİCİK,ALPER ALTUĞ KÖSELERLİ,SEHER AYŞE NUR YAZICIOĞLU,,HASAN MESUT DEMİR,PINAR ŞAHİN,MUSTAFA BODUR,EKMEL CENGİZ,Karataş Şahinbey Spor Salonu
3.05.2017,19:00,1EA2465,27. Hafta,TRABZONSPOR MEDICAL PARK,76 - 81,FENERBAHÇE,,TRABZON,Hayri Gür Spor Salonu | ,NTV SPOR,AYTUĞ EKTİ,ALPER ALTUĞ KÖSELERLİ,MEHMET ŞAHİN,,MEHMET DİNÇ,BARLAS ÇUHADAR,AHMET OZANER KUTAY,ÖMER ŞENER,Hayri Gür Spor Salonu
13.05.2017,18:30,1EA2460,27. Hafta,DARÜŞŞAFAKA DOĞUŞ,88 - 85,ANADOLU EFES,,İSTANBUL,Darüşşafaka Ayhan Şahenk Spor Salonu | ,beINSports2,ZAFER YILMAZ,ALİ SERKAN EMLEK,MEHMET KARABİLECEN,,AYŞE SERVER SEZER,AHMET YILDIZ,ALPER LAÇİNKAYA,ALPKAN HACIYAKUPOĞLU,Darüşşafaka Ayhan Şahenk Spor Salonu
29.04.2017,14:00,1EA2469,28. Hafta,İSTANBUL BBSK,79 - 80,TOFAŞ,,İSTANBUL,Cebeci Spor Salonu | ,NTV SPOR,ZAFER YILMAZ,ALPER ALTUĞ KÖSELERLİ,MEHMET SERDAR ÜNAL,,ŞERMİN NAZLIGÜL,ZAFER RİFAİ,DİNÇER ADİLLER,YÜKSEL NAZLIGÜL,Cebeci Spor Salonu
29.04.2017,14:00,1EA2472,28. Hafta,BEŞİKTAŞ SOMPO JAPAN,92 - 62,TRABZONSPOR MEDICAL PARK,,İSTANBUL,Akatlar Spor ve Kültür Kompleksi | ,beINSports HD 3,ALİ SERKAN EMLEK,HALİL BALDEMİR,SEMİH VURAL,,KEREM SIRMAGİL,AHMET YILDIZ,ALPER LAÇİNKAYA,ERMAN YÜCEL,Akatlar Spor ve Kültür Kompleksi
29.04.2017,16:00,1EA2471,28. Hafta,HALK ENERJİ TED ANKARA KOLEJLİLER,79 - 89,GAZİANTEP BASKETBOL,,ANKARA,Ankara Spor Salonu | ,Youtube / TBF TV,FATİH ARSLANOĞLU,OSMAN SİNAN İŞGÜDER,İBRAHİM ALTINTAŞ,,HİKMET NİSA YILDIZ,SELİN AVNAMAK,FATİH ŞEN,ONUR YEŞİLBAĞ,Ankara Spor Salonu
29.04.2017,16:00,1EA2466,28. Hafta,PINAR KARŞIYAKA,84 - 78,DEMİR İNŞAAT BÜYÜKÇEKMECE,,İZMİR,Mustafa Kemal Atatürk Karşıyaka Spor Salonu | ,beINSports HD 3,MEHMET KESERATAR,ZİYA ÖZORHON,HALİT CAN CİHAN,,MERAL DURMAZ,EDA NİHAN DUMAN,GÜLÇİN AKIN,ASUMAN ARICAN ATAY,Mustafa Kemal Atatürk Karşıyaka Spor Salonu
29.04.2017,17:30,1EA2468,28. Hafta,YEŞİLGİRESUN BELEDİYESPOR,98 - 89,BEST BALIKESİR,,GİRESUN,19 Eylül S.S. | ,Youtube / TBF TV,AYTUĞ EKTİ,İSMAİL AYDIN,KEREM BAKİ,,YASEMİN KOCUK,AYNUR KONAR BAVUK,AZİZE BİROL,EMİNE YAZAR,19 Eylül S.S.
3.05.2017,21:00,1EA2467,28. Hafta,DARÜŞŞAFAKA DOĞUŞ,78 - 69,GALATASARAY ODEABANK,,İSTANBUL,Volkswagen Arena | ,NTV SPOR,YENER YILMAZ,AHMET ERSAN ERGÜLER,ALPER ÖZGÖK,,KEREM SIRMAGİL,ERMAN YÜCEL,AHMET YILDIZ,DİNÇER ADİLLER,Volkswagen Arena
4.05.2017,19:00,1EA2470,28. Hafta,MURATBEY UŞAK,86 - 103,BANVİT,,UŞAK,Uşak Universitesi | ,beINSports HD 3,MURAT  BİRİCİK,KAAN BÜYÜKÇİL,KEREM BAKİ,,DENİZ DEMİREL,ŞULE AKSAN,KAZIM KAĞAN ŞENTÜRK,NADİRE SEDA YILMAZ,Uşak Universitesi
10.05.2017,20:00,1EA2473,28. Hafta,ANADOLU EFES,57 - 96,FENERBAHÇE,,İSTANBUL,Abdi İpekçi Spor Salonu | ,beINSports HD 3,MURAT  BİRİCİK,ALİ ŞAKACI,MEHMET ŞAHİN,,AYŞE SERVER SEZER,ALPER LAÇİNKAYA,ERMAN YÜCEL,KEREM SIRMAGİL,Abdi İpekçi Spor Salonu
6.05.2017,16:00,1EA2474,29. Hafta,DEMİR İNŞAAT BÜYÜKÇEKMECE,93 - 107,DARÜŞŞAFAKA DOĞUŞ,,İSTANBUL,Gazanfer Bilge | ,NTV SPOR,FATİH ARSLANOĞLU,MEHMET SERDAR ÜNAL,SERHAT BÜKER,,KEREM SIRMAGİL,YÜCEL FIRAT,YUSUF YELESDAĞ,AHMET YILDIZ,Gazanfer Bilge
6.05.2017,17:00,1EA2479,29. Hafta,GAZİANTEP BASKETBOL,111 - 91,MURATBEY UŞAK,,GAZİANTEP,Karataş Şahinbey Spor Salonu | ,Youtube / TBF TV,ZAFER YILMAZ,ALİ SERKAN EMLEK,AHMET TATLICI,,BARIŞ ÖZGÜNEŞ,RECEP ÖZTÜRK,MUSTAFA BODUR,EKMEL CENGİZ,Karataş Şahinbey Spor Salonu
6.05.2017,17:00,1EA2477,29. Hafta,TOFAŞ,92 - 87,YEŞİLGİRESUN BELEDİYESPOR,,BURSA,Tofaş Spor Salonu | ,Youtube / TBF TV,YENER YILMAZ,ZİYA ÖZORHON,ÖNDER YILMAZ,,ÖZGE ÇETİN,SEVDA USTA,ABDULLAH KURT,ŞAFAK IRMAK SARAÇOĞLU,Tofaş Spor Salonu
6.05.2017,18:00,1EA2476,29. Hafta,BEST BALIKESİR,101 - 99,PINAR KARŞIYAKA,,BALIKESİR,Şehit Turgut Solak Spor Salonu | ,Youtube / TBF TV,ALPER ALTUĞ KÖSELERLİ,MEHMET OZAN ÇAKAR,MEHMET ŞAHİN,,MUSA ÇALIŞKAN,IŞIL ÖZKAN,HAKAN KÜLAHLI,NESLİHAN ÇOBAN,Şehit Turgut Solak Spor Salonu
6.05.2017,18:30,1EA2480,29. Hafta,TRABZONSPOR MEDICAL PARK,101 - 69,HALK ENERJİ TED ANKARA KOLEJLİLER,,TRABZON,Hayri Gür Spor Salonu | ,Youtube / TBF TV,MURAT  BİRİCİK,ALPER ÖZGÖK,MEHMET KARABİLECEN,,MEHMET DİNÇ,BARLAS ÇUHADAR,AHMET OZANER KUTAY,GAMZE AYDIN,Hayri Gür Spor Salonu
6.05.2017,19:00,1EA2481,29. Hafta,FENERBAHÇE,93 - 76,BEŞİKTAŞ SOMPO JAPAN,,İSTANBUL,Ülker Spor ve Etkinlik Salonu | ,beINSports HD 3,MEHMET KESERATAR,ÖZLEM YALMAN,KAAN BÜYÜKÇİL,,SEDA İŞLER,ESER FIRIL,SERHAT LEVENT,GÖZDE BEGÜM AKÜZÜM,Ülker Spor ve Etkinlik Salonu
7.05.2017,16:00,1EA2475,29. Hafta,GALATASARAY ODEABANK,69 - 70,ANADOLU EFES,,İSTANBUL,Abdi İpekçi Spor Salonu | ,NTV SPOR,EMİN MOĞULKOÇ,OSMAN SİNAN İŞGÜDER,CAN MAVİSU,,YÜKSEL NAZLIGÜL,AHMET YILDIZ,AYTEK CÖMERT,ŞERMİN NAZLIGÜL,Abdi İpekçi Spor Salonu
7.05.2017,18:00,1EA2478,29. Hafta,BANVİT,79 - 64,İSTANBUL BBSK,,BALIKESİR,Banvit Kara Ali Acar Spor Salonu | ,beINSports HD 3,AHMET ERSAN ERGÜLER,SEMİH VURAL,SEHER AYŞE NUR YAZICIOĞLU,,SERHAT SANU,MERT TELLİBAYRAKTAR,METİN IŞIK,OGÜN KURTULUŞ,Banvit Kara Ali Acar Spor Salonu
12.05.2017,15:00,1EA2487,30. Hafta,MURATBEY UŞAK,92 - 101,TRABZONSPOR MEDICAL PARK,,UŞAK,Uşak Universitesi | ,Youtube / TBF TV,AHMET ERSAN ERGÜLER,ALİ ŞAKACI,HALİT CAN CİHAN,,DENİZ DEMİREL,ŞULE AKSAN,KAZIM KAĞAN ŞENTÜRK,HALİME SEMA DÜMEN,Uşak Universitesi
12.05.2017,19:00,1EA2488,30. Hafta,HALK ENERJİ TED ANKARA KOLEJLİLER,55 - 101,FENERBAHÇE,,ANKARA,Ankara Spor Salonu | ,beINSports HD 3,MEHMET OZAN ÇAKAR,SEMİH VURAL,KEREM BAKİ,,EZGİ HAN,İBRAHİM BULUT,MEHMET AKİF CUMHURLU,FUNDA KONCA,Ankara Spor Salonu
12.05.2017,19:00,1EA2482,30. Hafta,GALATASARAY ODEABANK,86 - 79,DEMİR İNŞAAT BÜYÜKÇEKMECE,,İSTANBUL,Abdi İpekçi Spor Salonu | ,NTV SPOR,MURAT  BİRİCİK,İSMAİL AYDIN,HALİL BALDEMİR,,AYŞE SERVER SEZER,ERMAN YÜCEL,KEREM SIRMAGİL,MERVE SAĞLAM,Abdi İpekçi Spor Salonu
13.05.2017,16:00,1EA2484,30. Hafta,PINAR KARŞIYAKA,82 - 88,TOFAŞ,,İZMİR,Mustafa Kemal Atatürk Karşıyaka Spor Salonu | ,beINSports HD 3,EMİN MOĞULKOÇ,OSMAN SİNAN İŞGÜDER,SEHER AYŞE NUR YAZICIOĞLU,,BERRİN TURAN,ÖMER DURSUN,MERAL DURMAZ,MESUT KARABULUT,Mustafa Kemal Atatürk Karşıyaka Spor Salonu
13.05.2017,16:00,1EA2486,30. Hafta,İSTANBUL BBSK,76 - 92,GAZİANTEP BASKETBOL,,İSTANBUL,Cebeci Spor Salonu | ,beINSports2,YENER YILMAZ,ZİYA ÖZORHON,MEHMET ŞAHİN,,KEREM SIRMAGİL,SELEN TALAZER,ZAFER RİFAİ,YÜCEL FIRAT,Cebeci Spor Salonu
13.05.2017,17:30,1EA2485,30. Hafta,YEŞİLGİRESUN BELEDİYESPOR,77 - 88,BANVİT,,GİRESUN,19 Eylül S.S. | ,Youtube / TBF TV,ÖZLEM YALMAN,FATİH ARSLANOĞLU,SERHAT BÜKER,,YASEMİN KOCUK,TANSEL TOPŞİR,AZİZE BİROL,EMİNE YAZAR,19 Eylül S.S.
16.05.2017,20:00,1EA2483,30. Hafta,DARÜŞŞAFAKA DOĞUŞ,95 - 72,BEST BALIKESİR,,İSTANBUL,Darüşşafaka Ayhan Şahenk Spor Salonu | ,NTV SPOR,EMİN MOĞULKOÇ,AHMET TATLICI,İBRAHİM ALTINTAŞ,,CEYDA KAPKAÇ,ERMAN YÜCEL,KEREM SIRMAGİL,HAKAN ÇOLAK,Darüşşafaka Ayhan Şahenk Spor Salonu
16.05.2017,20:00,1EA2489,30. Hafta,ANADOLU EFES,90 - 91,BEŞİKTAŞ SOMPO JAPAN,,İSTANBUL,Abdi İpekçi Spor Salonu | ,beINSports HD 3,AYTUĞ EKTİ,YENER YILMAZ,ALPER ÖZGÖK,,ŞERMİN NAZLIGÜL,MELDA ÇAKIRCA,MERVE SAĞLAM,YÜKSEL NAZLIGÜL,Abdi İpekçi Spor Salonu
23.05.2017,18:30,1EA2500,Playoff Çeyrek Final,BEŞİKTAŞ SOMPO JAPAN,66 - 57,GAZİANTEP BASKETBOL,,İSTANBUL,Akatlar Spor ve Kültür Kompleksi | ,NTV SPOR,MURAT  BİRİCİK,ZİYA ÖZORHON,CAN MAVİSU,,AYŞE SERVER SEZER,ALPER LAÇİNKAYA,ALPKAN HACIYAKUPOĞLU,ERMAN YÜCEL,Akatlar Spor ve Kültür Kompleksi
23.05.2017,20:30,1EA2501,Playoff Çeyrek Final,ANADOLU EFES,95 - 85,GALATASARAY ODEABANK,,İSTANBUL,Abdi İpekçi Spor Salonu | ,beINSports HD 3,MEHMET KESERATAR,FATİH ARSLANOĞLU,MEHMET KARABİLECEN,,KEREM SIRMAGİL,YÜCEL FIRAT,MELDA ÇAKIRCA,SEMRA AKDUMAN,Abdi İpekçi Spor Salonu
24.05.2017,18:30,1EA2499,Playoff Çeyrek Final,DARÜŞŞAFAKA DOĞUŞ,72 - 67,BANVİT,,İSTANBUL,Volkswagen Arena | ,NTV SPOR,EMİN MOĞULKOÇ,ZAFER YILMAZ,ALPER ALTUĞ KÖSELERLİ,,KEREM SIRMAGİL,MELDA ÇAKIRCA,DİNÇER ADİLLER,SELEN TALAZER,Volkswagen Arena
24.05.2017,20:30,1EA2498,Playoff Çeyrek Final,FENERBAHÇE,92 - 76,TOFAŞ,,İSTANBUL,Ülker Spor ve Etkinlik Salonu | ,beINSports HD 3,YENER YILMAZ,ÖZLEM YALMAN,MEHMET SERDAR ÜNAL,,SEDA İŞLER,ESER FIRIL,SERHAT LEVENT,SEÇİL SILA KORALP,Ülker Spor ve Etkinlik Salonu
25.05.2017,18:30,1EA2504,Playoff Çeyrek Final,GAZİANTEP BASKETBOL,70 - 77,BEŞİKTAŞ SOMPO JAPAN,,GAZİANTEP,Karataş Şahinbey Spor Salonu | ,beINSports HD 3,YENER YILMAZ,AHMET ERSAN ERGÜLER,ALİ ŞAKACI,,BARIŞ ÖZGÜNEŞ,PINAR ŞAHİN,MUSTAFA BODUR,EKMEL CENGİZ,Karataş Şahinbey Spor Salonu
25.05.2017,20:30,1EA2505,Playoff Çeyrek Final,GALATASARAY ODEABANK,73 - 63,ANADOLU EFES,,İSTANBUL,Abdi İpekçi Spor Salonu | ,NTV SPOR,MURAT  BİRİCİK,KAAN BÜYÜKÇİL,ZİYA ÖZORHON,,ALPKAN HACIYAKUPOĞLU,ALPER LAÇİNKAYA,DİNÇER ADİLLER,YÜCEL FIRAT,Abdi İpekçi Spor Salonu
26.05.2017,18:30,1EA2503,Playoff Çeyrek Final,BANVİT,70 - 74,DARÜŞŞAFAKA DOĞUŞ,,BALIKESİR,Banvit Kara Ali Acar Spor Salonu | ,beINSports HD 3,AYTUĞ EKTİ,ALİ SERKAN EMLEK,OSMAN SİNAN İŞGÜDER,,ÇAĞLA USLUCA,NESLİHAN ÇOBAN,METİN IŞIK,IŞIL ÖZKAN,Banvit Kara Ali Acar Spor Salonu
26.05.2017,20:30,1EA2502,Playoff Çeyrek Final,TOFAŞ,73 - 79,FENERBAHÇE,,BURSA,Tofaş Spor Salonu | ,NTV SPOR,EMİN MOĞULKOÇ,FATİH ARSLANOĞLU,MEHMET KARABİLECEN,,ÖZGE ÇETİN,SEVDA USTA,ABDULLAH KURT,DOĞAN CEMAL ÖNEL,Tofaş Spor Salonu
27.05.2017,20:00,1EA2506,Playoff Çeyrek Final,ANADOLU EFES,87 - 76,GALATASARAY ODEABANK,,İSTANBUL,Abdi İpekçi Spor Salonu | ,beINSports HD 3,EMİN MOĞULKOÇ,ZAFER YILMAZ,ALPER ALTUĞ KÖSELERLİ,,AYŞE SERVER SEZER,AHMET YILDIZ,ALPER LAÇİNKAYA,DİNÇER ADİLLER,Abdi İpekçi Spor Salonu
29.05.2017,20:00,1EA2507,Playoff Yarı Final,FENERBAHÇE,94 - 72,DARÜŞŞAFAKA DOĞUŞ,,İSTANBUL,Ülker Spor ve Etkinlik Salonu | ,beINSports HD 3,MEHMET KESERATAR,ÖZLEM YALMAN,KAAN BÜYÜKÇİL,,GÜLŞAH ÇEBİ,SERHAT LEVENT,SEDA İŞLER,YEŞİM ÖZCAN ÖZTÜRK,Ülker Spor ve Etkinlik Salonu
30.05.2017,20:00,1EA2508,Playoff Yarı Final,BEŞİKTAŞ SOMPO JAPAN,90 - 71,ANADOLU EFES,,İSTANBUL,Akatlar Spor ve Kültür Kompleksi | ,"NTV SPOR,beINSports HD 3",AYTUĞ EKTİ,ALİ SERKAN EMLEK,OSMAN SİNAN İŞGÜDER,,KEREM SIRMAGİL,ZAFER RİFAİ,YÜKSEL NAZLIGÜL,ŞERMİN NAZLIGÜL,Akatlar Spor ve Kültür Kompleksi
31.05.2017,20:00,1EA2509,Playoff Yarı Final,FENERBAHÇE,95 - 81,DARÜŞŞAFAKA DOĞUŞ,,İSTANBUL,Ülker Spor ve Etkinlik Salonu | ,"NTV SPOR,beINSports HD 3",ZAFER YILMAZ,YENER YILMAZ,ALİ ŞAKACI,,BEGÜM SAVAŞ,SERHAT LEVENT,ESER FIRIL,EBRU ULUDOĞAN,Ülker Spor ve Etkinlik Salonu
1.06.2017,20:00,1EA2510,Playoff Yarı Final,BEŞİKTAŞ SOMPO JAPAN,74 - 72,ANADOLU EFES,,İSTANBUL,Akatlar Spor ve Kültür Kompleksi | ,"NTV SPOR,beINSports HD 3",EMİN MOĞULKOÇ,FATİH ARSLANOĞLU,ZİYA ÖZORHON,,NEŞE KIRAN,DİNÇER ADİLLER,KEREM SIRMAGİL,MERVE SAĞLAM,Akatlar Spor ve Kültür Kompleksi
2.06.2017,20:00,1EA2511,Playoff Yarı Final,DARÜŞŞAFAKA DOĞUŞ,74 - 90,FENERBAHÇE,,İSTANBUL,Volkswagen Arena | ,beINSports HD 3,MURAT  BİRİCİK,MEHMET KARABİLECEN,CAN MAVİSU,,SELEN TALAZER,ZAFER RİFAİ,SERHAT LEVENT,MELDA ÇAKIRCA,Volkswagen Arena
3.06.2017,20:00,1EA2512,Playoff Yarı Final,ANADOLU EFES,66 - 65,BEŞİKTAŞ SOMPO JAPAN,,İSTANBUL,Abdi İpekçi Spor Salonu | ,beINSports HD 3,MEHMET KESERATAR,AHMET ERSAN ERGÜLER,MEHMET SERDAR ÜNAL,,KEREM SIRMAGİL,YÜCEL FIRAT,HAKAN ÇOLAK,SEMRA AKDUMAN,Abdi İpekçi Spor Salonu
6.06.2017,20:00,1EA2513,Playoff Yarı Final,ANADOLU EFES,65 - 91,BEŞİKTAŞ SOMPO JAPAN,,İSTANBUL,Abdi İpekçi Spor Salonu | ,beINSports HD 3,MURAT  BİRİCİK,ZAFER YILMAZ,ALPER ALTUĞ KÖSELERLİ,,MERVE SAĞLAM,AHMET YILDIZ,ALPER LAÇİNKAYA,SELEN TALAZER,Abdi İpekçi Spor Salonu
9.06.2017,20:00,1EA2514,Playoff Final,FENERBAHÇE,75 - 69,BEŞİKTAŞ SOMPO JAPAN,,İSTANBUL,Ülker Spor ve Etkinlik Salonu | ,beINSports HD 3,AYTUĞ EKTİ,ALİ SERKAN EMLEK,OSMAN SİNAN İŞGÜDER,,SEDA İŞLER,SERHAT LEVENT,YEŞİM ÖZCAN ÖZTÜRK,EBRU ULUDOĞAN,Ülker Spor ve Etkinlik Salonu
11.06.2017,18:00,1EA2515,Playoff Final,FENERBAHÇE,83 - 74,BEŞİKTAŞ SOMPO JAPAN,,İSTANBUL,Ülker Spor ve Etkinlik Salonu | ,"NTV SPOR,beINSports HD 3",MURAT  BİRİCİK,MEHMET KARABİLECEN,CAN MAVİSU,,SEDA İŞLER,SERHAT LEVENT,ESER FIRIL,EBRU ULUDOĞAN,Ülker Spor ve Etkinlik Salonu
14.06.2017,20:00,1EA2516,Playoff Final,BEŞİKTAŞ SOMPO JAPAN,80 - 86,FENERBAHÇE,,İSTANBUL,Akatlar Spor ve Kültür Kompleksi | ,beINSports HD 3,EMİN MOĞULKOÇ,KAAN BÜYÜKÇİL,ZİYA ÖZORHON,,NEŞE KIRAN,AHMET YILDIZ,YÜKSEL NAZLIGÜL,GÖZDE BEGÜM AKÜZÜM,Akatlar Spor ve Kültür Kompleksi
16.06.2017,20:00,1EA2517,Playoff Final,BEŞİKTAŞ SOMPO JAPAN,94 - 98,FENERBAHÇE,,İSTANBUL,Akatlar Spor ve Kültür Kompleksi | ,"NTV SPOR,beINSports HD 3",ZAFER YILMAZ,YENER YILMAZ,ALPER ALTUĞ KÖSELERLİ,,KEREM SIRMAGİL,AHMET YILDIZ,DİNÇER ADİLLER,SELEN TALAZER,Akatlar Spor ve Kültür Kompleksi
