Tarih,Saat,Maç No,Hafta,A Takım,Sonuç,B Takım,Grubu,Şehir,Salon,TV,Baş Hakem,1. Yrd. Hakem,2. Yrd. Hakem,Temsilci,1. Masa G.,2. Masa G.,3. Masa G.,4. Masa G.,Salon.1
30.09.2022,19:00,1EA3843,01. Hafta,TÜRK TELEKOM,90 - 87,DARÜŞŞAFAKA LASSA,,ANKARA,Ankara Spor Salonu,"beIN SPORTS 5,beIN SPORTS HABER",HÜSEYİN ÇELİK,ALPER ÖZGÖK,GÖKSUN ÖZ,BURAK DEDE,EZGİ KILIÇ,AKIN AYTEKİN,PELİN KUZU,FUNDA KONCA,Ankara Spor Salonu
1.10.2022,13:00,1EA3842,01. Hafta,YUKATEL MERKEZEFENDİ BELEDİYESİ BASKET,70 - 79,ALİAĞA PETKİM SPOR,,DENİZLİ,Pamukkale Üniversitesi Spor Salonu,beIN SPORTS 5,ERŞAN KARTAL,ÖZGE ŞENTÜRK BAYRAKTAR,POLAT PARLAK,MERT ELMA,ÖZLEM IŞIK İNAN,FATMA NUR DİKMEN ÇOBAN,MELTEM ARABACI,AHMET ERYÜRÜK,Pamukkale Üniversitesi Spor Salonu
1.10.2022,15:30,1EA3848,01. Hafta,PINAR KARŞIYAKA,79 - 76,MANİSA BÜYÜKŞEHİR BELEDİYE SPOR,,İZMİR,Mustafa Kemal Atatürk Karşıyaka Spor Salonu,beIN SPORTS 5,ALİ ŞAKACI,ZİYA ÖZORHON,SERHAT BÜKER,GÖRKEM BIÇAKCIOĞLU,BERRİN TURAN,ÖMER DURSUN,İLAYDA DİNÇEL,SİNEM YENİ,Mustafa Kemal Atatürk Karşıyaka Spor Salonu
1.10.2022,18:00,1EA3846,01. Hafta,TOFAŞ,92 - 53,ONVO BÜYÜKÇEKMECE BASKETBOL,,BURSA,Tofaş Spor Salonu,"beIN SPORTS 5,beIN SPORTS HABER",CAN MAVİSU,SEHER AYŞE NUR YAZICIOĞLU,BERK KURTULMUŞ,UMUT GEDİK,BERNA EKBİÇ,SEVDA USTA,ELİF ERGÜÇ,ADEM ÇATALKAŞ,Tofaş Spor Salonu
2.10.2022,13:00,1EA3841,01. Hafta,ANADOLU EFES,77 - 68,GALATASARAY NEF,,İSTANBUL,Sinan Erdem Spor Salonu,beIN SPORTS 5,ALİ SERKAN EMLEK,AHMET TATLICI,ÇAĞLAR ÖZKAN,HURŞİT CEM AKAN,HİLMİ CANKUT AYNAR,EMRAH RİFAİ,ALPER LAÇİNKAYA,GÜL URASLI,Sinan Erdem Spor Salonu
2.10.2022,15:30,1EA3845,01. Hafta,FENERBAHÇE BEKO,78 - 72,BAHÇEŞEHİR KOLEJİ,,İSTANBUL,Ülker Spor ve Etkinlik Salonu,beIN SPORTS 5,ZAFER YILMAZ,MEHMET ŞAHİN,SİNEM TETİK AKBAYRAK,EMİN FAZIL KESERATAR,EDA ELFİDAN,GÖZDE BEGÜM AKÜZÜM,BÜŞRA ERKAN,GÜLTEKİN KABAŞ,Ülker Spor ve Etkinlik Salonu
2.10.2022,18:00,1EA3844,01. Hafta,GAZİANTEP BASKETBOL,50 - 69,FRUTTİ EXTRA BURSASPOR,,GAZİANTEP,Karataş Şahinbey Spor Salonu,beIN SPORTS 5,YENER YILMAZ,ALPER ALTUĞ KÖSELERLİ,FATİH GÜLER,NAMIK KEMAL ERGÜVEN,ZEHRANUR POLAT,RECEP ÖZTÜRK,EKMEL CENGİZ,ZEYNEP AKARKAMÇI,Karataş Şahinbey Spor Salonu
3.10.2022,19:00,1EA3847,01. Hafta,BEŞİKTAŞ EMLAKJET,82 - 90,AYOS KONYASPOR BASKETBOL,,İSTANBUL,BJK Emlakjet Spor Kompleksi,beIN SPORTS 5,MEHMET KARABİLECEN,ORHAN ÇAĞRI HEKİMOĞLU,BURAK YILMAZ,SAVAŞ BAYRAM ERTÜRK,ŞERMİN NAZLIGÜL,YÜKSEL NAZLIGÜL,MURAT SÜMER,ALPKAN HACIYAKUPOĞLU,BJK Emlakjet Spor Kompleksi
7.10.2022,19:00,1EA3855,02. Hafta,MANİSA BÜYÜKŞEHİR BELEDİYE SPOR,73 - 66,BEŞİKTAŞ EMLAKJET,,MANİSA,Muradiye Spor Salonu,"beIN SPORTS 5,beIN SPORTS HABER",YENER YILMAZ,ALPER ÖZGÖK,GÖKSUN ÖZ,DOĞAN HEPGÜVENDİK,ESRA HOZANLI,SALİH KARAKURT,MERVE ERYOLDAŞ,TUĞBERK ŞENGÜLDÜREN,Muradiye Spor Salonu
8.10.2022,13:00,1EA3856,02. Hafta,GALATASARAY NEF,70 - 72,PINAR KARŞIYAKA,,İSTANBUL,Sinan Erdem Spor Salonu,beIN SPORTS 5,MEHMET ŞAHİN,CAN MAVİSU,BERK KURTULMUŞ,HAKAN BEŞTEPE,LAL DENİZ ÇELİKER,CEYDA KAPKAÇ,ESİN MÜEZZİNOĞLU,ERMAN YÜCEL,Sinan Erdem Spor Salonu
8.10.2022,15:30,1EA3854,02. Hafta,AYOS KONYASPOR BASKETBOL,80 - 66,TOFAŞ,,KONYA,Selçuklu Belediyesi Spor Salonu,beIN SPORTS 5,KEREM BAKİ,HÜSEYİN ÇELİK,TOLGA EDİS,HALDUN KUNT,RABİA UZUNTÜRK,HEDİYE BALIKCI,AYKUT ÇETİN,SADETTİN YAMAN,Selçuklu Belediyesi Spor Salonu
8.10.2022,18:00,1EA3851,02. Hafta,FRUTTİ EXTRA BURSASPOR,79 - 63,TÜRK TELEKOM,,BURSA,Tofaş Spor Salonu,"beIN SPORTS 5,beIN SPORTS HABER",ZAFER YILMAZ,SEHER AYŞE NUR YAZICIOĞLU,UMUT ÖZGÜN ERGÜN,ELA ONAT,ESRA SOLAK,SEVDA USTA,ELİZ ŞEN,TUĞBA ÖYLEK,Tofaş Spor Salonu
9.10.2022,13:00,1EA3850,02. Hafta,DARÜŞŞAFAKA LASSA,93 - 80,YUKATEL MERKEZEFENDİ BELEDİYESİ BASKET,,İSTANBUL,Darüşşafaka Ayhan Şahenk Spor Salonu,beIN SPORTS 5,MEHMET KARABİLECEN,ORHAN ÇAĞRI HEKİMOĞLU,ÇAĞLAR ÖZKAN,AHMET MÜNİR GÖKMEN,ŞAZİYE SİMSAR YAKIN,PINAR ŞAHİN,AYBERK PARALI,GÜLİZ KONCA ADİLLER,Darüşşafaka Ayhan Şahenk Spor Salonu
9.10.2022,15:30,1EA3849,02. Hafta,ALİAĞA PETKİM SPOR,79 - 89,ANADOLU EFES,,İZMİR,Enka Spor Salonu,beIN SPORTS 5,EMİN MOĞULKOÇ,ERHAN GÜRSEL,YİĞİT GÖNÜLTAŞ,DİDEM SÜER,İLAYDA DİNÇEL,CANSU ÇOBAN,OSMAN ARKIN BARUTCU,SİNEM BİRTÜRK,Enka Spor Salonu
9.10.2022,18:00,1EA3852,02. Hafta,BAHÇEŞEHİR KOLEJİ,78 - 73,GAZİANTEP BASKETBOL,,İSTANBUL,Ülker Spor ve Etkinlik Salonu,beIN SPORTS 5,ERŞAN KARTAL,AHMET TATLICI,MUSA KAZIM ÇETİN,RAHŞAN ŞEBNEM TÜMER,AYSEL GÜNER,SERHAT LEVENT,YEŞİM ÖZCAN ÖZTÜRK,NİLAY YILMAZ,Ülker Spor ve Etkinlik Salonu
10.10.2022,19:00,1EA3853,02. Hafta,ONVO BÜYÜKÇEKMECE BASKETBOL,80 - 85,FENERBAHÇE BEKO,,İSTANBUL,Gazanfer Bilge Spor Salonu,beIN SPORTS 5,ÖZLEM YALMAN,POLAT PARLAK,İSMAİL BİNBİR,ERKAN URASLI,EMRECAN ÇAKIRCA,MURAT ÖZKAN,SEMRA AKDUMAN,ERMAN YÜCEL,Gazanfer Bilge Spor Salonu
14.10.2022,19:00,1EA3859,03. Hafta,TÜRK TELEKOM,87 - 68,BAHÇEŞEHİR KOLEJİ,,ANKARA,Ankara Spor Salonu,"beIN SPORTS 5,beIN SPORTS HABER",ALİ SERKAN EMLEK,CAN MAVİSU,YİĞİT GÖNÜLTAŞ,MEHMET KAŞİF BATTAL,YUNUS KAHRAMAN,ALİ MURAT SUNGUR,ALPER KESEN,TUNCER ULUŞEKER,Ankara Spor Salonu
15.10.2022,13:00,1EA3862,03. Hafta,TOFAŞ,90 - 69,MANİSA BÜYÜKŞEHİR BELEDİYE SPOR,,BURSA,Tofaş Spor Salonu,beIN SPORTS 5,MEHMET KARABİLECEN,MUSA KAZIM ÇETİN,BURAK YILMAZ,UMUT GEDİK,AYTUNÇ SERTYILMAZ,EMEL ÖZTÜRK,SİNEM ERTEM,ŞAFAK IRMAK SARAÇOĞLU,Tofaş Spor Salonu
15.10.2022,15:30,1EA3858,03. Hafta,YUKATEL MERKEZEFENDİ BELEDİYESİ BASKET,56 - 68,FRUTTİ EXTRA BURSASPOR,,DENİZLİ,Pamukkale Üniversitesi Spor Salonu,beIN SPORTS 5,EMİN MOĞULKOÇ,SİNEM TETİK AKBAYRAK,TOLGA EDİS,EMRE BAŞA,MELEK ERYÜRÜK,AHMET ERYÜRÜK,MELTEM ARABACI,AYŞE ERİŞ,Pamukkale Üniversitesi Spor Salonu
15.10.2022,18:00,1EA3863,03. Hafta,BEŞİKTAŞ EMLAKJET,81 - 92,PINAR KARŞIYAKA,,İSTANBUL,Akatlar Spor ve Kültür Kompleksi,"beIN SPORTS 5,beIN SPORTS HABER",ZAFER YILMAZ,ÖZLEM YALMAN,ERHAN GÜRSEL,HAKAN BEŞTEPE,ESİN MÜEZZİNOĞLU,ALPKAN HACIYAKUPOĞLU,LAL DENİZ ÇELİKER,CEYDA KAPKAÇ,Akatlar Spor ve Kültür Kompleksi
16.10.2022,13:00,1EA3860,03. Hafta,GAZİANTEP BASKETBOL,79 - 61,ONVO BÜYÜKÇEKMECE BASKETBOL,,GAZİANTEP,Karataş Şahinbey Spor Salonu,beIN SPORTS 5,KEREM BAKİ,ZİYA ÖZORHON,ÖZGE ŞENTÜRK BAYRAKTAR,YUSUF BÜYÜKFİDAN,TUĞBA İYİNACAR,MUSTAFA BODUR,UĞUR ŞAHAN,OKAN ÇELEBİ,Karataş Şahinbey Spor Salonu
16.10.2022,15:30,1EA3857,03. Hafta,ANADOLU EFES,88 - 78,DARÜŞŞAFAKA LASSA,,İSTANBUL,Sinan Erdem Spor Salonu,beIN SPORTS 5,MEHMET ŞAHİN,ALPER ALTUĞ KÖSELERLİ,SERHAT BÜKER,HÜSEYİN OSMAN BÜYÜKGÖKSU,GÜLİZ KONCA ADİLLER,ALPER LAÇİNKAYA,MERVE SAĞLAM,HİLMİ CANKUT AYNAR,Sinan Erdem Spor Salonu
16.10.2022,18:00,1EA3861,03. Hafta,FENERBAHÇE BEKO,85 - 71,AYOS KONYASPOR BASKETBOL,,İSTANBUL,Ülker Spor ve Etkinlik Salonu,beIN SPORTS 5,YENER YILMAZ,FATİH GÜLER,BERK KURTULMUŞ,YAŞAR TERZİOĞLU,DİLAN SARIBULAK,YEŞİM ÖZCAN ÖZTÜRK,SİNAN ERSOY,ZEHRA AKAN,Ülker Spor ve Etkinlik Salonu
17.10.2022,19:00,1EA3864,03. Hafta,ALİAĞA PETKİM SPOR,66 - 84,GALATASARAY NEF,,İZMİR,Enka Spor Salonu,beIN SPORTS 5,HÜSEYİN ÇELİK,ALİ ŞAKACI,İSMAİL BİNBİR,SERKAN İNCE,BERRİN TURAN,SİNEM YENİ,MEHMET AKINCI,SİNEM BİRTÜRK,Enka Spor Salonu
21.10.2022,19:00,1EA3870,04. Hafta,PINAR KARŞIYAKA,72 - 83,TOFAŞ,,İZMİR,Mustafa Kemal Atatürk Karşıyaka Spor Salonu,beINSports,ALİ SERKAN EMLEK,AHMET TATLICI,GÖKSUN ÖZ,GÖRKEM BIÇAKCIOĞLU,YEŞİM KOÇ,SİNEM BİRTÜRK,ELİF KALENDER,İLAYDA DİNÇEL,Mustafa Kemal Atatürk Karşıyaka Spor Salonu
22.10.2022,13:00,1EA3866,04. Hafta,BAHÇEŞEHİR KOLEJİ,79 - 78,YUKATEL MERKEZEFENDİ BELEDİYESİ BASKET,,İSTANBUL,Ülker Spor ve Etkinlik Salonu,beINSports,YENER YILMAZ,ALPER ÖZGÖK,SEHER AYŞE NUR YAZICIOĞLU,NAİM ÖZYEŞİLPINAR,SERCAN DEMİRÖREN,SERHAT LEVENT,EDA ELFİDAN,PERİHAN GİZEM ÜNSAL,Ülker Spor ve Etkinlik Salonu
22.10.2022,15:30,1EA3867,04. Hafta,ONVO BÜYÜKÇEKMECE BASKETBOL,92 - 100,TÜRK TELEKOM,,İSTANBUL,Gazanfer Bilge Spor Salonu,beINSports,MEHMET KARABİLECEN,MUSA KAZIM ÇETİN,ÇAĞLAR ÖZKAN,SAVAŞ BAYRAM ERTÜRK,BİROL ŞİMŞEK,ERMAN YÜCEL,MURAT ÖZKAN,SEMRA AKDUMAN,Gazanfer Bilge Spor Salonu
22.10.2022,18:00,1EA3871,04. Hafta,GALATASARAY NEF,67 - 74,BEŞİKTAŞ EMLAKJET,,İSTANBUL,Sinan Erdem Spor Salonu,beINSports,ERŞAN KARTAL,ZİYA ÖZORHON,TOLGA EDİS,HURŞİT CEM AKAN,LAL DENİZ ÇELİKER,EMRAH RİFAİ,AYBERK PARALI,CEYDA KAPKAÇ,Sinan Erdem Spor Salonu
22.10.2022,20:30,1EA3869,04. Hafta,MANİSA BÜYÜKŞEHİR BELEDİYE SPOR,58 - 93,FENERBAHÇE BEKO,,MANİSA,Muradiye Spor Salonu,beINSports,KEREM BAKİ,ORHAN ÇAĞRI HEKİMOĞLU,UMUT ÖZGÜN ERGÜN,DİDEM SÜER,ESRA GÜLSUYU,ABDULLAH KURT,ÜMİT KONCA,HEDİYE AYTAŞ SARIASLAN,Muradiye Spor Salonu
23.10.2022,13:00,1EA3868,04. Hafta,AYOS KONYASPOR BASKETBOL,78 - 76,GAZİANTEP BASKETBOL,,KONYA,Selçuklu Belediyesi Spor Salonu,beINSports,EMİN MOĞULKOÇ,ALİ ŞAKACI,POLAT PARLAK,DERYA ANTAŞ,SADETTİN YAMAN,AYKUT ÇETİN,DİLARA VEZİROĞLU,HEDİYE BALIKCI,Selçuklu Belediyesi Spor Salonu
23.10.2022,15:30,1EA3872,04. Hafta,DARÜŞŞAFAKA LASSA,75 - 94,ALİAĞA PETKİM SPOR,,İSTANBUL,Darüşşafaka Ayhan Şahenk Spor Salonu,beINSports,ZAFER YILMAZ,FATİH GÜLER,BURAK YILMAZ,AHMET MÜNİR GÖKMEN,PINAR ŞAHİN,HİLMİ CANKUT AYNAR,GÜLİZ KONCA ADİLLER,ŞERMİN NAZLIGÜL,Darüşşafaka Ayhan Şahenk Spor Salonu
23.10.2022,18:00,1EA3865,04. Hafta,FRUTTİ EXTRA BURSASPOR,88 - 86,ANADOLU EFES,,BURSA,Tofaş Spor Salonu,beINSports,ÖZLEM YALMAN,CAN MAVİSU,HÜSEYİN ÇELİK,İBRAHİM EMRE AYDEMİR,ESRA AL,SEVDA USTA,BERNA EKBİÇ,TUĞBA ÖYLEK,Tofaş Spor Salonu
28.10.2022,19:00,1EA3874,05. Hafta,YUKATEL MERKEZEFENDİ BELEDİYESİ BASKET,77 - 76,ONVO BÜYÜKÇEKMECE BASKETBOL,,DENİZLİ,Pamukkale Üniversitesi Spor Salonu,"beIN SPORTS 5,beIN SPORTS HABER",ALİ SERKAN EMLEK,HÜSEYİN ÇELİK,YİĞİT GÖNÜLTAŞ,MUSTAFA BİÇER,MELTEM ARABACI,MELEK ERYÜRÜK,SARE NUR ELMAS,AHMET ERYÜRÜK,Pamukkale Üniversitesi Spor Salonu
29.10.2022,13:00,1EA3876,05. Hafta,GAZİANTEP BASKETBOL,87 - 73,MANİSA BÜYÜKŞEHİR BELEDİYE SPOR,,GAZİANTEP,Karataş Şahinbey Spor Salonu,beIN SPORTS 5,CAN MAVİSU,SEHER AYŞE NUR YAZICIOĞLU,İSMAİL BİNBİR,NAMIK KEMAL ERGÜVEN,TUĞBA İYİNACAR,UĞUR ŞAHAN,GÜLCAN KARABULUT,OKAN ÇELEBİ,Karataş Şahinbey Spor Salonu
29.10.2022,15:30,1EA3878,05. Hafta,TOFAŞ,80 - 72,BEŞİKTAŞ EMLAKJET,,BURSA,Tofaş Spor Salonu,beIN SPORTS 5,MEHMET ŞAHİN,ALİ ŞAKACI,ÇAĞLAR ÖZKAN,ELA ONAT,AYÇA ÜNLÜ,ŞAFAK IRMAK SARAÇOĞLU,NEBİYE SALLANTI,ABDULLAH KURT,Tofaş Spor Salonu
29.10.2022,18:00,1EA3875,05. Hafta,TÜRK TELEKOM,99 - 93,AYOS KONYASPOR BASKETBOL,,ANKARA,Mamak Belediyesi Hidayet Türkoğlu Spor Salonu,"beIN SPORTS 5,beIN SPORTS HABER",ÖZLEM YALMAN,AHMET TATLICI,ERHAN GÜRSEL,BURAK DEDE,VOLKAN DARCAN,SİBEL FAZLIOĞLU,EREN UYGUN,NİHAN ÜNSAL,Mamak Belediyesi Hidayet Türkoğlu Spor Salonu
30.10.2022,13:00,1EA3879,05. Hafta,ALİAĞA PETKİM SPOR,80 - 72,FRUTTİ EXTRA BURSASPOR,,İZMİR,Enka Spor Salonu,beIN SPORTS 5,KEREM BAKİ,SERHAT BÜKER,BERK KURTULMUŞ,DİDEM SÜER,GİZEM ÖZAYDIN,ELİF KALENDER,BETÜL AKDOĞAN,MESUT KARABULUT,Enka Spor Salonu
30.10.2022,15:30,1EA3880,05. Hafta,DARÜŞŞAFAKA LASSA,68 - 66,GALATASARAY NEF,,İSTANBUL,Darüşşafaka Ayhan Şahenk Spor Salonu,beIN SPORTS 5,YENER YILMAZ,SİNEM TETİK AKBAYRAK,MUSA KAZIM ÇETİN,ERKAN URASLI,TUNA TAŞ,ALPER LAÇİNKAYA,HİLMİ CANKUT AYNAR,ALPKAN HACIYAKUPOĞLU,Darüşşafaka Ayhan Şahenk Spor Salonu
30.10.2022,18:00,1EA3873,05. Hafta,ANADOLU EFES,97 - 68,BAHÇEŞEHİR KOLEJİ,,İSTANBUL,Sinan Erdem Spor Salonu,beINSports,MEHMET KARABİLECEN,ORHAN ÇAĞRI HEKİMOĞLU,UMUT ÖZGÜN ERGÜN,RAHŞAN ŞEBNEM TÜMER,LAL DENİZ ÇELİKER,ŞAZİYE SİMSAR YAKIN,ERMAN YÜCEL,GÜL URASLI,Sinan Erdem Spor Salonu
31.10.2022,19:00,1EA3877,05. Hafta,FENERBAHÇE BEKO,100 - 88,PINAR KARŞIYAKA,,İSTANBUL,Ülker Spor ve Etkinlik Salonu,beIN SPORTS 5,ERŞAN KARTAL,ALPER ALTUĞ KÖSELERLİ,TOLGA EDİS,MEHMET KAŞİF BATTAL,EDA ELFİDAN,GÖZDE BEGÜM AKÜZÜM,ALTAN CANDAN,NİLAY YILMAZ,Ülker Spor ve Etkinlik Salonu
4.11.2022,19:00,1EA3886,06. Hafta,GALATASARAY NEF,90 - 76,TOFAŞ,,İSTANBUL,Sinan Erdem Spor Salonu,"beIN SPORTS 5,beIN SPORTS HABER",EMİN MOĞULKOÇ,AYTUĞ EKTİ,ALPER ÖZGÖK,EMİN FAZIL KESERATAR,YÜKSEL NAZLIGÜL,YUSUF YELESDAĞ,ÖZLEM TUNA,HİLMİ CANKUT AYNAR,Sinan Erdem Spor Salonu
5.11.2022,13:00,1EA3887,06. Hafta,BAHÇEŞEHİR KOLEJİ,71 - 61,ALİAĞA PETKİM SPOR,,İSTANBUL,Ülker Spor ve Etkinlik Salonu,beIN SPORTS 5,FATİH ARSLANOĞLU,MEHMET SERDAR ÜNAL,ÖZGE ŞENTÜRK BAYRAKTAR,NURSEL İSLAM,SEHER KAZANÇ,PERİHAN GİZEM ÜNSAL,RAMAZAN KOÇ,BÜŞRA ERKAN,Ülker Spor ve Etkinlik Salonu
5.11.2022,15:30,1EA3882,06. Hafta,AYOS KONYASPOR BASKETBOL,91 - 92,YUKATEL MERKEZEFENDİ BELEDİYESİ BASKET,,KONYA,Selçuklu Belediyesi Spor Salonu,beIN SPORTS 5,ZAFER YILMAZ,ZİYA ÖZORHON,BATUHAN SÖYLEMEZOĞLU,EREN KÜÇÜKSOLAKOĞLU,SADETTİN YAMAN,AYKUT ÇETİN,RABİA UZUNTÜRK,HEDİYE BALIKCI,Selçuklu Belediyesi Spor Salonu
5.11.2022,18:00,1EA3883,06. Hafta,MANİSA BÜYÜKŞEHİR BELEDİYE SPOR,50 - 77,TÜRK TELEKOM,,MANİSA,Muradiye Spor Salonu,beIN SPORTS 5,KAAN BÜYÜKÇİL,SEMİH VURAL,MURAT CİNER,DOĞAN HEPGÜVENDİK,ESRA HOZANLI,GÜL YILDIRIM,SEVGİ SELVİ,TUĞBERK ŞENGÜLDÜREN,Muradiye Spor Salonu
29.11.2022,20:00,1EA3885,06. Hafta,BEŞİKTAŞ EMLAKJET,72 - 81,FENERBAHÇE BEKO,,İSTANBUL,Akatlar Spor ve Kültür Kompleksi,beINSports,AYTUĞ EKTİ,MEHMET SERDAR ÜNAL,BATUHAN SÖYLEMEZOĞLU,HURŞİT CEM AKAN,CEYDA KAPKAÇ,ŞERMİN NAZLIGÜL,PINAR ŞAHİN,ALPER LAÇİNKAYA,Akatlar Spor ve Kültür Kompleksi
6.12.2022,20:00,1EA3881,06. Hafta,ONVO BÜYÜKÇEKMECE BASKETBOL,83 - 76,ANADOLU EFES,,İSTANBUL,Gazanfer Bilge Spor Salonu,beINSports,YENER YILMAZ,MEHMET SERDAR ÜNAL,FATİH GÜLER,YAŞAR SİNAN ÇELİKOĞLU,SEMRA AKDUMAN,ERMAN YÜCEL,BİROL ŞİMŞEK,YUSUF YELESDAĞ,Gazanfer Bilge Spor Salonu
27.12.2022,20:00,1EA3884,06. Hafta,PINAR KARŞIYAKA,96 - 91,GAZİANTEP BASKETBOL,,İZMİR,Mustafa Kemal Atatürk Karşıyaka Spor Salonu,beINSports,EMİN MOĞULKOÇ,CAN MAVİSU,YİĞİT GÖNÜLTAŞ,DOĞAN HEPGÜVENDİK,MEHMET AKINCI,MESUT KARABULUT,KEMAL AYPARS,İLAYDA DİNÇEL,Mustafa Kemal Atatürk Karşıyaka Spor Salonu
28.12.2022,20:00,1EA3888,06. Hafta,FRUTTİ EXTRA BURSASPOR,97 - 71,DARÜŞŞAFAKA LASSA,,BURSA,Tofaş Spor Salonu,beINSports,ÖZLEM YALMAN,SERHAT BÜKER,BURAK YILMAZ,GÖRKEM BIÇAKCIOĞLU,ELİZ ŞEN,SEVDA USTA,ESRA SOLAK,ABDULLAH KURT,Tofaş Spor Salonu
18.11.2022,19:00,1EA3895,07. Hafta,DARÜŞŞAFAKA LASSA,76 - 69,BAHÇEŞEHİR KOLEJİ,,İSTANBUL,Darüşşafaka Ayhan Şahenk Spor Salonu,"beIN SPORTS 5,beIN SPORTS HABER",KEREM BAKİ,ZİYA ÖZORHON,MURAT CİNER,AHMET MÜNİR GÖKMEN,GÜL URASLI,ALPKAN HACIYAKUPOĞLU,ŞERMİN NAZLIGÜL,ŞAZİYE SİMSAR YAKIN,Darüşşafaka Ayhan Şahenk Spor Salonu
19.11.2022,15:30,1EA3891,07. Hafta,TÜRK TELEKOM,92 - 83,PINAR KARŞIYAKA,,ANKARA,Ankara Spor Salonu,beIN SPORTS 5,AYTUĞ EKTİ,YENER YILMAZ,POLAT PARLAK,CENGİZ AKAR,MERT YILMAZ,FATİH DEMİRCİ,FATMA ÇELİK,FATİH ŞEN,Ankara Spor Salonu
19.11.2022,18:00,1EA3889,07. Hafta,ANADOLU EFES,88 - 83,AYOS KONYASPOR BASKETBOL,,İSTANBUL,Sinan Erdem Spor Salonu,"beIN SPORTS 5,beIN SPORTS HABER",ERŞAN KARTAL,KAAN BÜYÜKÇİL,SİNEM TETİK AKBAYRAK,SAVAŞ BAYRAM ERTÜRK,GÜL URASLI,HİLMİ CANKUT AYNAR,ESİN MÜEZZİNOĞLU,CEYDA KAPKAÇ,Sinan Erdem Spor Salonu
19.11.2022,20:30,1EA3896,07. Hafta,FRUTTİ EXTRA BURSASPOR,88 - 93,GALATASARAY NEF,,BURSA,Tofaş Spor Salonu,beIN SPORTS 5,ZAFER YILMAZ,MEHMET SERDAR ÜNAL,SEMİH VURAL,MEHMET KAŞİF BATTAL,EMEL ÖZTÜRK,ADEM ÇATALKAŞ,ESRA SOLAK,ABDULLAH KURT,Tofaş Spor Salonu
20.11.2022,13:00,1EA3892,07. Hafta,GAZİANTEP BASKETBOL,76 - 82,BEŞİKTAŞ EMLAKJET,,GAZİANTEP,Karataş Şahinbey Spor Salonu,beIN SPORTS 5,ALİ SERKAN EMLEK,SERHAT BÜKER,UMUT ÖZGÜN ERGÜN,YEŞİM ATUŞ KARAGÖZ,TUĞBA İYİNACAR,RECEP ÖZTÜRK,ZEYNEP AKARKAMÇI,OKAN ÇELEBİ,Karataş Şahinbey Spor Salonu
20.11.2022,15:30,1EA3894,07. Hafta,ALİAĞA PETKİM SPOR,79 - 75,ONVO BÜYÜKÇEKMECE BASKETBOL,,İZMİR,Enka Spor Salonu,beIN SPORTS 5,MEHMET ŞAHİN,ALPER ALTUĞ KÖSELERLİ,BATUHAN SÖYLEMEZOĞLU,ELA ONAT,SİNEM YENİ,SİNEM BİRTÜRK,HALİL TEPEBAĞ,İLAYDA DİNÇEL,Enka Spor Salonu
20.11.2022,18:00,1EA3893,07. Hafta,FENERBAHÇE BEKO,82 - 68,TOFAŞ,,İSTANBUL,Ülker Spor ve Etkinlik Salonu,beIN SPORTS 5,FATİH ARSLANOĞLU,CAN MAVİSU,HÜSEYİN ÇELİK,HURŞİT CEM AKAN,RAMAZAN KOÇ,SERHAT LEVENT,TUĞBA DURNAOĞLU,BÜŞRA ERKAN,Ülker Spor ve Etkinlik Salonu
21.11.2022,19:00,1EA3890,07. Hafta,YUKATEL MERKEZEFENDİ BELEDİYESİ BASKET,95 - 79,MANİSA BÜYÜKŞEHİR BELEDİYE SPOR,,DENİZLİ,Pamukkale Üniversitesi Spor Salonu,beIN SPORTS 5,EMİN MOĞULKOÇ,MEHMET KARABİLECEN,FATİH GÜLER,EMRE BAŞA,SARE NUR ELMAS,MELEK ERYÜRÜK,AYŞE ERİŞ,AHMET ERYÜRÜK,Pamukkale Üniversitesi Spor Salonu
25.11.2022,19:00,1EA3903,08. Hafta,ONVO BÜYÜKÇEKMECE BASKETBOL,70 - 83,DARÜŞŞAFAKA LASSA,,İSTANBUL,Gazanfer Bilge Spor Salonu,"beIN SPORTS 5,beIN SPORTS HABER",AYTUĞ EKTİ,SEHER AYŞE NUR YAZICIOĞLU,GÖKSUN ÖZ,NURSEL İSLAM,SEMRA AKDUMAN,BİROL ŞİMŞEK,MERT İĞDELİ,ERMAN YÜCEL,Gazanfer Bilge Spor Salonu
26.11.2022,13:00,1EA3904,08. Hafta,BAHÇEŞEHİR KOLEJİ,69 - 74,FRUTTİ EXTRA BURSASPOR,,İSTANBUL,Ülker Spor ve Etkinlik Salonu,beIN SPORTS 5,MEHMET ŞAHİN,KAAN BÜYÜKÇİL,AHMET TATLICI,ALİGÜRHAN UZUNAY,ZEHRA AKAN,PERİHAN GİZEM ÜNSAL,NİLAY YILMAZ,YEŞİM ÖZCAN ÖZTÜRK,Ülker Spor ve Etkinlik Salonu
26.11.2022,15:30,1EA3899,08. Hafta,BEŞİKTAŞ EMLAKJET,75 - 91,TÜRK TELEKOM,,İSTANBUL,Akatlar Spor ve Kültür Kompleksi,beIN SPORTS 5,FATİH ARSLANOĞLU,ORHAN ÇAĞRI HEKİMOĞLU,İSMAİL BİNBİR,ERKAN URASLI,GÜL URASLI,ALPKAN HACIYAKUPOĞLU,ŞERMİN NAZLIGÜL,AYBERK PARALI,Akatlar Spor ve Kültür Kompleksi
26.11.2022,18:00,1EA3898,08. Hafta,PINAR KARŞIYAKA,92 - 76,YUKATEL MERKEZEFENDİ BELEDİYESİ BASKET,,İZMİR,Mustafa Kemal Atatürk Karşıyaka Spor Salonu,"beIN SPORTS 5,beIN SPORTS HABER",KEREM BAKİ,MUSA KAZIM ÇETİN,BERK KURTULMUŞ,GÖRKEM BIÇAKCIOĞLU,GÖZDE ONAN,İLAYDA DİNÇEL,TUĞBA ERTE,ÖMER DURSUN,Mustafa Kemal Atatürk Karşıyaka Spor Salonu
27.11.2022,13:00,1EA3902,08. Hafta,AYOS KONYASPOR BASKETBOL,89 - 84,ALİAĞA PETKİM SPOR,,KONYA,Selçuklu Belediyesi Spor Salonu,beIN SPORTS HABER,YENER YILMAZ,ALPER ÖZGÖK,ÇAĞLAR ÖZKAN,BURAK DEDE,SADETTİN YAMAN,AYKUT ÇETİN,DİLARA VEZİROĞLU,HEDİYE BALIKCI,Selçuklu Belediyesi Spor Salonu
27.11.2022,15:30,1EA3897,08. Hafta,MANİSA BÜYÜKŞEHİR BELEDİYE SPOR,74 - 95,ANADOLU EFES,,MANİSA,Muradiye Spor Salonu,beIN SPORTS 5,ZAFER YILMAZ,TOLGA EDİS,ERHAN GÜRSEL,İBRAHİM EMRE AYDEMİR,ESRA HOZANLI,GÜL YILDIRIM,MERVE ERYOLDAŞ,TUĞBERK ŞENGÜLDÜREN,Muradiye Spor Salonu
27.11.2022,18:00,1EA3900,08. Hafta,TOFAŞ,78 - 88,GAZİANTEP BASKETBOL,,BURSA,Tofaş Spor Salonu,beIN SPORTS 5,ERŞAN KARTAL,ALPER ALTUĞ KÖSELERLİ,YİĞİT GÖNÜLTAŞ,EBRU ÖZTAŞKIRAN,TUĞBA ÖYLEK,SEVDA USTA,AYÇA ÜNLÜ,ABDULLAH KURT,Tofaş Spor Salonu
27.11.2022,20:30,1EA3901,08. Hafta,GALATASARAY NEF,91 - 97,FENERBAHÇE BEKO,,İSTANBUL,Sinan Erdem Spor Salonu,beIN SPORTS 5,ALİ SERKAN EMLEK,MEHMET KARABİLECEN,BURAK YILMAZ,EMİN FAZIL KESERATAR,YÜKSEL NAZLIGÜL,ALPER LAÇİNKAYA,GÜL URASLI,CEYDA KAPKAÇ,Sinan Erdem Spor Salonu
3.12.2022,13:00,1EA3906,09. Hafta,YUKATEL MERKEZEFENDİ BELEDİYESİ BASKET,75 - 74,BEŞİKTAŞ EMLAKJET,,DENİZLİ,Pamukkale Üniversitesi Spor Salonu,beIN SPORTS 5,KAAN BÜYÜKÇİL,CAN MAVİSU,MURAT CİNER,MUSTAFA BİÇER,AYŞE ERİŞ,MELEK ERYÜRÜK,FATMA NUR DİKMEN ÇOBAN,AHMET ERYÜRÜK,Pamukkale Üniversitesi Spor Salonu
3.12.2022,15:30,1EA3907,09. Hafta,TÜRK TELEKOM,89 - 77,TOFAŞ,,ANKARA,Ankara Spor Salonu,beIN SPORTS 5,ZAFER YILMAZ,ZİYA ÖZORHON,SİNEM TETİK AKBAYRAK,HALDUN KUNT,SEÇİL ÇAPKINOĞLU,SİMAY ÇAKMAK,HASAN BAŞKURT,VEYSEL SİNAN TUNCER,Ankara Spor Salonu
3.12.2022,18:00,1EA3911,09. Hafta,FRUTTİ EXTRA BURSASPOR,91 - 103,ONVO BÜYÜKÇEKMECE BASKETBOL,,BURSA,Tofaş Spor Salonu,"beIN SPORTS 5,beIN SPORTS HABER",ERŞAN KARTAL,ALİ ŞAKACI,UMUT ÖZGÜN ERGÜN,HAKAN BEŞTEPE,ESRA AL,ABDULLAH KURT,ELİZ ŞEN,BERNA EKBİÇ,Tofaş Spor Salonu
3.12.2022,20:30,1EA3912,09. Hafta,BAHÇEŞEHİR KOLEJİ,79 - 86,GALATASARAY NEF,,İSTANBUL,Ülker Spor ve Etkinlik Salonu,beIN SPORTS 5,ALPER ALTUĞ KÖSELERLİ,SERHAT BÜKER,POLAT PARLAK,RAHŞAN ŞEBNEM TÜMER,SİNAN ERSOY,SERHAT LEVENT,HALİL İBRAHİM ÖZBEK,SERCAN DEMİRÖREN,Ülker Spor ve Etkinlik Salonu
4.12.2022,13:00,1EA3910,09. Hafta,DARÜŞŞAFAKA LASSA,72 - 70,AYOS KONYASPOR BASKETBOL,,İSTANBUL,Darüşşafaka Ayhan Şahenk Spor Salonu,beIN SPORTS 5,ALİ SERKAN EMLEK,HÜSEYİN ÇELİK,ÖZGE ŞENTÜRK BAYRAKTAR,NURSEL İSLAM,AYBERK PARALI,ALPKAN HACIYAKUPOĞLU,TUNA TAŞ,ŞERMİN NAZLIGÜL,Darüşşafaka Ayhan Şahenk Spor Salonu
4.12.2022,15:30,1EA3905,09. Hafta,ANADOLU EFES,111 - 112,PINAR KARŞIYAKA,,İSTANBUL,Sinan Erdem Spor Salonu,beIN SPORTS 5,EMİN MOĞULKOÇ,FATİH ARSLANOĞLU,ALPER ÖZGÖK,MEHMET KAŞİF BATTAL,GÜL URASLI,ALPER LAÇİNKAYA,GÜLİZ KONCA ADİLLER,ŞAZİYE SİMSAR YAKIN,Sinan Erdem Spor Salonu
4.12.2022,18:00,1EA3908,09. Hafta,GAZİANTEP BASKETBOL,68 - 76,FENERBAHÇE BEKO,,GAZİANTEP,Karataş Şahinbey Spor Salonu,"beIN SPORTS 5,beIN SPORTS HABER",MEHMET ŞAHİN,SEMİH VURAL,ÇAĞLAR ÖZKAN,VEYSİ ORUK,ZEYNEP AKARKAMÇI,EKMEL CENGİZ,ÇAĞLA USLUCA,OKAN ÇELEBİ,Karataş Şahinbey Spor Salonu
5.12.2022,19:00,1EA3909,09. Hafta,ALİAĞA PETKİM SPOR,84 - 90,MANİSA BÜYÜKŞEHİR BELEDİYE SPOR,,İZMİR,Enka Spor Salonu,beIN SPORTS 5,ÖZLEM YALMAN,AHMET TATLICI,GÖKSUN ÖZ,DİDEM SÜER,SİNEM YENİ,SİNEM BİRTÜRK,SENEM ARIN KOCATÜRK,HAKAN DÖNMEZ,Enka Spor Salonu
9.12.2022,19:00,1EA3918,10. Hafta,MANİSA BÜYÜKŞEHİR BELEDİYE SPOR,73 - 92,DARÜŞŞAFAKA LASSA,,MANİSA,Muradiye Spor Salonu,"beIN SPORTS 5,beIN SPORTS HABER",ALPER ALTUĞ KÖSELERLİ,MEHMET SERDAR ÜNAL,BATUHAN SÖYLEMEZOĞLU,OKAN KAHRAMAN,ESRA GÜLSUYU,HEDİYE AYTAŞ SARIASLAN,İSMAİL ATAR,SALİH KARAKURT,Muradiye Spor Salonu
10.12.2022,13:00,1EA3920,10. Hafta,ONVO BÜYÜKÇEKMECE BASKETBOL,69 - 67,BAHÇEŞEHİR KOLEJİ,,İSTANBUL,Gazanfer Bilge Spor Salonu,beIN SPORTS 5,CAN MAVİSU,TOLGA EDİS,BURAK YILMAZ,METİN AÇIKALIN,MURAT ÖZKAN,SEMRA AKDUMAN,EMRE YAZICI,BİROL ŞİMŞEK,Gazanfer Bilge Spor Salonu
10.12.2022,15:30,1EA3919,10. Hafta,AYOS KONYASPOR BASKETBOL,87 - 99,FRUTTİ EXTRA BURSASPOR,,KONYA,Selçuklu Belediyesi Spor Salonu,beIN SPORTS 5,AYTUĞ EKTİ,FATİH ARSLANOĞLU,YİĞİT GÖNÜLTAŞ,HALDUN KUNT,SADETTİN YAMAN,AYKUT ÇETİN,SÜLEYMAN KEMAL HOROZOĞLU,HEDİYE BALIKCI,Selçuklu Belediyesi Spor Salonu
10.12.2022,18:00,1EA3917,10. Hafta,PINAR KARŞIYAKA,96 - 75,ALİAĞA PETKİM SPOR,,İZMİR,Mustafa Kemal Atatürk Karşıyaka Spor Salonu,"beIN SPORTS 5,beIN SPORTS HABER",MEHMET KARABİLECEN,SEHER AYŞE NUR YAZICIOĞLU,UMUT ÖZGÜN ERGÜN,AHMET ÖNEY,GİZEM ÖZAYDIN,İLAYDA DİNÇEL,ELİF KALENDER,ŞAHİN ŞANLI,Mustafa Kemal Atatürk Karşıyaka Spor Salonu
11.12.2022,13:00,1EA3916,10. Hafta,GALATASARAY NEF,77 - 54,GAZİANTEP BASKETBOL,,İSTANBUL,Sinan Erdem Spor Salonu,beIN SPORTS 5,KEREM BAKİ,ORHAN ÇAĞRI HEKİMOĞLU,ERHAN GÜRSEL,HURŞİT CEM AKAN,CEYDA KAPKAÇ,ALPER LAÇİNKAYA,GÜL URASLI,YÜKSEL NAZLIGÜL,Sinan Erdem Spor Salonu
11.12.2022,15:30,1EA3915,10. Hafta,FENERBAHÇE BEKO,75 - 82,TÜRK TELEKOM,,İSTANBUL,Ülker Spor ve Etkinlik Salonu,beIN SPORTS 5,EMİN MOĞULKOÇ,ALİ ŞAKACI,MUSA KAZIM ÇETİN,ERKAN URASLI,GÖZDE BEGÜM AKÜZÜM,SERHAT LEVENT,PERİHAN GİZEM ÜNSAL,BÜŞRA ERKAN,Ülker Spor ve Etkinlik Salonu
11.12.2022,18:00,1EA3913,10. Hafta,BEŞİKTAŞ EMLAKJET,86 - 99,ANADOLU EFES,,İSTANBUL,Akatlar Spor ve Kültür Kompleksi,beIN SPORTS 5,HÜSEYİN ÇELİK,ZİYA ÖZORHON,BERK KURTULMUŞ,EMİN FAZIL KESERATAR,GÜLİZ KONCA ADİLLER,HİLMİ CANKUT AYNAR,LAL DENİZ ÇELİKER,EMRAH RİFAİ,Akatlar Spor ve Kültür Kompleksi
12.12.2022,19:00,1EA3914,10. Hafta,TOFAŞ,90 - 79,YUKATEL MERKEZEFENDİ BELEDİYESİ BASKET,,BURSA,Tofaş Spor Salonu,beIN SPORTS 5,ÖZLEM YALMAN,SERHAT BÜKER,İSMAİL BİNBİR,MUSTAFA DURGUT,EMEL ÖZTÜRK,SEDA USTA,ESRA AL,ADEM ÇATALKAŞ,Tofaş Spor Salonu
16.12.2022,19:00,1EA3926,11. Hafta,FRUTTİ EXTRA BURSASPOR,96 - 85,MANİSA BÜYÜKŞEHİR BELEDİYE SPOR,,BURSA,Tofaş Spor Salonu,"beIN SPORTS 5,beIN SPORTS HABER",YENER YILMAZ,ÖZGE ŞENTÜRK BAYRAKTAR,HÜSEYİN ÇELİK,SAVAŞ BAYRAM ERTÜRK,EMEL ÖZTÜRK,NİDA ECE TÜZÜK,ESRA SOLAK,SEVDA USTA,Tofaş Spor Salonu
17.12.2022,13:00,1EA3927,11. Hafta,BAHÇEŞEHİR KOLEJİ,90 - 77,AYOS KONYASPOR BASKETBOL,,İSTANBUL,Ülker Spor ve Etkinlik Salonu,beIN SPORTS 5,ÖZLEM YALMAN,SEMİH VURAL,FATİH GÜLER,BEKİR GENÇAL,DİDEM ARPACI KARAGÖZ,YEŞİM ÖZCAN ÖZTÜRK,TUĞBA DURNAOĞLU,ALTAN CANDAN,Ülker Spor ve Etkinlik Salonu
17.12.2022,15:30,1EA3925,11. Hafta,DARÜŞŞAFAKA LASSA,71 - 87,PINAR KARŞIYAKA,,İSTANBUL,Darüşşafaka Ayhan Şahenk Spor Salonu,beIN SPORTS 5,MEHMET ŞAHİN,KAAN BÜYÜKÇİL,ÇAĞLAR ÖZKAN,EMİN FAZIL KESERATAR,AYBERK PARALI,EMRAH RİFAİ,YÜKSEL NAZLIGÜL,ALPKAN HACIYAKUPOĞLU,Darüşşafaka Ayhan Şahenk Spor Salonu
17.12.2022,18:00,1EA3928,11. Hafta,ONVO BÜYÜKÇEKMECE BASKETBOL,63 - 67,GALATASARAY NEF,,İSTANBUL,Gazanfer Bilge Spor Salonu,"beIN SPORTS 5,beIN SPORTS HABER",EMİN MOĞULKOÇ,AHMET TATLICI,MURAT CİNER,ERKAN URASLI,GÖKHAN ALTUNTAŞ,YUSUF YELESDAĞ,ERMAN YÜCEL,SEMRA AKDUMAN,Gazanfer Bilge Spor Salonu
18.12.2022,13:00,1EA3923,11. Hafta,TÜRK TELEKOM,90 - 75,GAZİANTEP BASKETBOL,,ANKARA,Ankara Spor Salonu,beIN SPORTS 5,MEHMET KARABİLECEN,ALPER ÖZGÖK,GÖKSUN ÖZ,GÖKHAN ZEKERİYA ARSLAN,GÖZDE ÖZBEK,İSMAİL FULSER,ANIL ENDER DURGUN,MEHMET AKİF CUMHURLU,Ankara Spor Salonu
18.12.2022,15:30,1EA3924,11. Hafta,ALİAĞA PETKİM SPOR,97 - 83,BEŞİKTAŞ EMLAKJET,,İZMİR,Enka Spor Salonu,beIN SPORTS 5,AYTUĞ EKTİ,KEREM BAKİ,SİNEM TETİK AKBAYRAK,GÖRKEM BIÇAKCIOĞLU,SİNEM BİRTÜRK,ALİ DEVECİ,OSMAN ARKIN BARUTCU,ÖMER DURSUN,Enka Spor Salonu
18.12.2022,18:00,1EA3922,11. Hafta,YUKATEL MERKEZEFENDİ BELEDİYESİ BASKET,80 - 77,FENERBAHÇE BEKO,,DENİZLİ,Pamukkale Üniversitesi Spor Salonu,beIN SPORTS 5,ZAFER YILMAZ,ZİYA ÖZORHON,MEHMET SERDAR ÜNAL,MEHMET KAŞİF BATTAL,TUĞBA KALEM,MELEK ERYÜRÜK,MELTEM ARABACI,RAMAZAN ERİŞ,Pamukkale Üniversitesi Spor Salonu
18.12.2022,20:30,1EA3921,11. Hafta,ANADOLU EFES,84 - 76,TOFAŞ,,İSTANBUL,Sinan Erdem Spor Salonu,beIN SPORTS 5,ALİ SERKAN EMLEK,POLAT PARLAK,MUSA KAZIM ÇETİN,AHMET MÜNİR GÖKMEN,EMRECAN ÇAKIRCA,GÜL URASLI,TUNA TAŞ,ALPER LAÇİNKAYA,Sinan Erdem Spor Salonu
24.12.2022,13:00,1EA3933,12. Hafta,BEŞİKTAŞ EMLAKJET,98 - 84,DARÜŞŞAFAKA LASSA,,İSTANBUL,Akatlar Spor ve Kültür Kompleksi,"beIN SPORTS 5,beIN SPORTS HABER",ZAFER YILMAZ,ALİ ŞAKACI,UMUT ÖZGÜN ERGÜN,EMİN FAZIL KESERATAR,GÜL URASLI,ALPKAN HACIYAKUPOĞLU,YÜKSEL NAZLIGÜL,EMRAH RİFAİ,Akatlar Spor ve Kültür Kompleksi
24.12.2022,15:30,1EA3931,12. Hafta,GALATASARAY NEF,106 - 100,TÜRK TELEKOM,,İSTANBUL,Sinan Erdem Spor Salonu,beIN SPORTS 5,FATİH ARSLANOĞLU,HÜSEYİN ÇELİK,TOLGA EDİS,HAKAN BEŞTEPE,ESİN MÜEZZİNOĞLU,ZAFER RİFAİ,CEYDA KAPKAÇ,SEMRA AKDUMAN,Sinan Erdem Spor Salonu
24.12.2022,18:00,1EA3934,12. Hafta,PINAR KARŞIYAKA,81 - 80,FRUTTİ EXTRA BURSASPOR,,İZMİR,Mustafa Kemal Atatürk Karşıyaka Spor Salonu,beIN SPORTS 5,KEREM BAKİ,ALPER ALTUĞ KÖSELERLİ,BATUHAN SÖYLEMEZOĞLU,HURŞİT CEM AKAN,GİZEM ÖZAYDIN,BERRİN TURAN,DİLEK KESGİN,ALİ DEVECİ,Mustafa Kemal Atatürk Karşıyaka Spor Salonu
24.12.2022,20:30,1EA3930,12. Hafta,GAZİANTEP BASKETBOL,80 - 78,YUKATEL MERKEZEFENDİ BELEDİYESİ BASKET,,GAZİANTEP,Karataş Şahinbey Spor Salonu,beIN SPORTS 5,KAAN BÜYÜKÇİL,SEHER AYŞE NUR YAZICIOĞLU,POLAT PARLAK,NAMIK KEMAL ERGÜVEN,KAAN AKARKAMÇI,RECEP ÖZTÜRK,AYTAÇ KALKA,ALİ DALYANOĞLU,Karataş Şahinbey Spor Salonu
25.12.2022,13:00,1EA3936,12. Hafta,AYOS KONYASPOR BASKETBOL,75 - 85,ONVO BÜYÜKÇEKMECE BASKETBOL,,KONYA,Selçuklu Belediyesi Spor Salonu,"beIN SPORTS 5,beIN SPORTS HABER",MEHMET KARABİLECEN,ORHAN ÇAĞRI HEKİMOĞLU,İSMAİL BİNBİR,DERYA ANTAŞ,SADETTİN YAMAN,AYKUT ÇETİN,SÜLEYMAN KEMAL HOROZOĞLU,HEDİYE BALIKCI,Selçuklu Belediyesi Spor Salonu
25.12.2022,15:30,1EA3935,12. Hafta,MANİSA BÜYÜKŞEHİR BELEDİYE SPOR,81 - 89,BAHÇEŞEHİR KOLEJİ,,MANİSA,Muradiye Spor Salonu,beIN SPORTS 5,EMİN MOĞULKOÇ,ZİYA ÖZORHON,BERK KURTULMUŞ,DİDEM SÜER,ESRA HOZANLI,ÜMİT KONCA,OSMAN CİNGİL,GÜL YILDIRIM,Muradiye Spor Salonu
25.12.2022,18:00,1EA3932,12. Hafta,TOFAŞ,78 - 65,ALİAĞA PETKİM SPOR,,BURSA,Tofaş Spor Salonu,beIN SPORTS 5,YENER YILMAZ,MEHMET SERDAR ÜNAL,ERHAN GÜRSEL,İBRAHİM EMRE AYDEMİR,EMEL ÖZTÜRK,ADEM ÇATALKAŞ,BERNA EKBİÇ,ELİF ERGÜÇ,Tofaş Spor Salonu
26.12.2022,19:00,1EA3929,12. Hafta,FENERBAHÇE BEKO,93 - 90,ANADOLU EFES,,İSTANBUL,Ülker Spor ve Etkinlik Salonu,beIN SPORTS 5,AYTUĞ EKTİ,ÖZLEM YALMAN,AHMET TATLICI,ERKAN URASLI,EDA ELFİDAN,SERHAT LEVENT,GÖZDE BEGÜM AKÜZÜM,BÜŞRA ERKAN,Ülker Spor ve Etkinlik Salonu
30.12.2022,18:00,1EA3943,13. Hafta,ONVO BÜYÜKÇEKMECE BASKETBOL,69 - 78,MANİSA BÜYÜKŞEHİR BELEDİYE SPOR,,İSTANBUL,Gazanfer Bilge Spor Salonu,beIN SPORTS 5,KEREM BAKİ,FATİH ARSLANOĞLU,SİNEM TETİK AKBAYRAK,YAŞAR SİNAN ÇELİKOĞLU,ÖZLEM TUNA,ERMAN YÜCEL,BİROL ŞİMŞEK,EMRECAN ÇAKIRCA,Gazanfer Bilge Spor Salonu
30.12.2022,20:30,1EA3938,13. Hafta,YUKATEL MERKEZEFENDİ BELEDİYESİ BASKET,78 - 68,TÜRK TELEKOM,,DENİZLİ,Pamukkale Üniversitesi Spor Salonu,"beIN SPORTS 5,beIN SPORTS HABER",MEHMET ŞAHİN,ALPER ALTUĞ KÖSELERLİ,ÖZGE ŞENTÜRK BAYRAKTAR,MERT ELMA,SARE NUR ELMAS,FATMA NUR DİKMEN ÇOBAN,AYŞE ERİŞ,AHMET ERYÜRÜK,Pamukkale Üniversitesi Spor Salonu
31.12.2022,13:00,1EA3944,13. Hafta,AYOS KONYASPOR BASKETBOL,76 - 73,GALATASARAY NEF,,KONYA,Selçuklu Belediyesi Spor Salonu,beIN SPORTS 5,CAN MAVİSU,SEHER AYŞE NUR YAZICIOĞLU,ÇAĞLAR ÖZKAN,ERGÜN GÜNGÖR,SADETTİN YAMAN,AYKUT ÇETİN,RABİA UZUNTÜRK,HEDİYE BALIKCI,Selçuklu Belediyesi Spor Salonu
31.12.2022,13:00,1EA3942,13. Hafta,BAHÇEŞEHİR KOLEJİ,78 - 73,PINAR KARŞIYAKA,,İSTANBUL,Ülker Spor ve Etkinlik Salonu,BeINSports Max HD 1,ZAFER YILMAZ,HÜSEYİN ÇELİK,İSMAİL BİNBİR,HÜSEYİN OSMAN BÜYÜKGÖKSU,DEMET ULUCUTSOY,SERHAT LEVENT,NİLAY YILMAZ,GÖZDE BEGÜM AKÜZÜM,Ülker Spor ve Etkinlik Salonu
31.12.2022,15:30,1EA3940,13. Hafta,DARÜŞŞAFAKA LASSA,88 - 82,TOFAŞ,,İSTANBUL,Darüşşafaka Ayhan Şahenk Spor Salonu,"BeINSports Max HD 1,beIN SPORTS HABER",MEHMET KARABİLECEN,SEMİH VURAL,FATİH GÜLER,FİRDEVS EBRU ONARAN,MERVE GÜLDAŞ,ŞAZİYE SİMSAR YAKIN,ŞERMİN NAZLIGÜL,YÜKSEL NAZLIGÜL,Darüşşafaka Ayhan Şahenk Spor Salonu
31.12.2022,15:30,1EA3937,13. Hafta,ANADOLU EFES,77 - 73,GAZİANTEP BASKETBOL,,İSTANBUL,Sinan Erdem Spor Salonu,beIN SPORTS 5,YENER YILMAZ,MUSA KAZIM ÇETİN,BURAK YILMAZ,AHMET MÜNİR GÖKMEN,GÜL URASLI,ZAFER RİFAİ,ESİN MÜEZZİNOĞLU,HİLMİ CANKUT AYNAR,Sinan Erdem Spor Salonu
2.01.2023,18:00,1EA3939,13. Hafta,ALİAĞA PETKİM SPOR,71 - 76,FENERBAHÇE BEKO,,İZMİR,Enka Spor Salonu,beIN SPORTS 5,KAAN BÜYÜKÇİL,SERHAT BÜKER,MURAT CİNER,SERKAN İNCE,MEHMET AKINCI,ALİ DEVECİ,SENEM ARIN KOCATÜRK,OSMAN ARKIN BARUTCU,Enka Spor Salonu
2.01.2023,20:30,1EA3941,13. Hafta,FRUTTİ EXTRA BURSASPOR,88 - 74,BEŞİKTAŞ EMLAKJET,,BURSA,Tofaş Spor Salonu,beIN SPORTS 5,ALİ SERKAN EMLEK,ALPER ÖZGÖK,GÖKSUN ÖZ,MEHMET KAŞİF BATTAL,EMEL ÖZTÜRK,SEVDA USTA,ELİZ ŞEN,BERNA EKBİÇ,Tofaş Spor Salonu
6.01.2023,19:00,1EA3952,14. Hafta,MANİSA BÜYÜKŞEHİR BELEDİYE SPOR,79 - 80,AYOS KONYASPOR BASKETBOL,,MANİSA,Muradiye Spor Salonu,"beIN SPORTS 5,beIN SPORTS HABER",AYTUĞ EKTİ,ALİ ŞAKACI,TOLGA EDİS,HAKAN BEŞTEPE,İSMAİL ATAR,GÜL YILDIRIM,RAMAZAN YAŞAR,SALİH KARAKURT,Muradiye Spor Salonu
7.01.2023,13:00,1EA3950,14. Hafta,BEŞİKTAŞ EMLAKJET,67 - 71,BAHÇEŞEHİR KOLEJİ,,İSTANBUL,Akatlar Spor ve Kültür Kompleksi,beIN SPORTS 5,MEHMET KARABİLECEN,CAN MAVİSU,ERHAN GÜRSEL,ALİGÜRHAN UZUNAY,TUNA TAŞ,ALPKAN HACIYAKUPOĞLU,ŞERMİN NAZLIGÜL,LAL DENİZ ÇELİKER,Akatlar Spor ve Kültür Kompleksi
7.01.2023,15:30,1EA3949,14. Hafta,TOFAŞ,82 - 83,FRUTTİ EXTRA BURSASPOR,,BURSA,Tofaş Spor Salonu,beIN SPORTS 5,MEHMET ŞAHİN,AHMET TATLICI,BERK KURTULMUŞ,MUSTAFA DURGUT,EMEL ÖZTÜRK,SEVDA USTA,ESRA SOLAK,ELİF ERGÜÇ,Tofaş Spor Salonu
7.01.2023,18:00,1EA3948,14. Hafta,FENERBAHÇE BEKO,95 - 82,DARÜŞŞAFAKA LASSA,,İSTANBUL,Ülker Spor ve Etkinlik Salonu,"beIN SPORTS 5,beIN SPORTS HABER",YENER YILMAZ,FATİH ARSLANOĞLU,YİĞİT GÖNÜLTAŞ,NURSEL İSLAM,ESER FIRIL,SERHAT LEVENT,ZEHRA AKAN,BÜŞRA ERKAN,Ülker Spor ve Etkinlik Salonu
8.01.2023,13:00,1EA3951,14. Hafta,PINAR KARŞIYAKA,104 - 102,ONVO BÜYÜKÇEKMECE BASKETBOL,,İZMİR,Mustafa Kemal Atatürk Karşıyaka Spor Salonu,beIN SPORTS 5,ÖZLEM YALMAN,MEHMET SERDAR ÜNAL,SERHAT BÜKER,GÖRKEM BIÇAKCIOĞLU,SİNEM BİRTÜRK,MESUT KARABULUT,BETÜL AKDOĞAN,ÖMER DURSUN,Mustafa Kemal Atatürk Karşıyaka Spor Salonu
8.01.2023,15:30,1EA3947,14. Hafta,GAZİANTEP BASKETBOL,86 - 55,ALİAĞA PETKİM SPOR,,GAZİANTEP,Karataş Şahinbey Spor Salonu,beIN SPORTS 5,KEREM BAKİ,ALPER ALTUĞ KÖSELERLİ,ZİYA ÖZORHON,YUSUF BÜYÜKFİDAN,ZEYNEP AKARKAMÇI,EKMEL CENGİZ,MURAT ÖZGÜNEŞ,ÇAĞLA USLUCA,Karataş Şahinbey Spor Salonu
8.01.2023,18:00,1EA3945,14. Hafta,TÜRK TELEKOM,85 - 70,ANADOLU EFES,,ANKARA,Ankara Spor Salonu,beIN SPORTS 5,EMİN MOĞULKOÇ,POLAT PARLAK,BATUHAN SÖYLEMEZOĞLU,BURAK DEDE,PELİN KUZU,FATİH ŞEN,FUNDA KONCA,FATİH DEMİRCİ,Ankara Spor Salonu
9.01.2023,19:00,1EA3946,14. Hafta,GALATASARAY NEF,83 - 100,YUKATEL MERKEZEFENDİ BELEDİYESİ BASKET,,İSTANBUL,Sinan Erdem Spor Salonu,beIN SPORTS 5,ALİ SERKAN EMLEK,ORHAN ÇAĞRI HEKİMOĞLU,UMUT ÖZGÜN ERGÜN,SAVAŞ BAYRAM ERTÜRK,ŞAZİYE SİMSAR YAKIN,ALPER LAÇİNKAYA,ZAFER RİFAİ,HİLMİ CANKUT AYNAR,Sinan Erdem Spor Salonu
13.01.2023,19:00,1EA3958,15. Hafta,ONVO BÜYÜKÇEKMECE BASKETBOL,82 - 69,BEŞİKTAŞ EMLAKJET,,İSTANBUL,Gazanfer Bilge Spor Salonu,"beIN SPORTS 5,beIN SPORTS HABER",KAAN BÜYÜKÇİL,HÜSEYİN ÇELİK,FATİH GÜLER,YAŞAR TERZİOĞLU,MURAT ÖZKAN,SEMRA AKDUMAN,BİROL ŞİMŞEK,ERMAN YÜCEL,Gazanfer Bilge Spor Salonu
14.01.2023,13:00,1EA3959,15. Hafta,AYOS KONYASPOR BASKETBOL,71 - 82,PINAR KARŞIYAKA,,KONYA,Selçuklu Belediyesi Spor Salonu,beIN SPORTS 5,ALPER ALTUĞ KÖSELERLİ,ZİYA ÖZORHON,ÖZGE ŞENTÜRK BAYRAKTAR,MEHMET KAŞİF BATTAL,SADETTİN YAMAN,AYKUT ÇETİN,RABİA UZUNTÜRK,HEDİYE BALIKCI,Selçuklu Belediyesi Spor Salonu
14.01.2023,15:30,1EA3954,15. Hafta,ALİAĞA PETKİM SPOR,70 - 89,TÜRK TELEKOM,,İZMİR,Enka Spor Salonu,beIN SPORTS 5,MEHMET KARABİLECEN,SEMİH VURAL,BURAK YILMAZ,DOĞAN HEPGÜVENDİK,MESUT KARABULUT,SİNEM BİRTÜRK,ŞAHİN ŞANLI,ALİ DEVECİ,Enka Spor Salonu
14.01.2023,18:00,1EA3957,15. Hafta,BAHÇEŞEHİR KOLEJİ,89 - 84,TOFAŞ,,İSTANBUL,Ülker Spor ve Etkinlik Salonu,"beIN SPORTS 5,beIN SPORTS HABER",KEREM BAKİ,SERHAT BÜKER,ÇAĞLAR ÖZKAN,MEHMET İSMET BAYRİ,FATMA GÖK,PERİHAN GİZEM ÜNSAL,EDA ELFİDAN,ALTAN CANDAN,Ülker Spor ve Etkinlik Salonu
15.01.2023,13:00,1EA3960,15. Hafta,MANİSA BÜYÜKŞEHİR BELEDİYE SPOR,85 - 72,GALATASARAY NEF,,MANİSA,Muradiye Spor Salonu,beIN SPORTS 5,YENER YILMAZ,MEHMET SERDAR ÜNAL,MUSA KAZIM ÇETİN,HAKAN BEŞTEPE,ESRA HOZANLI,ESRA GÜLSUYU,ÜMİT KONCA,HEDİYE AYTAŞ SARIASLAN,Muradiye Spor Salonu
15.01.2023,15:30,1EA3956,15. Hafta,FRUTTİ EXTRA BURSASPOR,84 - 100,FENERBAHÇE BEKO,,BURSA,Tofaş Spor Salonu,beIN SPORTS 5,ZAFER YILMAZ,CAN MAVİSU,SEHER AYŞE NUR YAZICIOĞLU,HALDUN KUNT,ELİZ ŞEN,SEVDA USTA,ELİF ERGÜÇ,ABDULLAH KURT,Tofaş Spor Salonu
15.01.2023,18:00,1EA3955,15. Hafta,DARÜŞŞAFAKA LASSA,78 - 74,GAZİANTEP BASKETBOL,,İSTANBUL,Darüşşafaka Ayhan Şahenk Spor Salonu,beIN SPORTS 5,EMİN MOĞULKOÇ,SİNEM TETİK AKBAYRAK,MURAT CİNER,HURŞİT CEM AKAN,GÖKHAN ALTUNTAŞ,ŞERMİN NAZLIGÜL,GÜLİZ KONCA ADİLLER,PINAR ŞAHİN,Darüşşafaka Ayhan Şahenk Spor Salonu
16.01.2023,19:00,1EA3953,15. Hafta,ANADOLU EFES,96 - 77,YUKATEL MERKEZEFENDİ BELEDİYESİ BASKET,,İSTANBUL,Sinan Erdem Spor Salonu,beIN SPORTS 5,FATİH ARSLANOĞLU,ALPER ÖZGÖK,GÖKSUN ÖZ,ERKAN URASLI,HİLMİ CANKUT AYNAR,ALPER LAÇİNKAYA,YUSUF YELESDAĞ,GÜL URASLI,Sinan Erdem Spor Salonu
21.01.2023,13:00,1EA3967,16. Hafta,AYOS KONYASPOR BASKETBOL,60 - 77,BEŞİKTAŞ EMLAKJET,,KONYA,Selçuklu Belediyesi Spor Salonu,beIN SPORTS 5,YENER YILMAZ,AHMET TATLICI,POLAT PARLAK,VEYSİ ORUK,SADETTİN YAMAN,AYKUT ÇETİN,SÜLEYMAN KEMAL HOROZOĞLU,HEDİYE BALIKCI,Selçuklu Belediyesi Spor Salonu
21.01.2023,15:30,1EA3968,16. Hafta,MANİSA BÜYÜKŞEHİR BELEDİYE SPOR,80 - 76,PINAR KARŞIYAKA,,MANİSA,Muradiye Spor Salonu,beIN SPORTS 5,ALİ SERKAN EMLEK,ORHAN ÇAĞRI HEKİMOĞLU,BERK KURTULMUŞ,OKAN KAHRAMAN,HEDİYE AYTAŞ SARIASLAN,GÜL YILDIRIM,SONGÜL ÇELİK,SALİH KARAKURT,Muradiye Spor Salonu
21.01.2023,18:00,1EA3963,16. Hafta,DARÜŞŞAFAKA LASSA,79 - 97,TÜRK TELEKOM,,İSTANBUL,Darüşşafaka Ayhan Şahenk Spor Salonu,"beIN SPORTS 5,beIN SPORTS HABER",ÖZLEM YALMAN,KEREM BAKİ,İSMAİL BİNBİR,AHMET MÜNİR GÖKMEN,GÖKHAN BAŞARAN,ALPER LAÇİNKAYA,YÜKSEL NAZLIGÜL,OSMAN AŞIK,Darüşşafaka Ayhan Şahenk Spor Salonu
22.01.2023,13:00,1EA3965,16. Hafta,BAHÇEŞEHİR KOLEJİ,87 - 93,FENERBAHÇE BEKO,,İSTANBUL,Ülker Spor ve Etkinlik Salonu,beIN SPORTS 5,HÜSEYİN ÇELİK,ALPER ÖZGÖK,BATUHAN SÖYLEMEZOĞLU,EMİN FAZIL KESERATAR,SERCAN DEMİRÖREN,BÜŞRA ERKAN,NİLAY YILMAZ,SERHAT LEVENT,Ülker Spor ve Etkinlik Salonu
22.01.2023,15:30,1EA3966,16. Hafta,ONVO BÜYÜKÇEKMECE BASKETBOL,94 - 81,TOFAŞ,,İSTANBUL,Gazanfer Bilge Spor Salonu,beIN SPORTS 5,EMİN MOĞULKOÇ,SEMİH VURAL,UMUT ÖZGÜN ERGÜN,NAMIK KEMAL ERGÜVEN,AYGÜN SEVGİL,ERMAN YÜCEL,MEHMET KAPUCU,SEMRA AKDUMAN,Gazanfer Bilge Spor Salonu
22.01.2023,18:00,1EA3964,16. Hafta,FRUTTİ EXTRA BURSASPOR,85 - 82,GAZİANTEP BASKETBOL,,BURSA,Tofaş Spor Salonu,"beIN SPORTS 5,beIN SPORTS HABER",AYTUĞ EKTİ,FATİH ARSLANOĞLU,ERHAN GÜRSEL,SAVAŞ BAYRAM ERTÜRK,AYTUNÇ SERTYILMAZ,EMEL ÖZTÜRK,BERNA EKBİÇ,ŞAFAK IRMAK SARAÇOĞLU,Tofaş Spor Salonu
22.01.2023,20:30,1EA3961,16. Hafta,GALATASARAY NEF,70 - 80,ANADOLU EFES,,İSTANBUL,Sinan Erdem Spor Salonu,beIN SPORTS 5,ZAFER YILMAZ,ZİYA ÖZORHON,YİĞİT GÖNÜLTAŞ,HURŞİT CEM AKAN,CEYDA KAPKAÇ,GÜL URASLI,GÖKHAN BAŞARAN,LAL DENİZ ÇELİKER,Sinan Erdem Spor Salonu
23.01.2023,19:00,1EA3962,16. Hafta,ALİAĞA PETKİM SPOR,94 - 87,YUKATEL MERKEZEFENDİ BELEDİYESİ BASKET,,İZMİR,Enka Spor Salonu,beIN SPORTS 5,CAN MAVİSU,ALİ ŞAKACI,TOLGA EDİS,ELA ONAT,SİNEM BİRTÜRK,İLAYDA DİNÇEL,TUĞBA ERTE,HAKAN DÖNMEZ,Enka Spor Salonu
27.01.2023,19:00,1EA3974,17. Hafta,TOFAŞ,79 - 76,AYOS KONYASPOR BASKETBOL,,BURSA,Tofaş Spor Salonu,beINSports,ALİ SERKAN EMLEK,KAAN BÜYÜKÇİL,GÖKSUN ÖZ,MACİT ZEREN,SİNEM ERTEM,ADEM ÇATALKAŞ,ESRA SOLAK,ELİF ERGÜÇ,Tofaş Spor Salonu
28.01.2023,13:00,1EA3971,17. Hafta,TÜRK TELEKOM,84 - 63,FRUTTİ EXTRA BURSASPOR,,ANKARA,Ankara Spor Salonu,beINSports,EMİN MOĞULKOÇ,SİNEM TETİK AKBAYRAK,ÇAĞLAR ÖZKAN,EMİN FAZIL KESERATAR,AHMET BUĞRAHAN TÜRKER,SİBEL FAZLIOĞLU,ANIL ENDER DURGUN,VEYSEL SİNAN TUNCER,Ankara Spor Salonu
28.01.2023,15:30,1EA3972,17. Hafta,GAZİANTEP BASKETBOL,69 - 60,BAHÇEŞEHİR KOLEJİ,,GAZİANTEP,Karataş Şahinbey Spor Salonu,beINSports,MEHMET KARABİLECEN,MEHMET SERDAR ÜNAL,ALİ ŞAKACI,YEŞİM ATUŞ KARAGÖZ,TUĞBA İYİNACAR,ALİ DALYANOĞLU,ÖZLEM ADIYAMAN,KAAN AKARKAMÇI,Karataş Şahinbey Spor Salonu
28.01.2023,18:00,1EA3976,17. Hafta,PINAR KARŞIYAKA,103 - 91,GALATASARAY NEF,,İZMİR,Mustafa Kemal Atatürk Karşıyaka Spor Salonu,beINSports,AYTUĞ EKTİ,FATİH ARSLANOĞLU,BURAK YILMAZ,MEHMET KAŞİF BATTAL,BERRİN TURAN,ALİ DEVECİ,CEREN ARIKAN BAYKUŞ,KEMAL AYPARS,Mustafa Kemal Atatürk Karşıyaka Spor Salonu
28.01.2023,20:30,1EA3973,17. Hafta,FENERBAHÇE BEKO,82 - 69,ONVO BÜYÜKÇEKMECE BASKETBOL,,İSTANBUL,Ülker Spor ve Etkinlik Salonu,beINSports,KEREM BAKİ,ZİYA ÖZORHON,ERHAN GÜRSEL,BURAK DEDE,SEHER KAZANÇ,SERHAT LEVENT,BÜŞRA ERKAN,GÖZDE BEGÜM AKÜZÜM,Ülker Spor ve Etkinlik Salonu
29.01.2023,13:00,1EA3970,17. Hafta,YUKATEL MERKEZEFENDİ BELEDİYESİ BASKET,97 - 94,DARÜŞŞAFAKA LASSA,,DENİZLİ,Pamukkale Üniversitesi Spor Salonu,beINSports,ZAFER YILMAZ,AHMET TATLICI,MUSA KAZIM ÇETİN,DİDEM SÜER,AYŞE ERİŞ,MELEK ERYÜRÜK,FATMA NUR DİKMEN ÇOBAN,AHMET ERYÜRÜK,Pamukkale Üniversitesi Spor Salonu
29.01.2023,15:30,1EA3975,17. Hafta,BEŞİKTAŞ EMLAKJET,73 - 76,MANİSA BÜYÜKŞEHİR BELEDİYE SPOR,,İSTANBUL,Akatlar Spor ve Kültür Kompleksi,beINSports,ALPER ALTUĞ KÖSELERLİ,SERHAT BÜKER,MURAT CİNER,YAŞAR SİNAN ÇELİKOĞLU,GÜLİZ KONCA ADİLLER,AYBERK PARALI,LAL DENİZ ÇELİKER,HİLMİ CANKUT AYNAR,Akatlar Spor ve Kültür Kompleksi
29.01.2023,18:00,1EA3969,17. Hafta,ANADOLU EFES,90 - 64,ALİAĞA PETKİM SPOR,,İSTANBUL,Sinan Erdem Spor Salonu,beINSports,YENER YILMAZ,SEHER AYŞE NUR YAZICIOĞLU,ORHAN ÇAĞRI HEKİMOĞLU,ÖMER KESKİN,GÜL URASLI,DİNÇER ADİLLER,CEYDA KAPKAÇ,ALPKAN HACIYAKUPOĞLU,Sinan Erdem Spor Salonu
4.02.2023,13:00,1EA3982,18. Hafta,MANİSA BÜYÜKŞEHİR BELEDİYE SPOR,82 - 76,TOFAŞ,,MANİSA,Muradiye Spor Salonu,"beIN SPORTS 5,beIN SPORTS HABER",CAN MAVİSU,ALPER ÖZGÖK,İSMAİL BİNBİR,GÖRKEM BIÇAKCIOĞLU,ESRA HOZANLI,ÜMİT KONCA,ENGİN ABATAY,SALİH KARAKURT,Muradiye Spor Salonu
4.02.2023,15:30,1EA3979,18. Hafta,BAHÇEŞEHİR KOLEJİ,72 - 77,TÜRK TELEKOM,,İSTANBUL,Ülker Spor ve Etkinlik Salonu,beINSports,YENER YILMAZ,FATİH ARSLANOĞLU,FATİH GÜLER,FERHAT SUNA,BÜŞRA ERKAN,PERİHAN GİZEM ÜNSAL,GÖZDE BEGÜM AKÜZÜM,AHMET ERKASAP,Ülker Spor ve Etkinlik Salonu
4.02.2023,18:00,1EA3984,18. Hafta,GALATASARAY NEF,74 - 82,ALİAĞA PETKİM SPOR,,İSTANBUL,Sinan Erdem Spor Salonu,beINSports,ÖZLEM YALMAN,KAAN BÜYÜKÇİL,BATUHAN SÖYLEMEZOĞLU,RAHŞAN ŞEBNEM TÜMER,ESİN MÜEZZİNOĞLU,HİLMİ CANKUT AYNAR,YÜKSEL NAZLIGÜL,SEMRA AKDUMAN,Sinan Erdem Spor Salonu
4.02.2023,20:30,1EA3983,18. Hafta,PINAR KARŞIYAKA,94 - 90,BEŞİKTAŞ EMLAKJET,,İZMİR,Mustafa Kemal Atatürk Karşıyaka Spor Salonu,beINSports,KEREM BAKİ,ZİYA ÖZORHON,YİĞİT GÖNÜLTAŞ,EMRE BAŞA,İLAYDA DİNÇEL,SİNEM BİRTÜRK,OSMAN ARKIN BARUTCU,GÜLTEKİN DAĞDEVİREN,Mustafa Kemal Atatürk Karşıyaka Spor Salonu
5.02.2023,13:00,1EA3980,18. Hafta,ONVO BÜYÜKÇEKMECE BASKETBOL,71 - 68,GAZİANTEP BASKETBOL,,İSTANBUL,Gazanfer Bilge Spor Salonu,beINSports,ZAFER YILMAZ,AHMET TATLICI,TOLGA EDİS,EMRULLAH DAĞ,CEYDA KAPKAÇ,YUSUF YELESDAĞ,ERMAN YÜCEL,GÜL URASLI,Gazanfer Bilge Spor Salonu
5.02.2023,15:30,1EA3981,18. Hafta,AYOS KONYASPOR BASKETBOL,61 - 62,FENERBAHÇE BEKO,,KONYA,Selçuklu Belediyesi Spor Salonu,beINSports,MEHMET KARABİLECEN,SERHAT BÜKER,UMUT ÖZGÜN ERGÜN,CENGİZ AKAR,SADETTİN YAMAN,AYKUT ÇETİN,SÜLEYMAN KEMAL HOROZOĞLU,HEDİYE BALIKCI,Selçuklu Belediyesi Spor Salonu
5.02.2023,18:00,1EA3978,18. Hafta,FRUTTİ EXTRA BURSASPOR,95 - 73,YUKATEL MERKEZEFENDİ BELEDİYESİ BASKET,,BURSA,Tofaş Spor Salonu,beINSports,HÜSEYİN ÇELİK,SEMİH VURAL,POLAT PARLAK,SAVAŞ BAYRAM ERTÜRK,ELİZ ŞEN,EMEL ÖZTÜRK,NEBİYE SALLANTI,ŞAFAK IRMAK SARAÇOĞLU,Tofaş Spor Salonu
5.02.2023,20:30,1EA3977,18. Hafta,DARÜŞŞAFAKA LASSA,80 - 83,ANADOLU EFES,,İSTANBUL,Darüşşafaka Ayhan Şahenk Spor Salonu,beINSports,ALPER ALTUĞ KÖSELERLİ,MEHMET SERDAR ÜNAL,ÖZGE ŞENTÜRK BAYRAKTAR,METİN AÇIKALIN,LAL DENİZ ÇELİKER,DİNÇER ADİLLER,GÖKHAN BAŞARAN,MERVE SAĞLAM,Darüşşafaka Ayhan Şahenk Spor Salonu
3.03.2023,19:00,1EA3987,19. Hafta,TÜRK TELEKOM,82 - 66,ONVO BÜYÜKÇEKMECE BASKETBOL,,ANKARA,Ankara Spor Salonu,"beIN SPORTS 5,beIN SPORTS HABER",AYTUĞ EKTİ,ORHAN ÇAĞRI HEKİMOĞLU,MURAT CİNER,NURSEN AYDIN,SERCAN YILDIRIM,RESUL GEÇER,SEÇİL ÇAPKINOĞLU,TUNCER ULUŞEKER,Ankara Spor Salonu
4.03.2023,13:00,1EA3988,19. Hafta,GAZİANTEP BASKETBOL,85 - 81,AYOS KONYASPOR BASKETBOL,,İSTANBUL,Ahmet Cömert Spor Salonu,beIN SPORTS 5,CAN MAVİSU,ALPER ÖZGÖK,BERK KURTULMUŞ,NAMIK KEMAL ERGÜVEN,PINAR YÜKSEL,YUSUF YELESDAĞ,AHMET YILDIZ,ZAFER RİFAİ,Ahmet Cömert Spor Salonu
4.03.2023,15:30,1EA3986,19. Hafta,YUKATEL MERKEZEFENDİ BELEDİYESİ BASKET,80 - 76,BAHÇEŞEHİR KOLEJİ,,DENİZLİ,Pamukkale Üniversitesi Spor Salonu,beIN SPORTS 5,KEREM BAKİ,ALPER ALTUĞ KÖSELERLİ,BURAK YILMAZ,MERT ELMA,FATMA NUR DİKMEN ÇOBAN,MELEK ERYÜRÜK,MELTEM ARABACI,RAMAZAN ERİŞ,Pamukkale Üniversitesi Spor Salonu
4.03.2023,18:00,1EA3992,19. Hafta,ALİAĞA PETKİM SPOR,85 - 88,DARÜŞŞAFAKA LASSA,,İZMİR,Enka Spor Salonu,"beIN SPORTS 5,beIN SPORTS HABER",ALİ SERKAN EMLEK,FATİH ARSLANOĞLU,ZİYA ÖZORHON,SERKAN İNCE,MEHMET AKINCI,MESUT KARABULUT,ELİF KALENDER,SİNEM BİRTÜRK,Enka Spor Salonu
4.03.2023,20:30,1EA3991,19. Hafta,BEŞİKTAŞ EMLAKJET,85 - 78,GALATASARAY NEF,,İSTANBUL,Akatlar Spor ve Kültür Kompleksi,beIN SPORTS 5,EMİN MOĞULKOÇ,SEHER AYŞE NUR YAZICIOĞLU,GÖKSUN ÖZ,HURŞİT CEM AKAN,AYBERK PARALI,ALPER LAÇİNKAYA,GÖKHAN BAŞARAN,MERT İĞDELİ,Akatlar Spor ve Kültür Kompleksi
5.03.2023,13:00,1EA3990,19. Hafta,TOFAŞ,81 - 86,PINAR KARŞIYAKA,,BURSA,Tofaş Spor Salonu,beIN SPORTS 5,YENER YILMAZ,MEHMET SERDAR ÜNAL,ERHAN GÜRSEL,HAKAN BEŞTEPE,ESRA SOLAK,ADEM ÇATALKAŞ,SİNEM ERTEM,BERNA EKBİÇ,Tofaş Spor Salonu
5.03.2023,15:30,1EA3985,19. Hafta,ANADOLU EFES,82 - 63,FRUTTİ EXTRA BURSASPOR,,İSTANBUL,Ahmet Cömert Spor Salonu,beIN SPORTS 5,MEHMET KARABİLECEN,SERHAT BÜKER,MUSA KAZIM ÇETİN,EMİN FAZIL KESERATAR,ERMAN YÜCEL,DİNÇER ADİLLER,YÜKSEL NAZLIGÜL,ŞERMİN NAZLIGÜL,Ahmet Cömert Spor Salonu
5.03.2023,18:00,1EA3989,19. Hafta,FENERBAHÇE BEKO,92 - 78,MANİSA BÜYÜKŞEHİR BELEDİYE SPOR,,İSTANBUL,Ülker Spor ve Etkinlik Salonu,beIN SPORTS 5,ALİ ŞAKACI,SİNEM TETİK AKBAYRAK,ÇAĞLAR ÖZKAN,ERDEM DEMİRSOY,ZEHRA AKAN,SERHAT LEVENT,BÜŞRA ERKAN,PERİHAN GİZEM ÜNSAL,Ülker Spor ve Etkinlik Salonu
10.03.2023,19:00,1EA3995,20. Hafta,AYOS KONYASPOR BASKETBOL,75 - 84,TÜRK TELEKOM,,KONYA,Selçuklu Belediyesi Spor Salonu,"beIN SPORTS 5,beIN SPORTS HABER",KEREM BAKİ,HÜSEYİN ÇELİK,TOLGA EDİS,ÖZER SAMİ KART,SADETTİN YAMAN,AYKUT ÇETİN,RABİA UZUNTÜRK,HEDİYE BALIKCI,Selçuklu Belediyesi Spor Salonu
11.03.2023,13:00,1EA3996,20. Hafta,MANİSA BÜYÜKŞEHİR BELEDİYE SPOR,69 - 65,GAZİANTEP BASKETBOL,,MANİSA,Muradiye Spor Salonu,beIN SPORTS 5,ÖZLEM YALMAN,KAAN BÜYÜKÇİL,UMUT ÖZGÜN ERGÜN,AHMET ÖNEY,ESRA GÜLSUYU,GÜL YILDIRIM,BÜŞRA KORKUT,HEDİYE AYTAŞ SARIASLAN,Muradiye Spor Salonu
11.03.2023,15:30,1EA3998,20. Hafta,BEŞİKTAŞ EMLAKJET,105 - 85,TOFAŞ,,İSTANBUL,BJK Emlakjet Spor Kompleksi,beIN SPORTS 5,AYTUĞ EKTİ,ZAFER YILMAZ,ÖZGE ŞENTÜRK BAYRAKTAR,CENGİZ AKAR,NEŞE KIRAN,LAL DENİZ ÇELİKER,KEREM SIRMAGİL,MERT İĞDELİ,BJK Emlakjet Spor Kompleksi
11.03.2023,18:00,1EA3999,20. Hafta,FRUTTİ EXTRA BURSASPOR,92 - 85,ALİAĞA PETKİM SPOR,,BURSA,Tofaş Spor Salonu,"beIN SPORTS 5,beIN SPORTS HABER",MEHMET ŞAHİN,ALPER ALTUĞ KÖSELERLİ,YİĞİT GÖNÜLTAŞ,AHMET MÜNİR GÖKMEN,AYÇA ÜNLÜ,NİDA ECE TÜZÜK,TARIK KEMAL ÜNLÜ,TEOMAN ÖYLEK,Tofaş Spor Salonu
12.03.2023,13:00,1EA3994,20. Hafta,ONVO BÜYÜKÇEKMECE BASKETBOL,89 - 81,YUKATEL MERKEZEFENDİ BELEDİYESİ BASKET,,İSTANBUL,Gazanfer Bilge Spor Salonu,beIN SPORTS 5,YENER YILMAZ,ZİYA ÖZORHON,FATİH GÜLER,ERSİN ÇELİK,SEMRA AKDUMAN,YUSUF YELESDAĞ,EMRECAN ÇAKIRCA,ERMAN YÜCEL,Gazanfer Bilge Spor Salonu
12.03.2023,15:30,1EA4000,20. Hafta,GALATASARAY NEF,71 - 65,DARÜŞŞAFAKA LASSA,,İSTANBUL,Sinan Erdem Spor Salonu,beIN SPORTS 5,MEHMET KARABİLECEN,MEHMET SERDAR ÜNAL,POLAT PARLAK,SAVAŞ BAYRAM ERTÜRK,CEYDA KAPKAÇ,ALPER LAÇİNKAYA,BİROL ÖZDAL,MERVE SAĞLAM,Sinan Erdem Spor Salonu
12.03.2023,18:00,1EA3993,20. Hafta,BAHÇEŞEHİR KOLEJİ,62 - 73,ANADOLU EFES,,İSTANBUL,Ülker Spor ve Etkinlik Salonu,beIN SPORTS 5,ALİ SERKAN EMLEK,SEMİH VURAL,İSMAİL BİNBİR,BURHAN BAŞARAN,YEŞİM ÖZCAN ÖZTÜRK,SERHAT LEVENT,FATMA GÖK,GÖZDE BEGÜM AKÜZÜM,Ülker Spor ve Etkinlik Salonu
13.03.2023,19:00,1EA3997,20. Hafta,PINAR KARŞIYAKA,102 - 98,FENERBAHÇE BEKO,,İZMİR,Mustafa Kemal Atatürk Karşıyaka Spor Salonu,beIN SPORTS 5,EMİN MOĞULKOÇ,AHMET TATLICI,BATUHAN SÖYLEMEZOĞLU,İBRAHİM EMRE AYDEMİR,İLAYDA DİNÇEL,ALİ DEVECİ,CEREN ARIKAN BAYKUŞ,KEMAL AYPARS,Mustafa Kemal Atatürk Karşıyaka Spor Salonu
17.03.2023,19:00,1EA4002,21. Hafta,YUKATEL MERKEZEFENDİ BELEDİYESİ BASKET,91 - 84,AYOS KONYASPOR BASKETBOL,,DENİZLİ,Pamukkale Üniversitesi Spor Salonu,"beIN SPORTS 5,beIN SPORTS HABER",AYTUĞ EKTİ,ORHAN ÇAĞRI HEKİMOĞLU,MURAT CİNER,MUSTAFA BİÇER,AYŞE ERİŞ,FATMA NUR DİKMEN ÇOBAN,SARE NUR ELMAS,AHMET ERYÜRÜK,Pamukkale Üniversitesi Spor Salonu
18.03.2023,13:00,1EA4007,21. Hafta,ALİAĞA PETKİM SPOR,77 - 69,BAHÇEŞEHİR KOLEJİ,,İZMİR,Enka Spor Salonu,beIN SPORTS 5,ZAFER YILMAZ,SEHER AYŞE NUR YAZICIOĞLU,GÖKSUN ÖZ,MUSTAFA DURGUT,GİZEM ÖZAYDIN,MESUT KARABULUT,OSMAN ARKIN BARUTCU,ALİ DEVECİ,Enka Spor Salonu
18.03.2023,15:30,1EA4004,21. Hafta,GAZİANTEP BASKETBOL,77 - 84,PINAR KARŞIYAKA,,İSTANBUL,Ahmet Cömert Spor Salonu,beINSports,MEHMET KARABİLECEN,SERHAT BÜKER,SİNEM TETİK AKBAYRAK,YEŞİM ATUŞ KARAGÖZ,MERT İĞDELİ,ŞAZİYE SİMSAR YAKIN,TUĞÇE KAYA,YUSUF YELESDAĞ,Ahmet Cömert Spor Salonu
18.03.2023,18:00,1EA4006,21. Hafta,TOFAŞ,81 - 83,GALATASARAY NEF,,BURSA,Tofaş Spor Salonu,"beIN SPORTS 5,beIN SPORTS HABER",CAN MAVİSU,ALİ ŞAKACI,ÇAĞLAR ÖZKAN,FİLİZ ÖGET,ESRA AL,ADEM ÇATALKAŞ,NEBİYE SALLANTI,BERNA EKBİÇ,Tofaş Spor Salonu
18.03.2023,20:30,1EA4005,21. Hafta,FENERBAHÇE BEKO,95 - 80,BEŞİKTAŞ EMLAKJET,,İSTANBUL,Ülker Spor ve Etkinlik Salonu,beIN SPORTS 5,YENER YILMAZ,FATİH ARSLANOĞLU,ALİ KÖSEOĞLU,METİN AÇIKALIN,UFUK CAN SARI,BÜŞRA ERKAN,TUĞBA DURNAOĞLU,YEŞİM ÖZCAN ÖZTÜRK,Ülker Spor ve Etkinlik Salonu
19.03.2023,13:00,1EA4003,21. Hafta,TÜRK TELEKOM,98 - 84,MANİSA BÜYÜKŞEHİR BELEDİYE SPOR,,ANKARA,Ankara Spor Salonu,beIN SPORTS 5,MEHMET SERDAR ÜNAL,ZİYA ÖZORHON,ERHAN GÜRSEL,IRMAK BAŞAK KAN,MERT YILMAZ,NİHAN ÜNSAL,BİLAL UZGÖREN,ALİ MURAT SUNGUR,Ankara Spor Salonu
19.03.2023,15:30,1EA4001,21. Hafta,ANADOLU EFES,97 - 98,ONVO BÜYÜKÇEKMECE BASKETBOL,,İSTANBUL,Sinan Erdem Spor Salonu,beIN SPORTS 5,KEREM BAKİ,ALPER ALTUĞ KÖSELERLİ,BURAK YILMAZ,MELİH ERGENE,YÜKSEL NAZLIGÜL,ALPER LAÇİNKAYA,HİLMİ CANKUT AYNAR,EMRECAN ÇAKIRCA,Sinan Erdem Spor Salonu
19.03.2023,18:00,1EA4008,21. Hafta,DARÜŞŞAFAKA LASSA,98 - 92,FRUTTİ EXTRA BURSASPOR,,İSTANBUL,Volkswagen Arena,beIN SPORTS 5,EMİN MOĞULKOÇ,ALPER ÖZGÖK,BERK KURTULMUŞ,HÜSEYİN MELİH  GÜDEN,GÜLİZ KONCA ADİLLER,ALPKAN HACIYAKUPOĞLU,LAL DENİZ ÇELİKER,MERVE SAĞLAM,Volkswagen Arena
25.03.2023,13:00,1EA4010,22. Hafta,MANİSA BÜYÜKŞEHİR BELEDİYE SPOR,90 - 75,YUKATEL MERKEZEFENDİ BELEDİYESİ BASKET,,MANİSA,Muradiye Spor Salonu,beIN SPORTS 5,ALİ SERKAN EMLEK,HÜSEYİN ÇELİK,YİĞİT GÖNÜLTAŞ,KAAN KARTAL,ESRA HOZANLI,HEDİYE AYTAŞ SARIASLAN,ÜMİT KONCA,SALİH KARAKURT,Muradiye Spor Salonu
25.03.2023,15:30,1EA4009,22. Hafta,AYOS KONYASPOR BASKETBOL,83 - 99,ANADOLU EFES,,KONYA,Selçuklu Belediyesi Spor Salonu,beIN SPORTS 5,MEHMET SERDAR ÜNAL,ZİYA ÖZORHON,POLAT PARLAK,BURAK DEDE,SADETTİN YAMAN,AYKUT ÇETİN,RABİA UZUNTÜRK,SÜLEYMAN KEMAL HOROZOĞLU,Selçuklu Belediyesi Spor Salonu
25.03.2023,18:00,1EA4012,22. Hafta,BEŞİKTAŞ EMLAKJET,107 - 74,GAZİANTEP BASKETBOL,,İSTANBUL,Akatlar Spor ve Kültür Kompleksi,"beIN SPORTS 5,beIN SPORTS HABER",MEHMET ŞAHİN,ALİ ŞAKACI,BATUHAN SÖYLEMEZOĞLU,HURŞİT CEM AKAN,NEŞE KIRAN,ERMAN YÜCEL,YÜKSEL NAZLIGÜL,LAL DENİZ ÇELİKER,Akatlar Spor ve Kültür Kompleksi
25.03.2023,20:30,1EA4016,22. Hafta,GALATASARAY NEF,91 - 80,FRUTTİ EXTRA BURSASPOR,,İSTANBUL,Sinan Erdem Spor Salonu,beIN SPORTS 5,YENER YILMAZ,FATİH ARSLANOĞLU,İSMAİL BİNBİR,MEHMET KAŞİF BATTAL,PINAR ŞAHİN,ALPER LAÇİNKAYA,GÖKHAN BAŞARAN,HİLMİ CANKUT AYNAR,Sinan Erdem Spor Salonu
26.03.2023,13:00,1EA4014,22. Hafta,ONVO BÜYÜKÇEKMECE BASKETBOL,89 - 73,ALİAĞA PETKİM SPOR,,İSTANBUL,Gazanfer Bilge Spor Salonu,beIN SPORTS 5,EMİN MOĞULKOÇ,AHMET TATLICI,ÖZGE ŞENTÜRK BAYRAKTAR,EMRULLAH DAĞ,EMRECAN ÇAKIRCA,YUSUF YELESDAĞ,HAKAN ÜNAL,MELDA ÇAKIRCA,Gazanfer Bilge Spor Salonu
26.03.2023,15:30,1EA4011,22. Hafta,PINAR KARŞIYAKA,77 - 85,TÜRK TELEKOM,,İZMİR,Mustafa Kemal Atatürk Karşıyaka Spor Salonu,beIN SPORTS 5,ZAFER YILMAZ,KAAN BÜYÜKÇİL,FATİH GÜLER,GÖRKEM BIÇAKCIOĞLU,GİZEM ÖZAYDIN,MESUT KARABULUT,İLAYDA DİNÇEL,ŞAHİN ŞANLI,Mustafa Kemal Atatürk Karşıyaka Spor Salonu
26.03.2023,18:00,1EA4013,22. Hafta,TOFAŞ,94 - 89,FENERBAHÇE BEKO,,BURSA,Tofaş Spor Salonu,"beIN SPORTS 5,beIN SPORTS HABER",ÖZLEM YALMAN,SEMİH VURAL,UMUT ÖZGÜN ERGÜN,HAKAN BEŞTEPE,SİNEM ERTEM,ADEM ÇATALKAŞ,TEOMAN ÖYLEK,ŞAFAK IRMAK SARAÇOĞLU,Tofaş Spor Salonu
27.03.2023,19:00,1EA4015,22. Hafta,BAHÇEŞEHİR KOLEJİ,79 - 84,DARÜŞŞAFAKA LASSA,,İSTANBUL,Ülker Spor ve Etkinlik Salonu,beIN SPORTS 5,CAN MAVİSU,MUSA KAZIM ÇETİN,TOLGA EDİS,NURSEL İSLAM,UFUK CAN SARI,SERHAT LEVENT,BÜŞRA ERKAN,GÖZDE BEGÜM AKÜZÜM,Ülker Spor ve Etkinlik Salonu
1.04.2023,13:00,1EA4019,23. Hafta,TÜRK TELEKOM,79 - 67,BEŞİKTAŞ EMLAKJET,,ANKARA,Ankara Spor Salonu,beIN SPORTS 5,YENER YILMAZ,ÖZLEM YALMAN,ORHAN ÇAĞRI HEKİMOĞLU,DİNÇER ÇERİBAŞ,AHMET BUĞRAHAN TÜRKER,FATİH ŞEN,VOLKAN DARCAN,FUNDA KONCA,Ankara Spor Salonu
1.04.2023,15:30,1EA4024,23. Hafta,FRUTTİ EXTRA BURSASPOR,81 - 87,BAHÇEŞEHİR KOLEJİ,,BURSA,Tofaş Spor Salonu,beIN SPORTS 5,KEREM BAKİ,ZİYA ÖZORHON,ALİ KÖSEOĞLU,HALDUN KUNT,ELİZ ŞEN,SEVDA USTA,TARIK KEMAL ÜNLÜ,ABDULLAH KURT,Tofaş Spor Salonu
1.04.2023,18:00,1EA4018,23. Hafta,YUKATEL MERKEZEFENDİ BELEDİYESİ BASKET,101 - 109,PINAR KARŞIYAKA,,DENİZLİ,Pamukkale Üniversitesi Spor Salonu,"beIN SPORTS 5,beIN SPORTS HABER",ALPER ALTUĞ KÖSELERLİ,MEHMET SERDAR ÜNAL,BATUHAN SÖYLEMEZOĞLU,EMRE BAŞA,AYŞE ERİŞ,FATMA NUR DİKMEN ÇOBAN,MELTEM ARABACI,AHMET ERYÜRÜK,Pamukkale Üniversitesi Spor Salonu
2.04.2023,13:00,1EA4022,23. Hafta,ALİAĞA PETKİM SPOR,96 - 85,AYOS KONYASPOR BASKETBOL,,İZMİR,Enka Spor Salonu,beIN SPORTS 5,ALİ SERKAN EMLEK,KAAN BÜYÜKÇİL,BURAK YILMAZ,ELA ONAT,CEREN ARIKAN BAYKUŞ,SİNEM BİRTÜRK,HAKAN DÖNMEZ,EMİNE KALKAN,Enka Spor Salonu
2.04.2023,15:30,1EA4017,23. Hafta,ANADOLU EFES,78 - 69,MANİSA BÜYÜKŞEHİR BELEDİYE SPOR,,İSTANBUL,Sinan Erdem Spor Salonu,beIN SPORTS 5,AYTUĞ EKTİ,SEHER AYŞE NUR YAZICIOĞLU,GÖKSUN ÖZ,SAVAŞ BAYRAM ERTÜRK,REMZİ KILIÇ,YÜKSEL NAZLIGÜL,ESİN MÜEZZİNOĞLU,DİNÇER ADİLLER,Sinan Erdem Spor Salonu
2.04.2023,18:00,1EA4020,23. Hafta,GAZİANTEP BASKETBOL,77 - 83,TOFAŞ,,İSTANBUL,Ahmet Cömert Spor Salonu,beIN SPORTS 5,EMİN MOĞULKOÇ,ALPER ÖZGÖK,MUSA KAZIM ÇETİN,DİDEM SÜER,MERT İĞDELİ,GÜLİZ KONCA ADİLLER,GÖKHAN BAŞARAN,ŞAZİYE SİMSAR YAKIN,Ahmet Cömert Spor Salonu
3.04.2023,18:00,1EA4023,23. Hafta,DARÜŞŞAFAKA LASSA,92 - 81,ONVO BÜYÜKÇEKMECE BASKETBOL,,İSTANBUL,Volkswagen Arena,"beIN SPORTS 5,beIN SPORTS HABER",FATİH ARSLANOĞLU,HÜSEYİN ÇELİK,ERHAN GÜRSEL,BURHAN BAŞARAN,ALPKAN HACIYAKUPOĞLU,ŞERMİN NAZLIGÜL,ALPER LAÇİNKAYA,KEREM SIRMAGİL,Volkswagen Arena
3.04.2023,20:30,1EA4021,23. Hafta,FENERBAHÇE BEKO,86 - 64,GALATASARAY NEF,,İSTANBUL,Ülker Spor ve Etkinlik Salonu,beIN SPORTS 5,ZAFER YILMAZ,MEHMET ŞAHİN,MURAT CİNER,EMİN FAZIL KESERATAR,EDA ELFİDAN,GÖZDE BEGÜM AKÜZÜM,SERHAT LEVENT,BÜŞRA ERKAN,Ülker Spor ve Etkinlik Salonu
7.04.2023,20:30,1EA4031,24. Hafta,ONVO BÜYÜKÇEKMECE BASKETBOL,85 - 87,FRUTTİ EXTRA BURSASPOR,,İSTANBUL,Gazanfer Bilge Spor Salonu,"beIN SPORTS 5,beIN SPORTS HABER",ZAFER YILMAZ,KAAN BÜYÜKÇİL,SİNEM TETİK AKBAYRAK,HURŞİT CEM AKAN,ERMAN YÜCEL,MERT İĞDELİ,BİROL ŞİMŞEK,SEMRA AKDUMAN,Gazanfer Bilge Spor Salonu
8.04.2023,13:00,1EA4030,24. Hafta,AYOS KONYASPOR BASKETBOL,83 - 73,DARÜŞŞAFAKA LASSA,,KONYA,Selçuklu Belediyesi Spor Salonu,beIN SPORTS 5,AYTUĞ EKTİ,MEHMET ŞAHİN,İSMAİL BİNBİR,MEHMET KAŞİF BATTAL,SADETTİN YAMAN,AYKUT ÇETİN,SULTAN MERVE AK,HEDİYE BALIKCI,Selçuklu Belediyesi Spor Salonu
8.04.2023,15:30,1EA4027,24. Hafta,TOFAŞ,91 - 94,TÜRK TELEKOM,,BURSA,Tofaş Spor Salonu,beIN SPORTS 5,ALPER ALTUĞ KÖSELERLİ,MEHMET SERDAR ÜNAL,BERK KURTULMUŞ,UMUT GEDİK,AYÇA ÜNLÜ,EMEL ÖZTÜRK,TUĞBA ÖYLEK,ADEM ÇATALKAŞ,Tofaş Spor Salonu
8.04.2023,18:00,1EA4026,24. Hafta,BEŞİKTAŞ EMLAKJET,70 - 59,YUKATEL MERKEZEFENDİ BELEDİYESİ BASKET,,İSTANBUL,Akatlar Spor ve Kültür Kompleksi,"beIN SPORTS 5,beIN SPORTS HABER",KEREM BAKİ,ZİYA ÖZORHON,UMUT ÖZGÜN ERGÜN,EMİN FAZIL KESERATAR,GÖKHAN BAŞARAN,DİNÇER ADİLLER,ALPKAN HACIYAKUPOĞLU,NEŞE KIRAN,Akatlar Spor ve Kültür Kompleksi
9.04.2023,13:00,1EA4029,24. Hafta,MANİSA BÜYÜKŞEHİR BELEDİYE SPOR,86 - 78,ALİAĞA PETKİM SPOR,,MANİSA,Muradiye Spor Salonu,beIN SPORTS 5,YENER YILMAZ,FATİH ARSLANOĞLU,POLAT PARLAK,HAKAN BEŞTEPE,ESRA HOZANLI,HEDİYE AYTAŞ SARIASLAN,ESRA GÜLSUYU,SALİH KARAKURT,Muradiye Spor Salonu
9.04.2023,15:30,1EA4028,24. Hafta,FENERBAHÇE BEKO,100 - 50,GAZİANTEP BASKETBOL,,İSTANBUL,Ülker Spor ve Etkinlik Salonu,beIN SPORTS 5,ALİ SERKAN EMLEK,AHMET TATLICI,ÖZGE ŞENTÜRK BAYRAKTAR,HÜSEYİN OSMAN BÜYÜKGÖKSU,ŞÜKRÜ ALOĞLU,ALTAN CANDAN,MUSTAFA GÖKMEN DEMİRAY,GÖRKEM GÖRGÜLÜ,Ülker Spor ve Etkinlik Salonu
9.04.2023,18:00,1EA4025,24. Hafta,PINAR KARŞIYAKA,98 - 83,ANADOLU EFES,,İZMİR,Mustafa Kemal Atatürk Karşıyaka Spor Salonu,beIN SPORTS 5,CAN MAVİSU,ALİ ŞAKACI,TOLGA EDİS,DOĞAN HEPGÜVENDİK,SİNEM BİRTÜRK,ŞAHİN ŞANLI,ÖMER DURSUN,MESUT KARABULUT,Mustafa Kemal Atatürk Karşıyaka Spor Salonu
9.04.2023,20:30,1EA4032,24. Hafta,GALATASARAY NEF,94 - 90,BAHÇEŞEHİR KOLEJİ,,İSTANBUL,Sinan Erdem Spor Salonu,beIN SPORTS 5,EMİN MOĞULKOÇ,MEHMET KARABİLECEN,FATİH GÜLER,ALİGÜRHAN UZUNAY,GÜLİZ KONCA ADİLLER,YÜKSEL NAZLIGÜL,SEMRA AKDUMAN,AYBERK PARALI,Sinan Erdem Spor Salonu
15.04.2023,13:00,1EA4040,25. Hafta,BAHÇEŞEHİR KOLEJİ,92 - 77,ONVO BÜYÜKÇEKMECE BASKETBOL,,İSTANBUL,Ülker Spor ve Etkinlik Salonu,beIN SPORTS 5,YENER YILMAZ,ALPER ÖZGÖK,YİĞİT GÖNÜLTAŞ,KORAY LEVENT  BİNGÖL,EBRU ULUDOĞAN,SERHAT LEVENT,BÜŞRA ERKAN,GÖZDE BEGÜM AKÜZÜM,Ülker Spor ve Etkinlik Salonu
15.04.2023,15:30,1EA4037,25. Hafta,ALİAĞA PETKİM SPOR,90 - 85,PINAR KARŞIYAKA,,İZMİR,Enka Spor Salonu,beINSports,ÖZLEM YALMAN,HÜSEYİN ÇELİK,MUSA KAZIM ÇETİN,MEHMET AKİF KARAGÖZ,BETÜL AKDOĞAN,ALİ DEVECİ,HAKAN DÖNMEZ,KEMAL AYPARS,Enka Spor Salonu
15.04.2023,18:00,1EA4036,25. Hafta,GAZİANTEP BASKETBOL,96 - 78,GALATASARAY NEF,,İSTANBUL,Ahmet Cömert Spor Salonu,"beIN SPORTS 5,beIN SPORTS HABER",ALPER ALTUĞ KÖSELERLİ,KAAN BÜYÜKÇİL,ZİYA ÖZORHON,ZELİHA BAYRAKTAR,YÜKSEL NAZLIGÜL,LAL DENİZ ÇELİKER,TUĞÇE KAYA,AYBERK PARALI,Ahmet Cömert Spor Salonu
16.04.2023,13:00,1EA4034,25. Hafta,YUKATEL MERKEZEFENDİ BELEDİYESİ BASKET,88 - 95,TOFAŞ,,DENİZLİ,Pamukkale Üniversitesi Spor Salonu,beIN SPORTS 5,ZAFER YILMAZ,SEHER AYŞE NUR YAZICIOĞLU,ALİ KÖSEOĞLU,MERT ELMA,AYŞE ERİŞ,FATMA NUR DİKMEN ÇOBAN,SARE NUR ELMAS,AHMET ERYÜRÜK,Pamukkale Üniversitesi Spor Salonu
16.04.2023,15:30,1EA4038,25. Hafta,DARÜŞŞAFAKA LASSA,95 - 84,MANİSA BÜYÜKŞEHİR BELEDİYE SPOR,,İSTANBUL,Volkswagen Arena,beIN SPORTS 5,MEHMET KARABİLECEN,TOLGA EDİS,MURAT CİNER,METİN AÇIKALIN,ALPKAN HACIYAKUPOĞLU,ŞERMİN NAZLIGÜL,TUNA TAŞ,EMRAH RİFAİ,Volkswagen Arena
16.04.2023,18:00,1EA4035,25. Hafta,TÜRK TELEKOM,83 - 72,FENERBAHÇE BEKO,,ANKARA,Ankara Spor Salonu,beIN SPORTS 5,AYTUĞ EKTİ,CAN MAVİSU,ÇAĞLAR ÖZKAN,HALDUN KUNT,SEÇİL ÇAPKINOĞLU,RESUL GEÇER,TUNCER ULUŞEKER,FATMA ÇELİK,Ankara Spor Salonu
16.04.2023,20:30,1EA4039,25. Hafta,FRUTTİ EXTRA BURSASPOR,74 - 63,AYOS KONYASPOR BASKETBOL,,BURSA,Tofaş Spor Salonu,beIN SPORTS 5,EMİN MOĞULKOÇ,BATUHAN SÖYLEMEZOĞLU,BERK KURTULMUŞ,MUSTAFA DURGUT,ESRA SOLAK,SEVDA USTA,ELİZ ŞEN,BERNA EKBİÇ,Tofaş Spor Salonu
17.04.2023,20:30,1EA4033,25. Hafta,ANADOLU EFES,104 - 88,BEŞİKTAŞ EMLAKJET,,İSTANBUL,Sinan Erdem Spor Salonu,"beIN SPORTS 5,beIN SPORTS HABER",FATİH ARSLANOĞLU,SEMİH VURAL,BURAK YILMAZ,SAVAŞ BAYRAM ERTÜRK,GÖKHAN BAŞARAN,HİLMİ CANKUT AYNAR,YÜKSEL NAZLIGÜL,LAL DENİZ ÇELİKER,Sinan Erdem Spor Salonu
21.04.2023,19:00,1EA4042,26. Hafta,FENERBAHÇE BEKO,79 - 72,YUKATEL MERKEZEFENDİ BELEDİYESİ BASKET,,İSTANBUL,Ülker Spor ve Etkinlik Salonu,"beIN SPORTS 5,beIN SPORTS HABER",KAAN BÜYÜKÇİL,POLAT PARLAK,ERHAN GÜRSEL,ERSİN ÇELİK,BEGÜM SAVAŞ,BÜŞRA ERKAN,SERHAT LEVENT,GÖZDE BEGÜM AKÜZÜM,Ülker Spor ve Etkinlik Salonu
22.04.2023,13:00,1EA4046,26. Hafta,MANİSA BÜYÜKŞEHİR BELEDİYE SPOR,82 - 87,FRUTTİ EXTRA BURSASPOR,,MANİSA,Muradiye Spor Salonu,beIN SPORTS 5,ALPER ALTUĞ KÖSELERLİ,MEHMET SERDAR ÜNAL,FATİH GÜLER,GÖRKEM BIÇAKCIOĞLU,OSMAN CİNGİL,ESRA GÜLSUYU,İSMAİL ATAR,HEDİYE AYTAŞ SARIASLAN,Muradiye Spor Salonu
22.04.2023,15:30,1EA4041,26. Hafta,TOFAŞ,66 - 63,ANADOLU EFES,,BURSA,Tofaş Spor Salonu,beIN SPORTS 5,MEHMET KARABİLECEN,KEREM BAKİ,SİNEM TETİK AKBAYRAK,EBRU ÖZTAŞKIRAN,TUĞBA ÖYLEK,ADEM ÇATALKAŞ,ERAY BABAHANOĞLU,ŞAFAK IRMAK SARAÇOĞLU,Tofaş Spor Salonu
22.04.2023,18:00,1EA4043,26. Hafta,GAZİANTEP BASKETBOL,77 - 76,TÜRK TELEKOM,,İSTANBUL,Ahmet Cömert Spor Salonu,"beIN SPORTS 5,beIN SPORTS HABER",ZAFER YILMAZ,SEHER AYŞE NUR YAZICIOĞLU,UMUT ÖZGÜN ERGÜN,FERHAT SUNA,BERNA ÇOLAK,ALPKAN HACIYAKUPOĞLU,BARIŞ AKSAKAL,YÜKSEL NAZLIGÜL,Ahmet Cömert Spor Salonu
22.04.2023,20:30,1EA4048,26. Hafta,GALATASARAY NEF,82 - 92,ONVO BÜYÜKÇEKMECE BASKETBOL,,İSTANBUL,Sinan Erdem Spor Salonu,beIN SPORTS 5,ALİ SERKAN EMLEK,SEMİH VURAL,GÖKSUN ÖZ,SERDAR ÇELİK,AYBERK PARALI,HİLMİ CANKUT AYNAR,GÜLİZ KONCA ADİLLER,SEMRA AKDUMAN,Sinan Erdem Spor Salonu
23.04.2023,13:00,1EA4045,26. Hafta,PINAR KARŞIYAKA,101 - 76,DARÜŞŞAFAKA LASSA,,İZMİR,Mustafa Kemal Atatürk Karşıyaka Spor Salonu,beIN SPORTS 5,YENER YILMAZ,ORHAN ÇAĞRI HEKİMOĞLU,ÖZGE ŞENTÜRK BAYRAKTAR,BURAK DEDE,GİZEM ÖZAYDIN,İLAYDA DİNÇEL,ANIL DOĞAN,KEMAL AYPARS,Mustafa Kemal Atatürk Karşıyaka Spor Salonu
23.04.2023,15:30,1EA4047,26. Hafta,AYOS KONYASPOR BASKETBOL,72 - 77,BAHÇEŞEHİR KOLEJİ,,KONYA,Selçuklu Belediyesi Spor Salonu,beIN SPORTS 5,FATİH ARSLANOĞLU,ALİ ŞAKACI,AHMET TATLICI,YEŞİM ATUŞ KARAGÖZ,ÖMER FARUK SARI,AYKUT ÇETİN,SADETTİN YAMAN,HEDİYE BALIKCI,Selçuklu Belediyesi Spor Salonu
23.04.2023,18:00,1EA4044,26. Hafta,BEŞİKTAŞ EMLAKJET,84 - 85,ALİAĞA PETKİM SPOR,,İSTANBUL,Akatlar Spor ve Kültür Kompleksi,beIN SPORTS 5,EMİN MOĞULKOÇ,MEHMET ŞAHİN,İSMAİL BİNBİR,YAŞAR SİNAN ÇELİKOĞLU,NEŞE KIRAN,YÜKSEL NAZLIGÜL,EMRAH RİFAİ,MERT İĞDELİ,Akatlar Spor ve Kültür Kompleksi
29.04.2023,13:00,1EA4052,27. Hafta,ALİAĞA PETKİM SPOR,85 - 95,TOFAŞ,,İZMİR,Enka Spor Salonu,"beIN SPORTS 5,beIN SPORTS HABER",ALİ ŞAKACI,TOLGA EDİS,BATUHAN SÖYLEMEZOĞLU,SERKAN İNCE,CANSU ÇOBAN,İLAYDA DİNÇEL,ÇAĞATAY KAMER VANLIOĞLU,OSMAN ARKIN BARUTCU,Enka Spor Salonu
29.04.2023,15:30,1EA4050,27. Hafta,YUKATEL MERKEZEFENDİ BELEDİYESİ BASKET,95 - 91,GAZİANTEP BASKETBOL,,DENİZLİ,Pamukkale Üniversitesi Spor Salonu,beIN SPORTS 5,YENER YILMAZ,FATİH ARSLANOĞLU,BERK KURTULMUŞ,MUSTAFA BİÇER,AYŞE ERİŞ,MELEK ERYÜRÜK,MELTEM ARABACI,AHMET ERYÜRÜK,Pamukkale Üniversitesi Spor Salonu
29.04.2023,18:00,1EA4056,27. Hafta,ONVO BÜYÜKÇEKMECE BASKETBOL,92 - 77,AYOS KONYASPOR BASKETBOL,,İSTANBUL,Gazanfer Bilge Spor Salonu,beIN SPORTS 5,MEHMET KARABİLECEN,ALPER ALTUĞ KÖSELERLİ,ALİ KÖSEOĞLU,EMRULLAH DAĞ,BURHAN DEMİR,SEMRA AKDUMAN,BİROL ŞİMŞEK,EMRECAN ÇAKIRCA,Gazanfer Bilge Spor Salonu
30.04.2023,13:00,1EA4053,27. Hafta,DARÜŞŞAFAKA LASSA,100 - 93,BEŞİKTAŞ EMLAKJET,,İSTANBUL,Volkswagen Arena,"beIN SPORTS 5,beIN SPORTS HABER",CAN MAVİSU,HÜSEYİN ÇELİK,ÇAĞLAR ÖZKAN,NURSEL İSLAM,ŞERMİN NAZLIGÜL,AHMET YILDIZ,ALPKAN HACIYAKUPOĞLU,ALPER LAÇİNKAYA,Volkswagen Arena
30.04.2023,18:00,1EA4054,27. Hafta,FRUTTİ EXTRA BURSASPOR,106 - 99,PINAR KARŞIYAKA,,BURSA,Tofaş Spor Salonu,beIN SPORTS 5,AYTUĞ EKTİ,ZİYA ÖZORHON,YİĞİT GÖNÜLTAŞ,AHMET MÜNİR GÖKMEN,BERNA EKBİÇ,SEVDA USTA,ELİF ERGÜÇ,TEOMAN ÖYLEK,Tofaş Spor Salonu
1.05.2023,19:00,1EA4055,27. Hafta,BAHÇEŞEHİR KOLEJİ,89 - 85,MANİSA BÜYÜKŞEHİR BELEDİYE SPOR,,İSTANBUL,Ülker Spor ve Etkinlik Salonu,beIN SPORTS 5,ÖZLEM YALMAN,MEHMET ŞAHİN,MUSA KAZIM ÇETİN,ÖMER KESKİN,UFUK CAN SARI,YEŞİM ÖZCAN ÖZTÜRK,GÜLTEKİN KABAŞ,TUĞBA DURNAOĞLU,Ülker Spor ve Etkinlik Salonu
10.05.2023,18:00,1EA4051,27. Hafta,TÜRK TELEKOM,106 - 91,GALATASARAY NEF,,ANKARA,Ankara Spor Salonu,beINSports,FATİH ARSLANOĞLU,ALPER ÖZGÖK,MURAT CİNER,MEHMET KAŞİF BATTAL,YASEMİN YILDIRIM,VEYSEL SİNAN TUNCER,ALPER KESEN,HASAN BAŞKURT,Ankara Spor Salonu
16.05.2023,19:00,1EA4049,27. Hafta,ANADOLU EFES,96 - 91,FENERBAHÇE BEKO,,İSTANBUL,Sinan Erdem Spor Salonu,beINSports,EMİN MOĞULKOÇ,ALİ SERKAN EMLEK,AHMET TATLICI,EMİN FAZIL KESERATAR,LAL DENİZ ÇELİKER,ZAFER RİFAİ,YUSUF YELESDAĞ,YÜKSEL NAZLIGÜL,Sinan Erdem Spor Salonu
5.05.2023,19:00,1EA4057,28. Hafta,GAZİANTEP BASKETBOL,82 - 106,ANADOLU EFES,,İSTANBUL,Ahmet Cömert Spor Salonu,"beIN SPORTS 5,beIN SPORTS HABER",AYTUĞ EKTİ,SEMİH VURAL,MURAT CİNER,HAKAN BEŞTEPE,ŞERMİN NAZLIGÜL,YUSUF YELESDAĞ,GÖKHAN ALTUNTAŞ,HİLMİ CANKUT AYNAR,Ahmet Cömert Spor Salonu
6.05.2023,13:00,1EA4064,28. Hafta,GALATASARAY NEF,100 - 88,AYOS KONYASPOR BASKETBOL,,İSTANBUL,Sinan Erdem Spor Salonu,beIN SPORTS 5,MEHMET SERDAR ÜNAL,ZİYA ÖZORHON,ÖZGE ŞENTÜRK BAYRAKTAR,NAMIK KEMAL ERGÜVEN,CEYDA KAPKAÇ,YÜKSEL NAZLIGÜL,AYGÜN SEVGİL,TUĞÇE KAYA,Sinan Erdem Spor Salonu
6.05.2023,15:30,1EA4060,28. Hafta,TOFAŞ,94 - 93,DARÜŞŞAFAKA LASSA,,BURSA,Tofaş Spor Salonu,beIN SPORTS 5,EMİN MOĞULKOÇ,POLAT PARLAK,BURAK YILMAZ,GÜNAY YAYLI,ESRA SOLAK,ADEM ÇATALKAŞ,ŞAFAK IRMAK SARAÇOĞLU,EMEL ÖZTÜRK,Tofaş Spor Salonu
6.05.2023,18:00,1EA4062,28. Hafta,PINAR KARŞIYAKA,86 - 82,BAHÇEŞEHİR KOLEJİ,,İZMİR,Mustafa Kemal Atatürk Karşıyaka Spor Salonu,"beIN SPORTS 5,beIN SPORTS HABER",KEREM BAKİ,ALPER ALTUĞ KÖSELERLİ,UMUT ÖZGÜN ERGÜN,OKAN KAHRAMAN,SİNEM BİRTÜRK,MESUT KARABULUT,SENEM ARIN KOCATÜRK,ALİ DEVECİ,Mustafa Kemal Atatürk Karşıyaka Spor Salonu
7.05.2023,13:00,1EA4063,28. Hafta,MANİSA BÜYÜKŞEHİR BELEDİYE SPOR,87 - 74,ONVO BÜYÜKÇEKMECE BASKETBOL,,MANİSA,Muradiye Spor Salonu,beIN SPORTS 5,YENER YILMAZ,KAAN BÜYÜKÇİL,ORHAN ÇAĞRI HEKİMOĞLU,İBRAHİM EMRE AYDEMİR,ESRA GÜLSUYU,HEDİYE AYTAŞ SARIASLAN,ÜMİT KONCA,SALİH KARAKURT,Muradiye Spor Salonu
7.05.2023,15:30,1EA4061,28. Hafta,BEŞİKTAŞ EMLAKJET,93 - 87,FRUTTİ EXTRA BURSASPOR,,İSTANBUL,Akatlar Spor ve Kültür Kompleksi,beIN SPORTS 5,ALİ SERKAN EMLEK,AHMET TATLICI,ERHAN GÜRSEL,MEHMET KAŞİF BATTAL,MERT İĞDELİ,ALPER LAÇİNKAYA,ALPKAN HACIYAKUPOĞLU,ŞERMİN NAZLIGÜL,Akatlar Spor ve Kültür Kompleksi
7.05.2023,18:00,1EA4058,28. Hafta,TÜRK TELEKOM,82 - 71,YUKATEL MERKEZEFENDİ BELEDİYESİ BASKET,,ANKARA,Ankara Spor Salonu,beIN SPORTS 5,MEHMET KARABİLECEN,CAN MAVİSU,İSMAİL BİNBİR,DERYA ANTAŞ,SİBEL FAZLIOĞLU,FATİH ŞEN,İSMAİL FULSER,FATİH DEMİRCİ,Ankara Spor Salonu
18.05.2023,19:00,1EA4059,28. Hafta,FENERBAHÇE BEKO,101 - 96,ALİAĞA PETKİM SPOR,,İSTANBUL,Ülker Spor ve Etkinlik Salonu,beINSports,ZAFER YILMAZ,SEHER AYŞE NUR YAZICIOĞLU,SİNEM TETİK AKBAYRAK,GÖKHAN ZEKERİYA ARSLAN,ŞÜKRÜ ALOĞLU,SERHAT LEVENT,UFUK CAN SARI,ALTAN CANDAN,Ülker Spor ve Etkinlik Salonu
12.05.2023,18:00,1EA4071,29. Hafta,ONVO BÜYÜKÇEKMECE BASKETBOL,85 - 72,PINAR KARŞIYAKA,,İSTANBUL,Gazanfer Bilge Spor Salonu,beIN SPORTS 5,EMİN MOĞULKOÇ,ALİ ŞAKACI,BERK KURTULMUŞ,EMİR GÜNEY,ESİN MÜEZZİNOĞLU,ERMAN YÜCEL,CEYDA KAPKAÇ,KEREM SIRMAGİL,Gazanfer Bilge Spor Salonu
12.05.2023,20:30,1EA4069,29. Hafta,FRUTTİ EXTRA BURSASPOR,77 - 92,TOFAŞ,,BURSA,Tofaş Spor Salonu,beIN SPORTS 5,ZAFER YILMAZ,ÖZLEM YALMAN,ÇAĞLAR ÖZKAN,MUSTAFA DURGUT,TARIK KEMAL ÜNLÜ,SEVDA USTA,ERAY BABAHANOĞLU,ABDULLAH KURT,Tofaş Spor Salonu
13.05.2023,13:00,1EA4072,29. Hafta,AYOS KONYASPOR BASKETBOL,87 - 91,MANİSA BÜYÜKŞEHİR BELEDİYE SPOR,,KONYA,Selçuklu Belediyesi Spor Salonu,beIN SPORTS 5,FATİH ARSLANOĞLU,ALPER ÖZGÖK,GÖKSUN ÖZ,MEYMİNE MİNE YAZGÖNÜL,SADETTİN YAMAN,AYKUT ÇETİN,RUKİYE YILDIRIM,HEDİYE BALIKCI,Selçuklu Belediyesi Spor Salonu
13.05.2023,13:00,1EA4066,29. Hafta,YUKATEL MERKEZEFENDİ BELEDİYESİ BASKET,53 - 78,GALATASARAY NEF,,DENİZLİ,Pamukkale Üniversitesi Spor Salonu,beIN SPORTS 5,MEHMET ŞAHİN,HÜSEYİN ÇELİK,FATİH GÜLER,EMRE BAŞA,AYŞE ERİŞ,MELEK ERYÜRÜK,FATMA NUR DİKMEN ÇOBAN,AHMET ERYÜRÜK,Pamukkale Üniversitesi Spor Salonu
13.05.2023,15:30,1EA4067,29. Hafta,ALİAĞA PETKİM SPOR,80 - 79,GAZİANTEP BASKETBOL,,İZMİR,Mustafa Kemal Atatürk Karşıyaka Spor Salonu,beIN SPORTS 5,CAN MAVİSU,KAAN BÜYÜKÇİL,ZİYA ÖZORHON,ELA ONAT,CANSU ÇOBAN,MESUT KARABULUT,OKAN ÇETİNBAŞ,GÜLTEKİN DAĞDEVİREN,Mustafa Kemal Atatürk Karşıyaka Spor Salonu
13.05.2023,15:30,1EA4070,29. Hafta,BAHÇEŞEHİR KOLEJİ,86 - 83,BEŞİKTAŞ EMLAKJET,,İSTANBUL,Ülker Spor ve Etkinlik Salonu,beIN SPORTS 5,AYTUĞ EKTİ,MEHMET SERDAR ÜNAL,BATUHAN SÖYLEMEZOĞLU,HURŞİT CEM AKAN,ECE DİKMENLİ,YEŞİM ÖZCAN ÖZTÜRK,TUĞBA DURNAOĞLU,BÜŞRA ERKAN,Ülker Spor ve Etkinlik Salonu
13.05.2023,18:00,1EA4065,29. Hafta,ANADOLU EFES,102 - 87,TÜRK TELEKOM,,İSTANBUL,Sinan Erdem Spor Salonu,"beIN SPORTS 5,beIN SPORTS HABER",YENER YILMAZ,ALPER ALTUĞ KÖSELERLİ,ALİ KÖSEOĞLU,HÜSEYİN MELİH  GÜDEN,ESİN MÜEZZİNOĞLU,ALPER LAÇİNKAYA,AYGÜN SEVGİL,SEMRA AKDUMAN,Sinan Erdem Spor Salonu
13.05.2023,20:30,1EA4068,29. Hafta,DARÜŞŞAFAKA LASSA,73 - 79,FENERBAHÇE BEKO,,İSTANBUL,Volkswagen Arena,beIN SPORTS 5,MEHMET KARABİLECEN,MUSA KAZIM ÇETİN,TOLGA EDİS,ALİGÜRHAN UZUNAY,GÖKHAN BAŞARAN,HİLMİ CANKUT AYNAR,TUNA TAŞ,AYBERK PARALI,Volkswagen Arena
19.05.2023,19:00,1EA4079,30. Hafta,PINAR KARŞIYAKA,95 - 89,AYOS KONYASPOR BASKETBOL,,İZMİR,Mustafa Kemal Atatürk Karşıyaka Spor Salonu,"beIN SPORTS 5,beIN SPORTS HABER",ÖZLEM YALMAN,SEMİH VURAL,POLAT PARLAK,DOĞAN HEPGÜVENDİK,İLAYDA DİNÇEL,GÜLTEKİN DAĞDEVİREN,CUMHUR AĞCAHAN,SİNEM BİRTÜRK,Mustafa Kemal Atatürk Karşıyaka Spor Salonu
20.05.2023,15:30,1EA4080,30. Hafta,GALATASARAY NEF,84 - 79,MANİSA BÜYÜKŞEHİR BELEDİYE SPOR,,İSTANBUL,Sinan Erdem Spor Salonu,beIN SPORTS HABER,AYTUĞ EKTİ,ERHAN GÜRSEL,İSMAİL BİNBİR,ERSİN YILDIZ,YÜKSEL NAZLIGÜL,ZAFER RİFAİ,SEMRA AKDUMAN,EMRECAN ÇAKIRCA,Sinan Erdem Spor Salonu
20.05.2023,15:30,1EA4075,30. Hafta,GAZİANTEP BASKETBOL,95 - 99,DARÜŞŞAFAKA LASSA,,İSTANBUL,Ahmet Cömert Spor Salonu,beINSports1,ALPER ALTUĞ KÖSELERLİ,ALPER ÖZGÖK,SEHER AYŞE NUR YAZICIOĞLU,MEHMET İSMET BAYRİ,AYBERK PARALI,YUSUF YELESDAĞ,PINAR ŞAHİN,NEŞE KIRAN,Ahmet Cömert Spor Salonu
20.05.2023,15:30,1EA4077,30. Hafta,TOFAŞ,92 - 79,BAHÇEŞEHİR KOLEJİ,,BURSA,Tofaş Spor Salonu,beINSports2,KAAN BÜYÜKÇİL,ZİYA ÖZORHON,ÖZGE ŞENTÜRK BAYRAKTAR,EBRU ÖZTAŞKIRAN,NİDA ECE TÜZÜK,ADEM ÇATALKAŞ,NEBİYE SALLANTI,TEOMAN ÖYLEK,Tofaş Spor Salonu
20.05.2023,15:30,1EA4078,30. Hafta,BEŞİKTAŞ EMLAKJET,107 - 69,ONVO BÜYÜKÇEKMECE BASKETBOL,,İSTANBUL,Akatlar Spor ve Kültür Kompleksi,beIN SPORTS 5,MEHMET KARABİLECEN,CAN MAVİSU,UMUT ÖZGÜN ERGÜN,EMİN FAZIL KESERATAR,ŞERMİN NAZLIGÜL,ALPER LAÇİNKAYA,TUNA TAŞ,ALPKAN HACIYAKUPOĞLU,Akatlar Spor ve Kültür Kompleksi
21.05.2023,13:00,1EA4073,30. Hafta,YUKATEL MERKEZEFENDİ BELEDİYESİ BASKET,71 - 94,ANADOLU EFES,,DENİZLİ,Pamukkale Üniversitesi Spor Salonu,beIN SPORTS 5,ZAFER YILMAZ,ORHAN ÇAĞRI HEKİMOĞLU,SİNEM TETİK AKBAYRAK,MUSTAFA BİÇER,TUĞBA KALEM,FATMA NUR DİKMEN ÇOBAN,SARE NUR ELMAS,AHMET ERYÜRÜK,Pamukkale Üniversitesi Spor Salonu
21.05.2023,18:00,1EA4074,30. Hafta,TÜRK TELEKOM,115 - 66,ALİAĞA PETKİM SPOR,,ANKARA,Ankara Spor Salonu,beIN SPORTS 5,ALİ SERKAN EMLEK,MEHMET SERDAR ÜNAL,YİĞİT GÖNÜLTAŞ,BURAK DEDE,SAMET CAN ALICI,FATİH DEMİRCİ,VOLKAN DARCAN,FATMA ÇELİK,Ankara Spor Salonu
22.05.2023,19:00,1EA4076,30. Hafta,FENERBAHÇE BEKO,84 - 82,FRUTTİ EXTRA BURSASPOR,,İSTANBUL,Ülker Spor ve Etkinlik Salonu,beIN SPORTS 5,YENER YILMAZ,ALİ ŞAKACI,BURAK YILMAZ,SAVAŞ BAYRAM ERTÜRK,ESER FIRIL,SERHAT LEVENT,BÜŞRA ERKAN,GÖZDE BEGÜM AKÜZÜM,Ülker Spor ve Etkinlik Salonu
26.05.2023,18:00,1EA4086,Playoff Çeyrek Final,TÜRK TELEKOM,94 - 85,GALATASARAY NEF,,ANKARA,Ankara Spor Salonu,beIN SPORTS 5,MEHMET KARABİLECEN,ALPER ALTUĞ KÖSELERLİ,ÖZGE ŞENTÜRK BAYRAKTAR,DOĞAN HEPGÜVENDİK,PELİN KUZU,FATİH ŞEN,AHMET BUĞRAHAN TÜRKER,RESUL GEÇER,Ankara Spor Salonu
26.05.2023,20:30,1EA4087,Playoff Çeyrek Final,PINAR KARŞIYAKA,91 - 83,FRUTTİ EXTRA BURSASPOR,,İZMİR,Mustafa Kemal Atatürk Karşıyaka Spor Salonu,beIN SPORTS 5,KEREM BAKİ,MEHMET SERDAR ÜNAL,ZİYA ÖZORHON,MEHMET KAŞİF BATTAL,MESUT KARABULUT,ŞAHİN ŞANLI,ÖMER DURSUN,GÜLTEKİN DAĞDEVİREN,Mustafa Kemal Atatürk Karşıyaka Spor Salonu
27.05.2023,18:00,1EA4088,Playoff Çeyrek Final,ANADOLU EFES,104 - 94,DARÜŞŞAFAKA LASSA,,İSTANBUL,Sinan Erdem Spor Salonu,beIN SPORTS 5,YENER YILMAZ,FATİH ARSLANOĞLU,ÇAĞLAR ÖZKAN,ALİGÜRHAN UZUNAY,KEREM SIRMAGİL,ALPER LAÇİNKAYA,YÜKSEL NAZLIGÜL,GÜLİZ KONCA ADİLLER,Sinan Erdem Spor Salonu
27.05.2023,20:30,1EA4089,Playoff Çeyrek Final,FENERBAHÇE BEKO,93 - 78,TOFAŞ,,İSTANBUL,Ülker Spor ve Etkinlik Salonu,beIN SPORTS 5,AYTUĞ EKTİ,MEHMET ŞAHİN,BERK KURTULMUŞ,NAİM ÖZYEŞİLPINAR,ALTAN CANDAN,SERHAT LEVENT,GÜLTEKİN KABAŞ,YEŞİM ÖZCAN ÖZTÜRK,Ülker Spor ve Etkinlik Salonu
30.05.2023,18:00,1EA4090,Playoff Çeyrek Final,GALATASARAY NEF,86 - 71,TÜRK TELEKOM,,İSTANBUL,Sinan Erdem Spor Salonu,beIN SPORTS HABER,CAN MAVİSU,KAAN BÜYÜKÇİL,ALİ ŞAKACI,DİDEM SÜER,GÜLİZ KONCA ADİLLER,ZAFER RİFAİ,LAL DENİZ ÇELİKER,ESİN MÜEZZİNOĞLU,Sinan Erdem Spor Salonu
30.05.2023,20:30,1EA4091,Playoff Çeyrek Final,FRUTTİ EXTRA BURSASPOR,76 - 92,PINAR KARŞIYAKA,,BURSA,Tofaş Spor Salonu,beINSports,EMİN MOĞULKOÇ,ALPER ÖZGÖK,SİNEM TETİK AKBAYRAK,SAVAŞ BAYRAM ERTÜRK,ELİF ERGÜÇ,NİDA ECE TÜZÜK,ESRA AL,ABDULLAH KURT,Tofaş Spor Salonu
31.05.2023,18:00,1EA4092,Playoff Çeyrek Final,DARÜŞŞAFAKA LASSA,84 - 86,ANADOLU EFES,,İSTANBUL,Volkswagen Arena,beIN SPORTS 5,ALİ SERKAN EMLEK,ÖZLEM YALMAN,BATUHAN SÖYLEMEZOĞLU,ERKAN URASLI,YÜKSEL NAZLIGÜL,ŞERMİN NAZLIGÜL,ALPKAN HACIYAKUPOĞLU,AYBERK PARALI,Volkswagen Arena
31.05.2023,20:30,1EA4093,Playoff Çeyrek Final,TOFAŞ,87 - 98,FENERBAHÇE BEKO,,BURSA,Tofaş Spor Salonu,beIN SPORTS 5,ZAFER YILMAZ,HÜSEYİN ÇELİK,SEHER AYŞE NUR YAZICIOĞLU,HALDUN KUNT,ESRA SOLAK,ADEM ÇATALKAŞ,BERNA EKBİÇ,TEOMAN ÖYLEK,Tofaş Spor Salonu
1.06.2023,18:00,1EA4094,Playoff Çeyrek Final,TÜRK TELEKOM,91 - 77,GALATASARAY NEF,,ANKARA,Ankara Spor Salonu,beIN SPORTS 5,EMİN MOĞULKOÇ,YENER YILMAZ,MURAT CİNER,HAKAN BEŞTEPE,HASAN BAŞKURT,FATİH DEMİRCİ,VEYSEL SİNAN TUNCER,FUNDA KONCA,Ankara Spor Salonu
3.06.2023,18:00,1EA4095,Playoff Yarı Final,FENERBAHÇE BEKO,108 - 66,ANADOLU EFES,,İSTANBUL,Ülker Spor ve Etkinlik Salonu,beIN SPORTS 5,KEREM BAKİ,MEHMET ŞAHİN,AHMET TATLICI,HURŞİT CEM AKAN,UFUK CAN SARI,SERHAT LEVENT,YEŞİM ÖZCAN ÖZTÜRK,GÖZDE BEGÜM AKÜZÜM,Ülker Spor ve Etkinlik Salonu
4.06.2023,15:30,1EA4096,Playoff Yarı Final,TÜRK TELEKOM,98 - 94,PINAR KARŞIYAKA,,ANKARA,Ankara Spor Salonu,beIN SPORTS 5,CAN MAVİSU,KAAN BÜYÜKÇİL,ORHAN ÇAĞRI HEKİMOĞLU,MERT ELMA,YASEMİN YILDIRIM,RESUL GEÇER,BİLAL UZGÖREN,ALİ MURAT SUNGUR,Ankara Spor Salonu
5.06.2023,20:00,1EA4097,Playoff Yarı Final,FENERBAHÇE BEKO,90 - 92,ANADOLU EFES,,İSTANBUL,Ülker Spor ve Etkinlik Salonu,beIN SPORTS 5,EMİN MOĞULKOÇ,ZİYA ÖZORHON,TOLGA EDİS,HÜSEYİN OSMAN BÜYÜKGÖKSU,EBRU ULUDOĞAN,SERHAT LEVENT,GÖZDE BEGÜM AKÜZÜM,BÜŞRA ERKAN,Ülker Spor ve Etkinlik Salonu
6.06.2023,20:00,1EA4098,Playoff Yarı Final,TÜRK TELEKOM,81 - 92,PINAR KARŞIYAKA,,ANKARA,Ankara Spor Salonu,beIN SPORTS 5,YENER YILMAZ,ALPER ALTUĞ KÖSELERLİ,POLAT PARLAK,ELA ONAT,SEÇİL ÇAPKINOĞLU,PELİN KUZU,MERT YILMAZ,FATİH ŞEN,Ankara Spor Salonu
7.06.2023,20:00,1EA4099,Playoff Yarı Final,ANADOLU EFES,97 - 91,FENERBAHÇE BEKO,,İSTANBUL,Sinan Erdem Spor Salonu,beINSports,AYTUĞ EKTİ,ZAFER YILMAZ,MEHMET SERDAR ÜNAL,EMİN FAZIL KESERATAR,GÜL URASLI,ALPER LAÇİNKAYA,YÜKSEL NAZLIGÜL,MERT İĞDELİ,Sinan Erdem Spor Salonu
8.06.2023,20:00,1EA4100,Playoff Yarı Final,PINAR KARŞIYAKA,84 - 81,TÜRK TELEKOM,,İZMİR,Mustafa Kemal Atatürk Karşıyaka Spor Salonu,beINSports,MEHMET KARABİLECEN,FATİH ARSLANOĞLU,HÜSEYİN ÇELİK,EMRE BAŞA,İLAYDA DİNÇEL,ALİ DEVECİ,GÖZDE ONAN,SİNEM BİRTÜRK,Mustafa Kemal Atatürk Karşıyaka Spor Salonu
9.06.2023,20:00,1EA4101,Playoff Yarı Final,ANADOLU EFES,87 - 78,FENERBAHÇE BEKO,,İSTANBUL,Sinan Erdem Spor Salonu,beINSports,ALİ SERKAN EMLEK,CAN MAVİSU,ALİ ŞAKACI,ERKAN URASLI,ESİN MÜEZZİNOĞLU,YUSUF YELESDAĞ,HİLMİ CANKUT AYNAR,GÜL URASLI,Sinan Erdem Spor Salonu
10.06.2023,18:00,1EA4102,Playoff Yarı Final,PINAR KARŞIYAKA,94 - 90,TÜRK TELEKOM,,İZMİR,Mustafa Kemal Atatürk Karşıyaka Spor Salonu,beINSports,EMİN MOĞULKOÇ,ÖZLEM YALMAN,ALPER ÖZGÖK,İBRAHİM EMRE AYDEMİR,GİZEM ÖZAYDIN,MESUT KARABULUT,ŞAHİN ŞANLI,GÜLTEKİN DAĞDEVİREN,Mustafa Kemal Atatürk Karşıyaka Spor Salonu
13.06.2023,20:00,1EA4103,Playoff Final,ANADOLU EFES,82 - 78,PINAR KARŞIYAKA,,İSTANBUL,Sinan Erdem Spor Salonu,beINSports,YENER YILMAZ,ALPER ALTUĞ KÖSELERLİ,KAAN BÜYÜKÇİL,NAMIK KEMAL ERGÜVEN,GÜLİZ KONCA ADİLLER,DİNÇER ADİLLER,YUSUF YELESDAĞ,YÜKSEL NAZLIGÜL,Sinan Erdem Spor Salonu
15.06.2023,20:00,1EA4104,Playoff Final,ANADOLU EFES,85 - 68,PINAR KARŞIYAKA,,İSTANBUL,Sinan Erdem Spor Salonu,beINSports,EMİN MOĞULKOÇ,MEHMET KARABİLECEN,ALİ ŞAKACI,HAKAN BEŞTEPE,ESİN MÜEZZİNOĞLU,ALPER LAÇİNKAYA,ŞERMİN NAZLIGÜL,KEREM SIRMAGİL,Sinan Erdem Spor Salonu
17.06.2023,18:00,1EA4105,Playoff Final,PINAR KARŞIYAKA,74 - 83,ANADOLU EFES,,İZMİR,Mustafa Kemal Atatürk Karşıyaka Spor Salonu,beINSports,ALİ SERKAN EMLEK,MEHMET ŞAHİN,CAN MAVİSU,HALDUN KUNT,CANSU ÇOBAN,ALİ DEVECİ,OSMAN ARKIN BARUTCU,KEMAL AYPARS,Mustafa Kemal Atatürk Karşıyaka Spor Salonu
