Tarih,Saat,Maç No,Hafta,A Takım,Sonuç,B Takım,Grubu,Şehir,Salon,TV,Baş Hakem,1. Yrd. Hakem,2. Yrd. Hakem,Temsilci,1. Masa G.,2. Masa G.,3. Masa G.,4. Masa G.,Salon.1
7.10.2017,13:00,1EA2524,01. Hafta,FENERBAHÇE DOĞUŞ,80 - 63,BANVİT,,İSTANBUL,Ülker Spor ve Etkinlik Salonu | ,beINSports HD 3,AYTUĞ EKTİ,ERŞAN KARTAL,DUHAN KÖYİÇİ,,,,,,Ülker Spor ve Etkinlik Salonu
7.10.2017,15:15,1EA2523,01. Hafta,ESKİŞEHİR BASKET,80 - 76,İSTANBUL BBSK,,ESKİŞEHİR,Anadolu Üniversitesi Spor Salonu | ,beINSports HD 3,FATİH ARSLANOĞLU,MEHMET SERDAR ÜNAL,MEHMET KARABİLECEN,,,,,,Anadolu Üniversitesi Spor Salonu
7.10.2017,17:00,1EA2526,01. Hafta,GALATASARAY ODEABANK,82 - 58,GAZİANTEP BASKETBOL,,İSTANBUL,Sinan Erdem Spor Salonu | ,NTV SPOR,MEHMET KESERATAR,KAAN BÜYÜKÇİL,ÖZGE ŞENTÜRK BAYRAKTAR,,,,,,Sinan Erdem Spor Salonu
7.10.2017,20:15,1EA2519,01. Hafta,TOFAŞ,97 - 81,DARÜŞŞAFAKA BASKETBOL,,BURSA,Tofaş Spor Salonu | ,beINSports HD 3,ÖZLEM YALMAN,MEHMET OZAN ÇAKAR,POLAT PARLAK,,,,,,Tofaş Spor Salonu
8.10.2017,13:00,1EA2520,01. Hafta,YEŞİLGİRESUN BELEDİYESPOR,64 - 61,MURATBEY UŞAK,,GİRESUN,19 Eylül S.S. | ,beINSports HD 3,ALİ SERKAN EMLEK,ZİYA ÖZORHON,SERHAT BÜKER,,,,,,19 Eylül S.S.
8.10.2017,15:15,1EA2521,01. Hafta,TRABZONSPOR,71 - 82,BEŞİKTAŞ SOMPO JAPAN,,TRABZON,Hayri Gür Spor Salonu | ,NTV SPOR,ALPER ALTUĞ KÖSELERLİ,AHMET ERSAN ERGÜLER,MEHMET ŞAHİN,,,,,,Hayri Gür Spor Salonu
8.10.2017,17:00,1EA2522,01. Hafta,DEMİR İNŞAAT BÜYÜKÇEKMECE,71 - 64,SAKARYA BÜYÜKŞEHİR BASKETBOL,,İSTANBUL,Gazanfer Bilge | ,beINSports HD 3,YENER YILMAZ,ALİ ŞAKACI,AHMET TATLICI,,,,,,Gazanfer Bilge
8.10.2017,19:30,1EA2525,01. Hafta,PINAR KARŞIYAKA,92 - 85,ANADOLU EFES,,İZMİR,Mustafa Kemal Atatürk Karşıyaka Spor Salonu | ,beINSports HD 3,ZAFER YILMAZ,OSMAN SİNAN İŞGÜDER,CAN MAVİSU,,,,,,Mustafa Kemal Atatürk Karşıyaka Spor Salonu
14.10.2017,13:00,1EA2528,02. Hafta,BEŞİKTAŞ SOMPO JAPAN,91 - 94,YEŞİLGİRESUN BELEDİYESPOR,,İSTANBUL,Akatlar Spor ve Kültür Kompleksi | ,beINSports HD 3,MEHMET KESERATAR,KAAN BÜYÜKÇİL,ÖZGE ŞENTÜRK BAYRAKTAR,,,,,,Akatlar Spor ve Kültür Kompleksi
14.10.2017,15:15,1EA2533,02. Hafta,GAZİANTEP BASKETBOL,74 - 73,PINAR KARŞIYAKA,,GAZİANTEP,Karataş Şahinbey Spor Salonu | ,beINSports HD 3,AYTUĞ EKTİ,İSMAİL AYDIN,DUHAN KÖYİÇİ,,,,,,Karataş Şahinbey Spor Salonu
14.10.2017,17:00,1EA2530,02. Hafta,İSTANBUL BBSK,82 - 70,DEMİR İNŞAAT BÜYÜKÇEKMECE,,İSTANBUL,Cebeci Spor Salonu | ,NTV SPOR,ALİ SERKAN EMLEK,ZİYA ÖZORHON,SERHAT BÜKER,,,,,,Cebeci Spor Salonu
14.10.2017,20:15,1EA2527,02. Hafta,MURATBEY UŞAK,73 - 86,TOFAŞ,,UŞAK,Uşak Üniversitesi Spor Bilimleri Fakültesi Spor Salonu | ,beINSports HD 3,ZAFER YILMAZ,HALİL BALDEMİR,SEHER AYŞE NUR YAZICIOĞLU,,,,,,Uşak Üniversitesi Spor Bilimleri Fakültesi Spor Salonu
15.10.2017,13:00,1EA2529,02. Hafta,SAKARYA BÜYÜKŞEHİR BASKETBOL,87 - 82,TRABZONSPOR,,SAKARYA,Sakarya Spor Salonu | ,beINSports HD 3,FATİH ARSLANOĞLU,MEHMET SERDAR ÜNAL,MEHMET KARABİLECEN,,,,,,Sakarya Spor Salonu
15.10.2017,15:15,1EA2534,02. Hafta,DARÜŞŞAFAKA BASKETBOL,69 - 67,GALATASARAY ODEABANK,,İSTANBUL,Volkswagen Arena | ,NTV SPOR,ERŞAN KARTAL,ALPER ÖZGÖK,KEREM BAKİ,,,,,,Volkswagen Arena
15.10.2017,17:00,1EA2532,02. Hafta,ANADOLU EFES,84 - 80,FENERBAHÇE DOĞUŞ,,İSTANBUL,Sinan Erdem Spor Salonu | ,beINSports HD 3,EMİN MOĞULKOÇ,ÖZLEM YALMAN,POLAT PARLAK,,,,,,Sinan Erdem Spor Salonu
15.10.2017,19:30,1EA2531,02. Hafta,BANVİT,55 - 58,ESKİŞEHİR BASKET,,BALIKESİR,Banvit Kara Ali Acar Spor Salonu | ,beINSports HD 3,YENER YILMAZ,SEMİH VURAL,HALİT CAN CİHAN,,,,,,Banvit Kara Ali Acar Spor Salonu
21.10.2017,13:00,1EA2542,03. Hafta,MURATBEY UŞAK,84 - 80,DARÜŞŞAFAKA BASKETBOL,,UŞAK,Uşak Üniversitesi Spor Bilimleri Fakültesi Spor Salonu | ,beINSports HD 3,MEHMET KESERATAR,KAAN BÜYÜKÇİL,DUHAN KÖYİÇİ,,,,,,Uşak Üniversitesi Spor Bilimleri Fakültesi Spor Salonu
21.10.2017,15:15,1EA2541,03. Hafta,PINAR KARŞIYAKA,75 - 91,GALATASARAY ODEABANK,,İZMİR,Mustafa Kemal Atatürk Karşıyaka Spor Salonu | ,beINSports HD 3,EMİN MOĞULKOÇ,MEHMET ŞAHİN,HALİT CAN CİHAN,,,,,,Mustafa Kemal Atatürk Karşıyaka Spor Salonu
21.10.2017,17:00,1EA2535,03. Hafta,TOFAŞ,83 - 79,BEŞİKTAŞ SOMPO JAPAN,,BURSA,Tofaş Spor Salonu | ,NTV SPOR,ERŞAN KARTAL,SEMİH VURAL,CAN MAVİSU,,,,,,Tofaş Spor Salonu
21.10.2017,20:15,1EA2538,03. Hafta,DEMİR İNŞAAT BÜYÜKÇEKMECE,82 - 84,BANVİT,,İSTANBUL,Gazanfer Bilge | ,beINSports HD 3,ÖZLEM YALMAN,MEHMET SERDAR ÜNAL,POLAT PARLAK,,,,,,Gazanfer Bilge
22.10.2017,13:00,1EA2536,03. Hafta,YEŞİLGİRESUN BELEDİYESPOR,79 - 86,SAKARYA BÜYÜKŞEHİR BASKETBOL,,GİRESUN,19 Eylül S.S. | ,beINSports HD 3,ALPER ALTUĞ KÖSELERLİ,ALPER ÖZGÖK,KEREM BAKİ,,,,,,19 Eylül S.S.
22.10.2017,15:15,1EA2540,03. Hafta,FENERBAHÇE DOĞUŞ,96 - 71,GAZİANTEP BASKETBOL,,İSTANBUL,Ülker Spor ve Etkinlik Salonu | ,NTV SPOR,AHMET ERSAN ERGÜLER,MEHMET OZAN ÇAKAR,AHMET TATLICI,,,,,,Ülker Spor ve Etkinlik Salonu
22.10.2017,17:00,1EA2537,03. Hafta,TRABZONSPOR,111 - 93,İSTANBUL BBSK,,TRABZON,Hayri Gür Spor Salonu | ,beINSports HD 3,ZAFER YILMAZ,OSMAN SİNAN İŞGÜDER,SEHER AYŞE NUR YAZICIOĞLU,,,,,,Hayri Gür Spor Salonu
23.10.2017,19:00,1EA2539,03. Hafta,ESKİŞEHİR BASKET,84 - 86,ANADOLU EFES,,ESKİŞEHİR,Anadolu Üniversitesi Spor Salonu | ,beINSports HD 3,AYTUĞ EKTİ,HALİL BALDEMİR,ÖZGE ŞENTÜRK BAYRAKTAR,,,,,,Anadolu Üniversitesi Spor Salonu
28.10.2017,13:00,1EA2545,04. Hafta,BANVİT,75 - 72,TRABZONSPOR,,BALIKESİR,Banvit Kara Ali Acar Spor Salonu | ,beINSports HD 3,ALİ SERKAN EMLEK,HALİL BALDEMİR,KEREM BAKİ,,,,,,Banvit Kara Ali Acar Spor Salonu
28.10.2017,15:15,1EA2550,04. Hafta,BEŞİKTAŞ SOMPO JAPAN,77 - 70,MURATBEY UŞAK,,İSTANBUL,Akatlar Spor ve Kültür Kompleksi | ,NTV SPOR,FATİH ARSLANOĞLU,ALPER ÖZGÖK,MEHMET KARABİLECEN,,,,,,Akatlar Spor ve Kültür Kompleksi
28.10.2017,20:15,1EA2547,04. Hafta,GAZİANTEP BASKETBOL,118 - 119,ESKİŞEHİR BASKET,,GAZİANTEP,Karataş Şahinbey Spor Salonu | ,beINSports HD 3,ZAFER YILMAZ,ZİYA ÖZORHON,SERHAT BÜKER,,,,,,Karataş Şahinbey Spor Salonu
29.10.2017,13:00,1EA2549,04. Hafta,DARÜŞŞAFAKA BASKETBOL,78 - 63,PINAR KARŞIYAKA,,İSTANBUL,Darüşşafaka Ayhan Şahenk Spor Salonu | ,beINSports HD 3,YENER YILMAZ,ALİ ŞAKACI,AHMET TATLICI,,,,,,Darüşşafaka Ayhan Şahenk Spor Salonu
29.10.2017,15:15,1EA2543,04. Hafta,SAKARYA BÜYÜKŞEHİR BASKETBOL,74 - 86,TOFAŞ,,SAKARYA,Sakarya Spor Salonu | ,NTV SPOR,EMİN MOĞULKOÇ,KAAN BÜYÜKÇİL,MEHMET ŞAHİN,,,,,,Sakarya Spor Salonu
29.10.2017,17:00,1EA2548,04. Hafta,GALATASARAY ODEABANK,62 - 83,FENERBAHÇE DOĞUŞ,,İSTANBUL,Sinan Erdem Spor Salonu | ,beINSports HD 3,MEHMET KESERATAR,OSMAN SİNAN İŞGÜDER,CAN MAVİSU,,,,,,Sinan Erdem Spor Salonu
29.10.2017,19:30,1EA2544,04. Hafta,İSTANBUL BBSK,99 - 87,YEŞİLGİRESUN BELEDİYESPOR,,İSTANBUL,Cebeci Spor Salonu | ,beINSports HD 3,ÖZLEM YALMAN,AHMET ERSAN ERGÜLER,SEMİH VURAL,,,,,,Cebeci Spor Salonu
30.10.2017,19:00,1EA2546,04. Hafta,ANADOLU EFES,94 - 75,DEMİR İNŞAAT BÜYÜKÇEKMECE,,İSTANBUL,Sinan Erdem Spor Salonu | ,beINSports HD 3,ALPER ALTUĞ KÖSELERLİ,MEHMET OZAN ÇAKAR,SEHER AYŞE NUR YAZICIOĞLU,,,,,,Sinan Erdem Spor Salonu
4.11.2017,13:00,1EA2558,05. Hafta,BEŞİKTAŞ SOMPO JAPAN,88 - 84,DARÜŞŞAFAKA BASKETBOL,,İSTANBUL,Akatlar Spor ve Kültür Kompleksi | ,beINSports HD 3,ZAFER YILMAZ,MEHMET SERDAR ÜNAL,SERHAT BÜKER,,,,,,Akatlar Spor ve Kültür Kompleksi
4.11.2017,15:15,1EA2555,05. Hafta,ESKİŞEHİR BASKET,70 - 64,GALATASARAY ODEABANK,,ESKİŞEHİR,Anadolu Üniversitesi Spor Salonu | ,beINSports HD 3,ÖZLEM YALMAN,ALPER ALTUĞ KÖSELERLİ,AHMET TATLICI,,,,,,Anadolu Üniversitesi Spor Salonu
4.11.2017,17:00,1EA2554,05. Hafta,DEMİR İNŞAAT BÜYÜKÇEKMECE,98 - 78,GAZİANTEP BASKETBOL,,İSTANBUL,Gazanfer Bilge | ,NTV SPOR,ERŞAN KARTAL,FATİH ARSLANOĞLU,HALİT CAN CİHAN,,,,,,Gazanfer Bilge
4.11.2017,20:15,1EA2551,05. Hafta,TOFAŞ,89 - 85,İSTANBUL BBSK,,BURSA,Tofaş Spor Salonu | ,beINSports HD 3,MEHMET KESERATAR,ALİ ŞAKACI,ÖZGE ŞENTÜRK BAYRAKTAR,,,,,,Tofaş Spor Salonu
5.11.2017,13:00,1EA2552,05. Hafta,YEŞİLGİRESUN BELEDİYESPOR,76 - 81,BANVİT,,GİRESUN,19 Eylül S.S. | ,beINSports HD 3,EMİN MOĞULKOÇ,MEHMET KARABİLECEN,CAN MAVİSU,,,,,,19 Eylül S.S.
5.11.2017,15:15,1EA2556,05. Hafta,FENERBAHÇE DOĞUŞ,97 - 71,PINAR KARŞIYAKA,,İSTANBUL,Ülker Spor ve Etkinlik Salonu | ,NTV SPOR,ALİ SERKAN EMLEK,KAAN BÜYÜKÇİL,ZİYA ÖZORHON,,,,,,Ülker Spor ve Etkinlik Salonu
5.11.2017,17:00,1EA2557,05. Hafta,MURATBEY UŞAK,69 - 81,SAKARYA BÜYÜKŞEHİR BASKETBOL,,UŞAK,Uşak Üniversitesi Spor Bilimleri Fakültesi Spor Salonu | ,beINSports HD 3,AYTUĞ EKTİ,AHMET ERSAN ERGÜLER,POLAT PARLAK,,,,,,Uşak Üniversitesi Spor Bilimleri Fakültesi Spor Salonu
6.11.2017,19:00,1EA2553,05. Hafta,TRABZONSPOR,89 - 96,ANADOLU EFES,,TRABZON,Hayri Gür Spor Salonu | ,beINSports HD 3,YENER YILMAZ,İSMAİL AYDIN,DUHAN KÖYİÇİ,,,,,,Hayri Gür Spor Salonu
11.11.2017,13:00,1EA2561,06. Hafta,GAZİANTEP BASKETBOL,84 - 95,TRABZONSPOR,,GAZİANTEP,Karataş Şahinbey Spor Salonu | ,beINSports HD 3,MEHMET KESERATAR,ALPER ÖZGÖK,POLAT PARLAK,,,,,,Karataş Şahinbey Spor Salonu
11.11.2017,15:15,1EA2559,06. Hafta,BANVİT,64 - 70,TOFAŞ,,BALIKESİR,Banvit Kara Ali Acar Spor Salonu | ,beINSports HD 3,AHMET ERSAN ERGÜLER,ZİYA ÖZORHON,SERHAT BÜKER,,,,,,Banvit Kara Ali Acar Spor Salonu
11.11.2017,17:00,1EA2562,06. Hafta,GALATASARAY ODEABANK,98 - 71,DEMİR İNŞAAT BÜYÜKÇEKMECE,,İSTANBUL,Sinan Erdem Spor Salonu | ,NTV SPOR,AYTUĞ EKTİ,HALİL BALDEMİR,SEMİH VURAL,,,,,,Sinan Erdem Spor Salonu
11.11.2017,20:15,1EA2566,06. Hafta,SAKARYA BÜYÜKŞEHİR BASKETBOL,69 - 75,BEŞİKTAŞ SOMPO JAPAN,,SAKARYA,Sakarya Spor Salonu | ,beINSports HD 3,OSMAN SİNAN İŞGÜDER,ALİ ŞAKACI,SEHER AYŞE NUR YAZICIOĞLU,,,,,,Sakarya Spor Salonu
12.11.2017,13:00,1EA2565,06. Hafta,İSTANBUL BBSK,77 - 73,MURATBEY UŞAK,,İSTANBUL,Cebeci Spor Salonu | ,beINSports HD 3,YENER YILMAZ,ALPER ALTUĞ KÖSELERLİ,CAN MAVİSU,,,,,,Cebeci Spor Salonu
12.11.2017,15:15,1EA2560,06. Hafta,ANADOLU EFES,97 - 93,YEŞİLGİRESUN BELEDİYESPOR,,İSTANBUL,Sinan Erdem Spor Salonu | ,NTV SPOR,MEHMET SERDAR ÜNAL,AHMET TATLICI,MEHMET ŞAHİN,,,,,,Sinan Erdem Spor Salonu
12.11.2017,17:00,1EA2564,06. Hafta,DARÜŞŞAFAKA BASKETBOL,84 - 78,FENERBAHÇE DOĞUŞ,,İSTANBUL,Volkswagen Arena | ,beINSports HD 3,FATİH ARSLANOĞLU,MEHMET KARABİLECEN,HALİT CAN CİHAN,,,,,,Volkswagen Arena
12.11.2017,19:30,1EA2563,06. Hafta,PINAR KARŞIYAKA,70 - 74,ESKİŞEHİR BASKET,,İZMİR,Mustafa Kemal Atatürk Karşıyaka Spor Salonu | ,beINSports HD 3,ERŞAN KARTAL,MEHMET OZAN ÇAKAR,KEREM BAKİ,,,,,,Mustafa Kemal Atatürk Karşıyaka Spor Salonu
18.11.2017,13:00,1EA2573,07. Hafta,BEŞİKTAŞ SOMPO JAPAN,94 - 83,İSTANBUL BBSK,,İSTANBUL,Akatlar Spor ve Kültür Kompleksi | ,beINSports HD 3,AYTUĞ EKTİ,MEHMET OZAN ÇAKAR,DUHAN KÖYİÇİ,,,,,,Akatlar Spor ve Kültür Kompleksi
18.11.2017,15:15,1EA2569,07. Hafta,TRABZONSPOR,103 - 82,GALATASARAY ODEABANK,,TRABZON,Hayri Gür Spor Salonu | ,beINSports HD 3,FATİH ARSLANOĞLU,ZİYA ÖZORHON,MEHMET KARABİLECEN,,,,,,Hayri Gür Spor Salonu
18.11.2017,17:00,1EA2574,07. Hafta,SAKARYA BÜYÜKŞEHİR BASKETBOL,55 - 66,DARÜŞŞAFAKA BASKETBOL,,SAKARYA,Sakarya Spor Salonu | ,NTV SPOR,ALİ SERKAN EMLEK,ALPER ALTUĞ KÖSELERLİ,KEREM BAKİ,,,,,,Sakarya Spor Salonu
18.11.2017,20:15,1EA2570,07. Hafta,DEMİR İNŞAAT BÜYÜKÇEKMECE,77 - 70,PINAR KARŞIYAKA,,İSTANBUL,Gazanfer Bilge | ,beINSports HD 3,EMİN MOĞULKOÇ,AHMET ERSAN ERGÜLER,ÖZGE ŞENTÜRK BAYRAKTAR,,,,,,Gazanfer Bilge
19.11.2017,13:00,1EA2568,07. Hafta,YEŞİLGİRESUN BELEDİYESPOR,91 - 84,GAZİANTEP BASKETBOL,,GİRESUN,19 Eylül S.S. | ,beINSports HD 3,YENER YILMAZ,HALİL BALDEMİR,SERHAT BÜKER,,,,,,19 Eylül S.S.
19.11.2017,15:15,1EA2571,07. Hafta,ESKİŞEHİR BASKET,66 - 85,FENERBAHÇE DOĞUŞ,,ESKİŞEHİR,Anadolu Üniversitesi Spor Salonu | ,NTV SPOR,ALİ ŞAKACI,MEHMET SERDAR ÜNAL,MEHMET ŞAHİN,,,,,,Anadolu Üniversitesi Spor Salonu
19.11.2017,17:00,1EA2567,07. Hafta,TOFAŞ,80 - 69,ANADOLU EFES,,BURSA,Tofaş Spor Salonu | ,beINSports HD 3,ERŞAN KARTAL,ALPER ÖZGÖK,HALİT CAN CİHAN,,,,,,Tofaş Spor Salonu
19.11.2017,19:30,1EA2572,07. Hafta,MURATBEY UŞAK,71 - 89,BANVİT,,UŞAK,Uşak Üniversitesi Spor Bilimleri Fakültesi Spor Salonu | ,beINSports HD 3,ZAFER YILMAZ,ÖZLEM YALMAN,KAAN BÜYÜKÇİL,,,,,,Uşak Üniversitesi Spor Bilimleri Fakültesi Spor Salonu
28.11.2017,18:00,1EA2580,08. Hafta,ANADOLU EFES,97 - 84,MURATBEY UŞAK,,İSTANBUL,Sinan Erdem Spor Salonu | ,beINSports HD 3,ALİ SERKAN EMLEK,ALİ ŞAKACI,KEREM BAKİ,,,,,,Sinan Erdem Spor Salonu
28.11.2017,20:15,1EA2578,08. Hafta,FENERBAHÇE DOĞUŞ,82 - 59,DEMİR İNŞAAT BÜYÜKÇEKMECE,,İSTANBUL,Ülker Spor ve Etkinlik Salonu | ,beINSports HD 3,ZAFER YILMAZ,ALPER ÖZGÖK,DUHAN KÖYİÇİ,,,,,,Ülker Spor ve Etkinlik Salonu
29.11.2017,18:00,1EA2575,08. Hafta,GAZİANTEP BASKETBOL,69 - 87,TOFAŞ,,GAZİANTEP,Karataş Şahinbey Spor Salonu | ,beINSports4,AYTUĞ EKTİ,MEHMET SERDAR ÜNAL,SEHER AYŞE NUR YAZICIOĞLU,,,,,,Karataş Şahinbey Spor Salonu
29.11.2017,18:00,1EA2576,08. Hafta,GALATASARAY ODEABANK,106 - 84,YEŞİLGİRESUN BELEDİYESPOR,,İSTANBUL,Sinan Erdem Spor Salonu | ,beINSports HD 3,MEHMET OZAN ÇAKAR,KAAN BÜYÜKÇİL,POLAT PARLAK,,,,,,Sinan Erdem Spor Salonu
29.11.2017,20:15,1EA2579,08. Hafta,DARÜŞŞAFAKA BASKETBOL,90 - 83,ESKİŞEHİR BASKET,,İSTANBUL,Volkswagen Arena | ,NTV SPOR,EMİN MOĞULKOÇ,AHMET ERSAN ERGÜLER,CAN MAVİSU,,,,,,Volkswagen Arena
29.11.2017,20:15,1EA2582,08. Hafta,İSTANBUL BBSK,58 - 69,SAKARYA BÜYÜKŞEHİR BASKETBOL,,İSTANBUL,Cebeci Spor Salonu | ,beINSports4,ERŞAN KARTAL,İSMAİL AYDIN,HALİL BALDEMİR,,,,,,Cebeci Spor Salonu
30.11.2017,18:00,1EA2577,08. Hafta,PINAR KARŞIYAKA,79 - 78,TRABZONSPOR,,İZMİR,Mustafa Kemal Atatürk Karşıyaka Spor Salonu | ,beINSports HD 3,ALPER ALTUĞ KÖSELERLİ,SEMİH VURAL,SERHAT BÜKER,,,,,,Mustafa Kemal Atatürk Karşıyaka Spor Salonu
30.11.2017,20:15,1EA2581,08. Hafta,BANVİT,83 - 87,BEŞİKTAŞ SOMPO JAPAN,,BALIKESİR,Banvit Kara Ali Acar Spor Salonu | ,NTV SPOR,MEHMET KESERATAR,AHMET TATLICI,HALİT CAN CİHAN,,,,,,Banvit Kara Ali Acar Spor Salonu
2.12.2017,13:00,1EA2586,09. Hafta,DEMİR İNŞAAT BÜYÜKÇEKMECE,72 - 79,ESKİŞEHİR BASKET,,İSTANBUL,Gazanfer Bilge | ,beINSports HD 3,MEHMET KESERATAR,MEHMET KARABİLECEN,HALİT CAN CİHAN,,,,,,Gazanfer Bilge
2.12.2017,15:15,1EA2587,09. Hafta,MURATBEY UŞAK,67 - 75,GAZİANTEP BASKETBOL,,UŞAK,Uşak Üniversitesi Spor Bilimleri Fakültesi Spor Salonu | ,beINSports HD 3,ERŞAN KARTAL,OSMAN SİNAN İŞGÜDER,MEHMET ŞAHİN,,,,,,Uşak Üniversitesi Spor Bilimleri Fakültesi Spor Salonu
2.12.2017,15:15,1EA2590,09. Hafta,İSTANBUL BBSK,75 - 72,DARÜŞŞAFAKA BASKETBOL,,İSTANBUL,Cebeci Spor Salonu | ,NTV SPOR,KAAN BÜYÜKÇİL,SEMİH VURAL,POLAT PARLAK,,,,,,Cebeci Spor Salonu
2.12.2017,20:15,1EA2583,09. Hafta,TOFAŞ,97 - 90,GALATASARAY ODEABANK,,BURSA,Tofaş Spor Salonu | ,beINSports HD 3,ALİ SERKAN EMLEK,İSMAİL AYDIN,DUHAN KÖYİÇİ,,,,,,Tofaş Spor Salonu
3.12.2017,13:00,1EA2589,09. Hafta,SAKARYA BÜYÜKŞEHİR BASKETBOL,81 - 76,BANVİT,,SAKARYA,Sakarya Spor Salonu | ,beINSports HD 3,YENER YILMAZ,MEHMET OZAN ÇAKAR,ÖZGE ŞENTÜRK BAYRAKTAR,,,,,,Sakarya Spor Salonu
3.12.2017,15:15,1EA2585,09. Hafta,TRABZONSPOR,90 - 119,FENERBAHÇE DOĞUŞ,,TRABZON,Hayri Gür Spor Salonu | ,NTV SPOR,ÖZLEM YALMAN,AHMET TATLICI,KEREM BAKİ,,,,,,Hayri Gür Spor Salonu
3.12.2017,17:00,1EA2584,09. Hafta,YEŞİLGİRESUN BELEDİYESPOR,94 - 79,PINAR KARŞIYAKA,,GİRESUN,19 Eylül S.S. | ,beINSports HD 3,FATİH ARSLANOĞLU,ALPER ÖZGÖK,SEHER AYŞE NUR YAZICIOĞLU,,,,,,19 Eylül S.S.
3.12.2017,19:30,1EA2588,09. Hafta,BEŞİKTAŞ SOMPO JAPAN,67 - 64,ANADOLU EFES,,İSTANBUL,Akatlar Spor ve Kültür Kompleksi | ,beINSports HD 3,EMİN MOĞULKOÇ,ZİYA ÖZORHON,CAN MAVİSU,,,,,,Akatlar Spor ve Kültür Kompleksi
9.12.2017,13:00,1EA2595,10. Hafta,GALATASARAY ODEABANK,87 - 81,MURATBEY UŞAK,,İSTANBUL,Sinan Erdem Spor Salonu | ,NTV SPOR,MEHMET KESERATAR,MEHMET SERDAR ÜNAL,HALİT CAN CİHAN,,,,,,Sinan Erdem Spor Salonu
9.12.2017,15:15,1EA2594,10. Hafta,DARÜŞŞAFAKA BASKETBOL,75 - 57,DEMİR İNŞAAT BÜYÜKÇEKMECE,,İSTANBUL,Darüşşafaka Ayhan Şahenk Spor Salonu | ,beINSports HD 3,AYTUĞ EKTİ,MEHMET OZAN ÇAKAR,MEHMET ŞAHİN,,,,,,Darüşşafaka Ayhan Şahenk Spor Salonu
9.12.2017,17:00,1EA2596,10. Hafta,GAZİANTEP BASKETBOL,62 - 69,BEŞİKTAŞ SOMPO JAPAN,,GAZİANTEP,Karataş Şahinbey Spor Salonu | ,NTV SPOR,ALİ SERKAN EMLEK,ALPER ALTUĞ KÖSELERLİ,KEREM BAKİ,,,,,,Karataş Şahinbey Spor Salonu
9.12.2017,20:15,1EA2591,10. Hafta,PINAR KARŞIYAKA,80 - 84,TOFAŞ,,İZMİR,Mustafa Kemal Atatürk Karşıyaka Spor Salonu | ,beINSports HD 3,ZAFER YILMAZ,HALİL BALDEMİR,AHMET TATLICI,,,,,,Mustafa Kemal Atatürk Karşıyaka Spor Salonu
10.12.2017,13:00,1EA2593,10. Hafta,ESKİŞEHİR BASKET,90 - 72,TRABZONSPOR,,ESKİŞEHİR,Anadolu Üniversitesi Spor Salonu | ,beINSports HD 3,YENER YILMAZ,KAAN BÜYÜKÇİL,OSMAN SİNAN İŞGÜDER,,,,,,Anadolu Üniversitesi Spor Salonu
10.12.2017,15:15,1EA2598,10. Hafta,BANVİT,69 - 72,İSTANBUL BBSK,,BALIKESİR,Banvit Kara Ali Acar Spor Salonu | ,beINSports HD 3,EMİN MOĞULKOÇ,ALİ ŞAKACI,SEHER AYŞE NUR YAZICIOĞLU,,,,,,Banvit Kara Ali Acar Spor Salonu
10.12.2017,19:30,1EA2592,10. Hafta,FENERBAHÇE DOĞUŞ,85 - 72,YEŞİLGİRESUN BELEDİYESPOR,,İSTANBUL,Ülker Spor ve Etkinlik Salonu | ,beINSports HD 3,ZİYA ÖZORHON,MEHMET KARABİLECEN,ÖZGE ŞENTÜRK BAYRAKTAR,,,,,,Ülker Spor ve Etkinlik Salonu
11.12.2017,19:00,1EA2597,10. Hafta,ANADOLU EFES,83 - 68,SAKARYA BÜYÜKŞEHİR BASKETBOL,,İSTANBUL,Sinan Erdem Spor Salonu | ,beINSports HD 3,AHMET ERSAN ERGÜLER,FATİH ARSLANOĞLU,SERHAT BÜKER,,,,,,Sinan Erdem Spor Salonu
16.12.2017,13:00,1EA2603,11. Hafta,BEŞİKTAŞ SOMPO JAPAN,80 - 78,GALATASARAY ODEABANK,,İSTANBUL,Akatlar Spor ve Kültür Kompleksi | ,beINSports HD 3,YENER YILMAZ,HALİL BALDEMİR,MEHMET KARABİLECEN,,,,,,Akatlar Spor ve Kültür Kompleksi
16.12.2017,15:15,1EA2601,11. Hafta,TRABZONSPOR,105 - 113,DEMİR İNŞAAT BÜYÜKÇEKMECE,,TRABZON,Hayri Gür Spor Salonu | ,beINSports HD 3,ALİ SERKAN EMLEK,MEHMET SERDAR ÜNAL,CAN MAVİSU,,,,,,Hayri Gür Spor Salonu
16.12.2017,17:00,1EA2604,11. Hafta,SAKARYA BÜYÜKŞEHİR BASKETBOL,79 - 57,GAZİANTEP BASKETBOL,,SAKARYA,Sakarya Spor Salonu | ,NTV SPOR,EMİN MOĞULKOÇ,SEMİH VURAL,AHMET TATLICI,,,,,,Sakarya Spor Salonu
16.12.2017,20:15,1EA2606,11. Hafta,BANVİT,68 - 64,DARÜŞŞAFAKA BASKETBOL,,BALIKESİR,Banvit Kara Ali Acar Spor Salonu | ,beINSports HD 3,ZİYA ÖZORHON,İSMAİL AYDIN,ALPER ÖZGÖK,,,,,,Banvit Kara Ali Acar Spor Salonu
17.12.2017,13:00,1EA2602,11. Hafta,MURATBEY UŞAK,86 - 92,PINAR KARŞIYAKA,,UŞAK,Uşak Üniversitesi Spor Bilimleri Fakültesi Spor Salonu | ,beINSports HD 3,AYTUĞ EKTİ,MEHMET OZAN ÇAKAR,DUHAN KÖYİÇİ,,,,,,Uşak Üniversitesi Spor Bilimleri Fakültesi Spor Salonu
17.12.2017,15:15,1EA2599,11. Hafta,TOFAŞ,71 - 88,FENERBAHÇE DOĞUŞ,,BURSA,Tofaş Spor Salonu | ,NTV SPOR,MEHMET KESERATAR,KAAN BÜYÜKÇİL,POLAT PARLAK,,,,,,Tofaş Spor Salonu
17.12.2017,17:00,1EA2600,11. Hafta,YEŞİLGİRESUN BELEDİYESPOR,79 - 87,ESKİŞEHİR BASKET,,GİRESUN,19 Eylül S.S. | ,beINSports HD 3,ERŞAN KARTAL,ALPER ALTUĞ KÖSELERLİ,MEHMET ŞAHİN,,,,,,19 Eylül S.S.
17.12.2017,19:30,1EA2605,11. Hafta,İSTANBUL BBSK,84 - 58,ANADOLU EFES,,İSTANBUL,Cebeci Spor Salonu | ,beINSports HD 3,ZAFER YILMAZ,OSMAN SİNAN İŞGÜDER,HALİT CAN CİHAN,,,,,,Cebeci Spor Salonu
23.12.2017,13:00,1EA2609,12. Hafta,DARÜŞŞAFAKA BASKETBOL,88 - 73,TRABZONSPOR,,İSTANBUL,Darüşşafaka Ayhan Şahenk Spor Salonu | ,beINSports HD 3,ERŞAN KARTAL,HALİL BALDEMİR,ÖZGE ŞENTÜRK BAYRAKTAR,,,,,,Darüşşafaka Ayhan Şahenk Spor Salonu
23.12.2017,15:15,1EA2613,12. Hafta,GAZİANTEP BASKETBOL,85 - 72,İSTANBUL BBSK,,GAZİANTEP,Karataş Şahinbey Spor Salonu | ,beINSports HD 3,MEHMET KESERATAR,MEHMET KARABİLECEN,CAN MAVİSU,,,,,,Karataş Şahinbey Spor Salonu
23.12.2017,17:00,1EA2612,12. Hafta,GALATASARAY ODEABANK,75 - 77,SAKARYA BÜYÜKŞEHİR BASKETBOL,,İSTANBUL,Sinan Erdem Spor Salonu | ,NTV SPOR,ZAFER YILMAZ,ZİYA ÖZORHON,KEREM BAKİ,,,,,,Sinan Erdem Spor Salonu
23.12.2017,20:15,1EA2607,12. Hafta,ESKİŞEHİR BASKET,76 - 75,TOFAŞ,,ESKİŞEHİR,Anadolu Üniversitesi Spor Salonu | ,beINSports HD 3,ÖZLEM YALMAN,ALPER ÖZGÖK,SEMİH VURAL,,,,,,Anadolu Üniversitesi Spor Salonu
24.12.2017,13:00,1EA2610,12. Hafta,FENERBAHÇE DOĞUŞ,89 - 72,MURATBEY UŞAK,,İSTANBUL,Ülker Spor ve Etkinlik Salonu | ,NTV SPOR,ALPER ALTUĞ KÖSELERLİ,İSMAİL AYDIN,SEHER AYŞE NUR YAZICIOĞLU,,,,,,Ülker Spor ve Etkinlik Salonu
24.12.2017,17:00,1EA2608,12. Hafta,DEMİR İNŞAAT BÜYÜKÇEKMECE,101 - 58,YEŞİLGİRESUN BELEDİYESPOR,,İSTANBUL,Gazanfer Bilge | ,beINSports HD 3,YENER YILMAZ,ALİ ŞAKACI,OSMAN SİNAN İŞGÜDER,,,,,,Gazanfer Bilge
24.12.2017,19:30,1EA2611,12. Hafta,PINAR KARŞIYAKA,79 - 71,BEŞİKTAŞ SOMPO JAPAN,,İZMİR,Mustafa Kemal Atatürk Karşıyaka Spor Salonu | ,beINSports HD 3,EMİN MOĞULKOÇ,MEHMET SERDAR ÜNAL,POLAT PARLAK,,,,,,Mustafa Kemal Atatürk Karşıyaka Spor Salonu
25.12.2017,19:00,1EA2614,12. Hafta,ANADOLU EFES,77 - 99,BANVİT,,İSTANBUL,Sinan Erdem Spor Salonu | ,beINSports HD 3,AYTUĞ EKTİ,KAAN BÜYÜKÇİL,MEHMET ŞAHİN,,,,,,Sinan Erdem Spor Salonu
30.12.2017,13:00,1EA2619,13. Hafta,SAKARYA BÜYÜKŞEHİR BASKETBOL,90 - 78,PINAR KARŞIYAKA,,SAKARYA,Sakarya Spor Salonu | ,beINSports HD 3,ÖZLEM YALMAN,KAAN BÜYÜKÇİL,MEHMET ŞAHİN,,,,,,Sakarya Spor Salonu
30.12.2017,15:15,1EA2617,13. Hafta,MURATBEY UŞAK,68 - 81,ESKİŞEHİR BASKET,,UŞAK,Uşak Üniversitesi Spor Bilimleri Fakültesi Spor Salonu | ,beINSports HD 3,EMİN MOĞULKOÇ,ZİYA ÖZORHON,AHMET TATLICI,,,,,,Uşak Üniversitesi Spor Bilimleri Fakültesi Spor Salonu
30.12.2017,17:00,1EA2620,13. Hafta,İSTANBUL BBSK,74 - 67,GALATASARAY ODEABANK,,İSTANBUL,Cebeci Spor Salonu | ,NTV SPOR,ALİ SERKAN EMLEK,ALPER ÖZGÖK,SERHAT BÜKER,,,,,,Cebeci Spor Salonu
30.12.2017,20:15,1EA2615,13. Hafta,TOFAŞ,92 - 88,DEMİR İNŞAAT BÜYÜKÇEKMECE,,BURSA,Tofaş Spor Salonu | ,beINSports HD 3,FATİH ARSLANOĞLU,MEHMET KARABİLECEN,KEREM BAKİ,,,,,,Tofaş Spor Salonu
31.12.2017,13:00,1EA2618,13. Hafta,BEŞİKTAŞ SOMPO JAPAN,71 - 76,FENERBAHÇE DOĞUŞ,,İSTANBUL,Akatlar Spor ve Kültür Kompleksi | ,beINSports HD 3,AYTUĞ EKTİ,ZAFER YILMAZ,ALİ ŞAKACI,,,,,,Akatlar Spor ve Kültür Kompleksi
31.12.2017,15:15,1EA2621,13. Hafta,BANVİT,86 - 76,GAZİANTEP BASKETBOL,,BALIKESİR,Banvit Kara Ali Acar Spor Salonu | ,beINSports HD 3,AHMET ERSAN ERGÜLER,MEHMET SERDAR ÜNAL,POLAT PARLAK,,,,,,Banvit Kara Ali Acar Spor Salonu
31.12.2017,17:00,1EA2622,13. Hafta,ANADOLU EFES,73 - 69,DARÜŞŞAFAKA BASKETBOL,,İSTANBUL,Sinan Erdem Spor Salonu | ,NTV SPOR,YENER YILMAZ,ALPER ALTUĞ KÖSELERLİ,DUHAN KÖYİÇİ,,,,,,Sinan Erdem Spor Salonu
31.12.2017,19:30,1EA2616,13. Hafta,YEŞİLGİRESUN BELEDİYESPOR,106 - 86,TRABZONSPOR,,GİRESUN,19 Eylül S.S. | ,beINSports HD 3,MEHMET KESERATAR,MEHMET OZAN ÇAKAR,HALİT CAN CİHAN,,,,,,19 Eylül S.S.
6.01.2018,13:00,1EA2623,14. Hafta,TRABZONSPOR,91 - 83,TOFAŞ,,TRABZON,Hayri Gür Spor Salonu | ,beINSports HD 3,EMİN MOĞULKOÇ,ALİ ŞAKACI,MEHMET ŞAHİN,,,,,,Hayri Gür Spor Salonu
6.01.2018,15:15,1EA2625,14. Hafta,DEMİR İNŞAAT BÜYÜKÇEKMECE,78 - 84,MURATBEY UŞAK,,İSTANBUL,Gazanfer Bilge | ,beINSports HD 3,AHMET ERSAN ERGÜLER,KAAN BÜYÜKÇİL,SEMİH VURAL,,,,,,Gazanfer Bilge
6.01.2018,17:00,1EA2628,14. Hafta,PINAR KARŞIYAKA,84 - 76,İSTANBUL BBSK,,İZMİR,Mustafa Kemal Atatürk Karşıyaka Spor Salonu | ,NTV SPOR,YENER YILMAZ,ZİYA ÖZORHON,KEREM BAKİ,,,,,,Mustafa Kemal Atatürk Karşıyaka Spor Salonu
6.01.2018,20:15,1EA2626,14. Hafta,ESKİŞEHİR BASKET,78 - 87,BEŞİKTAŞ SOMPO JAPAN,,ESKİŞEHİR,Anadolu Üniversitesi Spor Salonu | ,beINSports HD 3,MEHMET KESERATAR,ALİ SERKAN EMLEK,SERHAT BÜKER,,,,,,Anadolu Üniversitesi Spor Salonu
7.01.2018,13:00,1EA2624,14. Hafta,DARÜŞŞAFAKA BASKETBOL,80 - 73,YEŞİLGİRESUN BELEDİYESPOR,,İSTANBUL,Volkswagen Arena | ,beINSports HD 3,FATİH ARSLANOĞLU,MEHMET KARABİLECEN,SEHER AYŞE NUR YAZICIOĞLU,,,,,,Volkswagen Arena
7.01.2018,15:15,1EA2630,14. Hafta,GAZİANTEP BASKETBOL,66 - 74,ANADOLU EFES,,GAZİANTEP,Karataş Şahinbey Spor Salonu | ,beINSports4,ÖZLEM YALMAN,MEHMET OZAN ÇAKAR,ALPER ÖZGÖK,,,,,,Karataş Şahinbey Spor Salonu
7.01.2018,17:00,1EA2629,14. Hafta,GALATASARAY ODEABANK,72 - 91,BANVİT,,İSTANBUL,Sinan Erdem Spor Salonu | ,beINSports HD 3,ERŞAN KARTAL,OSMAN SİNAN İŞGÜDER,ÖZGE ŞENTÜRK BAYRAKTAR,,,,,,Sinan Erdem Spor Salonu
7.01.2018,19:30,1EA2627,14. Hafta,FENERBAHÇE DOĞUŞ,89 - 75,SAKARYA BÜYÜKŞEHİR BASKETBOL,,İSTANBUL,Ülker Spor ve Etkinlik Salonu | ,NTV SPOR,MEHMET SERDAR ÜNAL,HALİL BALDEMİR,CAN MAVİSU,,,,,,Ülker Spor ve Etkinlik Salonu
13.01.2018,13:00,1EA2636,15. Hafta,BANVİT,84 - 65,PINAR KARŞIYAKA,,BALIKESİR,Banvit Kara Ali Acar Spor Salonu | ,beINSports HD 3,MEHMET KESERATAR,ALPER ALTUĞ KÖSELERLİ,CAN MAVİSU,,,,,,Banvit Kara Ali Acar Spor Salonu
13.01.2018,15:15,1EA2631,15. Hafta,TOFAŞ,92 - 52,YEŞİLGİRESUN BELEDİYESPOR,,BURSA,Tofaş Spor Salonu | ,beINSports HD 3,AYTUĞ EKTİ,ZİYA ÖZORHON,SERHAT BÜKER,,,,,,Tofaş Spor Salonu
13.01.2018,17:00,1EA2633,15. Hafta,BEŞİKTAŞ SOMPO JAPAN,78 - 65,DEMİR İNŞAAT BÜYÜKÇEKMECE,,İSTANBUL,Akatlar Spor ve Kültür Kompleksi | ,NTV SPOR,ÖZLEM YALMAN,İSMAİL AYDIN,HALİL BALDEMİR,,,,,,Akatlar Spor ve Kültür Kompleksi
13.01.2018,20:15,1EA2635,15. Hafta,İSTANBUL BBSK,70 - 83,FENERBAHÇE DOĞUŞ,,İSTANBUL,Cebeci Spor Salonu | ,beINSports HD 3,ERŞAN KARTAL,AHMET ERSAN ERGÜLER,AHMET TATLICI,,,,,,Cebeci Spor Salonu
14.01.2018,13:00,1EA2638,15. Hafta,GAZİANTEP BASKETBOL,65 - 98,DARÜŞŞAFAKA BASKETBOL,,GAZİANTEP,Karataş Şahinbey Spor Salonu | ,beINSports HD 3,EMİN MOĞULKOÇ,KAAN BÜYÜKÇİL,HALİT CAN CİHAN,,,,,,Karataş Şahinbey Spor Salonu
14.01.2018,15:15,1EA2634,15. Hafta,SAKARYA BÜYÜKŞEHİR BASKETBOL,100 - 89,ESKİŞEHİR BASKET,,SAKARYA,Sakarya Spor Salonu | ,beINSports HD 3,YENER YILMAZ,MEHMET KARABİLECEN,SEHER AYŞE NUR YAZICIOĞLU,,,,,,Sakarya Spor Salonu
14.01.2018,17:00,1EA2632,15. Hafta,MURATBEY UŞAK,100 - 71,TRABZONSPOR,,UŞAK,Uşak Üniversitesi Spor Bilimleri Fakültesi Spor Salonu | ,beINSports4,ZAFER YILMAZ,ALPER ÖZGÖK,KEREM BAKİ,,,,,,Uşak Üniversitesi Spor Bilimleri Fakültesi Spor Salonu
14.01.2018,19:30,1EA2637,15. Hafta,ANADOLU EFES,76 - 68,GALATASARAY ODEABANK,,İSTANBUL,Sinan Erdem Spor Salonu | ,NTV SPOR,FATİH ARSLANOĞLU,MEHMET SERDAR ÜNAL,ALİ ŞAKACI,,,,,,Sinan Erdem Spor Salonu
27.01.2018,13:00,1EA2643,16. Hafta,İSTANBUL BBSK,85 - 71,ESKİŞEHİR BASKET,,İSTANBUL,Cebeci Spor Salonu | ,beINSports HD 3,AYTUĞ EKTİ,MEHMET OZAN ÇAKAR,HALİT CAN CİHAN,,,,,,Cebeci Spor Salonu
27.01.2018,15:15,1EA2640,16. Hafta,MURATBEY UŞAK,85 - 82,YEŞİLGİRESUN BELEDİYESPOR,,UŞAK,Uşak Üniversitesi Spor Bilimleri Fakültesi Spor Salonu | ,beINSports HD 3,YENER YILMAZ,MEHMET SERDAR ÜNAL,POLAT PARLAK,,,,,,Uşak Üniversitesi Spor Bilimleri Fakültesi Spor Salonu
27.01.2018,17:00,1EA2641,16. Hafta,BEŞİKTAŞ SOMPO JAPAN,78 - 74,TRABZONSPOR,,İSTANBUL,Akatlar Spor ve Kültür Kompleksi | ,NTV SPOR,FATİH ARSLANOĞLU,ZİYA ÖZORHON,DUHAN KÖYİÇİ,,,,,,Akatlar Spor ve Kültür Kompleksi
27.01.2018,20:15,1EA2642,16. Hafta,SAKARYA BÜYÜKŞEHİR BASKETBOL,77 - 67,DEMİR İNŞAAT BÜYÜKÇEKMECE,,SAKARYA,Sakarya Spor Salonu | ,beINSports HD 3,MEHMET KESERATAR,ALPER ÖZGÖK,ÖZGE ŞENTÜRK BAYRAKTAR,,,,,,Sakarya Spor Salonu
28.01.2018,13:00,1EA2646,16. Hafta,GAZİANTEP BASKETBOL,66 - 77,GALATASARAY ODEABANK,,GAZİANTEP,Karataş Şahinbey Spor Salonu | ,beINSports HD 3,ZAFER YILMAZ,ALPER ALTUĞ KÖSELERLİ,SEHER AYŞE NUR YAZICIOĞLU,,,,,,Karataş Şahinbey Spor Salonu
28.01.2018,15:15,1EA2639,16. Hafta,DARÜŞŞAFAKA BASKETBOL,54 - 58,TOFAŞ,,İSTANBUL,Darüşşafaka Ayhan Şahenk Spor Salonu | ,NTV SPOR,ALİ SERKAN EMLEK,OSMAN SİNAN İŞGÜDER,AHMET TATLICI,,,,,,Darüşşafaka Ayhan Şahenk Spor Salonu
28.01.2018,17:00,1EA2644,16. Hafta,BANVİT,63 - 61,FENERBAHÇE DOĞUŞ,,BALIKESİR,Banvit Kara Ali Acar Spor Salonu | ,beINSports HD 3,EMİN MOĞULKOÇ,ÖZLEM YALMAN,KAAN BÜYÜKÇİL,,,,,,Banvit Kara Ali Acar Spor Salonu
28.01.2018,19:30,1EA2645,16. Hafta,ANADOLU EFES,89 - 77,PINAR KARŞIYAKA,,İSTANBUL,Sinan Erdem Spor Salonu | ,beINSports HD 3,ERŞAN KARTAL,MEHMET KARABİLECEN,SEMİH VURAL,,,,,,Sinan Erdem Spor Salonu
3.02.2018,13:00,1EA2648,17. Hafta,YEŞİLGİRESUN BELEDİYESPOR,58 - 82,BEŞİKTAŞ SOMPO JAPAN,,GİRESUN,19 Eylül S.S. | ,beINSports HD 3,ERŞAN KARTAL,ALPER ÖZGÖK,MEHMET ŞAHİN,,,,,,19 Eylül S.S.
3.02.2018,15:15,1EA2651,17. Hafta,ESKİŞEHİR BASKET,80 - 81,BANVİT,,ESKİŞEHİR,Anadolu Üniversitesi Spor Salonu | ,beINSports HD 3,ZAFER YILMAZ,FATİH ARSLANOĞLU,HALİL BALDEMİR,,,,,,Anadolu Üniversitesi Spor Salonu
3.02.2018,17:00,1EA2654,17. Hafta,GALATASARAY ODEABANK,77 - 89,DARÜŞŞAFAKA BASKETBOL,,İSTANBUL,Sinan Erdem Spor Salonu | ,NTV SPOR,ÖZLEM YALMAN,AHMET ERSAN ERGÜLER,CAN MAVİSU,,,,,,Sinan Erdem Spor Salonu
3.02.2018,20:15,1EA2647,17. Hafta,TOFAŞ,97 - 72,MURATBEY UŞAK,,BURSA,Tofaş Spor Salonu | ,beINSports HD 3,MEHMET KESERATAR,MEHMET KARABİLECEN,ÖZGE ŞENTÜRK BAYRAKTAR,,,,,,Tofaş Spor Salonu
4.02.2018,13:00,1EA2652,17. Hafta,FENERBAHÇE DOĞUŞ,100 - 74,ANADOLU EFES,,İSTANBUL,Ülker Spor ve Etkinlik Salonu | ,beINSports HD 3,YENER YILMAZ,ZİYA ÖZORHON,KEREM BAKİ,,,,,,Ülker Spor ve Etkinlik Salonu
4.02.2018,15:15,1EA2653,17. Hafta,PINAR KARŞIYAKA,74 - 67,GAZİANTEP BASKETBOL,,İZMİR,Mustafa Kemal Atatürk Karşıyaka Spor Salonu | ,NTV SPOR,ALİ SERKAN EMLEK,ALİ ŞAKACI,AHMET TATLICI,,,,,,Mustafa Kemal Atatürk Karşıyaka Spor Salonu
4.02.2018,17:00,1EA2649,17. Hafta,TRABZONSPOR,96 - 79,SAKARYA BÜYÜKŞEHİR BASKETBOL,,TRABZON,Hayri Gür Spor Salonu | ,beINSports HD 3,AYTUĞ EKTİ,KAAN BÜYÜKÇİL,OSMAN SİNAN İŞGÜDER,,,,,,Hayri Gür Spor Salonu
4.02.2018,19:30,1EA2650,17. Hafta,DEMİR İNŞAAT BÜYÜKÇEKMECE,107 - 78,İSTANBUL BBSK,,İSTANBUL,Gazanfer Bilge | ,beINSports HD 3,EMİN MOĞULKOÇ,ALPER ALTUĞ KÖSELERLİ,SERHAT BÜKER,,,,,,Gazanfer Bilge
10.02.2018,13:00,1EA2658,18. Hafta,BANVİT,84 - 89,DEMİR İNŞAAT BÜYÜKÇEKMECE,,BALIKESİR,Banvit Kara Ali Acar Spor Salonu | ,beINSports HD 3,ALİ SERKAN EMLEK,ZİYA ÖZORHON,SEHER AYŞE NUR YAZICIOĞLU,,,,,,Banvit Kara Ali Acar Spor Salonu
10.02.2018,15:15,1EA2657,18. Hafta,İSTANBUL BBSK,92 - 100,TRABZONSPOR,,İSTANBUL,Cebeci Spor Salonu | ,beINSports HD 3,MEHMET SERDAR ÜNAL,MEHMET ŞAHİN,CAN MAVİSU,,,,,,Cebeci Spor Salonu
10.02.2018,17:00,1EA2662,18. Hafta,DARÜŞŞAFAKA BASKETBOL,89 - 76,MURATBEY UŞAK,,İSTANBUL,Volkswagen Arena | ,NTV SPOR,FATİH ARSLANOĞLU,ALİ ŞAKACI,SERHAT BÜKER,,,,,,Volkswagen Arena
10.02.2018,20:15,1EA2661,18. Hafta,GALATASARAY ODEABANK,98 - 82,PINAR KARŞIYAKA,,İSTANBUL,Sinan Erdem Spor Salonu | ,beINSports HD 3,AYTUĞ EKTİ,KAAN BÜYÜKÇİL,OSMAN SİNAN İŞGÜDER,,,,,,Sinan Erdem Spor Salonu
11.02.2018,13:00,1EA2655,18. Hafta,BEŞİKTAŞ SOMPO JAPAN,59 - 60,TOFAŞ,,İSTANBUL,Akatlar Spor ve Kültür Kompleksi | ,beINSports HD 3,YENER YILMAZ,AHMET ERSAN ERGÜLER,MEHMET OZAN ÇAKAR,,,,,,Akatlar Spor ve Kültür Kompleksi
11.02.2018,15:15,1EA2660,18. Hafta,GAZİANTEP BASKETBOL,90 - 95,FENERBAHÇE DOĞUŞ,,GAZİANTEP,Karataş Şahinbey Spor Salonu | ,NTV SPOR,MEHMET KESERATAR,SEMİH VURAL,DUHAN KÖYİÇİ,,,,,,Karataş Şahinbey Spor Salonu
11.02.2018,17:00,1EA2656,18. Hafta,SAKARYA BÜYÜKŞEHİR BASKETBOL,77 - 66,YEŞİLGİRESUN BELEDİYESPOR,,SAKARYA,Sakarya Spor Salonu | ,beINSports HD 3,ZAFER YILMAZ,HALİL BALDEMİR,HALİT CAN CİHAN,,,,,,Sakarya Spor Salonu
11.02.2018,19:30,1EA2659,18. Hafta,ANADOLU EFES,89 - 77,ESKİŞEHİR BASKET,,İSTANBUL,Sinan Erdem Spor Salonu | ,beINSports HD 3,EMİN MOĞULKOÇ,İSMAİL AYDIN,AHMET TATLICI,,,,,,Sinan Erdem Spor Salonu
3.03.2018,13:00,1EA2670,19. Hafta,MURATBEY UŞAK,65 - 75,BEŞİKTAŞ SOMPO JAPAN,,UŞAK,Uşak Üniversitesi Spor Bilimleri Fakültesi Spor Salonu | ,NTV SPOR,EMİN MOĞULKOÇ,ALPER ALTUĞ KÖSELERLİ,SEMİH VURAL,,,,,,Uşak Üniversitesi Spor Bilimleri Fakültesi Spor Salonu
3.03.2018,15:15,1EA2669,19. Hafta,PINAR KARŞIYAKA,71 - 93,DARÜŞŞAFAKA BASKETBOL,,İZMİR,Mustafa Kemal Atatürk Karşıyaka Spor Salonu | ,beINSports HD 3,ZAFER YILMAZ,ALPER ÖZGÖK,ÖZGE ŞENTÜRK BAYRAKTAR,,,,,,Mustafa Kemal Atatürk Karşıyaka Spor Salonu
3.03.2018,20:15,1EA2665,19. Hafta,TRABZONSPOR,88 - 84,BANVİT,,TRABZON,Hayri Gür Spor Salonu | ,beINSports HD 3,MEHMET KESERATAR,İSMAİL AYDIN,MEHMET KARABİLECEN,,,,,,Hayri Gür Spor Salonu
4.03.2018,13:00,1EA2668,19. Hafta,FENERBAHÇE DOĞUŞ,80 - 60,GALATASARAY ODEABANK,,İSTANBUL,Ülker Spor ve Etkinlik Salonu | ,beINSports HD 3,ERŞAN KARTAL,MEHMET OZAN ÇAKAR,MEHMET ŞAHİN,,,,,,Ülker Spor ve Etkinlik Salonu
4.03.2018,15:15,1EA2666,19. Hafta,DEMİR İNŞAAT BÜYÜKÇEKMECE,63 - 77,ANADOLU EFES,,İSTANBUL,Gazanfer Bilge | ,NTV SPOR,AYTUĞ EKTİ,KAAN BÜYÜKÇİL,CAN MAVİSU,,,,,,Gazanfer Bilge
4.03.2018,17:00,1EA2664,19. Hafta,YEŞİLGİRESUN BELEDİYESPOR,90 - 81,İSTANBUL BBSK,,GİRESUN,19 Eylül S.S. | ,beINSports HD 3,ALİ SERKAN EMLEK,FATİH ARSLANOĞLU,DUHAN KÖYİÇİ,,,,,,19 Eylül S.S.
4.03.2018,19:30,1EA2667,19. Hafta,ESKİŞEHİR BASKET,84 - 85,GAZİANTEP BASKETBOL,,ESKİŞEHİR,Anadolu Üniversitesi Spor Salonu | ,beINSports HD 3,AHMET ERSAN ERGÜLER,OSMAN SİNAN İŞGÜDER,KEREM BAKİ,,,,,,Anadolu Üniversitesi Spor Salonu
5.03.2018,19:00,1EA2663,19. Hafta,TOFAŞ,84 - 79,SAKARYA BÜYÜKŞEHİR BASKETBOL,,BURSA,Tofaş Spor Salonu | ,beINSports HD 3,ÖZLEM YALMAN,MEHMET SERDAR ÜNAL,POLAT PARLAK,,,,,,Tofaş Spor Salonu
10.03.2018,13:00,1EA2672,20. Hafta,BANVİT,104 - 80,YEŞİLGİRESUN BELEDİYESPOR,,BALIKESİR,Banvit Kara Ali Acar Spor Salonu | ,beINSports HD 3,ÖZLEM YALMAN,AHMET TATLICI,ALİ ŞAKACI,,,,,,Banvit Kara Ali Acar Spor Salonu
10.03.2018,15:15,1EA2675,20. Hafta,GALATASARAY ODEABANK,84 - 78,ESKİŞEHİR BASKET,,İSTANBUL,Sinan Erdem Spor Salonu | ,beINSports HD 3,MEHMET SERDAR ÜNAL,SEMİH VURAL,POLAT PARLAK,,,,,,Sinan Erdem Spor Salonu
10.03.2018,17:00,1EA2671,20. Hafta,İSTANBUL BBSK,73 - 80,TOFAŞ,,İSTANBUL,Cebeci Spor Salonu | ,NTV SPOR,ERŞAN KARTAL,KAAN BÜYÜKÇİL,KEREM BAKİ,,,,,,Cebeci Spor Salonu
11.03.2018,13:00,1EA2674,20. Hafta,GAZİANTEP BASKETBOL,87 - 67,DEMİR İNŞAAT BÜYÜKÇEKMECE,,GAZİANTEP,Karataş Şahinbey Spor Salonu | ,beINSports HD 3,YENER YILMAZ,FATİH ARSLANOĞLU,MEHMET ŞAHİN,,,,,,Karataş Şahinbey Spor Salonu
11.03.2018,15:15,1EA2678,20. Hafta,DARÜŞŞAFAKA BASKETBOL,74 - 67,BEŞİKTAŞ SOMPO JAPAN,,İSTANBUL,Darüşşafaka Ayhan Şahenk Spor Salonu | ,NTV SPOR,MEHMET KESERATAR,İSMAİL AYDIN,HALİT CAN CİHAN,,,,,,Darüşşafaka Ayhan Şahenk Spor Salonu
11.03.2018,17:00,1EA2673,20. Hafta,ANADOLU EFES,98 - 91,TRABZONSPOR,,İSTANBUL,Sinan Erdem Spor Salonu | ,beINSports HD 3,ALİ SERKAN EMLEK,ALPER ÖZGÖK,SEHER AYŞE NUR YAZICIOĞLU,,,,,,Sinan Erdem Spor Salonu
11.03.2018,19:30,1EA2676,20. Hafta,PINAR KARŞIYAKA,69 - 74,FENERBAHÇE DOĞUŞ,,İZMİR,Mustafa Kemal Atatürk Karşıyaka Spor Salonu | ,beINSports HD 3,ALPER ALTUĞ KÖSELERLİ,HALİL BALDEMİR,SERHAT BÜKER,,,,,,Mustafa Kemal Atatürk Karşıyaka Spor Salonu
12.03.2018,19:00,1EA2677,20. Hafta,SAKARYA BÜYÜKŞEHİR BASKETBOL,83 - 73,MURATBEY UŞAK,,SAKARYA,Sakarya Spor Salonu | ,beINSports HD 3,AHMET ERSAN ERGÜLER,ZİYA ÖZORHON,DUHAN KÖYİÇİ,,,,,,Sakarya Spor Salonu
17.03.2018,13:00,1EA2686,21. Hafta,BEŞİKTAŞ SOMPO JAPAN,58 - 71,SAKARYA BÜYÜKŞEHİR BASKETBOL,,İSTANBUL,Akatlar Spor ve Kültür Kompleksi | ,beINSports HD 3,FATİH ARSLANOĞLU,AHMET TATLICI,KEREM BAKİ,,,,,,Akatlar Spor ve Kültür Kompleksi
17.03.2018,15:15,1EA2681,21. Hafta,TRABZONSPOR,91 - 86,GAZİANTEP BASKETBOL,,TRABZON,Hayri Gür Spor Salonu | ,beINSports HD 3,ALPER ALTUĞ KÖSELERLİ,MEHMET OZAN ÇAKAR,ZİYA ÖZORHON,,,,,,Hayri Gür Spor Salonu
17.03.2018,17:00,1EA2679,21. Hafta,TOFAŞ,93 - 104,BANVİT,,BURSA,Tofaş Spor Salonu | ,NTV SPOR,EMİN MOĞULKOÇ,ALPER ÖZGÖK,HALİT CAN CİHAN,,,,,,Tofaş Spor Salonu
17.03.2018,20:15,1EA2683,21. Hafta,ESKİŞEHİR BASKET,66 - 72,PINAR KARŞIYAKA,,ESKİŞEHİR,Anadolu Üniversitesi Spor Salonu | ,beINSports HD 3,YENER YILMAZ,ALİ ŞAKACI,CAN MAVİSU,,,,,,Anadolu Üniversitesi Spor Salonu
18.03.2018,13:00,1EA2684,21. Hafta,FENERBAHÇE DOĞUŞ,76 - 69,DARÜŞŞAFAKA BASKETBOL,,İSTANBUL,Ülker Spor ve Etkinlik Salonu | ,beINSports HD 3,AYTUĞ EKTİ,MEHMET SERDAR ÜNAL,SEHER AYŞE NUR YAZICIOĞLU,,,,,,Ülker Spor ve Etkinlik Salonu
18.03.2018,15:15,1EA2682,21. Hafta,DEMİR İNŞAAT BÜYÜKÇEKMECE,77 - 86,GALATASARAY ODEABANK,,İSTANBUL,Gazanfer Bilge | ,NTV,ZAFER YILMAZ,İSMAİL AYDIN,MEHMET KARABİLECEN,,,,,,Gazanfer Bilge
18.03.2018,17:00,1EA2680,21. Hafta,YEŞİLGİRESUN BELEDİYESPOR,91 - 87,ANADOLU EFES,,GİRESUN,19 Eylül S.S. | ,beINSports HD 3,AHMET ERSAN ERGÜLER,OSMAN SİNAN İŞGÜDER,ÖZGE ŞENTÜRK BAYRAKTAR,,,,,,19 Eylül S.S.
18.03.2018,19:30,1EA2685,21. Hafta,MURATBEY UŞAK,79 - 83,İSTANBUL BBSK,,UŞAK,Uşak Üniversitesi Spor Bilimleri Fakültesi Spor Salonu | ,beINSports HD 3,ÖZLEM YALMAN,HALİL BALDEMİR,SERHAT BÜKER,,,,,,Uşak Üniversitesi Spor Bilimleri Fakültesi Spor Salonu
24.03.2018,13:00,1EA2690,22. Hafta,PINAR KARŞIYAKA,103 - 98,DEMİR İNŞAAT BÜYÜKÇEKMECE,,İZMİR,Mustafa Kemal Atatürk Karşıyaka Spor Salonu | ,beINSports HD 3,MEHMET KESERATAR,MEHMET SERDAR ÜNAL,POLAT PARLAK,,,,,,Mustafa Kemal Atatürk Karşıyaka Spor Salonu
24.03.2018,15:15,1EA2692,22. Hafta,BANVİT,71 - 58,MURATBEY UŞAK,,BALIKESİR,Banvit Kara Ali Acar Spor Salonu | ,beINSports HD 3,AYTUĞ EKTİ,MEHMET OZAN ÇAKAR,CAN MAVİSU,,,,,,Banvit Kara Ali Acar Spor Salonu
24.03.2018,17:00,1EA2693,22. Hafta,İSTANBUL BBSK,56 - 69,BEŞİKTAŞ SOMPO JAPAN,,İSTANBUL,Cebeci Spor Salonu | ,NTV,ZAFER YILMAZ,ZİYA ÖZORHON,SEHER AYŞE NUR YAZICIOĞLU,,,,,,Cebeci Spor Salonu
25.03.2018,13:00,1EA2689,22. Hafta,GALATASARAY ODEABANK,84 - 78,TRABZONSPOR,,İSTANBUL,Sinan Erdem Spor Salonu | ,beINSports HD 3,YENER YILMAZ,AHMET TATLICI,SERHAT BÜKER,,,,,,Sinan Erdem Spor Salonu
25.03.2018,15:15,1EA2691,22. Hafta,FENERBAHÇE DOĞUŞ,79 - 69,ESKİŞEHİR BASKET,,İSTANBUL,Ülker Spor ve Etkinlik Salonu | ,NTV,ALİ SERKAN EMLEK,ÖZLEM YALMAN,HALİT CAN CİHAN,,,,,,Ülker Spor ve Etkinlik Salonu
25.03.2018,17:00,1EA2688,22. Hafta,GAZİANTEP BASKETBOL,79 - 78,YEŞİLGİRESUN BELEDİYESPOR,,GAZİANTEP,Karataş Şahinbey Spor Salonu | ,beINSports HD 3,EMİN MOĞULKOÇ,KAAN BÜYÜKÇİL,MEHMET KARABİLECEN,,,,,,Karataş Şahinbey Spor Salonu
25.03.2018,19:30,1EA2694,22. Hafta,DARÜŞŞAFAKA BASKETBOL,76 - 61,SAKARYA BÜYÜKŞEHİR BASKETBOL,,İSTANBUL,Volkswagen Arena | ,beINSports HD 3,ERŞAN KARTAL,SEMİH VURAL,MEHMET ŞAHİN,,,,,,Volkswagen Arena
26.03.2018,19:00,1EA2687,22. Hafta,ANADOLU EFES,87 - 79,TOFAŞ,,İSTANBUL,Sinan Erdem Spor Salonu | ,beINSports HD 3,FATİH ARSLANOĞLU,HALİL BALDEMİR,DUHAN KÖYİÇİ,,,,,,Sinan Erdem Spor Salonu
31.03.2018,13:00,1EA2701,23. Hafta,BEŞİKTAŞ SOMPO JAPAN,79 - 64,BANVİT,,İSTANBUL,Akatlar Spor ve Kültür Kompleksi | ,beINSports HD 3,YENER YILMAZ,MEHMET SERDAR ÜNAL,OSMAN SİNAN İŞGÜDER,,,,,,Akatlar Spor ve Kültür Kompleksi
31.03.2018,15:15,1EA2697,23. Hafta,TRABZONSPOR,108 - 105,PINAR KARŞIYAKA,,TRABZON,Hayri Gür Spor Salonu | ,beINSports HD 3,ERŞAN KARTAL,ÖZLEM YALMAN,HALİT CAN CİHAN,,,,,,Hayri Gür Spor Salonu
31.03.2018,17:00,1EA2698,23. Hafta,DEMİR İNŞAAT BÜYÜKÇEKMECE,80 - 88,FENERBAHÇE DOĞUŞ,,İSTANBUL,Gazanfer Bilge | ,NTV,AHMET ERSAN ERGÜLER,SEMİH VURAL,ALİ ŞAKACI,,,,,,Gazanfer Bilge
31.03.2018,20:15,1EA2702,23. Hafta,SAKARYA BÜYÜKŞEHİR BASKETBOL,86 - 95,İSTANBUL BBSK,,SAKARYA,Sakarya Spor Salonu | ,beINSports4,ALPER ALTUĞ KÖSELERLİ,MEHMET OZAN ÇAKAR,ALPER ÖZGÖK,,,,,,Sakarya Spor Salonu
1.04.2018,13:00,1EA2695,23. Hafta,TOFAŞ,109 - 107,GAZİANTEP BASKETBOL,,BURSA,Tofaş Spor Salonu | ,beINSports HD 3,ALİ SERKAN EMLEK,İSMAİL AYDIN,CAN MAVİSU,,,,,,Tofaş Spor Salonu
1.04.2018,15:15,1EA2696,23. Hafta,YEŞİLGİRESUN BELEDİYESPOR,97 - 90,GALATASARAY ODEABANK,,GİRESUN,19 Eylül S.S. | ,NTV,MEHMET KESERATAR,ZİYA ÖZORHON,SEHER AYŞE NUR YAZICIOĞLU,,,,,,19 Eylül S.S.
1.04.2018,17:00,1EA2700,23. Hafta,MURATBEY UŞAK,78 - 81,ANADOLU EFES,,UŞAK,Uşak Üniversitesi Spor Bilimleri Fakültesi Spor Salonu | ,beINSports HD 3,ZAFER YILMAZ,AHMET TATLICI,MEHMET ŞAHİN,,,,,,Uşak Üniversitesi Spor Bilimleri Fakültesi Spor Salonu
1.04.2018,19:30,1EA2699,23. Hafta,ESKİŞEHİR BASKET,89 - 82,DARÜŞŞAFAKA BASKETBOL,,ESKİŞEHİR,Anadolu Üniversitesi Spor Salonu | ,beINSports HD 3,EMİN MOĞULKOÇ,KAAN BÜYÜKÇİL,DUHAN KÖYİÇİ,,,,,,Anadolu Üniversitesi Spor Salonu
6.04.2018,20:00,1EA2710,24. Hafta,DARÜŞŞAFAKA BASKETBOL,79 - 77,İSTANBUL BBSK,,İSTANBUL,Volkswagen Arena | ,beINSports HD 3,FATİH ARSLANOĞLU,AHMET TATLICI,CAN MAVİSU,,,,,,Volkswagen Arena
7.04.2018,13:00,1EA2706,24. Hafta,ESKİŞEHİR BASKET,76 - 72,DEMİR İNŞAAT BÜYÜKÇEKMECE,,ESKİŞEHİR,Anadolu Üniversitesi Spor Salonu | ,beINSports HD 3,AYTUĞ EKTİ,ALPER ALTUĞ KÖSELERLİ,ZİYA ÖZORHON,,,,,,Anadolu Üniversitesi Spor Salonu
7.04.2018,15:15,1EA2709,24. Hafta,BANVİT,75 - 66,SAKARYA BÜYÜKŞEHİR BASKETBOL,,BALIKESİR,Banvit Kara Ali Acar Spor Salonu | ,beINSports HD 3,MEHMET KESERATAR,HALİL BALDEMİR,KAAN BÜYÜKÇİL,,,,,,Banvit Kara Ali Acar Spor Salonu
7.04.2018,17:00,1EA2703,24. Hafta,GALATASARAY ODEABANK,83 - 90,TOFAŞ,,İSTANBUL,Sinan Erdem Spor Salonu | ,NTV,AHMET ERSAN ERGÜLER,ALİ ŞAKACI,MEHMET ŞAHİN,,,,,,Sinan Erdem Spor Salonu
7.04.2018,20:15,1EA2705,24. Hafta,FENERBAHÇE DOĞUŞ,112 - 83,TRABZONSPOR,,İSTANBUL,Ülker Spor ve Etkinlik Salonu | ,beINSports HD 3,EMİN MOĞULKOÇ,OSMAN SİNAN İŞGÜDER,ÖZGE ŞENTÜRK BAYRAKTAR,,,,,,Ülker Spor ve Etkinlik Salonu
8.04.2018,13:00,1EA2707,24. Hafta,GAZİANTEP BASKETBOL,68 - 65,MURATBEY UŞAK,,GAZİANTEP,Karataş Şahinbey Spor Salonu | ,beINSports HD 3,YENER YILMAZ,MEHMET SERDAR ÜNAL,ALPER ÖZGÖK,,,,,,Karataş Şahinbey Spor Salonu
8.04.2018,15:15,1EA2708,24. Hafta,ANADOLU EFES,78 - 69,BEŞİKTAŞ SOMPO JAPAN,,İSTANBUL,Sinan Erdem Spor Salonu | ,NTV,ERŞAN KARTAL,ÖZLEM YALMAN,SERHAT BÜKER,,,,,,Sinan Erdem Spor Salonu
8.04.2018,17:00,1EA2704,24. Hafta,PINAR KARŞIYAKA,77 - 71,YEŞİLGİRESUN BELEDİYESPOR,,İZMİR,Mustafa Kemal Atatürk Karşıyaka Spor Salonu | ,beINSports4,ZAFER YILMAZ,İSMAİL AYDIN,MEHMET OZAN ÇAKAR,,,,,,Mustafa Kemal Atatürk Karşıyaka Spor Salonu
13.04.2018,18:00,1EA2712,25. Hafta,YEŞİLGİRESUN BELEDİYESPOR,70 - 93,FENERBAHÇE DOĞUŞ,,GİRESUN,19 Eylül S.S. | ,beINSports HD 3,ERŞAN KARTAL,ALPER ALTUĞ KÖSELERLİ,CAN MAVİSU,,,,,,19 Eylül S.S.
14.04.2018,13:00,1EA2718,25. Hafta,İSTANBUL BBSK,65 - 72,BANVİT,,İSTANBUL,Cebeci Spor Salonu | ,beINSports HD 3,ALİ SERKAN EMLEK,SEMİH VURAL,DUHAN KÖYİÇİ,,,,,,Cebeci Spor Salonu
14.04.2018,15:15,1EA2713,25. Hafta,TRABZONSPOR,73 - 86,ESKİŞEHİR BASKET,,TRABZON,Hayri Gür Spor Salonu | ,beINSports HD 3,MEHMET KESERATAR,MEHMET SERDAR ÜNAL,POLAT PARLAK,,,,,,Hayri Gür Spor Salonu
14.04.2018,17:00,1EA2716,25. Hafta,BEŞİKTAŞ SOMPO JAPAN,87 - 80,GAZİANTEP BASKETBOL,,İSTANBUL,Akatlar Spor ve Kültür Kompleksi | ,NTV,AYTUĞ EKTİ,HALİL BALDEMİR,AHMET TATLICI,,,,,,Akatlar Spor ve Kültür Kompleksi
15.04.2018,13:00,1EA2715,25. Hafta,MURATBEY UŞAK,85 - 78,GALATASARAY ODEABANK,,UŞAK,Uşak Üniversitesi Spor Bilimleri Fakültesi Spor Salonu | ,beINSports HD 3,FATİH ARSLANOĞLU,KAAN BÜYÜKÇİL,ÖZGE ŞENTÜRK BAYRAKTAR,,,,,,Uşak Üniversitesi Spor Bilimleri Fakültesi Spor Salonu
15.04.2018,15:15,1EA2717,25. Hafta,SAKARYA BÜYÜKŞEHİR BASKETBOL,74 - 100,ANADOLU EFES,,SAKARYA,Sakarya Spor Salonu | ,NTV,EMİN MOĞULKOÇ,İSMAİL AYDIN,HALİT CAN CİHAN,,,,,,Sakarya Spor Salonu
15.04.2018,17:00,1EA2711,25. Hafta,TOFAŞ,94 - 75,PINAR KARŞIYAKA,,BURSA,Tofaş Spor Salonu | ,beINSports HD 3,ZİYA ÖZORHON,MEHMET KARABİLECEN,SEHER AYŞE NUR YAZICIOĞLU,,,,,,Tofaş Spor Salonu
16.04.2018,19:00,1EA2714,25. Hafta,DEMİR İNŞAAT BÜYÜKÇEKMECE,77 - 75,DARÜŞŞAFAKA BASKETBOL,,İSTANBUL,Gazanfer Bilge | ,beINSports HD 3,ÖZLEM YALMAN,ALPER ÖZGÖK,KEREM BAKİ,,,,,,Gazanfer Bilge
21.04.2018,13:00,1EA2720,26. Hafta,ESKİŞEHİR BASKET,86 - 75,YEŞİLGİRESUN BELEDİYESPOR,,ESKİŞEHİR,Anadolu Üniversitesi Spor Salonu | ,beINSports HD 3,ALİ SERKAN EMLEK,AHMET ERSAN ERGÜLER,HALİL BALDEMİR,,,,,,Anadolu Üniversitesi Spor Salonu
21.04.2018,15:15,1EA2724,26. Hafta,GAZİANTEP BASKETBOL,79 - 67,SAKARYA BÜYÜKŞEHİR BASKETBOL,,GAZİANTEP,Karataş Şahinbey Spor Salonu | ,beINSports HD 3,ZİYA ÖZORHON,MEHMET KARABİLECEN,SEHER AYŞE NUR YAZICIOĞLU,,,,,,Karataş Şahinbey Spor Salonu
21.04.2018,17:00,1EA2725,26. Hafta,ANADOLU EFES,86 - 67,İSTANBUL BBSK,,İSTANBUL,Sinan Erdem Spor Salonu | ,NTV,YENER YILMAZ,MEHMET SERDAR ÜNAL,POLAT PARLAK,,,,,,Sinan Erdem Spor Salonu
21.04.2018,20:15,1EA2722,26. Hafta,PINAR KARŞIYAKA,78 - 74,MURATBEY UŞAK,,İZMİR,Mustafa Kemal Atatürk Karşıyaka Spor Salonu | ,beINSports HD 3,ALİ ŞAKACI,OSMAN SİNAN İŞGÜDER,SERHAT BÜKER,,,,,,Mustafa Kemal Atatürk Karşıyaka Spor Salonu
22.04.2018,15:15,1EA2726,26. Hafta,DARÜŞŞAFAKA BASKETBOL,85 - 88,BANVİT,,İSTANBUL,Volkswagen Arena | ,NTV,ERŞAN KARTAL,ZAFER YILMAZ,ALPER ALTUĞ KÖSELERLİ,,,,,,Volkswagen Arena
22.04.2018,17:00,1EA2723,26. Hafta,GALATASARAY ODEABANK,77 - 73,BEŞİKTAŞ SOMPO JAPAN,,İSTANBUL,Sinan Erdem Spor Salonu | ,beINSports HD 3,EMİN MOĞULKOÇ,MEHMET OZAN ÇAKAR,CAN MAVİSU,,,,,,Sinan Erdem Spor Salonu
22.04.2018,19:30,1EA2721,26. Hafta,DEMİR İNŞAAT BÜYÜKÇEKMECE,81 - 76,TRABZONSPOR,,İSTANBUL,Gazanfer Bilge | ,beINSports HD 3,FATİH ARSLANOĞLU,MEHMET ŞAHİN,AHMET TATLICI,,,,,,Gazanfer Bilge
2.05.2018,20:30,1EA2719,26. Hafta,FENERBAHÇE DOĞUŞ,98 - 78,TOFAŞ,,İSTANBUL,Ülker Spor ve Etkinlik Salonu | ,beINSports HD 3,YENER YILMAZ,MEHMET SERDAR ÜNAL,OSMAN SİNAN İŞGÜDER,,,,,,Ülker Spor ve Etkinlik Salonu
28.04.2018,13:00,1EA2731,27. Hafta,BEŞİKTAŞ SOMPO JAPAN,77 - 63,PINAR KARŞIYAKA,,İSTANBUL,Akatlar Spor ve Kültür Kompleksi | ,beINSports HD 3,ZAFER YILMAZ,ALPER ALTUĞ KÖSELERLİ,ÖZGE ŞENTÜRK BAYRAKTAR,,,,,,Akatlar Spor ve Kültür Kompleksi
28.04.2018,15:15,1EA2733,27. Hafta,İSTANBUL BBSK,92 - 86,GAZİANTEP BASKETBOL,,İSTANBUL,Cebeci Spor Salonu | ,beINSports HD 3,MEHMET KESERATAR,OSMAN SİNAN İŞGÜDER,MEHMET ŞAHİN,,,,,,Cebeci Spor Salonu
28.04.2018,17:00,1EA2730,27. Hafta,MURATBEY UŞAK,81 - 90,FENERBAHÇE DOĞUŞ,,UŞAK,Uşak Üniversitesi Spor Bilimleri Fakültesi Spor Salonu | ,NTV,ZİYA ÖZORHON,İSMAİL AYDIN,KEREM BAKİ,,,,,,Uşak Üniversitesi Spor Bilimleri Fakültesi Spor Salonu
28.04.2018,20:15,1EA2732,27. Hafta,SAKARYA BÜYÜKŞEHİR BASKETBOL,75 - 73,GALATASARAY ODEABANK,,SAKARYA,Sakarya Spor Salonu | ,beINSports HD 3,ALİ SERKAN EMLEK,SEMİH VURAL,DUHAN KÖYİÇİ,,,,,,Sakarya Spor Salonu
29.04.2018,13:00,1EA2729,27. Hafta,TRABZONSPOR,82 - 104,DARÜŞŞAFAKA BASKETBOL,,TRABZON,Hayri Gür Spor Salonu | ,beINSports HD 3,AHMET ERSAN ERGÜLER,MEHMET OZAN ÇAKAR,SEHER AYŞE NUR YAZICIOĞLU,,,,,,Hayri Gür Spor Salonu
29.04.2018,15:15,1EA2734,27. Hafta,BANVİT,82 - 90,ANADOLU EFES,,BALIKESİR,Banvit Kara Ali Acar Spor Salonu | ,NTV,AYTUĞ EKTİ,ALİ ŞAKACI,MEHMET KARABİLECEN,,,,,,Banvit Kara Ali Acar Spor Salonu
29.04.2018,17:00,1EA2728,27. Hafta,YEŞİLGİRESUN BELEDİYESPOR,95 - 80,DEMİR İNŞAAT BÜYÜKÇEKMECE,,GİRESUN,19 Eylül S.S. | ,beINSports HD 3,YENER YILMAZ,MEHMET SERDAR ÜNAL,KAAN BÜYÜKÇİL,,,,,,19 Eylül S.S.
29.04.2018,19:30,1EA2727,27. Hafta,TOFAŞ,73 - 69,ESKİŞEHİR BASKET,,BURSA,Tofaş Spor Salonu | ,beINSports HD 3,EMİN MOĞULKOÇ,FATİH ARSLANOĞLU,SERHAT BÜKER,,,,,,Tofaş Spor Salonu
4.05.2018,20:30,1EA2739,28. Hafta,PINAR KARŞIYAKA,88 - 80,SAKARYA BÜYÜKŞEHİR BASKETBOL,,İZMİR,Mustafa Kemal Atatürk Karşıyaka Spor Salonu | ,beINSports HD 3,YENER YILMAZ,MEHMET SERDAR ÜNAL,POLAT PARLAK,,,,,,Mustafa Kemal Atatürk Karşıyaka Spor Salonu
5.05.2018,13:00,1EA2738,28. Hafta,FENERBAHÇE DOĞUŞ,83 - 60,BEŞİKTAŞ SOMPO JAPAN,,İSTANBUL,Ülker Spor ve Etkinlik Salonu | ,beINSports HD 3,MEHMET KESERATAR,ALPER ÖZGÖK,MEHMET KARABİLECEN,,,,,,Ülker Spor ve Etkinlik Salonu
5.05.2018,15:15,1EA2741,28. Hafta,GAZİANTEP BASKETBOL,82 - 63,BANVİT,,GAZİANTEP,Karataş Şahinbey Spor Salonu | ,beINSports HD 3,FATİH ARSLANOĞLU,KAAN BÜYÜKÇİL,KEREM BAKİ,,,,,,Karataş Şahinbey Spor Salonu
5.05.2018,17:00,1EA2740,28. Hafta,GALATASARAY ODEABANK,99 - 77,İSTANBUL BBSK,,İSTANBUL,Ahmet Cömert Spor Salonu | ,NTV,AYTUĞ EKTİ,İSMAİL AYDIN,ALPER ALTUĞ KÖSELERLİ,,,,,,Ahmet Cömert Spor Salonu
5.05.2018,20:15,1EA2736,28. Hafta,TRABZONSPOR,100 - 95,YEŞİLGİRESUN BELEDİYESPOR,,TRABZON,Hayri Gür Spor Salonu | ,beINSports HD 3,ZİYA ÖZORHON,ALİ ŞAKACI,SERHAT BÜKER,,,,,,Hayri Gür Spor Salonu
6.05.2018,15:15,1EA2742,28. Hafta,DARÜŞŞAFAKA BASKETBOL,79 - 67,ANADOLU EFES,,İSTANBUL,Volkswagen Arena | ,NTV,EMİN MOĞULKOÇ,HALİL BALDEMİR,MEHMET ŞAHİN,,,,,,Volkswagen Arena
6.05.2018,17:00,1EA2737,28. Hafta,ESKİŞEHİR BASKET,85 - 84,MURATBEY UŞAK,,ESKİŞEHİR,Anadolu Üniversitesi Spor Salonu | ,beINSports HD 3,ÖZLEM YALMAN,AHMET TATLICI,CAN MAVİSU,,,,,,Anadolu Üniversitesi Spor Salonu
6.05.2018,19:30,1EA2735,28. Hafta,DEMİR İNŞAAT BÜYÜKÇEKMECE,76 - 93,TOFAŞ,,İSTANBUL,Gazanfer Bilge | ,beINSports HD 3,ZAFER YILMAZ,SEMİH VURAL,HALİT CAN CİHAN,,,,,,Gazanfer Bilge
8.05.2018,18:30,1EA2747,29. Hafta,SAKARYA BÜYÜKŞEHİR BASKETBOL,79 - 83,FENERBAHÇE DOĞUŞ,,SAKARYA,Sakarya Spor Salonu | ,beINSports HD 3,AYTUĞ EKTİ,MEHMET OZAN ÇAKAR,MEHMET ŞAHİN,,,,,,Sakarya Spor Salonu
8.05.2018,20:30,1EA2749,29. Hafta,BANVİT,80 - 90,GALATASARAY ODEABANK,,BALIKESİR,Banvit Kara Ali Acar Spor Salonu | ,beINSports HD 3,ÖZLEM YALMAN,MEHMET SERDAR ÜNAL,SERHAT BÜKER,,,,,,Banvit Kara Ali Acar Spor Salonu
9.05.2018,18:30,1EA2744,29. Hafta,YEŞİLGİRESUN BELEDİYESPOR,71 - 96,DARÜŞŞAFAKA BASKETBOL,,GİRESUN,19 Eylül S.S. | ,NTV,MEHMET KESERATAR,FATİH ARSLANOĞLU,ÖZGE ŞENTÜRK BAYRAKTAR,,,,,,19 Eylül S.S.
9.05.2018,18:30,1EA2745,29. Hafta,MURATBEY UŞAK,71 - 104,DEMİR İNŞAAT BÜYÜKÇEKMECE,,UŞAK,Uşak Üniversitesi Spor Bilimleri Fakültesi Spor Salonu | ,beINSports HD 3,ERŞAN KARTAL,AHMET ERSAN ERGÜLER,SEHER AYŞE NUR YAZICIOĞLU,,,,,,Uşak Üniversitesi Spor Bilimleri Fakültesi Spor Salonu
9.05.2018,20:30,1EA2748,29. Hafta,İSTANBUL BBSK,77 - 81,PINAR KARŞIYAKA,,İSTANBUL,Cebeci Spor Salonu | ,beINSports4,EMİN MOĞULKOÇ,ALPER ÖZGÖK,AHMET TATLICI,,,,,,Cebeci Spor Salonu
9.05.2018,20:30,1EA2750,29. Hafta,ANADOLU EFES,94 - 87,GAZİANTEP BASKETBOL,,İSTANBUL,Sinan Erdem Spor Salonu | ,beINSports HD 3,ZAFER YILMAZ,ALPER ALTUĞ KÖSELERLİ,CAN MAVİSU,,,,,,Sinan Erdem Spor Salonu
10.05.2018,18:30,1EA2746,29. Hafta,BEŞİKTAŞ SOMPO JAPAN,87 - 69,ESKİŞEHİR BASKET,,İSTANBUL,Akatlar Spor ve Kültür Kompleksi | ,NTV,YENER YILMAZ,OSMAN SİNAN İŞGÜDER,KEREM BAKİ,,,,,,Akatlar Spor ve Kültür Kompleksi
10.05.2018,20:30,1EA2743,29. Hafta,TOFAŞ,103 - 63,TRABZONSPOR,,BURSA,Tofaş Spor Salonu | ,beINSports HD 3,ALİ SERKAN EMLEK,İSMAİL AYDIN,DUHAN KÖYİÇİ,,,,,,Tofaş Spor Salonu
11.05.2018,16:00,1EA2755,30. Hafta,FENERBAHÇE DOĞUŞ,96 - 73,İSTANBUL BBSK,,İSTANBUL,Ülker Spor ve Etkinlik Salonu | ,beINSports HD 3,KAAN BÜYÜKÇİL,HALİL BALDEMİR,ÖZGE ŞENTÜRK BAYRAKTAR,,,,,,Ülker Spor ve Etkinlik Salonu
12.05.2018,13:30,1EA2757,30. Hafta,GALATASARAY ODEABANK,85 - 91,ANADOLU EFES,,İSTANBUL,Ahmet Cömert Spor Salonu | ,NTV,ERŞAN KARTAL,AHMET ERSAN ERGÜLER,POLAT PARLAK,,,,,,Ahmet Cömert Spor Salonu
13.05.2018,13:00,1EA2756,30. Hafta,PINAR KARŞIYAKA,69 - 89,BANVİT,,İZMİR,Mustafa Kemal Atatürk Karşıyaka Spor Salonu | ,beINSports HD 3,ALİ SERKAN EMLEK,İSMAİL AYDIN,HALİT CAN CİHAN,,,,,,Mustafa Kemal Atatürk Karşıyaka Spor Salonu
13.05.2018,15:00,1EA2758,30. Hafta,DARÜŞŞAFAKA BASKETBOL,77 - 83,GAZİANTEP BASKETBOL,,İSTANBUL,Darüşşafaka Ayhan Şahenk Spor Salonu | ,BeINSports Max HD 1,YENER YILMAZ,ZİYA ÖZORHON,SEHER AYŞE NUR YAZICIOĞLU,,,,,,Darüşşafaka Ayhan Şahenk Spor Salonu
13.05.2018,15:00,1EA2751,30. Hafta,YEŞİLGİRESUN BELEDİYESPOR,70 - 75,TOFAŞ,,GİRESUN,19 Eylül S.S. | ,BeINSports Max HD 2,ÖZLEM YALMAN,ALPER ÖZGÖK,KEREM BAKİ,,,,,,19 Eylül S.S.
13.05.2018,15:00,1EA2752,30. Hafta,TRABZONSPOR,76 - 91,MURATBEY UŞAK,,TRABZON,Hayri Gür Spor Salonu | ,beINSports HD 3,MEHMET KESERATAR,SEMİH VURAL,MEHMET KARABİLECEN,,,,,,Hayri Gür Spor Salonu
13.05.2018,15:00,1EA2753,30. Hafta,DEMİR İNŞAAT BÜYÜKÇEKMECE,59 - 72,BEŞİKTAŞ SOMPO JAPAN,,İSTANBUL,Gazanfer Bilge | ,NTV,EMİN MOĞULKOÇ,ALPER ALTUĞ KÖSELERLİ,SERHAT BÜKER,,,,,,Gazanfer Bilge
13.05.2018,19:30,1EA2754,30. Hafta,ESKİŞEHİR BASKET,102 - 96,SAKARYA BÜYÜKŞEHİR BASKETBOL,,ESKİŞEHİR,Anadolu Üniversitesi Spor Salonu | ,beINSports HD 3,ZAFER YILMAZ,ALİ ŞAKACI,DUHAN KÖYİÇİ,,,,,,Anadolu Üniversitesi Spor Salonu
22.05.2018,18:15,1EA2768,Playoff Çeyrek Final,ANADOLU EFES,78 - 69,DARÜŞŞAFAKA BASKETBOL,,İSTANBUL,Sinan Erdem Spor Salonu | ,beINSports HD 3,ZAFER YILMAZ,AHMET ERSAN ERGÜLER,MEHMET KARABİLECEN,,,,,,Sinan Erdem Spor Salonu
22.05.2018,20:45,1EA2767,Playoff Çeyrek Final,TOFAŞ,85 - 58,ESKİŞEHİR BASKET,,BURSA,Tofaş Spor Salonu | ,NTV,MEHMET KESERATAR,OSMAN SİNAN İŞGÜDER,AHMET TATLICI,,,,,,Tofaş Spor Salonu
23.05.2018,18:15,1EA2770,Playoff Çeyrek Final,BEŞİKTAŞ SOMPO JAPAN,77 - 79,BANVİT,,İSTANBUL,Akatlar Spor ve Kültür Kompleksi | ,NTV,ERŞAN KARTAL,KAAN BÜYÜKÇİL,CAN MAVİSU,,,,,,Akatlar Spor ve Kültür Kompleksi
23.05.2018,20:45,1EA2769,Playoff Çeyrek Final,FENERBAHÇE DOĞUŞ,81 - 66,SAKARYA BÜYÜKŞEHİR BASKETBOL,,İSTANBUL,Ülker Spor ve Etkinlik Salonu | ,beINSports HD 3,ÖZLEM YALMAN,İSMAİL AYDIN,KEREM BAKİ,,,,,,Ülker Spor ve Etkinlik Salonu
24.05.2018,18:15,1EA2771,Playoff Çeyrek Final,ESKİŞEHİR BASKET,98 - 99,TOFAŞ,,ESKİŞEHİR,Anadolu Üniversitesi Spor Salonu | ,beINSports HD 3,AYTUĞ EKTİ,ZİYA ÖZORHON,SERHAT BÜKER,,,,,,Anadolu Üniversitesi Spor Salonu
24.05.2018,20:45,1EA2772,Playoff Çeyrek Final,DARÜŞŞAFAKA BASKETBOL,78 - 79,ANADOLU EFES,,İSTANBUL,Volkswagen Arena | ,NTV,EMİN MOĞULKOÇ,MEHMET SERDAR ÜNAL,ALPER ÖZGÖK,,,,,,Volkswagen Arena
25.05.2018,18:15,1EA2773,Playoff Çeyrek Final,SAKARYA BÜYÜKŞEHİR BASKETBOL,54 - 77,FENERBAHÇE DOĞUŞ,,SAKARYA,Sakarya Spor Salonu | ,NTV,ALİ SERKAN EMLEK,ALPER ALTUĞ KÖSELERLİ,SEHER AYŞE NUR YAZICIOĞLU,,,,,,Sakarya Spor Salonu
25.05.2018,20:45,1EA2774,Playoff Çeyrek Final,BANVİT,83 - 75,BEŞİKTAŞ SOMPO JAPAN,,BALIKESİR,Banvit Kara Ali Acar Spor Salonu | ,beINSports HD 3,YENER YILMAZ,FATİH ARSLANOĞLU,MEHMET ŞAHİN,,,,,,Banvit Kara Ali Acar Spor Salonu
27.05.2018,18:15,1EA2775,Playoff Yarı Final,TOFAŞ,91 - 63,ANADOLU EFES,,BURSA,Tofaş Spor Salonu | ,"NTV,beINSports HD 3",ALİ SERKAN EMLEK,KAAN BÜYÜKÇİL,CAN MAVİSU,,,,,,Tofaş Spor Salonu
28.05.2018,20:45,1EA2776,Playoff Yarı Final,FENERBAHÇE DOĞUŞ,86 - 81,BANVİT,,İSTANBUL,Ülker Spor ve Etkinlik Salonu | ,beINSports HD 3,MEHMET KESERATAR,ALPER ALTUĞ KÖSELERLİ,AHMET TATLICI,,,,,,Ülker Spor ve Etkinlik Salonu
29.05.2018,20:45,1EA2777,Playoff Yarı Final,TOFAŞ,89 - 82,ANADOLU EFES,,BURSA,Tofaş Spor Salonu | ,beINSports HD 3,EMİN MOĞULKOÇ,FATİH ARSLANOĞLU,MEHMET KARABİLECEN,,,,,,Tofaş Spor Salonu
30.05.2018,20:45,1EA2778,Playoff Yarı Final,FENERBAHÇE DOĞUŞ,98 - 93,BANVİT,,İSTANBUL,Ülker Spor ve Etkinlik Salonu | ,"NTV,beINSports HD 3",ZAFER YILMAZ,MEHMET SERDAR ÜNAL,ALPER ÖZGÖK,,,,,,Ülker Spor ve Etkinlik Salonu
31.05.2018,20:45,1EA2779,Playoff Yarı Final,ANADOLU EFES,94 - 88,TOFAŞ,,İSTANBUL,Sinan Erdem Spor Salonu | ,"NTV,beINSports HD 3",YENER YILMAZ,AHMET ERSAN ERGÜLER,OSMAN SİNAN İŞGÜDER,,,,,,Sinan Erdem Spor Salonu
1.06.2018,20:45,1EA2780,Playoff Yarı Final,BANVİT,73 - 84,FENERBAHÇE DOĞUŞ,,BALIKESİR,Banvit Kara Ali Acar Spor Salonu | ,beINSports HD 3,EMİN MOĞULKOÇ,ZİYA ÖZORHON,MEHMET ŞAHİN,,,,,,Banvit Kara Ali Acar Spor Salonu
2.06.2018,18:15,1EA2781,Playoff Yarı Final,ANADOLU EFES,70 - 76,TOFAŞ,,İSTANBUL,Sinan Erdem Spor Salonu | ,beINSports HD 3,ZAFER YILMAZ,MEHMET SERDAR ÜNAL,KEREM BAKİ,,,,,,Sinan Erdem Spor Salonu
5.06.2018,21:00,1EA2782,Playoff Final,FENERBAHÇE DOĞUŞ,103 - 63,TOFAŞ,,İSTANBUL,Ülker Spor ve Etkinlik Salonu | ,beINSports HD 3,MEHMET KESERATAR,KAAN BÜYÜKÇİL,AHMET TATLICI,,,,,,Ülker Spor ve Etkinlik Salonu
7.06.2018,21:00,1EA2783,Playoff Final,FENERBAHÇE DOĞUŞ,86 - 78,TOFAŞ,,İSTANBUL,Ülker Spor ve Etkinlik Salonu | ,"NTV,beINSports HD 3",ERŞAN KARTAL,ZİYA ÖZORHON,MEHMET KARABİLECEN,,,,,,Ülker Spor ve Etkinlik Salonu
9.06.2018,19:00,1EA2784,Playoff Final,TOFAŞ,91 - 88,FENERBAHÇE DOĞUŞ,,BURSA,Tofaş Spor Salonu | ,beINSports HD 3,EMİN MOĞULKOÇ,ALPER ÖZGÖK,MEHMET ŞAHİN,,,,,,Tofaş Spor Salonu
11.06.2018,21:00,1EA2785,Playoff Final,TOFAŞ,77 - 95,FENERBAHÇE DOĞUŞ,,BURSA,Tofaş Spor Salonu | ,"NTV,beINSports HD 3",YENER YILMAZ,ALİ SERKAN EMLEK,OSMAN SİNAN İŞGÜDER,,,,,,Tofaş Spor Salonu
13.06.2018,21:00,1EA2786,Playoff Final,FENERBAHÇE DOĞUŞ,94 - 64,TOFAŞ,,İSTANBUL,Ülker Spor ve Etkinlik Salonu | ,beINSports HD 3,MEHMET KESERATAR,EMİN MOĞULKOÇ,CAN MAVİSU,,,,,,Ülker Spor ve Etkinlik Salonu
