Tarih,Saat,Maç No,Hafta,A Takım,Sonuç,B Takım,Grubu,Şehir,Salon,TV,Baş Hakem,1. Yrd. Hakem,2. Yrd. Hakem,Temsilci,1. Masa G.,2. Masa G.,3. Masa G.,4. Masa G.,Salon.1
4.10.2024,19:00,1EA4366,01. Hafta,YUKATEL MERKEZEFENDİ BELEDİYESİ BASKET,65 - 75,MERSİN SPOR,,DENİZLİ,Pamukkale Üniversitesi Spor Salonu | ,"beIN SPORTS 5,beIN SPORTS HABER",KAAN BÜYÜKÇİL,TOLGA EDİS,NAZLI ÇİSİL GÜNGÖR,DİDEM SÜER,AYŞE ERİŞ,MELEK ERYÜRÜK,MUHAMMET SALİH KARA,AHMET ERYÜRÜK,Pamukkale Üniversitesi Spor Salonu
5.10.2024,15:30,1EA4372,01. Hafta,MANİSA BASKET DİVİSSA,73 - 81,BURSASPOR YÖRSAN,,MANİSA,Muradiye Spor Salonu | ,beIN SPORTS 5,CAN MAVİSU,ALPER ALTUĞ KÖSELERLİ,UĞUR AKYILDIZ,DOĞAN HEPGÜVENDİK,ESRA GÜLSUYU,ÜMİT KONCA,RAUF ŞENEL,SALİH KARAKURT,Muradiye Spor Salonu
5.10.2024,18:00,1EA4369,01. Hafta,TÜRK TELEKOM,72 - 70,GALATASARAY,,ANKARA,Ankara Spor Salonu | ,"beIN SPORTS 5,beIN SPORTS HABER",ÖZLEM YALMAN,HÜSEYİN ÇELİK,MESUT ÖZTÜRK,BURAK DEDE,MİNE MİHRİCAN KANBUR,FUNDA KONCA,VOLKAN DARCAN,SERCAN YILDIRIM,Ankara Spor Salonu
5.10.2024,20:30,1EA4368,01. Hafta,TOFAŞ,99 - 95,BEŞİKTAŞ FIBABANKA,,BURSA,Tofaş Spor Salonu | ,beIN SPORTS 5,YENER YILMAZ,ALİ ŞAKACI,TOLGA AKKUŞOĞLU,HAKAN BEŞTEPE,ESRA SOLAK,NİDA ECE TÜZÜK,ELİF ERGÜÇ,ŞAFAK IRMAK SARAÇOĞLU,Tofaş Spor Salonu
6.10.2024,13:00,1EA4367,01. Hafta,BAHÇEŞEHİR KOLEJİ,82 - 68,KARŞIYAKA,,İSTANBUL,Sinan Erdem Spor Salonu | ,beIN SPORTS 5,EMİN MOĞULKOÇ,ALPER ÖZGÖK,MURAT CİNER,ERKAN URASLI,TUNA TAŞ,ALPER LAÇİNKAYA,ŞAZİYE SİMSAR YAKIN,HİLMİ CANKUT AYNAR,Sinan Erdem Spor Salonu
6.10.2024,15:30,1EA4373,01. Hafta,ALİAĞA PETKİMSPOR,108 - 85,DARÜŞŞAFAKA LASSA,,İZMİR,Enka Spor Salonu | ,beIN SPORTS 5,KEREM BAKİ,MEHMET SERDAR ÜNAL,ALPER GÖKÇEBEL,AHMET ÖNEY,GİZEM ÖZAYDIN,ÇAĞATAY KAMER VANLIOĞLU,GÖKHAN YAZ,OKAN ÇETİNBAŞ,Enka Spor Salonu
6.10.2024,18:00,1EA4371,01. Hafta,ANADOLU EFES,100 - 59,SEMT77 YALOVASPOR,,İSTANBUL,Basketbol Gelişim Merkezi | ,beIN SPORTS 5,ZAFER YILMAZ,ORHAN ÇAĞRI HEKİMOĞLU,ÖZGE ŞENTÜRK BAYRAKTAR,MELİK YİĞİT BAYINDIR,KEREM SIRMAGİL,DİNÇER ADİLLER,GÜL URASLI,ZAFER RİFAİ,Basketbol Gelişim Merkezi
6.10.2024,20:30,1EA4370,01. Hafta,FENERBAHÇE BEKO,97 - 85,ONVO BÜYÜKÇEKMECE BASKETBOL,,İSTANBUL,Ülker Spor ve Etkinlik Salonu | ,beIN SPORTS 5,MEHMET ŞAHİN,ZİYA ÖZORHON,HALİL ERKOÇ,FURKAN DEDE,EBRU ULUDOĞAN,ALTAN CANDAN,SİNAN ERSOY,ECE DİKMENLİ,Ülker Spor ve Etkinlik Salonu
11.10.2024,18:00,1EA4374,02. Hafta,KARŞIYAKA,105 - 88,YUKATEL MERKEZEFENDİ BELEDİYESİ BASKET,,İZMİR,Mustafa Kemal Atatürk Karşıyaka Spor Salonu | ,"beIN SPORTS 5,beIN SPORTS HABER",MEHMET ŞAHİN,ALPER ALTUĞ KÖSELERLİ,BURAK YILMAZ,DOĞAN HEPGÜVENDİK,CEMRE ÇEKAL,ŞAHİN ŞANLI,SADIK ERGÜL,OSMAN ARKIN BARUTCU,Mustafa Kemal Atatürk Karşıyaka Spor Salonu
11.10.2024,20:30,1EA4375,02. Hafta,BEŞİKTAŞ FIBABANKA,82 - 78,BAHÇEŞEHİR KOLEJİ,,İSTANBUL,BJK Fibabanka Spor Kompleksi | ,beIN SPORTS 5,ÖZLEM YALMAN,KAAN BÜYÜKÇİL,DUHAN KÖYİÇİ,ÖMER KESKİN,TUNA TAŞ,ALPER LAÇİNKAYA,YÜKSEL NAZLIGÜL,ALPKAN HACIYAKUPOĞLU,BJK Fibabanka Spor Kompleksi
12.10.2024,15:30,1EA4377,02. Hafta,ONVO BÜYÜKÇEKMECE BASKETBOL,99 - 88,TÜRK TELEKOM,,İSTANBUL,Sinan Erdem Spor Salonu | ,beIN SPORTS 5,CAN MAVİSU,MEHMET SERDAR ÜNAL,KEREM YILMAZ,HÜSEYİN OSMAN BÜYÜKGÖKSU,HAKAN ÜNAL,AHMET YILDIZ,MERVE SAĞLAM,YUSUF YELESDAĞ,Sinan Erdem Spor Salonu
12.10.2024,18:00,1EA4378,02. Hafta,SEMT77 YALOVASPOR,90 - 97,FENERBAHÇE BEKO,,YALOVA,90. Yıl Spor Salonu | ,"beIN SPORTS 5,beIN SPORTS HABER",HÜSEYİN ÇELİK,POLAT PARLAK,MESUT ÖZTÜRK,HAKAN BEŞTEPE,EMİNE AK,NURAY SORUŞ,SELÇUK KURT,ANIL BIYIKOĞLU,90. Yıl Spor Salonu
12.10.2024,20:30,1EA4379,02. Hafta,BURSASPOR YÖRSAN,78 - 99,ANADOLU EFES,,BURSA,Tofaş Spor Salonu | ,beIN SPORTS 5,KEREM BAKİ,ZİYA ÖZORHON,ALPER GÖKÇEBEL,ÇETİN ŞİMŞEK,ŞAFAK IRMAK SARAÇOĞLU,NİDA ECE TÜZÜK,SUELNUR ÇELİK,ESRA AL,Tofaş Spor Salonu
13.10.2024,15:30,1EA4376,02. Hafta,GALATASARAY,76 - 80,TOFAŞ,,İSTANBUL,Basketbol Gelişim Merkezi | ,beIN SPORTS 5,ZAFER YILMAZ,SEHER AYŞE NUR YAZICIOĞLU,HALİL ERKOÇ,SAVAŞ BAYRAM ERTÜRK,TUĞÇE KAYA,ALPER LAÇİNKAYA,ERMAN YÜCEL,ZAFER RİFAİ,Basketbol Gelişim Merkezi
13.10.2024,18:00,1EA4381,02. Hafta,MERSİN SPOR,67 - 57,ALİAĞA PETKİMSPOR,,MERSİN,Servet Tazegül Spor Salonu | ,beIN SPORTS 5,EMİN MOĞULKOÇ,MUSA KAZIM ÇETİN,UĞUR AKYILDIZ,MEYMİNE MİNE YAZGÖNÜL,BÜŞRA İLCAY,BETÜL ÖZCAN,TUFAN EZER,SABAHİTTİN KAZAN,Servet Tazegül Spor Salonu
14.10.2024,19:00,1EA4380,02. Hafta,DARÜŞŞAFAKA LASSA,94 - 86,MANİSA BASKET DİVİSSA,,İSTANBUL,Darüşşafaka Ayhan Şahenk Spor Salonu | ,beIN SPORTS 5,HÜSEYİN ÇELİK,ALPER ÖZGÖK,TOLGA AKKUŞOĞLU,EMRULLAH DAĞ,GÖKHAN ALTUNTAŞ,MERT İĞDELİ,HİLMİ CANKUT AYNAR,ŞERMİN NAZLIGÜL,Darüşşafaka Ayhan Şahenk Spor Salonu
19.10.2024,15:30,1EA4382,03. Hafta,YUKATEL MERKEZEFENDİ BELEDİYESİ BASKET,72 - 86,BEŞİKTAŞ FIBABANKA,,DENİZLİ,Pamukkale Üniversitesi Spor Salonu | ,beIN SPORTS 5,KEREM BAKİ,MEHMET SERDAR ÜNAL,MUSA KAZIM ÇETİN,MERT ELMA,MELTEM ARABACI,FATMA NUR DİKMEN ÇOBAN,SELİN BAYRAM DOĞRAMACI,AHMET ERYÜRÜK,Pamukkale Üniversitesi Spor Salonu
19.10.2024,18:00,1EA4385,03. Hafta,TÜRK TELEKOM,82 - 64,SEMT77 YALOVASPOR,,ANKARA,Ankara Spor Salonu | ,"beIN SPORTS 5,beIN SPORTS HABER",YENER YILMAZ,KAAN BÜYÜKÇİL,BURAK YILMAZ,ERGÜN GÜNGÖR,DOĞUKAN TOPRAK,RESUL GEÇER,ANIL ENDER DURGUN,NİHAN ÜNSAL,Ankara Spor Salonu
19.10.2024,20:30,1EA4388,03. Hafta,MANİSA BASKET DİVİSSA,67 - 74,ALİAĞA PETKİMSPOR,,MANİSA,Muradiye Spor Salonu | ,beIN SPORTS 5,MEHMET ŞAHİN,ORHAN ÇAĞRI HEKİMOĞLU,MURAT CİNER,GÖRKEM BIÇAKCIOĞLU,OSMAN CİNGİL,ÜMİT KONCA,ESRA HOZANLI,HEDİYE AYTAŞ SARIASLAN,Muradiye Spor Salonu
20.10.2024,13:00,1EA4389,03. Hafta,KARŞIYAKA,107 - 81,MERSİN SPOR,,İZMİR,Mustafa Kemal Atatürk Karşıyaka Spor Salonu | ,beIN SPORTS 5,ZİYA ÖZORHON,SEHER AYŞE NUR YAZICIOĞLU,TOLGA AKKUŞOĞLU,İBRAHİM EMRE AYDEMİR,MESUT KARABULUT,CEREN ARIKAN BAYKUŞ,OKAN ÇETİNBAŞ,YEŞİM KOÇ,Mustafa Kemal Atatürk Karşıyaka Spor Salonu
20.10.2024,15:30,1EA4384,03. Hafta,TOFAŞ,93 - 86,ONVO BÜYÜKÇEKMECE BASKETBOL,,BURSA,Tofaş Spor Salonu | ,beIN SPORTS 5,HÜSEYİN ÇELİK,TOLGA EDİS,NAZLI ÇİSİL GÜNGÖR,EBRU ÖZTAŞKIRAN,ELİF ERGÜÇ,SEVDA USTA,ERAY BABAHANOĞLU,TEOMAN ÖYLEK,Tofaş Spor Salonu
20.10.2024,18:00,1EA4383,03. Hafta,BAHÇEŞEHİR KOLEJİ,80 - 86,GALATASARAY,,İSTANBUL,Sinan Erdem Spor Salonu | ,beIN SPORTS 5,CAN MAVİSU,ALPER ALTUĞ KÖSELERLİ,KEREM YILMAZ,EMİN FAZIL KESERATAR,KEREM SIRMAGİL,ALPER LAÇİNKAYA,GÖKHAN BAŞARAN,YUSUF YELESDAĞ,Sinan Erdem Spor Salonu
20.10.2024,20:30,1EA4386,03. Hafta,FENERBAHÇE BEKO,95 - 78,BURSASPOR YÖRSAN,,İSTANBUL,Ülker Spor ve Etkinlik Salonu | ,beIN SPORTS 5,ÖZLEM YALMAN,ALİ ŞAKACI,ÖZGE ŞENTÜRK BAYRAKTAR,SEVGİNAZ DIRAHOR,SİNAN ERSOY,ZEHRA AKAN,DUYGU USTAOĞLU,EDA ELFİDAN,Ülker Spor ve Etkinlik Salonu
21.10.2024,19:00,1EA4387,03. Hafta,ANADOLU EFES,95 - 72,DARÜŞŞAFAKA LASSA,,İSTANBUL,Basketbol Gelişim Merkezi | ,"beIN SPORTS 5,beIN SPORTS HABER",EMİN MOĞULKOÇ,POLAT PARLAK,DUHAN KÖYİÇİ,ERKAN URASLI,ÖZLEM TUNA,ZAFER RİFAİ,TUĞÇE KAYA,SEMRA AKDUMAN,Basketbol Gelişim Merkezi
26.10.2024,13:00,1EA4392,04. Hafta,SEMT77 YALOVASPOR,65 - 77,TOFAŞ,,YALOVA,90. Yıl Spor Salonu | ,beIN SPORTS 5,MEHMET SERDAR ÜNAL,ZİYA ÖZORHON,ALPER GÖKÇEBEL,ÖMER KESKİN,ZELİHA DEMİR,NURSEVİL AKYOL,HANİFE CELEPOĞLU,İBRAHİM HALİL SİVİL,90. Yıl Spor Salonu
26.10.2024,15:30,1EA4395,04. Hafta,ALİAĞA PETKİMSPOR,79 - 85,ANADOLU EFES,,İZMİR,Enka Spor Salonu | ,beIN SPORTS 5,ALPER ALTUĞ KÖSELERLİ,ALPER ÖZGÖK,TOLGA AKKUŞOĞLU,AHMET ÖNEY,İLAYDA DİNÇEL,ÇAĞATAY KAMER VANLIOĞLU,CEMRE ÇEKAL,OKAN ÇETİNBAŞ,Enka Spor Salonu
26.10.2024,18:00,1EA4397,04. Hafta,BEŞİKTAŞ FIBABANKA,89 - 82,KARŞIYAKA,,İSTANBUL,BJK Fibabanka Spor Kompleksi | ,"beIN SPORTS 5,beIN SPORTS HABER",HÜSEYİN ÇELİK,TOLGA EDİS,POLAT PARLAK,FERHAT SUNA,ŞERMİN NAZLIGÜL,ZAFER RİFAİ,TUĞÇE KAYA,YÜKSEL NAZLIGÜL,BJK Fibabanka Spor Kompleksi
26.10.2024,20:30,1EA4391,04. Hafta,BAHÇEŞEHİR KOLEJİ,76 - 70,ONVO BÜYÜKÇEKMECE BASKETBOL,,İSTANBUL,Sinan Erdem Spor Salonu | ,beIN SPORTS 5,ZAFER YILMAZ,MUSA KAZIM ÇETİN,MESUT ÖZTÜRK,MELİH ERGENE,GÜL URASLI,ALPER LAÇİNKAYA,ERMAN YÜCEL,DİNÇER ADİLLER,Sinan Erdem Spor Salonu
27.10.2024,13:00,1EA4393,04. Hafta,BURSASPOR YÖRSAN,94 - 90,TÜRK TELEKOM,,BURSA,Tofaş Spor Salonu | ,beIN SPORTS 5,MEHMET ŞAHİN,CAN MAVİSU,NAZLI ÇİSİL GÜNGÖR,HAKAN BEŞTEPE,ESRA SOLAK,SEVDA USTA,ELİF ERGÜÇ,ŞAFAK IRMAK SARAÇOĞLU,Tofaş Spor Salonu
27.10.2024,15:30,1EA4394,04. Hafta,DARÜŞŞAFAKA LASSA,87 - 97,FENERBAHÇE BEKO,,İSTANBUL,Darüşşafaka Ayhan Şahenk Spor Salonu | ,beIN SPORTS 5,YENER YILMAZ,SEHER AYŞE NUR YAZICIOĞLU,UĞUR AKYILDIZ,HALİL SERTDURAK,CEYDA KAPKAÇ,AHMET YILDIZ,PINAR YÜKSEL,EMRAH RİFAİ,Darüşşafaka Ayhan Şahenk Spor Salonu
27.10.2024,18:00,1EA4396,04. Hafta,MERSİN SPOR,97 - 88,MANİSA BASKET DİVİSSA,,MERSİN,Servet Tazegül Spor Salonu | ,"beIN SPORTS 5,beIN SPORTS HABER",KEREM BAKİ,KAAN BÜYÜKÇİL,HALİL ERKOÇ,YEŞİM ATUŞ KARAGÖZ,YELİZ KAZAN,ZEKİYE EZER,BERK MERT,RABİA YILDIZ ÖZTÜRK,Servet Tazegül Spor Salonu
27.10.2024,20:30,1EA4390,04. Hafta,GALATASARAY,84 - 78,YUKATEL MERKEZEFENDİ BELEDİYESİ BASKET,,İSTANBUL,Basketbol Gelişim Merkezi | ,beIN SPORTS 5,ALİ ŞAKACI,ORHAN ÇAĞRI HEKİMOĞLU,MURAT CİNER,BEKİR GENÇAL,HİLMİ CANKUT AYNAR,YUSUF YELESDAĞ,GÖKHAN BAŞARAN,MERT İĞDELİ,Basketbol Gelişim Merkezi
1.11.2024,19:00,1EA4399,05. Hafta,BAHÇEŞEHİR KOLEJİ,83 - 82,SEMT77 YALOVASPOR,,İSTANBUL,Sinan Erdem Spor Salonu | ,"beIN SPORTS 5,beIN SPORTS HABER",ALİ ŞAKACI,ÖZGE ŞENTÜRK BAYRAKTAR,HALİL ERKOÇ,FURKAN DEDE,TUĞÇE KAYA,YUSUF YELESDAĞ,ONUR İLHAN,GÜL URASLI,Sinan Erdem Spor Salonu
2.11.2024,13:00,1EA4401,05. Hafta,TÜRK TELEKOM,105 - 68,DARÜŞŞAFAKA LASSA,,ANKARA,Ankara Spor Salonu | ,beIN SPORTS 5,ZAFER YILMAZ,ORHAN ÇAĞRI HEKİMOĞLU,ALPER GÖKÇEBEL,GÖKHAN ZEKERİYA ARSLAN,MELİKE DENİZ BAYRAM,PELİN KUZU,BURCU NUR KIVRAK,FATİH ŞEN,Ankara Spor Salonu
2.11.2024,15:30,1EA4405,05. Hafta,BEŞİKTAŞ FIBABANKA,72 - 66,MERSİN SPOR,,İSTANBUL,BJK Fibabanka Spor Kompleksi | ,beIN SPORTS 5,MEHMET ŞAHİN,ALPER ALTUĞ KÖSELERLİ,BURAK YILMAZ,SEVGİNAZ DIRAHOR,DİLARA YEŞİLDAL,ALPER LAÇİNKAYA,HİLMİ CANKUT AYNAR,ALPKAN HACIYAKUPOĞLU,BJK Fibabanka Spor Kompleksi
2.11.2024,18:00,1EA4404,05. Hafta,KARŞIYAKA,94 - 81,GALATASARAY,,İZMİR,Mustafa Kemal Atatürk Karşıyaka Spor Salonu | ,"beIN SPORTS 5,beIN SPORTS HABER",KEREM BAKİ,MEHMET SERDAR ÜNAL,UĞUR AKYILDIZ,DOĞAN HEPGÜVENDİK,GİZEM ÖZAYDIN,GÜLTEKİN DAĞDEVİREN,MEHMET AKINCI,CUMHUR AĞCAHAN,Mustafa Kemal Atatürk Karşıyaka Spor Salonu
3.11.2024,13:00,1EA4403,05. Hafta,ANADOLU EFES,85 - 73,MANİSA BASKET DİVİSSA,,İSTANBUL,Basketbol Gelişim Merkezi | ,beIN SPORTS 5,ÖZLEM YALMAN,TOLGA EDİS,MESUT ÖZTÜRK,SAVAŞ BAYRAM ERTÜRK,GÖKHAN ALTUNTAŞ,ZAFER RİFAİ,PINAR ŞAHİN,YÜKSEL NAZLIGÜL,Basketbol Gelişim Merkezi
3.11.2024,15:30,1EA4400,05. Hafta,TOFAŞ,94 - 71,BURSASPOR YÖRSAN,,BURSA,Tofaş Spor Salonu | ,beIN SPORTS 5,EMİN MOĞULKOÇ,KAAN BÜYÜKÇİL,KEREM YILMAZ,ÇETİN ŞİMŞEK,ELİF ERGÜÇ,SEVDA USTA,AYÇA ÜNLÜ,ABDULLAH KURT,Tofaş Spor Salonu
3.11.2024,18:00,1EA4402,05. Hafta,FENERBAHÇE BEKO,66 - 75,ALİAĞA PETKİMSPOR,,İSTANBUL,Ülker Spor ve Etkinlik Salonu | ,beIN SPORTS 5,CAN MAVİSU,ZİYA ÖZORHON,DUHAN KÖYİÇİ,EMİR GÜNEY,ZEHRA AKAN,SERHAT LEVENT,ESER FIRIL,BEKİR BAHÇE,Ülker Spor ve Etkinlik Salonu
3.11.2024,20:30,1EA4398,05. Hafta,YUKATEL MERKEZEFENDİ BELEDİYESİ BASKET,80 - 75,ONVO BÜYÜKÇEKMECE BASKETBOL,,DENİZLİ,Pamukkale Üniversitesi Spor Salonu | ,beIN SPORTS 5,YENER YILMAZ,ALPER ÖZGÖK,POLAT PARLAK,EMRE BAŞA,MELTEM ARABACI,MELEK ERYÜRÜK,MUHAMMET SALİH KARA,AYŞE ERİŞ,Pamukkale Üniversitesi Spor Salonu
9.11.2024,13:00,1EA4412,06. Hafta,ONVO BÜYÜKÇEKMECE BASKETBOL,75 - 82,KARŞIYAKA,,İSTANBUL,Gazanfer Bilge Spor Salonu | ,beIN SPORTS 5,ALPER ALTUĞ KÖSELERLİ,KAAN BÜYÜKÇİL,ÖZGE ŞENTÜRK BAYRAKTAR,MELİH ERGENE,EMRECAN ÇAKIRCA,CEYDA KAPKAÇ,MELDA ÇAKIRCA,SEMRA AKDUMAN,Gazanfer Bilge Spor Salonu
9.11.2024,15:30,1EA4408,06. Hafta,DARÜŞŞAFAKA LASSA,78 - 87,TOFAŞ,,İSTANBUL,Darüşşafaka Ayhan Şahenk Spor Salonu | ,beIN SPORTS 5,MEHMET ŞAHİN,DUHAN KÖYİÇİ,TOLGA AKKUŞOĞLU,SEVGİNAZ DIRAHOR,KEREM SIRMAGİL,YUSUF YELESDAĞ,DİLARA YEŞİLDAL,ERMAN YÜCEL,Darüşşafaka Ayhan Şahenk Spor Salonu
9.11.2024,18:00,1EA4409,06. Hafta,ALİAĞA PETKİMSPOR,68 - 75,TÜRK TELEKOM,,İZMİR,Enka Spor Salonu | ,"beIN SPORTS 5,beIN SPORTS HABER",HÜSEYİN ÇELİK,SEHER AYŞE NUR YAZICIOĞLU,POLAT PARLAK,DOĞAN HEPGÜVENDİK,DİLEK KESGİN,ALİ DEVECİ,GÖKHAN YAZ,GÜLTEKİN DAĞDEVİREN,Enka Spor Salonu
9.11.2024,20:30,1EA4413,06. Hafta,GALATASARAY,91 - 88,BEŞİKTAŞ FIBABANKA,,İSTANBUL,Basketbol Gelişim Merkezi | ,beIN SPORTS 5,YENER YILMAZ,ALPER ÖZGÖK,ALPER GÖKÇEBEL,ERKAN URASLI,TUĞÇE KAYA,ZAFER RİFAİ,PINAR ŞAHİN,DİNÇER ADİLLER,Basketbol Gelişim Merkezi
10.11.2024,13:00,1EA4407,06. Hafta,BURSASPOR YÖRSAN,92 - 80,BAHÇEŞEHİR KOLEJİ,,BURSA,Tofaş Spor Salonu | ,beIN SPORTS 5,KEREM BAKİ,ZİYA ÖZORHON,BURAK YILMAZ,ELA ONAT,ESRA AL,NİDA ECE TÜZÜK,ESRA SOLAK,ŞAFAK IRMAK SARAÇOĞLU,Tofaş Spor Salonu
10.11.2024,15:30,1EA4411,06. Hafta,MERSİN SPOR,76 - 94,ANADOLU EFES,,MERSİN,Servet Tazegül Spor Salonu | ,beIN SPORTS 5,CAN MAVİSU,MEHMET SERDAR ÜNAL,MURAT CİNER,MEYMİNE MİNE YAZGÖNÜL,BÜŞRA İLCAY,HURİYE ERGENÇ,TUFAN EZER,SABAHİTTİN KAZAN,Servet Tazegül Spor Salonu
10.11.2024,18:00,1EA4410,06. Hafta,MANİSA BASKET DİVİSSA,82 - 90,FENERBAHÇE BEKO,,MANİSA,Muradiye Spor Salonu | ,"beIN SPORTS 5,beIN SPORTS HABER",ALİ ŞAKACI,MUSA KAZIM ÇETİN,KEREM YILMAZ,İBRAHİM EMRE AYDEMİR,ESRA GÜLSUYU,HEDİYE AYTAŞ SARIASLAN,ÜMİT KONCA,SALİH KARAKURT,Muradiye Spor Salonu
11.11.2024,19:00,1EA4406,06. Hafta,SEMT77 YALOVASPOR,90 - 76,YUKATEL MERKEZEFENDİ BELEDİYESİ BASKET,,YALOVA,90. Yıl Spor Salonu | ,beIN SPORTS 5,EMİN MOĞULKOÇ,ZAFER YILMAZ,UĞUR AKYILDIZ,HALİL SERTDURAK,ELMAS DEMİREL AYDEMİR,TAYFUN CAN DEMİR,GÜLEN SÖNMEZ,ESRA YOLCU ESEN,90. Yıl Spor Salonu
16.11.2024,13:00,1EA4421,07. Hafta,GALATASARAY,101 - 82,MERSİN SPOR,,İSTANBUL,Basketbol Gelişim Merkezi | ,beIN SPORTS 5,ZAFER YILMAZ,MEHMET KARABİLECEN,ÖZGE ŞENTÜRK BAYRAKTAR,ELA ONAT,ESİN MÜEZZİNOĞLU,ALPER LAÇİNKAYA,GÖKHAN ALTUNTAŞ,MERVE SAĞLAM,Basketbol Gelişim Merkezi
16.11.2024,15:30,1EA4419,07. Hafta,KARŞIYAKA,104 - 81,SEMT77 YALOVASPOR,,İZMİR,Mustafa Kemal Atatürk Karşıyaka Spor Salonu | ,beIN SPORTS 5,MEHMET ŞAHİN,AHMET TATLICI,TOLGA AKKUŞOĞLU,KAAN KARTAL,BERRİN TURAN,MESUT KARABULUT,ÇAĞATAY KAMER VANLIOĞLU,OSMAN ARKIN BARUTCU,Mustafa Kemal Atatürk Karşıyaka Spor Salonu
16.11.2024,18:00,1EA4420,07. Hafta,BEŞİKTAŞ FIBABANKA,95 - 84,ONVO BÜYÜKÇEKMECE BASKETBOL,,İSTANBUL,BJK Fibabanka Spor Kompleksi | ,"beIN SPORTS 5,beIN SPORTS HABER",CAN MAVİSU,ZİYA ÖZORHON,ORHAN ÇAĞRI HEKİMOĞLU,ÖMER KESKİN,EMRAH RİFAİ,CEYDA KAPKAÇ,ALPKAN HACIYAKUPOĞLU,DİNÇER ADİLLER,BJK Fibabanka Spor Kompleksi
16.11.2024,20:30,1EA4417,07. Hafta,TÜRK TELEKOM,80 - 85,MANİSA BASKET DİVİSSA,,ANKARA,Ankara Spor Salonu | ,beIN SPORTS 5,YENER YILMAZ,FATİH ARSLANOĞLU,DUHAN KÖYİÇİ,ERDEM EFE,FİKRET MERCAN,VEYSEL SİNAN TUNCER,YENER SALMAN,TUNCER ULUŞEKER,Ankara Spor Salonu
17.11.2024,13:00,1EA4415,07. Hafta,BAHÇEŞEHİR KOLEJİ,84 - 73,DARÜŞŞAFAKA LASSA,,İSTANBUL,Sinan Erdem Spor Salonu | ,beIN SPORTS 5,KAAN BÜYÜKÇİL,ALPER ALTUĞ KÖSELERLİ,NAZLI ÇİSİL GÜNGÖR,FERHAT SUNA,ŞAZİYE SİMSAR YAKIN,GÜL URASLI,EMRECAN ÇAKIRCA,YÜKSEL NAZLIGÜL,Sinan Erdem Spor Salonu
17.11.2024,15:30,1EA4416,07. Hafta,TOFAŞ,107 - 99,ALİAĞA PETKİMSPOR,,BURSA,Tofaş Spor Salonu | ,beIN SPORTS 5,KEREM BAKİ,MEHMET SERDAR ÜNAL,BERK KURTULMUŞ,HAKAN BEŞTEPE,AYÇA ÜNLÜ,SEVDA USTA,ELİF ERGÜÇ,ERAY BABAHANOĞLU,Tofaş Spor Salonu
17.11.2024,18:00,1EA4414,07. Hafta,YUKATEL MERKEZEFENDİ BELEDİYESİ BASKET,74 - 88,BURSASPOR YÖRSAN,,DENİZLİ,Pamukkale Üniversitesi Spor Salonu | ,"beIN SPORTS 5,beIN SPORTS HABER",ALİ SERKAN EMLEK,SEHER AYŞE NUR YAZICIOĞLU,BATUHAN SÖYLEMEZOĞLU,MEHMET KANER,SELİN BAYRAM DOĞRAMACI,MELEK ERYÜRÜK,MELTEM ARABACI,AHMET ERYÜRÜK,Pamukkale Üniversitesi Spor Salonu
17.11.2024,20:30,1EA4418,07. Hafta,FENERBAHÇE BEKO,86 - 72,ANADOLU EFES,,İSTANBUL,Ülker Spor ve Etkinlik Salonu | ,beIN SPORTS 5,EMİN MOĞULKOÇ,HÜSEYİN ÇELİK,UĞUR AKYILDIZ,HALİL SERTDURAK,ESER FIRIL,SERHAT LEVENT,ALTAN CANDAN,ZEHRA AKAN,Ülker Spor ve Etkinlik Salonu
29.11.2024,19:00,1EA4424,08. Hafta,MANİSA BASKET DİVİSSA,106 - 109,TOFAŞ,,MANİSA,Muradiye Spor Salonu | ,"beIN SPORTS 5,beIN SPORTS HABER",ALİ SERKAN EMLEK,MEHMET KARABİLECEN,AHMET TATLICI,GÖRKEM BIÇAKCIOĞLU,RAMAZAN YAŞAR,ÜMİT KONCA,ZEKERİYA YAŞAR,SALİH KARAKURT,Muradiye Spor Salonu
30.11.2024,15:30,1EA4429,08. Hafta,ONVO BÜYÜKÇEKMECE BASKETBOL,65 - 76,GALATASARAY,,İSTANBUL,Gazanfer Bilge Spor Salonu | ,beIN SPORTS 5,YENER YILMAZ,FATİH ARSLANOĞLU,MESUT ÖZTÜRK,EMİN FAZIL KESERATAR,TUĞÇE KAYA,DİNÇER ADİLLER,GÜLİZ KONCA ADİLLER,ERMAN YÜCEL,Gazanfer Bilge Spor Salonu
30.11.2024,18:00,1EA4423,08. Hafta,ALİAĞA PETKİMSPOR,88 - 92,BAHÇEŞEHİR KOLEJİ,,İZMİR,Enka Spor Salonu | ,"beIN SPORTS 5,beIN SPORTS HABER",MEHMET ŞAHİN,TOLGA EDİS,TOLGA AKKUŞOĞLU,DİDEM SÜER,GİZEM ÖZAYDIN,GÜLTEKİN DAĞDEVİREN,BERRİN TURAN,MESUT KARABULUT,Enka Spor Salonu
30.11.2024,20:30,1EA4427,08. Hafta,BURSASPOR YÖRSAN,70 - 76,KARŞIYAKA,,BURSA,Tofaş Spor Salonu | ,beIN SPORTS 5,CAN MAVİSU,MEHMET SERDAR ÜNAL,POLAT PARLAK,ÇETİN ŞİMŞEK,ESRA AL,SEVDA USTA,TEOMAN ÖYLEK,ABDULLAH KURT,Tofaş Spor Salonu
1.12.2024,15:30,1EA4428,08. Hafta,SEMT77 YALOVASPOR,71 - 91,BEŞİKTAŞ FIBABANKA,,YALOVA,90. Yıl Spor Salonu | ,beIN SPORTS 5,ÖZLEM YALMAN,MURAT CİNER,KEREM YILMAZ,NAİM ÖZYEŞİLPINAR,EMİNE AK,NAZMİYE BIYIKOĞLU,AYNUR SAĞINDIK,İBRAHİM HALİL SİVİL,90. Yıl Spor Salonu
1.12.2024,18:00,1EA4426,08. Hafta,MERSİN SPOR,69 - 98,FENERBAHÇE BEKO,,MERSİN,Servet Tazegül Spor Salonu | ,beIN SPORTS 5,KEREM BAKİ,KAAN BÜYÜKÇİL,ALPER ÖZGÖK,CENGİZ AKAR,CANER CANDAR,MUZAFFER HARUN ÖZSOY,LEVENT YORULMAZ,SABAHİTTİN KAZAN,Servet Tazegül Spor Salonu
1.12.2024,20:30,1EA4425,08. Hafta,ANADOLU EFES,86 - 81,TÜRK TELEKOM,,İSTANBUL,Basketbol Gelişim Merkezi | ,beIN SPORTS 5,ALPER ALTUĞ KÖSELERLİ,ZİYA ÖZORHON,MUSA KAZIM ÇETİN,AHMET MÜNİR GÖKMEN,MERVE SAĞLAM,ALPER LAÇİNKAYA,AYBERK PARALI,GÖKHAN BAŞARAN,Basketbol Gelişim Merkezi
2.12.2024,19:00,1EA4422,08. Hafta,DARÜŞŞAFAKA LASSA,88 - 68,YUKATEL MERKEZEFENDİ BELEDİYESİ BASKET,,İSTANBUL,Darüşşafaka Ayhan Şahenk Spor Salonu | ,beIN SPORTS 5,ALİ ŞAKACI,ORHAN ÇAĞRI HEKİMOĞLU,HALİL ERKOÇ,SAVAŞ BAYRAM ERTÜRK,MEHMET NECATİ EROĞUL,ALPKAN HACIYAKUPOĞLU,HİLMİ CANKUT AYNAR,YUSUF YELESDAĞ,Darüşşafaka Ayhan Şahenk Spor Salonu
6.12.2024,19:00,1EA4434,09. Hafta,KARŞIYAKA,101 - 86,DARÜŞŞAFAKA LASSA,,İZMİR,Mustafa Kemal Atatürk Karşıyaka Spor Salonu | ,"beIN SPORTS 5,beIN SPORTS HABER",MEHMET KARABİLECEN,FATİH ARSLANOĞLU,BATUHAN SÖYLEMEZOĞLU,AHMET ÖNEY,EMİNE KALKAN,ALİ DEVECİ,YEŞİM KOÇ,ŞAHİN ŞANLI,Mustafa Kemal Atatürk Karşıyaka Spor Salonu
7.12.2024,15:30,1EA4430,09. Hafta,YUKATEL MERKEZEFENDİ BELEDİYESİ BASKET,95 - 85,ALİAĞA PETKİMSPOR,,DENİZLİ,Pamukkale Üniversitesi Spor Salonu | ,beIN SPORTS 5,KAAN BÜYÜKÇİL,ZİYA ÖZORHON,ÖZGE ŞENTÜRK BAYRAKTAR,MEHMET KANER,FATMA NUR DİKMEN ÇOBAN,MELEK ERYÜRÜK,SELİN BAYRAM DOĞRAMACI,AYŞE ERİŞ,Pamukkale Üniversitesi Spor Salonu
7.12.2024,18:00,1EA4437,09. Hafta,ONVO BÜYÜKÇEKMECE BASKETBOL,96 - 97,MERSİN SPOR,,İSTANBUL,Gazanfer Bilge Spor Salonu | ,beIN SPORTS 5,MEHMET ŞAHİN,DUHAN KÖYİÇİ,TOLGA AKKUŞOĞLU,MELİH ERGENE,BERNA ÇOLAK,YUSUF YELESDAĞ,ÖYKÜ GÜNGÖR,HAKAN ÜNAL,Gazanfer Bilge Spor Salonu
7.12.2024,20:30,1EA4431,09. Hafta,BAHÇEŞEHİR KOLEJİ,86 - 71,MANİSA BASKET DİVİSSA,,İSTANBUL,Sinan Erdem Spor Salonu | ,beIN SPORTS 5,HÜSEYİN ÇELİK,SEHER AYŞE NUR YAZICIOĞLU,POLAT PARLAK,MELİK YİĞİT BAYINDIR,GÜLİZ KONCA ADİLLER,ALPER LAÇİNKAYA,CEYDA KAPKAÇ,DİNÇER ADİLLER,Sinan Erdem Spor Salonu
8.12.2024,15:30,1EA4435,09. Hafta,BEŞİKTAŞ FIBABANKA,86 - 95,BURSASPOR YÖRSAN,,İSTANBUL,BJK Fibabanka Spor Kompleksi | ,beIN SPORTS 5,EMİN MOĞULKOÇ,ZAFER YILMAZ,UĞUR AKYILDIZ,ERKAN URASLI,PINAR YÜKSEL,ALPKAN HACIYAKUPOĞLU,LAL DENİZ ÇELİKER,GÜL URASLI,BJK Fibabanka Spor Kompleksi
8.12.2024,18:00,1EA4433,09. Hafta,TÜRK TELEKOM,73 - 85,FENERBAHÇE BEKO,,ANKARA,Ankara Spor Salonu | ,"beIN SPORTS 5,beIN SPORTS HABER",ÖZLEM YALMAN,ORHAN ÇAĞRI HEKİMOĞLU,BERK KURTULMUŞ,HALDUN KUNT,SİBEL FAZLIOĞLU,FATİH ŞEN,ALPER KESEN,FATİH DEMİRCİ,Ankara Spor Salonu
8.12.2024,20:30,1EA4432,09. Hafta,TOFAŞ,77 - 70,ANADOLU EFES,,BURSA,Tofaş Spor Salonu | ,beIN SPORTS 5,YENER YILMAZ,ALİ ŞAKACI,NAZLI ÇİSİL GÜNGÖR,HAKAN BEŞTEPE,AYÇA ÜNLÜ,SEVDA USTA,ESRA SOLAK,ABDULLAH KURT,Tofaş Spor Salonu
9.12.2024,19:00,1EA4436,09. Hafta,GALATASARAY,79 - 69,SEMT77 YALOVASPOR,,İSTANBUL,Basketbol Gelişim Merkezi | ,beIN SPORTS 5,ALİ SERKAN EMLEK,ALPER ÖZGÖK,AHMET TATLICI,HÜSEYİN OSMAN BÜYÜKGÖKSU,ŞERMİN NAZLIGÜL,ZAFER RİFAİ,YÜKSEL NAZLIGÜL,YUSUF YELESDAĞ,Basketbol Gelişim Merkezi
13.12.2024,20:30,1EA4444,10. Hafta,BURSASPOR YÖRSAN,82 - 105,GALATASARAY,,BURSA,Tofaş Spor Salonu | ,beIN SPORTS 5,ALİ ŞAKACI,DUHAN KÖYİÇİ,MUSA KAZIM ÇETİN,ÇETİN ŞİMŞEK,ŞAFAK IRMAK SARAÇOĞLU,NİDA ECE TÜZÜK,TEOMAN ÖYLEK,ESRA AL,Tofaş Spor Salonu
14.12.2024,15:30,1EA4441,10. Hafta,MERSİN SPOR,95 - 73,TÜRK TELEKOM,,MERSİN,Servet Tazegül Spor Salonu | ,beIN SPORTS 5,EMİN MOĞULKOÇ,TOLGA EDİS,MESUT ÖZTÜRK,EMRULLAH DAĞ,TÜRKAN KEKLİK,BERK MERT,SERAAY ŞİMŞEK,RABİA YILDIZ ÖZTÜRK,Servet Tazegül Spor Salonu
14.12.2024,18:00,1EA4442,10. Hafta,ALİAĞA PETKİMSPOR,83 - 82,KARŞIYAKA,,İZMİR,Enka Spor Salonu | ,"beIN SPORTS 5,beIN SPORTS HABER",ALİ SERKAN EMLEK,MURAT CİNER,HALİL ERKOÇ,DOĞAN HEPGÜVENDİK,CEMRE ÇEKAL,CUMHUR AĞCAHAN,SADIK ERGÜL,EMİNE KALKAN,Enka Spor Salonu
14.12.2024,20:30,1EA4440,10. Hafta,FENERBAHÇE BEKO,90 - 88,TOFAŞ,,İSTANBUL,Ülker Spor ve Etkinlik Salonu | ,beIN SPORTS 5,ZAFER YILMAZ,POLAT PARLAK,ALPER GÖKÇEBEL,MELİH ERGENE,DİDEM ARPACI KARAGÖZ,SERHAT LEVENT,ZEHRA AKAN,EDA ELFİDAN,Ülker Spor ve Etkinlik Salonu
15.12.2024,15:30,1EA4443,10. Hafta,DARÜŞŞAFAKA LASSA,76 - 91,BEŞİKTAŞ FIBABANKA,,İSTANBUL,Darüşşafaka Ayhan Şahenk Spor Salonu | ,beIN SPORTS 5,HÜSEYİN ÇELİK,AHMET TATLICI,BURAK YILMAZ,BEKİR GENÇAL,TUNA TAŞ,AHMET YILDIZ,KEREM SIRMAGİL,YUSUF YELESDAĞ,Darüşşafaka Ayhan Şahenk Spor Salonu
15.12.2024,18:00,1EA4438,10. Hafta,MANİSA BASKET DİVİSSA,80 - 75,YUKATEL MERKEZEFENDİ BELEDİYESİ BASKET,,MANİSA,Muradiye Spor Salonu | ,"beIN SPORTS 5,beIN SPORTS HABER",KEREM BAKİ,ALPER ALTUĞ KÖSELERLİ,NAZLI ÇİSİL GÜNGÖR,AHMET ÖNEY,OSMAN CİNGİL,ÜMİT KONCA,HEDİYE AYTAŞ SARIASLAN,SALİH KARAKURT,Muradiye Spor Salonu
15.12.2024,20:30,1EA4439,10. Hafta,ANADOLU EFES,93 - 80,BAHÇEŞEHİR KOLEJİ,,İSTANBUL,Basketbol Gelişim Merkezi | ,beIN SPORTS 5,CAN MAVİSU,MEHMET SERDAR ÜNAL,KEREM YILMAZ,ÖMER KESKİN,MERVE SAĞLAM,ALPER LAÇİNKAYA,EMRAH RİFAİ,ZAFER RİFAİ,Basketbol Gelişim Merkezi
16.12.2024,19:00,1EA4445,10. Hafta,SEMT77 YALOVASPOR,65 - 85,ONVO BÜYÜKÇEKMECE BASKETBOL,,YALOVA,90. Yıl Spor Salonu | ,beIN SPORTS 5,KAAN BÜYÜKÇİL,SEHER AYŞE NUR YAZICIOĞLU,BERK KURTULMUŞ,İBRAHİM EMRE AYDEMİR,NURAY SORUŞ,GÖKÇEN ŞAHİN,NURSEVİL AKYOL,ANIL BIYIKOĞLU,90. Yıl Spor Salonu
21.12.2024,15:30,1EA4453,11. Hafta,SEMT77 YALOVASPOR,93 - 60,MERSİN SPOR,,YALOVA,90. Yıl Spor Salonu | ,beIN SPORTS 5,CAN MAVİSU,ALPER ALTUĞ KÖSELERLİ,MUSA KAZIM ÇETİN,KORAY LEVENT  BİNGÖL,ELMAS DEMİREL AYDEMİR,GÜLEN SÖNMEZ,SELÇUK KURT,TAYFUN CAN DEMİR,90. Yıl Spor Salonu
21.12.2024,18:00,1EA4450,11. Hafta,BEŞİKTAŞ FIBABANKA,88 - 80,ALİAĞA PETKİMSPOR,,İSTANBUL,BJK Fibabanka Spor Kompleksi | ,"beIN SPORTS 5,beIN SPORTS HABER",YENER YILMAZ,FATİH ARSLANOĞLU,BATUHAN SÖYLEMEZOĞLU,BOĞAÇHAN ŞERBETCİOĞLU,VOLKAN ŞİMŞEK,ALPKAN HACIYAKUPOĞLU,PINAR ŞAHİN,ŞERMİN NAZLIGÜL,BJK Fibabanka Spor Kompleksi
21.12.2024,20:30,1EA4451,11. Hafta,GALATASARAY,100 - 82,DARÜŞŞAFAKA LASSA,,İSTANBUL,Basketbol Gelişim Merkezi | ,beIN SPORTS 5,MEHMET SERDAR ÜNAL,ZİYA ÖZORHON,ÖZGE ŞENTÜRK BAYRAKTAR,SAVAŞ BAYRAM ERTÜRK,GÜLİZ KONCA ADİLLER,AHMET YILDIZ,ERMAN YÜCEL,DİNÇER ADİLLER,Basketbol Gelişim Merkezi
22.12.2024,13:00,1EA4449,11. Hafta,KARŞIYAKA,103 - 91,MANİSA BASKET DİVİSSA,,İZMİR,Mustafa Kemal Atatürk Karşıyaka Spor Salonu | ,beIN SPORTS 5,EMİN MOĞULKOÇ,ORHAN ÇAĞRI HEKİMOĞLU,KEREM YILMAZ,DİDEM SÜER,İLAYDA DİNÇEL,ÇAĞATAY KAMER VANLIOĞLU,CEREN ARIKAN BAYKUŞ,OSMAN ARKIN BARUTCU,Mustafa Kemal Atatürk Karşıyaka Spor Salonu
22.12.2024,15:30,1EA4452,11. Hafta,ONVO BÜYÜKÇEKMECE BASKETBOL,84 - 87,BURSASPOR YÖRSAN,,İSTANBUL,Gazanfer Bilge Spor Salonu | ,beIN SPORTS 5,ALİ SERKAN EMLEK,ÖZLEM YALMAN,HÜSEYİN ÇELİK,MELİK YİĞİT BAYINDIR,ÖYKÜ GÜNGÖR,AHMET YILDIZ,BİROL ŞİMŞEK,SEMRA AKDUMAN,Gazanfer Bilge Spor Salonu
22.12.2024,18:00,1EA4448,11. Hafta,TOFAŞ,93 - 82,TÜRK TELEKOM,,BURSA,Tofaş Spor Salonu | ,"beIN SPORTS 5,beIN SPORTS HABER",KAAN BÜYÜKÇİL,ALPER ÖZGÖK,TOLGA AKKUŞOĞLU,HAKAN BEŞTEPE,TUĞBA ÖYLEK,NİDA ECE TÜZÜK,BÜŞRA HEKİMOĞLU,ŞAFAK IRMAK SARAÇOĞLU,Tofaş Spor Salonu
22.12.2024,20:30,1EA4447,11. Hafta,BAHÇEŞEHİR KOLEJİ,70 - 82,FENERBAHÇE BEKO,,İSTANBUL,Sinan Erdem Spor Salonu | ,beIN SPORTS 5,KEREM BAKİ,MEHMET ŞAHİN,MESUT ÖZTÜRK,HASAN VOLKAN  KARA,LAL DENİZ ÇELİKER,MERVE SAĞLAM,GÖKHAN BAŞARAN,GÜLTEKİN KABAŞ,Sinan Erdem Spor Salonu
23.12.2024,19:00,1EA4446,11. Hafta,YUKATEL MERKEZEFENDİ BELEDİYESİ BASKET,63 - 96,ANADOLU EFES,,DENİZLİ,Pamukkale Üniversitesi Spor Salonu | ,beIN SPORTS 5,ZAFER YILMAZ,MEHMET KARABİLECEN,DUHAN KÖYİÇİ,MEHMET KANER,SELİN BAYRAM DOĞRAMACI,FATMA NUR DİKMEN ÇOBAN,MUHAMMET SALİH KARA,AHMET ERYÜRÜK,Pamukkale Üniversitesi Spor Salonu
27.12.2024,19:00,1EA4455,12. Hafta,TÜRK TELEKOM,59 - 79,BAHÇEŞEHİR KOLEJİ,,ANKARA,Ankara Spor Salonu | ,"beIN SPORTS 5,beIN SPORTS HABER",MEHMET KARABİLECEN,AHMET TATLICI,BATUHAN SÖYLEMEZOĞLU,MEHMET KAŞİF BATTAL,BERNA EKBİÇ,ALİ MURAT SUNGUR,SÜLEYMAN YALÇIN TORUNOĞLU,FATMA ÇELİK,Ankara Spor Salonu
28.12.2024,15:30,1EA4456,12. Hafta,MERSİN SPOR,79 - 58,TOFAŞ,,MERSİN,Servet Tazegül Spor Salonu | ,beIN SPORTS 5,MEHMET ŞAHİN,SEHER AYŞE NUR YAZICIOĞLU,KEREM YILMAZ,FURKAN DEDE,BÜŞRA İLCAY,BERK MERT,RABİA YILDIZ ÖZTÜRK,TUFAN EZER,Servet Tazegül Spor Salonu
28.12.2024,18:00,1EA4460,12. Hafta,DARÜŞŞAFAKA LASSA,82 - 85,ONVO BÜYÜKÇEKMECE BASKETBOL,,İSTANBUL,Darüşşafaka Ayhan Şahenk Spor Salonu | ,"beIN SPORTS 5,beIN SPORTS HABER",ALİ ŞAKACI,ALPER ÖZGÖK,MURAT CİNER,ÖMER KESKİN,KEREM SIRMAGİL,ZAFER RİFAİ,GÜL URASLI,ALPKAN HACIYAKUPOĞLU,Darüşşafaka Ayhan Şahenk Spor Salonu
29.12.2024,15:30,1EA4457,12. Hafta,ANADOLU EFES,99 - 96,KARŞIYAKA,,İSTANBUL,Basketbol Gelişim Merkezi | ,beIN SPORTS 5,KEREM BAKİ,ZİYA ÖZORHON,ALPER GÖKÇEBEL,EMİN FAZIL KESERATAR,ŞERMİN NAZLIGÜL,YUSUF YELESDAĞ,BURHAN DEMİR,MERVE SAĞLAM,Basketbol Gelişim Merkezi
29.12.2024,18:00,1EA4459,12. Hafta,ALİAĞA PETKİMSPOR,77 - 94,GALATASARAY,,İZMİR,Enka Spor Salonu | ,beIN SPORTS 5,EMİN MOĞULKOÇ,ÖZLEM YALMAN,BURAK YILMAZ,DOĞAN HEPGÜVENDİK,EMİNE KALKAN,ALİ DEVECİ,GÜLTEKİN DAĞDEVİREN,MESUT KARABULUT,Enka Spor Salonu
29.12.2024,20:30,1EA4454,12. Hafta,FENERBAHÇE BEKO,91 - 72,YUKATEL MERKEZEFENDİ BELEDİYESİ BASKET,,İSTANBUL,Ülker Spor ve Etkinlik Salonu | ,beIN SPORTS 5,FATİH ARSLANOĞLU,MEHMET SERDAR ÜNAL,HALİL ERKOÇ,HÜSEYİN OSMAN BÜYÜKGÖKSU,ESER FIRIL,SERHAT LEVENT,ALTAN CANDAN,EBRU ULUDOĞAN,Ülker Spor ve Etkinlik Salonu
30.12.2024,18:00,1EA4458,12. Hafta,MANİSA BASKET DİVİSSA,94 - 88,BEŞİKTAŞ FIBABANKA,,MANİSA,Muradiye Spor Salonu | ,beIN SPORTS 5,CAN MAVİSU,TOLGA EDİS,BERK KURTULMUŞ,ELA ONAT,RAMAZAN YAŞAR,ÜMİT KONCA,SALİH KARAKURT,TUĞBERK ŞENGÜLDÜREN,Muradiye Spor Salonu
30.12.2024,20:30,1EA4461,12. Hafta,BURSASPOR YÖRSAN,104 - 93,SEMT77 YALOVASPOR,,BURSA,Tofaş Spor Salonu | ,beIN SPORTS 5,YENER YILMAZ,POLAT PARLAK,NAZLI ÇİSİL GÜNGÖR,HAKAN BEŞTEPE,ESRA SOLAK,ESRA AL,AYÇA ÜNLÜ,ERAY BABAHANOĞLU,Tofaş Spor Salonu
4.01.2025,13:00,1EA4467,13. Hafta,ONVO BÜYÜKÇEKMECE BASKETBOL,67 - 72,ALİAĞA PETKİMSPOR,,İSTANBUL,Gazanfer Bilge Spor Salonu | ,beIN SPORTS 5,MEHMET KARABİLECEN,ALPER ALTUĞ KÖSELERLİ,ORHAN ÇAĞRI HEKİMOĞLU,YAŞAR TERZİOĞLU,TEVFİK ATAY DEVELİ,YUSUF YELESDAĞ,BİROL ŞİMŞEK,SEMRA AKDUMAN,Gazanfer Bilge Spor Salonu
4.01.2025,15:30,1EA4466,13. Hafta,GALATASARAY,115 - 105,MANİSA BASKET DİVİSSA,,İSTANBUL,Basketbol Gelişim Merkezi | ,beIN SPORTS 5,MEHMET ŞAHİN,ALPER ÖZGÖK,TOLGA AKKUŞOĞLU,MELİH ERGENE,GÜLİZ KONCA ADİLLER,AHMET YILDIZ,DİNÇER ADİLLER,ZAFER RİFAİ,Basketbol Gelişim Merkezi
4.01.2025,18:00,1EA4469,13. Hafta,BURSASPOR YÖRSAN,85 - 97,MERSİN SPOR,,BURSA,Tofaş Spor Salonu | ,"beIN SPORTS 5,beIN SPORTS HABER",ZAFER YILMAZ,FATİH ARSLANOĞLU,AHMET TATLICI,DİDEM SÜER,BÜŞRA HEKİMOĞLU,TEOMAN ÖYLEK,NİDA ECE TÜZÜK,ŞAFAK IRMAK SARAÇOĞLU,Tofaş Spor Salonu
5.01.2025,15:30,1EA4462,13. Hafta,YUKATEL MERKEZEFENDİ BELEDİYESİ BASKET,75 - 86,TÜRK TELEKOM,,DENİZLİ,Pamukkale Üniversitesi Spor Salonu | ,beIN SPORTS 5,ÖZLEM YALMAN,ZİYA ÖZORHON,UĞUR AKYILDIZ,MERT ELMA,FATMA NUR DİKMEN ÇOBAN,MELEK ERYÜRÜK,AYŞE ERİŞ,AHMET ERYÜRÜK,Pamukkale Üniversitesi Spor Salonu
5.01.2025,18:00,1EA4465,13. Hafta,BEŞİKTAŞ FIBABANKA,87 - 70,ANADOLU EFES,,İSTANBUL,BJK Fibabanka Spor Kompleksi | ,"beIN SPORTS 5,beIN SPORTS HABER",EMİN MOĞULKOÇ,KAAN BÜYÜKÇİL,MURAT CİNER,EMRULLAH DAĞ,TUĞÇE KAYA,ALPER LAÇİNKAYA,EMRAH RİFAİ,ALPKAN HACIYAKUPOĞLU,BJK Fibabanka Spor Kompleksi
5.01.2025,20:30,1EA4464,13. Hafta,KARŞIYAKA,90 - 101,FENERBAHÇE BEKO,,İZMİR,Mustafa Kemal Atatürk Karşıyaka Spor Salonu | ,beIN SPORTS 5,YENER YILMAZ,CAN MAVİSU,MUSA KAZIM ÇETİN,AHMET ÖNEY,GİZEM ÖZAYDIN,ALİ DEVECİ,ŞAHİN ŞANLI,OKAN ÇETİNBAŞ,Mustafa Kemal Atatürk Karşıyaka Spor Salonu
6.01.2025,18:00,1EA4463,13. Hafta,BAHÇEŞEHİR KOLEJİ,85 - 78,TOFAŞ,,İSTANBUL,Sinan Erdem Spor Salonu | ,beIN SPORTS 5,HÜSEYİN ÇELİK,MEHMET SERDAR ÜNAL,ÖZGE ŞENTÜRK BAYRAKTAR,AHMET MÜNİR GÖKMEN,KEREM SIRMAGİL,GÜLTEKİN KABAŞ,PINAR ŞAHİN,MERVE SAĞLAM,Sinan Erdem Spor Salonu
6.01.2025,20:30,1EA4468,13. Hafta,SEMT77 YALOVASPOR,75 - 70,DARÜŞŞAFAKA LASSA,,YALOVA,90. Yıl Spor Salonu | ,beIN SPORTS 5,ALİ SERKAN EMLEK,DUHAN KÖYİÇİ,MESUT ÖZTÜRK,HAKAN BEŞTEPE,EMİNE AK,NAZMİYE BIYIKOĞLU,ESRA YOLCU ESEN,İBRAHİM HALİL SİVİL,90. Yıl Spor Salonu
11.01.2025,13:00,1EA4476,14. Hafta,ALİAĞA PETKİMSPOR,93 - 65,SEMT77 YALOVASPOR,,İZMİR,Enka Spor Salonu | ,beIN SPORTS 5,ZAFER YILMAZ,ALPER ÖZGÖK,KEREM YILMAZ,DİDEM SÜER,MEHMET AKINCI,MESUT KARABULUT,SADIK ERGÜL,OSMAN ARKIN BARUTCU,Enka Spor Salonu
11.01.2025,15:30,1EA4472,14. Hafta,TÜRK TELEKOM,95 - 73,KARŞIYAKA,,ANKARA,Ankara Spor Salonu | ,beIN SPORTS 5,ALPER ALTUĞ KÖSELERLİ,ALİ ŞAKACI,DUHAN KÖYİÇİ,ERDEM EFE,FEVZİ CAN ÜRESİN,AKIN AYTEKİN,MUSA SAFA SARI,ONUR YEŞİLBAĞ,Ankara Spor Salonu
11.01.2025,18:00,1EA4475,14. Hafta,MANİSA BASKET DİVİSSA,87 - 98,ONVO BÜYÜKÇEKMECE BASKETBOL,,MANİSA,Muradiye Spor Salonu | ,"beIN SPORTS 5,beIN SPORTS HABER",KEREM BAKİ,ZİYA ÖZORHON,BATUHAN SÖYLEMEZOĞLU,DOĞAN HEPGÜVENDİK,OSMAN CİNGİL,SALİH KARAKURT,RAUF ŞENEL,HEDİYE AYTAŞ SARIASLAN,Muradiye Spor Salonu
12.01.2025,13:00,1EA4471,14. Hafta,MERSİN SPOR,74 - 73,BAHÇEŞEHİR KOLEJİ,,MERSİN,Servet Tazegül Spor Salonu | ,beIN SPORTS 5,YENER YILMAZ,POLAT PARLAK,ALPER GÖKÇEBEL,MEHMET KAŞİF BATTAL,YELİZ KAZAN,RABİA YILDIZ ÖZTÜRK,AHMET ÖZDOĞAN,TUFAN EZER,Servet Tazegül Spor Salonu
12.01.2025,15:30,1EA4470,14. Hafta,TOFAŞ,91 - 80,YUKATEL MERKEZEFENDİ BELEDİYESİ BASKET,,BURSA,Tofaş Spor Salonu | ,beIN SPORTS 5,EMİN MOĞULKOÇ,MUSA KAZIM ÇETİN,BURAK YILMAZ,MUSTAFA DURGUT,SERKAN ILGAR,SEVDA USTA,NİDA ECE TÜZÜK,ERAY BABAHANOĞLU,Tofaş Spor Salonu
12.01.2025,18:00,1EA4473,14. Hafta,FENERBAHÇE BEKO,90 - 79,BEŞİKTAŞ FIBABANKA,,İSTANBUL,Ülker Spor ve Etkinlik Salonu | ,"beIN SPORTS 5,beIN SPORTS HABER",ALİ SERKAN EMLEK,MEHMET KARABİLECEN,NAZLI ÇİSİL GÜNGÖR,ÖMER KESKİN,ZEHRA AKAN,SERHAT LEVENT,EBRU ULUDOĞAN,DİDEM ARPACI KARAGÖZ,Ülker Spor ve Etkinlik Salonu
12.01.2025,20:30,1EA4474,14. Hafta,ANADOLU EFES,99 - 87,GALATASARAY,,İSTANBUL,Basketbol Gelişim Merkezi | ,beIN SPORTS 5,HÜSEYİN ÇELİK,SEHER AYŞE NUR YAZICIOĞLU,UĞUR AKYILDIZ,MELİK YİĞİT BAYINDIR,EMRAH RİFAİ,ALPER LAÇİNKAYA,YUSUF YELESDAĞ,ZAFER RİFAİ,Basketbol Gelişim Merkezi
13.01.2025,19:00,1EA4477,14. Hafta,DARÜŞŞAFAKA LASSA,85 - 81,BURSASPOR YÖRSAN,,İSTANBUL,Darüşşafaka Ayhan Şahenk Spor Salonu | ,beIN SPORTS 5,KAAN BÜYÜKÇİL,TOLGA EDİS,BERK KURTULMUŞ,ERKAN URASLI,PINAR ŞAHİN,YÜKSEL NAZLIGÜL,BURHAN DEMİR,ŞERMİN NAZLIGÜL,Darüşşafaka Ayhan Şahenk Spor Salonu
17.01.2025,19:00,1EA4483,15. Hafta,SEMT77 YALOVASPOR,79 - 74,MANİSA BASKET DİVİSSA,,YALOVA,90. Yıl Spor Salonu | ,"beIN SPORTS 5,beIN SPORTS HABER",FATİH ARSLANOĞLU,MEHMET SERDAR ÜNAL,UĞUR AKYILDIZ,SAVAŞ BAYRAM ERTÜRK,ELMAS DEMİREL AYDEMİR,NURAY SORUŞ,ZELİHA DEMİR,İBRAHİM HALİL SİVİL,90. Yıl Spor Salonu
18.01.2025,15:30,1EA4480,15. Hafta,BEŞİKTAŞ FIBABANKA,96 - 88,TÜRK TELEKOM,,İSTANBUL,BJK Fibabanka Spor Kompleksi | ,beIN SPORTS 5,YENER YILMAZ,POLAT PARLAK,ÖZGE ŞENTÜRK BAYRAKTAR,HÜSEYİN OSMAN BÜYÜKGÖKSU,DİLARA YEŞİLDAL,ALPKAN HACIYAKUPOĞLU,TUNA TAŞ,GÜLTEKİN KABAŞ,BJK Fibabanka Spor Kompleksi
18.01.2025,18:00,1EA4485,15. Hafta,DARÜŞŞAFAKA LASSA,89 - 81,MERSİN SPOR,,İSTANBUL,Darüşşafaka Ayhan Şahenk Spor Salonu | ,"beIN SPORTS 5,beIN SPORTS HABER",EMİN MOĞULKOÇ,ORHAN ÇAĞRI HEKİMOĞLU,BURAK YILMAZ,BEKİR GENÇAL,ŞERMİN NAZLIGÜL,ALPER LAÇİNKAYA,GÖKHAN BAŞARAN,ERMAN YÜCEL,Darüşşafaka Ayhan Şahenk Spor Salonu
18.01.2025,20:30,1EA4484,15. Hafta,BURSASPOR YÖRSAN,85 - 111,ALİAĞA PETKİMSPOR,,BURSA,Tofaş Spor Salonu | ,beIN SPORTS 5,MEHMET ŞAHİN,ALİ ŞAKACI,TOLGA AKKUŞOĞLU,EBRU ÖZTAŞKIRAN,ESRA AL,TEOMAN ÖYLEK,SUELNUR ÇELİK,ŞAFAK IRMAK SARAÇOĞLU,Tofaş Spor Salonu
19.01.2025,15:30,1EA4478,15. Hafta,YUKATEL MERKEZEFENDİ BELEDİYESİ BASKET,72 - 78,BAHÇEŞEHİR KOLEJİ,,DENİZLİ,Pamukkale Üniversitesi Spor Salonu | ,beIN SPORTS 5,ALİ SERKAN EMLEK,SEHER AYŞE NUR YAZICIOĞLU,MURAT CİNER,MEHMET KANER,AYŞE ERİŞ,MERYEM PEHLİVAN,MUHAMMED SALİH KAYA,AHMET ERYÜRÜK,Pamukkale Üniversitesi Spor Salonu
19.01.2025,18:00,1EA4479,15. Hafta,KARŞIYAKA,81 - 93,TOFAŞ,,İZMİR,Mustafa Kemal Atatürk Karşıyaka Spor Salonu | ,beIN SPORTS 5,ÖZLEM YALMAN,KAAN BÜYÜKÇİL,NAZLI ÇİSİL GÜNGÖR,GÖRKEM BIÇAKCIOĞLU,EMİNE KALKAN,GÜLTEKİN DAĞDEVİREN,MEHMET AKINCI,ÇAĞATAY KAMER VANLIOĞLU,Mustafa Kemal Atatürk Karşıyaka Spor Salonu
19.01.2025,20:30,1EA4481,15. Hafta,GALATASARAY,81 - 95,FENERBAHÇE BEKO,,İSTANBUL,Basketbol Gelişim Merkezi | ,beIN SPORTS 5,KEREM BAKİ,ALPER ALTUĞ KÖSELERLİ,BATUHAN SÖYLEMEZOĞLU,SEVGİNAZ DIRAHOR,GÜLİZ KONCA ADİLLER,ZAFER RİFAİ,MERVE SAĞLAM,DİNÇER ADİLLER,Basketbol Gelişim Merkezi
20.01.2025,19:00,1EA4482,15. Hafta,ONVO BÜYÜKÇEKMECE BASKETBOL,91 - 89,ANADOLU EFES,,İSTANBUL,Gazanfer Bilge Spor Salonu | ,beIN SPORTS 5,CAN MAVİSU,AHMET TATLICI,MESUT ÖZTÜRK,MELİH ERGENE,ÖYKÜ GÜNGÖR,ERMAN YÜCEL,BİROL ŞİMŞEK,SEMRA AKDUMAN,Gazanfer Bilge Spor Salonu
25.01.2025,13:00,1EA4493,16. Hafta,DARÜŞŞAFAKA LASSA,83 - 64,ALİAĞA PETKİMSPOR,,İSTANBUL,Darüşşafaka Ayhan Şahenk Spor Salonu | ,beIN SPORTS 5,CAN MAVİSU,ZİYA ÖZORHON,MUSA KAZIM ÇETİN,FERHAT SUNA,YUSUF TÜRKOĞLU,ZAFER RİFAİ,ŞERMİN NAZLIGÜL,KEREM SIRMAGİL,Darüşşafaka Ayhan Şahenk Spor Salonu
25.01.2025,15:30,1EA4487,16. Hafta,KARŞIYAKA,65 - 80,BAHÇEŞEHİR KOLEJİ,,İZMİR,Mustafa Kemal Atatürk Karşıyaka Spor Salonu | ,beIN SPORTS 5,MEHMET ŞAHİN,ORHAN ÇAĞRI HEKİMOĞLU,TOLGA AKKUŞOĞLU,DOĞAN HEPGÜVENDİK,CEMRE ÇEKAL,ÇAĞATAY KAMER VANLIOĞLU,SADIK ERGÜL,OKAN ÇETİNBAŞ,Mustafa Kemal Atatürk Karşıyaka Spor Salonu
25.01.2025,18:00,1EA4492,16. Hafta,BURSASPOR YÖRSAN,80 - 96,MANİSA BASKET DİVİSSA,,BURSA,Tofaş Spor Salonu | ,"beIN SPORTS 5,beIN SPORTS HABER",YENER YILMAZ,DUHAN KÖYİÇİ,ALPER GÖKÇEBEL,HAKAN BEŞTEPE,AYÇA ÜNLÜ,NİDA ECE TÜZÜK,ERAY BABAHANOĞLU,ABDULLAH KURT,Tofaş Spor Salonu
25.01.2025,20:30,1EA4488,16. Hafta,BEŞİKTAŞ FIBABANKA,95 - 70,TOFAŞ,,İSTANBUL,BJK Fibabanka Spor Kompleksi | ,beIN SPORTS 5,KEREM BAKİ,ALPER ALTUĞ KÖSELERLİ,UĞUR AKYILDIZ,FURKAN DEDE,GÜL URASLI,ALPER LAÇİNKAYA,EMRAH RİFAİ,ALPKAN HACIYAKUPOĞLU,BJK Fibabanka Spor Kompleksi
26.01.2025,15:30,1EA4486,16. Hafta,MERSİN SPOR,111 - 108,YUKATEL MERKEZEFENDİ BELEDİYESİ BASKET,,MERSİN,Servet Tazegül Spor Salonu | ,beIN SPORTS 5,HÜSEYİN ÇELİK,ALPER ÖZGÖK,KEREM YILMAZ,ERSİN ÇELİK,HURİYE ERGENÇ,BERK MERT,ERDİNÇ BOZKURT,LEVENT YORULMAZ,Servet Tazegül Spor Salonu
26.01.2025,18:00,1EA4489,16. Hafta,GALATASARAY,73 - 78,TÜRK TELEKOM,,İSTANBUL,Basketbol Gelişim Merkezi | ,"beIN SPORTS 5,beIN SPORTS HABER",ZAFER YILMAZ,TOLGA EDİS,MURAT CİNER,ERKAN URASLI,DİLARA YEŞİLDAL,YÜKSEL NAZLIGÜL,GÖKHAN BAŞARAN,MERVE SAĞLAM,Basketbol Gelişim Merkezi
26.01.2025,20:30,1EA4490,16. Hafta,ONVO BÜYÜKÇEKMECE BASKETBOL,73 - 78,FENERBAHÇE BEKO,,İSTANBUL,Gazanfer Bilge Spor Salonu | ,beIN SPORTS 5,KAAN BÜYÜKÇİL,MEHMET SERDAR ÜNAL,ÖZGE ŞENTÜRK BAYRAKTAR,YAŞAR SİNAN ÇELİKOĞLU,BURÇİN ÖZBAYRAKTAR,YUSUF YELESDAĞ,GÜLİZ KONCA ADİLLER,DİNÇER ADİLLER,Gazanfer Bilge Spor Salonu
27.01.2025,19:00,1EA4491,16. Hafta,SEMT77 YALOVASPOR,83 - 110,ANADOLU EFES,,YALOVA,90. Yıl Spor Salonu | ,beIN SPORTS 5,MEHMET KARABİLECEN,ALİ ŞAKACI,BERK KURTULMUŞ,MUSTAFA DURGUT,EMİNE AK,GÜLEN SÖNMEZ,HANİFE CELEPOĞLU,TAYFUN CAN DEMİR,90. Yıl Spor Salonu
1.02.2025,13:00,1EA4495,17. Hafta,BAHÇEŞEHİR KOLEJİ,85 - 90,BEŞİKTAŞ FIBABANKA,,İSTANBUL,Sinan Erdem Spor Salonu | ,beIN SPORTS 5,ZAFER YILMAZ,FATİH ARSLANOĞLU,TOLGA EDİS,HÜSEYİN OSMAN BÜYÜKGÖKSU,KEREM SIRMAGİL,ZAFER RİFAİ,HİLMİ CANKUT AYNAR,GÜL URASLI,Sinan Erdem Spor Salonu
1.02.2025,15:30,1EA4497,17. Hafta,TÜRK TELEKOM,101 - 105,ONVO BÜYÜKÇEKMECE BASKETBOL,,ANKARA,Ankara Spor Salonu | ,beIN SPORTS 5,MEHMET ŞAHİN,ALPER ALTUĞ KÖSELERLİ,BURAK YILMAZ,ERGÜN GÜNGÖR,SERKAN DOĞRUTÜRK,VEYSEL SİNAN TUNCER,HASAN BAŞKURT,SİMAY ÇAKMAK,Ankara Spor Salonu
1.02.2025,18:00,1EA4501,17. Hafta,ALİAĞA PETKİMSPOR,77 - 85,MERSİN SPOR,,İZMİR,Enka Spor Salonu | ,"beIN SPORTS 5,beIN SPORTS HABER",MEHMET KARABİLECEN,KEREM BAKİ,NAZLI ÇİSİL GÜNGÖR,AHMET ÖNEY,GİZEM ÖZAYDIN,ÖMER DURSUN,YEŞİM KOÇ,OSMAN ARKIN BARUTCU,Enka Spor Salonu
1.02.2025,20:30,1EA4496,17. Hafta,TOFAŞ,88 - 83,GALATASARAY,,BURSA,Tofaş Spor Salonu | ,beIN SPORTS 5,CAN MAVİSU,MEHMET SERDAR ÜNAL,POLAT PARLAK,ELA ONAT,ESRA SOLAK,SEVDA USTA,BÜŞRA HEKİMOĞLU,TEOMAN ÖYLEK,Tofaş Spor Salonu
2.02.2025,13:00,1EA4498,17. Hafta,FENERBAHÇE BEKO,100 - 94,SEMT77 YALOVASPOR,,İSTANBUL,Ülker Spor ve Etkinlik Salonu | ,beIN SPORTS 5,ZİYA ÖZORHON,AHMET TATLICI,TOLGA AKKUŞOĞLU,KORAY LEVENT  BİNGÖL,MERVE SERDAR,SERHAT LEVENT,MUSTAFA KEMAL PENPE,PERİHAN GİZEM ÜNSAL,Ülker Spor ve Etkinlik Salonu
2.02.2025,15:30,1EA4494,17. Hafta,YUKATEL MERKEZEFENDİ BELEDİYESİ BASKET,95 - 71,KARŞIYAKA,,DENİZLİ,Pamukkale Üniversitesi Spor Salonu | ,beIN SPORTS 5,YENER YILMAZ,MUSA KAZIM ÇETİN,MESUT ÖZTÜRK,EMRE BAŞA,MUHAMMED SALİH KAYA,MELTEM ARABACI,AKİF KARABİNA,FATMA NUR DİKMEN ÇOBAN,Pamukkale Üniversitesi Spor Salonu
2.02.2025,18:00,1EA4500,17. Hafta,MANİSA BASKET DİVİSSA,86 - 96,DARÜŞŞAFAKA LASSA,,MANİSA,Muradiye Spor Salonu | ,"beIN SPORTS 5,beIN SPORTS HABER",ALİ SERKAN EMLEK,SEHER AYŞE NUR YAZICIOĞLU,ALPER ÖZGÖK,İBRAHİM EMRE AYDEMİR,HEDİYE AYTAŞ SARIASLAN,ÜMİT KONCA,OSMAN CİNGİL,SALİH KARAKURT,Muradiye Spor Salonu
2.02.2025,20:30,1EA4499,17. Hafta,ANADOLU EFES,83 - 68,BURSASPOR YÖRSAN,,İSTANBUL,Basketbol Gelişim Merkezi | ,beIN SPORTS 5,EMİN MOĞULKOÇ,ÖZLEM YALMAN,BATUHAN SÖYLEMEZOĞLU,MELİK YİĞİT BAYINDIR,MERVE GÜLDAŞ,AHMET YILDIZ,ŞERMİN NAZLIGÜL,SEMRA AKDUMAN,Basketbol Gelişim Merkezi
7.02.2025,19:00,1EA4509,18. Hafta,MERSİN SPOR,94 - 87,KARŞIYAKA,,MERSİN,Servet Tazegül Spor Salonu | ,"beIN SPORTS 5,beIN SPORTS HABER",ZAFER YILMAZ,FATİH ARSLANOĞLU,UĞUR AKYILDIZ,BURAK DEDE,TÜRKAN KEKLİK,SABAHİTTİN KAZAN,SERAAY ŞİMŞEK,RABİA YILDIZ ÖZTÜRK,Servet Tazegül Spor Salonu
8.02.2025,15:30,1EA4502,18. Hafta,BEŞİKTAŞ FIBABANKA,102 - 77,YUKATEL MERKEZEFENDİ BELEDİYESİ BASKET,,İSTANBUL,BJK Fibabanka Spor Kompleksi | ,beIN SPORTS 5,ALİ ŞAKACI,MEHMET SERDAR ÜNAL,BATUHAN SÖYLEMEZOĞLU,MELİH ERGENE,MEHMET NECATİ EROĞUL,DİNÇER ADİLLER,GÜLİZ KONCA ADİLLER,ALPKAN HACIYAKUPOĞLU,BJK Fibabanka Spor Kompleksi
8.02.2025,18:00,1EA4503,18. Hafta,GALATASARAY,87 - 84,BAHÇEŞEHİR KOLEJİ,,İSTANBUL,Basketbol Gelişim Merkezi | ,"beIN SPORTS 5,beIN SPORTS HABER",ALİ SERKAN EMLEK,AHMET TATLICI,BERK KURTULMUŞ,HÜSEYİN OSMAN BÜYÜKGÖKSU,GÖKHAN ALTUNTAŞ,AHMET YILDIZ,CEYDA KAPKAÇ,GÜL URASLI,Basketbol Gelişim Merkezi
8.02.2025,20:30,1EA4506,18. Hafta,BURSASPOR YÖRSAN,97 - 98,FENERBAHÇE BEKO,,BURSA,Tofaş Spor Salonu | ,beIN SPORTS 5,MEHMET KARABİLECEN,SEHER AYŞE NUR YAZICIOĞLU,MURAT CİNER,DOĞAN HEPGÜVENDİK,AYÇA ÜNLÜ,NİDA ECE TÜZÜK,ERAY BABAHANOĞLU,ŞAFAK IRMAK SARAÇOĞLU,Tofaş Spor Salonu
9.02.2025,15:30,1EA4505,18. Hafta,SEMT77 YALOVASPOR,93 - 96,TÜRK TELEKOM,,YALOVA,90. Yıl Spor Salonu | ,beIN SPORTS 5,KEREM BAKİ,KAAN BÜYÜKÇİL,ALPER GÖKÇEBEL,ÖMER KESKİN,ELMAS DEMİREL AYDEMİR,NURAY SORUŞ,ZELİHA DEMİR,İBRAHİM HALİL SİVİL,90. Yıl Spor Salonu
9.02.2025,18:00,1EA4507,18. Hafta,DARÜŞŞAFAKA LASSA,67 - 83,ANADOLU EFES,,İSTANBUL,Darüşşafaka Ayhan Şahenk Spor Salonu | ,beIN SPORTS 5,YENER YILMAZ,ÖZGE ŞENTÜRK BAYRAKTAR,TOLGA EDİS,BOĞAÇHAN ŞERBETCİOĞLU,AYBERK PARALI,YÜKSEL NAZLIGÜL,GÜLTEKİN KABAŞ,ŞERMİN NAZLIGÜL,Darüşşafaka Ayhan Şahenk Spor Salonu
9.02.2025,20:30,1EA4504,18. Hafta,ONVO BÜYÜKÇEKMECE BASKETBOL,88 - 83,TOFAŞ,,İSTANBUL,Gazanfer Bilge Spor Salonu | ,beIN SPORTS 5,ZİYA ÖZORHON,ALPER ÖZGÖK,TOLGA AKKUŞOĞLU,EMİN FAZIL KESERATAR,BİROL ŞİMŞEK,BURHAN DEMİR,MURAT YAZ,SEMRA AKDUMAN,Gazanfer Bilge Spor Salonu
10.02.2025,19:00,1EA4508,18. Hafta,ALİAĞA PETKİMSPOR,80 - 89,MANİSA BASKET DİVİSSA,,İZMİR,Enka Spor Salonu | ,beIN SPORTS 5,EMİN MOĞULKOÇ,HÜSEYİN ÇELİK,KEREM YILMAZ,DİDEM SÜER,MEHMET AKINCI,ŞAHİN ŞANLI,CEREN ARIKAN BAYKUŞ,İLAYDA DİNÇEL,Enka Spor Salonu
28.02.2025,18:00,1EA4512,19. Hafta,TOFAŞ,105 - 90,SEMT77 YALOVASPOR,,BURSA,Tofaş Spor Salonu | ,beINSports,YENER YILMAZ,ALİ ŞAKACI,BATUHAN SÖYLEMEZOĞLU,İBRAHİM EMRE AYDEMİR,SUELNUR ÇELİK,SEVDA USTA,ERAY BABAHANOĞLU,TEOMAN ÖYLEK,Tofaş Spor Salonu
28.02.2025,20:30,1EA4517,19. Hafta,KARŞIYAKA,79 - 93,BEŞİKTAŞ FIBABANKA,,İZMİR,Mustafa Kemal Atatürk Karşıyaka Spor Salonu | ,beINSports,MEHMET KARABİLECEN,DUHAN KÖYİÇİ,BERK KURTULMUŞ,DOĞAN HEPGÜVENDİK,SADIK ERGÜL,ALİ DEVECİ,SENEM ARIN KOCATÜRK,CUMHUR AĞCAHAN,Mustafa Kemal Atatürk Karşıyaka Spor Salonu
1.03.2025,13:00,1EA4514,19. Hafta,FENERBAHÇE BEKO,91 - 75,DARÜŞŞAFAKA LASSA,,İSTANBUL,Ülker Spor ve Etkinlik Salonu | ,beINSports,CAN MAVİSU,MEHMET SERDAR ÜNAL,NAZLI ÇİSİL GÜNGÖR,HASAN VOLKAN  KARA,ESER FIRIL,SERHAT LEVENT,ZEHRA AKAN,PERİHAN GİZEM ÜNSAL,Ülker Spor ve Etkinlik Salonu
1.03.2025,15:30,1EA4516,19. Hafta,MANİSA BASKET DİVİSSA,105 - 100,MERSİN SPOR,,MANİSA,Muradiye Spor Salonu | ,beINSports,EMİN MOĞULKOÇ,ÖZLEM YALMAN,ORHAN ÇAĞRI HEKİMOĞLU,AHMET ÖNEY,OSMAN CİNGİL,ÜMİT KONCA,ZEKERİYA YAŞAR,SALİH KARAKURT,Muradiye Spor Salonu
1.03.2025,18:00,1EA4513,19. Hafta,TÜRK TELEKOM,76 - 93,BURSASPOR YÖRSAN,,ANKARA,Ankara Spor Salonu | ,beINSports,ALİ SERKAN EMLEK,ZAFER YILMAZ,FATİH ARSLANOĞLU,BURAK DEDE,BEYZA MERYEM BOLAT,FATİH DEMİRCİ,VEFA ÇELİK,BERNA EKBİÇ,Ankara Spor Salonu
2.03.2025,15:30,1EA4510,19. Hafta,YUKATEL MERKEZEFENDİ BELEDİYESİ BASKET,98 - 96,GALATASARAY,,DENİZLİ,Pamukkale Üniversitesi Spor Salonu | ,beINSports,KEREM BAKİ,ZİYA ÖZORHON,ALPER GÖKÇEBEL,GÖRKEM BIÇAKCIOĞLU,MELTEM ARABACI,FATMA NUR DİKMEN ÇOBAN,SELİN BAYRAM DOĞRAMACI,AHMET ERYÜRÜK,Pamukkale Üniversitesi Spor Salonu
2.03.2025,18:00,1EA4511,19. Hafta,ONVO BÜYÜKÇEKMECE BASKETBOL,102 - 93,BAHÇEŞEHİR KOLEJİ,,İSTANBUL,Gazanfer Bilge Spor Salonu | ,beINSports,ALPER ALTUĞ KÖSELERLİ,KAAN BÜYÜKÇİL,KEREM YILMAZ,MELİH ERGENE,GÜLİZ KONCA ADİLLER,YUSUF YELESDAĞ,YÜKSEL NAZLIGÜL,DİNÇER ADİLLER,Gazanfer Bilge Spor Salonu
2.03.2025,20:30,1EA4515,19. Hafta,ANADOLU EFES,101 - 103,ALİAĞA PETKİMSPOR,,İSTANBUL,Basketbol Gelişim Merkezi | ,beINSports,MEHMET ŞAHİN,POLAT PARLAK,TOLGA AKKUŞOĞLU,HÜSEYİN OSMAN BÜYÜKGÖKSU,EVİN ÖZDEMİR,AHMET YILDIZ,ŞERMİN NAZLIGÜL,GÖKHAN BAŞARAN,Basketbol Gelişim Merkezi
7.03.2025,20:30,1EA4519,20. Hafta,SEMT77 YALOVASPOR,88 - 89,BAHÇEŞEHİR KOLEJİ,,YALOVA,90. Yıl Spor Salonu | ,beINSports,HÜSEYİN ÇELİK,ALPER ÖZGÖK,UĞUR AKYILDIZ,ÇETİN ŞİMŞEK,ELMAS DEMİREL AYDEMİR,NAZMİYE BIYIKOĞLU,NURSEVİL AKYOL,ANIL BIYIKOĞLU,90. Yıl Spor Salonu
8.03.2025,15:30,1EA4521,20. Hafta,DARÜŞŞAFAKA LASSA,89 - 71,TÜRK TELEKOM,,İSTANBUL,Darüşşafaka Ayhan Şahenk Spor Salonu | ,beINSports,ÖZLEM YALMAN,ALİ ŞAKACI,POLAT PARLAK,MELİK YİĞİT BAYINDIR,ŞERMİN NAZLIGÜL,ZAFER RİFAİ,GÜLTEKİN KABAŞ,PINAR ŞAHİN,Darüşşafaka Ayhan Şahenk Spor Salonu
8.03.2025,18:00,1EA4524,20. Hafta,GALATASARAY,101 - 80,KARŞIYAKA,,İSTANBUL,Basketbol Gelişim Merkezi | ,beINSports,YENER YILMAZ,ORHAN ÇAĞRI HEKİMOĞLU,ÖZGE ŞENTÜRK BAYRAKTAR,MEYMİNE MİNE YAZGÖNÜL,KEREM SIRMAGİL,DİNÇER ADİLLER,GÜLİZ KONCA ADİLLER,ERMAN YÜCEL,Basketbol Gelişim Merkezi
8.03.2025,20:30,1EA4520,20. Hafta,BURSASPOR YÖRSAN,98 - 93,TOFAŞ,,BURSA,Tofaş Spor Salonu | ,beINSports,EMİN MOĞULKOÇ,MUSA KAZIM ÇETİN,MESUT ÖZTÜRK,HAKAN BEŞTEPE,ESRA AL,TEOMAN ÖYLEK,ESRA SOLAK,ŞAFAK IRMAK SARAÇOĞLU,Tofaş Spor Salonu
9.03.2025,13:00,1EA4525,20. Hafta,MERSİN SPOR,93 - 99,BEŞİKTAŞ FIBABANKA,,MERSİN,Servet Tazegül Spor Salonu | ,beINSports,ALİ SERKAN EMLEK,SEHER AYŞE NUR YAZICIOĞLU,KEREM YILMAZ,HALDUN KUNT,TÜRKAN KEKLİK,BÜŞRA İLCAY,HURİYE ERGENÇ,ZİYA ERTAŞ,Servet Tazegül Spor Salonu
9.03.2025,15:30,1EA4522,20. Hafta,ALİAĞA PETKİMSPOR,75 - 88,FENERBAHÇE BEKO,,İZMİR,Enka Spor Salonu | ,beINSports,ZAFER YILMAZ,TOLGA EDİS,BURAK YILMAZ,DOĞAN HEPGÜVENDİK,MEHMET AKINCI,İLAYDA DİNÇEL,GÖKHAN YAZ,OKAN ÇETİNBAŞ,Enka Spor Salonu
9.03.2025,18:00,1EA4518,20. Hafta,ONVO BÜYÜKÇEKMECE BASKETBOL,81 - 89,YUKATEL MERKEZEFENDİ BELEDİYESİ BASKET,,İSTANBUL,Gazanfer Bilge Spor Salonu | ,beINSports,MEHMET KARABİLECEN,AHMET TATLICI,BERK KURTULMUŞ,YAŞAR TERZİOĞLU,BURÇİN ÖZBAYRAKTAR,YUSUF YELESDAĞ,BİROL ŞİMŞEK,SEMRA AKDUMAN,Gazanfer Bilge Spor Salonu
10.03.2025,19:00,1EA4523,20. Hafta,MANİSA BASKET DİVİSSA,72 - 83,ANADOLU EFES,,MANİSA,Muradiye Spor Salonu | ,beINSports,FATİH ARSLANOĞLU,DUHAN KÖYİÇİ,MURAT CİNER,EBRU ÖZTAŞKIRAN,HEDİYE AYTAŞ SARIASLAN,ÜMİT KONCA,OSMAN CİNGİL,SALİH KARAKURT,Muradiye Spor Salonu
15.03.2025,15:30,1EA4532,21. Hafta,KARŞIYAKA,83 - 94,ONVO BÜYÜKÇEKMECE BASKETBOL,,İZMİR,Mustafa Kemal Atatürk Karşıyaka Spor Salonu | ,beINSports,ÖZLEM YALMAN,ALİ ŞAKACI,ALPER ÖZGÖK,EMRE BAŞA,CEMRE ÇEKAL,MESUT KARABULUT,YEŞİM KOÇ,ŞAHİN ŞANLI,Mustafa Kemal Atatürk Karşıyaka Spor Salonu
15.03.2025,18:00,1EA4533,21. Hafta,BEŞİKTAŞ FIBABANKA,92 - 77,GALATASARAY,,İSTANBUL,BJK Fibabanka Spor Kompleksi | ,beINSports,ZAFER YILMAZ,FATİH ARSLANOĞLU,NAZLI ÇİSİL GÜNGÖR,EMİN FAZIL KESERATAR,BERNA ÇOLAK,DİNÇER ADİLLER,GÜLİZ KONCA ADİLLER,GÖKHAN BAŞARAN,BJK Fibabanka Spor Kompleksi
15.03.2025,20:30,1EA4530,21. Hafta,FENERBAHÇE BEKO,77 - 73,MANİSA BASKET DİVİSSA,,İSTANBUL,Ülker Spor ve Etkinlik Salonu | ,beINSports,ALİ SERKAN EMLEK,SEHER AYŞE NUR YAZICIOĞLU,BERK KURTULMUŞ,HASAN VOLKAN  KARA,MEHMET KAPALIGÖZ,PERİHAN GİZEM ÜNSAL,SİNAN ERSOY,SERHAT LEVENT,Ülker Spor ve Etkinlik Salonu
16.03.2025,13:00,1EA4527,21. Hafta,BAHÇEŞEHİR KOLEJİ,92 - 67,BURSASPOR YÖRSAN,,İSTANBUL,Sinan Erdem Spor Salonu | ,beINSports,KEREM BAKİ,MEHMET SERDAR ÜNAL,ÖZGE ŞENTÜRK BAYRAKTAR,FERHAT SUNA,EMRAH RİFAİ,ZAFER RİFAİ,OSMAN AŞIK,GÜL URASLI,Sinan Erdem Spor Salonu
16.03.2025,15:30,1EA4529,21. Hafta,TÜRK TELEKOM,85 - 75,ALİAĞA PETKİMSPOR,,ANKARA,Ankara Spor Salonu | ,beINSports,KAAN BÜYÜKÇİL,ALPER ALTUĞ KÖSELERLİ,MESUT ÖZTÜRK,MEHMET KAŞİF BATTAL,AZRA ÖZKAN,ONUR YEŞİLBAĞ,EREN UYGUN,NİHAN ÜNSAL,Ankara Spor Salonu
16.03.2025,18:00,1EA4528,21. Hafta,TOFAŞ,111 - 93,DARÜŞŞAFAKA LASSA,,BURSA,Tofaş Spor Salonu | ,beINSports,MEHMET ŞAHİN,ZİYA ÖZORHON,UĞUR AKYILDIZ,MUSTAFA DURGUT,SERKAN ILGAR,NİDA ECE TÜZÜK,ESRA SOLAK,TUĞBA ÖYLEK,Tofaş Spor Salonu
16.03.2025,20:30,1EA4526,21. Hafta,YUKATEL MERKEZEFENDİ BELEDİYESİ BASKET,99 - 93,SEMT77 YALOVASPOR,,DENİZLİ,Pamukkale Üniversitesi Spor Salonu | ,beINSports,CAN MAVİSU,ORHAN ÇAĞRI HEKİMOĞLU,TOLGA AKKUŞOĞLU,ERGÜN GÜNGÖR,AYŞE ERİŞ,FATMA NUR DİKMEN ÇOBAN,MELTEM ARABACI,AHMET ERYÜRÜK,Pamukkale Üniversitesi Spor Salonu
17.03.2025,19:00,1EA4531,21. Hafta,ANADOLU EFES,102 - 83,MERSİN SPOR,,İSTANBUL,Basketbol Gelişim Merkezi | ,beINSports,MEHMET KARABİLECEN,HÜSEYİN ÇELİK,BATUHAN SÖYLEMEZOĞLU,HÜSEYİN OSMAN BÜYÜKGÖKSU,GÜL URASLI,ZAFER RİFAİ,TUĞÇE KAYA,KEREM SIRMAGİL,Basketbol Gelişim Merkezi
21.03.2025,20:30,1EA4535,22. Hafta,DARÜŞŞAFAKA LASSA,84 - 88,BAHÇEŞEHİR KOLEJİ,,İSTANBUL,Darüşşafaka Ayhan Şahenk Spor Salonu | ,beINSports,ALİ SERKAN EMLEK,SEHER AYŞE NUR YAZICIOĞLU,DUHAN KÖYİÇİ,SAVAŞ BAYRAM ERTÜRK,MERVE GÜLDAŞ,DİNÇER ADİLLER,ŞERMİN NAZLIGÜL,YÜKSEL NAZLIGÜL,Darüşşafaka Ayhan Şahenk Spor Salonu
22.03.2025,13:00,1EA4541,22. Hafta,MERSİN SPOR,89 - 73,GALATASARAY,,MERSİN,Servet Tazegül Spor Salonu | ,beINSports,KAAN BÜYÜKÇİL,ALİ ŞAKACI,TOLGA AKKUŞOĞLU,BURAK DEDE,ABUZER BİLEN,SABAHİTTİN KAZAN,AHMET ÖZDOĞAN,RABİA YILDIZ ÖZTÜRK,Servet Tazegül Spor Salonu
22.03.2025,15:30,1EA4537,22. Hafta,MANİSA BASKET DİVİSSA,87 - 89,TÜRK TELEKOM,,MANİSA,Muradiye Spor Salonu | ,beINSports,CAN MAVİSU,ZİYA ÖZORHON,MUSA KAZIM ÇETİN,İBRAHİM EMRE AYDEMİR,KADİR ERDEN,ÜMİT KONCA,ZEKERİYA YAŞAR,SALİH KARAKURT,Muradiye Spor Salonu
22.03.2025,18:00,1EA4536,22. Hafta,ALİAĞA PETKİMSPOR,88 - 95,TOFAŞ,,İZMİR,Enka Spor Salonu | ,beINSports,HÜSEYİN ÇELİK,FATİH ARSLANOĞLU,AHMET TATLICI,AHMET ÖNEY,SADIK ERGÜL,GÜLTEKİN DAĞDEVİREN,BERRİN TURAN,SENEM ARIN KOCATÜRK,Enka Spor Salonu
22.03.2025,20:30,1EA4540,22. Hafta,ONVO BÜYÜKÇEKMECE BASKETBOL,88 - 89,BEŞİKTAŞ FIBABANKA,,İSTANBUL,Gazanfer Bilge Spor Salonu | ,beINSports,KEREM BAKİ,MEHMET SERDAR ÜNAL,ALPER GÖKÇEBEL,SEVGİNAZ DIRAHOR,EMRE YAZICI,YUSUF YELESDAĞ,MERVE GÜLDAŞ,SEMRA AKDUMAN,Gazanfer Bilge Spor Salonu
23.03.2025,15:30,1EA4539,22. Hafta,SEMT77 YALOVASPOR,78 - 75,KARŞIYAKA,,YALOVA,90. Yıl Spor Salonu | ,beINSports,EMİN MOĞULKOÇ,TOLGA EDİS,MURAT CİNER,ERSİN ÇELİK,EMİNE AK,NAZMİYE BIYIKOĞLU,ESRA YOLCU ESEN,TAYFUN CAN DEMİR,90. Yıl Spor Salonu
23.03.2025,18:00,1EA4534,22. Hafta,BURSASPOR YÖRSAN,98 - 90,YUKATEL MERKEZEFENDİ BELEDİYESİ BASKET,,BURSA,Tofaş Spor Salonu | ,beINSports,YENER YILMAZ,POLAT PARLAK,NAZLI ÇİSİL GÜNGÖR,EMRULLAH DAĞ,ŞAFAK IRMAK SARAÇOĞLU,TEOMAN ÖYLEK,ERAY BABAHANOĞLU,ESRA AL,Tofaş Spor Salonu
23.03.2025,20:30,1EA4538,22. Hafta,ANADOLU EFES,81 - 82,FENERBAHÇE BEKO,,İSTANBUL,Basketbol Gelişim Merkezi | ,beINSports,MEHMET ŞAHİN,ALPER ALTUĞ KÖSELERLİ,KEREM YILMAZ,KORAY LEVENT  BİNGÖL,AYBERK PARALI,AHMET YILDIZ,BURHAN DEMİR,ZAFER RİFAİ,Basketbol Gelişim Merkezi
28.03.2025,19:00,1EA4548,23. Hafta,BEŞİKTAŞ FIBABANKA,103 - 82,SEMT77 YALOVASPOR,,İSTANBUL,BJK Fibabanka Spor Kompleksi | ,beINSports,MEHMET KARABİLECEN,MEHMET ŞAHİN,MESUT ÖZTÜRK,MELİK YİĞİT BAYINDIR,MEHMET NECATİ EROĞUL,YUSUF YELESDAĞ,GÜLİZ KONCA ADİLLER,YÜKSEL NAZLIGÜL,BJK Fibabanka Spor Kompleksi
29.03.2025,15:30,1EA4542,23. Hafta,YUKATEL MERKEZEFENDİ BELEDİYESİ BASKET,85 - 82,DARÜŞŞAFAKA LASSA,,DENİZLİ,Pamukkale Üniversitesi Spor Salonu | ,beINSports,ZAFER YILMAZ,MEHMET SERDAR ÜNAL,BERK KURTULMUŞ,MERT ELMA,FATMA NUR DİKMEN ÇOBAN,MELEK ERYÜRÜK,MELTEM ARABACI,AHMET ERYÜRÜK,Pamukkale Üniversitesi Spor Salonu
29.03.2025,18:00,1EA4547,23. Hafta,KARŞIYAKA,82 - 78,BURSASPOR YÖRSAN,,İZMİR,Mustafa Kemal Atatürk Karşıyaka Spor Salonu | ,beINSports,KAAN BÜYÜKÇİL,ZİYA ÖZORHON,TOLGA AKKUŞOĞLU,GÖRKEM BIÇAKCIOĞLU,CEMRE ÇEKAL,GİZEM ÖZAYDIN,MESUT KARABULUT,ÇAĞATAY KAMER VANLIOĞLU,Mustafa Kemal Atatürk Karşıyaka Spor Salonu
29.03.2025,20:30,1EA4544,23. Hafta,TOFAŞ,98 - 106,MANİSA BASKET DİVİSSA,,BURSA,Tofaş Spor Salonu | ,beINSports,KEREM BAKİ,ALPER ALTUĞ KÖSELERLİ,NAZLI ÇİSİL GÜNGÖR,MUSTAFA DURGUT,NİDA ECE TÜZÜK,TEOMAN ÖYLEK,ERAY BABAHANOĞLU,ABDULLAH KURT,Tofaş Spor Salonu
30.03.2025,13:00,1EA4546,23. Hafta,FENERBAHÇE BEKO,101 - 93,MERSİN SPOR,,İSTANBUL,Ülker Spor ve Etkinlik Salonu | ,beINSports,CAN MAVİSU,MUSA KAZIM ÇETİN,ÖZGE ŞENTÜRK BAYRAKTAR,HASAN VOLKAN  KARA,DİDEM ARPACI KARAGÖZ,SERHAT LEVENT,MUSTAFA KEMAL PENPE,GÖZDE BEGÜM AKÜZÜM,Ülker Spor ve Etkinlik Salonu
30.03.2025,15:30,1EA4549,23. Hafta,GALATASARAY,110 - 112,ONVO BÜYÜKÇEKMECE BASKETBOL,,İSTANBUL,Basketbol Gelişim Merkezi | ,beINSports,HÜSEYİN ÇELİK,SEHER AYŞE NUR YAZICIOĞLU,UĞUR AKYILDIZ,MEYMİNE MİNE YAZGÖNÜL,HİLMİ CANKUT AYNAR,YÜKSEL NAZLIGÜL,ALPKAN HACIYAKUPOĞLU,TUNA TAŞ,Basketbol Gelişim Merkezi
31.03.2025,18:00,1EA4545,23. Hafta,TÜRK TELEKOM,90 - 100,ANADOLU EFES,,ANKARA,Ankara Spor Salonu | ,beINSports,YENER YILMAZ,ORHAN ÇAĞRI HEKİMOĞLU,ALPER ÖZGÖK,HALDUN KUNT,EREN YILDIRIM,ALİ MURAT SUNGUR,MİNE MİHRİCAN KANBUR,YENER SALMAN,Ankara Spor Salonu
9.04.2025,19:00,1EA4543,23. Hafta,BAHÇEŞEHİR KOLEJİ,77 - 75,ALİAĞA PETKİMSPOR,,İSTANBUL,Sinan Erdem Spor Salonu | ,beINSports,MEHMET ŞAHİN,ÖZLEM YALMAN,BATUHAN SÖYLEMEZOĞLU,SAVAŞ BAYRAM ERTÜRK,AYBERK PARALI,ALPKAN HACIYAKUPOĞLU,PINAR ŞAHİN,KEREM SIRMAGİL,Sinan Erdem Spor Salonu
4.04.2025,19:00,1EA4554,24. Hafta,DARÜŞŞAFAKA LASSA,84 - 75,KARŞIYAKA,,İSTANBUL,Darüşşafaka Ayhan Şahenk Spor Salonu | ,beINSports,MEHMET ŞAHİN,AHMET TATLICI,KEREM YILMAZ,HÜSEYİN OSMAN BÜYÜKGÖKSU,MERVE GÜLDAŞ,ALPKAN HACIYAKUPOĞLU,HİLMİ CANKUT AYNAR,PINAR ŞAHİN,Darüşşafaka Ayhan Şahenk Spor Salonu
5.04.2025,13:00,1EA4553,24. Hafta,FENERBAHÇE BEKO,94 - 85,TÜRK TELEKOM,,İSTANBUL,Ülker Spor ve Etkinlik Salonu | ,beINSports,MEHMET KARABİLECEN,FATİH ARSLANOĞLU,DUHAN KÖYİÇİ,AHMET MÜNİR GÖKMEN,BEREN ELİF YEŞİL ARSLAN,PERİHAN GİZEM ÜNSAL,ALTAN CANDAN,SERHAT LEVENT,Ülker Spor ve Etkinlik Salonu
5.04.2025,15:30,1EA4556,24. Hafta,SEMT77 YALOVASPOR,81 - 88,GALATASARAY,,YALOVA,90. Yıl Spor Salonu | ,beINSports,KEREM BAKİ,ALPER ALTUĞ KÖSELERLİ,BATUHAN SÖYLEMEZOĞLU,NAİM ÖZYEŞİLPINAR,EMİNE AK,NURAY SORUŞ,SELÇUK KURT,TAYFUN CAN DEMİR,90. Yıl Spor Salonu
5.04.2025,18:00,1EA4551,24. Hafta,MANİSA BASKET DİVİSSA,90 - 109,BAHÇEŞEHİR KOLEJİ,,MANİSA,Muradiye Spor Salonu | ,beINSports,YENER YILMAZ,HÜSEYİN ÇELİK,UĞUR AKYILDIZ,MEHMET KANER,OSMAN CİNGİL,ÜMİT KONCA,HEDİYE AYTAŞ SARIASLAN,SALİH KARAKURT,Muradiye Spor Salonu
5.04.2025,20:30,1EA4555,24. Hafta,BURSASPOR YÖRSAN,91 - 121,BEŞİKTAŞ FIBABANKA,,BURSA,Tofaş Spor Salonu | ,beINSports,ALİ SERKAN EMLEK,ÖZLEM YALMAN,TOLGA EDİS,ERGÜN GÜNGÖR,ESRA AL,ŞAFAK IRMAK SARAÇOĞLU,ESRA SOLAK,TUĞBA ÖYLEK,Tofaş Spor Salonu
6.04.2025,15:30,1EA4550,24. Hafta,ALİAĞA PETKİMSPOR,82 - 78,YUKATEL MERKEZEFENDİ BELEDİYESİ BASKET,,İZMİR,Enka Spor Salonu | ,beINSports,CAN MAVİSU,ZİYA ÖZORHON,ALPER GÖKÇEBEL,DOĞAN HEPGÜVENDİK,İLAYDA DİNÇEL,CUMHUR AĞCAHAN,MEHMET AKINCI,GÖKHAN YAZ,Enka Spor Salonu
6.04.2025,18:00,1EA4557,24. Hafta,MERSİN SPOR,63 - 66,ONVO BÜYÜKÇEKMECE BASKETBOL,,MERSİN,Servet Tazegül Spor Salonu | ,beINSports,EMİN MOĞULKOÇ,POLAT PARLAK,MURAT CİNER,ENİS GÜREL,İLKNUR DABLAN,RABİA YILDIZ ÖZTÜRK,ABUZER BİLEN,SABAHİTTİN KAZAN,Servet Tazegül Spor Salonu
7.04.2025,19:00,1EA4552,24. Hafta,ANADOLU EFES,97 - 72,TOFAŞ,,İSTANBUL,Basketbol Gelişim Merkezi | ,beINSports,ZAFER YILMAZ,KAAN BÜYÜKÇİL,MEHMET SERDAR ÜNAL,ERKAN URASLI,EVİN ÖZDEMİR,ERMAN YÜCEL,CEYDA KAPKAÇ,YUSUF YELESDAĞ,Basketbol Gelişim Merkezi
11.04.2025,19:00,1EA4563,25. Hafta,BEŞİKTAŞ FIBABANKA,88 - 77,DARÜŞŞAFAKA LASSA,,İSTANBUL,BJK Fibabanka Spor Kompleksi | ,beINSports,KEREM BAKİ,ALPER ALTUĞ KÖSELERLİ,TOLGA AKKUŞOĞLU,SEVGİNAZ DIRAHOR,GÜLİZ KONCA ADİLLER,ZAFER RİFAİ,BURHAN DEMİR,DİNÇER ADİLLER,BJK Fibabanka Spor Kompleksi
12.04.2025,15:30,1EA4565,25. Hafta,ONVO BÜYÜKÇEKMECE BASKETBOL,89 - 91,SEMT77 YALOVASPOR,,İSTANBUL,Gazanfer Bilge Spor Salonu | ,beINSports,ZAFER YILMAZ,ALİ ŞAKACI,NAZLI ÇİSİL GÜNGÖR,MELİH ERGENE,OSMAN AŞIK,YUSUF YELESDAĞ,EMRE YAZICI,BURHAN DEMİR,Gazanfer Bilge Spor Salonu
12.04.2025,18:00,1EA4561,25. Hafta,TÜRK TELEKOM,94 - 80,MERSİN SPOR,,ANKARA,Ankara Spor Salonu | ,beINSports,MEHMET ŞAHİN,ZİYA ÖZORHON,BERK KURTULMUŞ,CENGİZ AKAR,DOĞUKAN TOPRAK,AKIN AYTEKİN,ALPER KESEN,SİMAY ÇAKMAK,Ankara Spor Salonu
12.04.2025,20:30,1EA4564,25. Hafta,GALATASARAY,95 - 89,BURSASPOR YÖRSAN,,İSTANBUL,Basketbol Gelişim Merkezi | ,beINSports,CAN MAVİSU,MEHMET SERDAR ÜNAL,MUSA KAZIM ÇETİN,MERT ELMA,CEYDA KAPKAÇ,ERMAN YÜCEL,MEHMET NECATİ EROĞUL,YÜKSEL NAZLIGÜL,Basketbol Gelişim Merkezi
13.04.2025,15:30,1EA4558,25. Hafta,YUKATEL MERKEZEFENDİ BELEDİYESİ BASKET,92 - 78,MANİSA BASKET DİVİSSA,,DENİZLİ,Pamukkale Üniversitesi Spor Salonu | ,beINSports,EMİN MOĞULKOÇ,KAAN BÜYÜKÇİL,AHMET TATLICI,GÖRKEM BIÇAKCIOĞLU,FATMA NUR DİKMEN ÇOBAN,MELEK ERYÜRÜK,MUHAMMET SALİH KARA,AHMET ERYÜRÜK,Pamukkale Üniversitesi Spor Salonu
13.04.2025,18:00,1EA4562,25. Hafta,KARŞIYAKA,93 - 90,ALİAĞA PETKİMSPOR,,İZMİR,Mustafa Kemal Atatürk Karşıyaka Spor Salonu | ,beINSports,YENER YILMAZ,ORHAN ÇAĞRI HEKİMOĞLU,MESUT ÖZTÜRK,AHMET ÖNEY,CEREN BARAN,ALİ DEVECİ,SENEM ARIN KOCATÜRK,OKAN ÇETİNBAŞ,Mustafa Kemal Atatürk Karşıyaka Spor Salonu
13.04.2025,20:30,1EA4560,25. Hafta,TOFAŞ,88 - 89,FENERBAHÇE BEKO,,BURSA,Tofaş Spor Salonu | ,beINSports,ALİ SERKAN EMLEK,ALPER ÖZGÖK,SEHER AYŞE NUR YAZICIOĞLU,MEHMET KAŞİF BATTAL,ŞAFAK IRMAK SARAÇOĞLU,SEVDA USTA,ESRA SOLAK,ESRA AL,Tofaş Spor Salonu
14.04.2025,19:00,1EA4559,25. Hafta,BAHÇEŞEHİR KOLEJİ,82 - 85,ANADOLU EFES,,İSTANBUL,Sinan Erdem Spor Salonu | ,beINSports,MEHMET KARABİLECEN,FATİH ARSLANOĞLU,ÖZGE ŞENTÜRK BAYRAKTAR,HASAN VOLKAN  KARA,ŞERMİN NAZLIGÜL,ZAFER RİFAİ,DİLARA YEŞİLDAL,YÜKSEL NAZLIGÜL,Sinan Erdem Spor Salonu
18.04.2025,18:00,1EA4566,26. Hafta,ANADOLU EFES,97 - 100,YUKATEL MERKEZEFENDİ BELEDİYESİ BASKET,,İSTANBUL,Basketbol Gelişim Merkezi | ,beINSports,ALİ SERKAN EMLEK,HÜSEYİN ÇELİK,BATUHAN SÖYLEMEZOĞLU,BOĞAÇHAN ŞERBETCİOĞLU,NAZLI YENER,KEREM SIRMAGİL,CEYDA KAPKAÇ,GÜL URASLI,Basketbol Gelişim Merkezi
18.04.2025,20:30,1EA4567,26. Hafta,FENERBAHÇE BEKO,95 - 80,BAHÇEŞEHİR KOLEJİ,,İSTANBUL,Ülker Spor ve Etkinlik Salonu | ,beINSports,KAAN BÜYÜKÇİL,ZİYA ÖZORHON,MURAT CİNER,HASAN VOLKAN  KARA,TUĞBA DURNAOĞLU,SERHAT LEVENT,FATMA GÖK,GÜLTEKİN KABAŞ,Ülker Spor ve Etkinlik Salonu
19.04.2025,15:30,1EA4572,26. Hafta,BURSASPOR YÖRSAN,68 - 89,ONVO BÜYÜKÇEKMECE BASKETBOL,,BURSA,Tofaş Spor Salonu | ,beINSports,MEHMET ŞAHİN,ALPER ALTUĞ KÖSELERLİ,KEREM YILMAZ,MEHMET KAŞİF BATTAL,SUELNUR ÇELİK,NİDA ECE TÜZÜK,TEOMAN ÖYLEK,ESRA AL,Tofaş Spor Salonu
19.04.2025,18:00,1EA4569,26. Hafta,MANİSA BASKET DİVİSSA,100 - 79,KARŞIYAKA,,MANİSA,Muradiye Spor Salonu | ,beINSports,KEREM BAKİ,MEHMET SERDAR ÜNAL,POLAT PARLAK,İBRAHİM EMRE AYDEMİR,KADİR ERDEN,SALİH KARAKURT,ZEKERİYA YAŞAR,TUĞBERK ŞENGÜLDÜREN,Muradiye Spor Salonu
19.04.2025,20:30,1EA4571,26. Hafta,DARÜŞŞAFAKA LASSA,94 - 87,GALATASARAY,,İSTANBUL,Darüşşafaka Ayhan Şahenk Spor Salonu | ,beINSports,YENER YILMAZ,TOLGA EDİS,ALPER GÖKÇEBEL,MELİK YİĞİT BAYINDIR,BURHAN DEMİR,ALPKAN HACIYAKUPOĞLU,PINAR ŞAHİN,YÜKSEL NAZLIGÜL,Darüşşafaka Ayhan Şahenk Spor Salonu
20.04.2025,13:00,1EA4573,26. Hafta,MERSİN SPOR,78 - 73,SEMT77 YALOVASPOR,,MERSİN,Servet Tazegül Spor Salonu | ,beINSports,MEHMET KARABİLECEN,FATİH ARSLANOĞLU,UĞUR AKYILDIZ,HALDUN KUNT,TÜRKAN KEKLİK,BERK MERT,HURİYE ERGENÇ,SABAHİTTİN KAZAN,Servet Tazegül Spor Salonu
20.04.2025,15:30,1EA4570,26. Hafta,ALİAĞA PETKİMSPOR,73 - 96,BEŞİKTAŞ FIBABANKA,,İZMİR,Enka Spor Salonu | ,beINSports,EMİN MOĞULKOÇ,ZAFER YILMAZ,DUHAN KÖYİÇİ,EMRE BAŞA,GÖKHAN YAZ,MESUT KARABULUT,SENEM ARIN KOCATÜRK,İLAYDA DİNÇEL,Enka Spor Salonu
21.04.2025,19:00,1EA4568,26. Hafta,TÜRK TELEKOM,86 - 72,TOFAŞ,,ANKARA,Ankara Spor Salonu | ,beINSports,ÖZLEM YALMAN,CAN MAVİSU,TOLGA AKKUŞOĞLU,MERT ELMA,BORA MERT KARADEMİR,FATİH ŞEN,MİNE MİHRİCAN KANBUR,BİLAL UZGÖREN,Ankara Spor Salonu
26.04.2025,15:30,1EA4575,27. Hafta,BAHÇEŞEHİR KOLEJİ,79 - 74,TÜRK TELEKOM,,İSTANBUL,Sinan Erdem Spor Salonu | ,beINSports,YENER YILMAZ,ALİ ŞAKACI,SEHER AYŞE NUR YAZICIOĞLU,BOĞAÇHAN ŞERBETCİOĞLU,AYGÜN SEVGİL,ERMAN YÜCEL,CEYDA KAPKAÇ,GÜL URASLI,Sinan Erdem Spor Salonu
26.04.2025,18:00,1EA4578,27. Hafta,BEŞİKTAŞ FIBABANKA,82 - 80,MANİSA BASKET DİVİSSA,,İSTANBUL,BJK Fibabanka Spor Kompleksi | ,beINSports,MEHMET KARABİLECEN,ORHAN ÇAĞRI HEKİMOĞLU,ÖZGE ŞENTÜRK BAYRAKTAR,EMİN FAZIL KESERATAR,ÜMİT ASLAN,ALPKAN HACIYAKUPOĞLU,ŞERMİN NAZLIGÜL,YÜKSEL NAZLIGÜL,BJK Fibabanka Spor Kompleksi
26.04.2025,20:30,1EA4580,27. Hafta,ONVO BÜYÜKÇEKMECE BASKETBOL,89 - 86,DARÜŞŞAFAKA LASSA,,İSTANBUL,Gazanfer Bilge Spor Salonu | ,beINSports,ÖZLEM YALMAN,HÜSEYİN ÇELİK,MESUT ÖZTÜRK,FERHAT SUNA,GÜLİZ KONCA ADİLLER,YUSUF YELESDAĞ,DİNÇER ADİLLER,BİROL ŞİMŞEK,Gazanfer Bilge Spor Salonu
27.04.2025,15:30,1EA4576,27. Hafta,TOFAŞ,87 - 65,MERSİN SPOR,,BURSA,Tofaş Spor Salonu | ,beINSports,KEREM BAKİ,ALPER ALTUĞ KÖSELERLİ,MUSA KAZIM ÇETİN,HALİL SERTDURAK,SUELNUR ÇELİK,NİDA ECE TÜZÜK,BÜŞRA HEKİMOĞLU,TEOMAN ÖYLEK,Tofaş Spor Salonu
27.04.2025,18:00,1EA4581,27. Hafta,SEMT77 YALOVASPOR,75 - 95,BURSASPOR YÖRSAN,,YALOVA,90. Yıl Spor Salonu | ,beINSports,EMİN MOĞULKOÇ,ALPER ÖZGÖK,AHMET TATLICI,ÖMER KESKİN,ELMAS DEMİREL AYDEMİR,NAZMİYE BIYIKOĞLU,ZELİHA DEMİR,TAYFUN CAN DEMİR,90. Yıl Spor Salonu
27.04.2025,20:30,1EA4579,27. Hafta,GALATASARAY,81 - 86,ALİAĞA PETKİMSPOR,,İSTANBUL,Basketbol Gelişim Merkezi | ,beINSports,MEHMET ŞAHİN,ZİYA ÖZORHON,MURAT CİNER,HÜSEYİN OSMAN BÜYÜKGÖKSU,TUĞÇE KAYA,ZAFER RİFAİ,KEREM SIRMAGİL,MERVE SAĞLAM,Basketbol Gelişim Merkezi
2.05.2025,20:30,1EA4574,27. Hafta,YUKATEL MERKEZEFENDİ BELEDİYESİ BASKET,79 - 63,FENERBAHÇE BEKO,,DENİZLİ,Pamukkale Üniversitesi Spor Salonu | ,beINSports,KEREM BAKİ,ZİYA ÖZORHON,MUSA KAZIM ÇETİN,EREN KÜÇÜKSOLAKOĞLU,SARE NUR ELMAS,MELEK ERYÜRÜK,MUHAMMET SALİH KARA,AYŞE ERİŞ,Pamukkale Üniversitesi Spor Salonu
14.05.2025,19:00,1EA4577,27. Hafta,KARŞIYAKA,77 - 95,ANADOLU EFES,,İZMİR,Mustafa Kemal Atatürk Karşıyaka Spor Salonu | ,beINSports,ORHAN ÇAĞRI HEKİMOĞLU,ÖZGE ŞENTÜRK BAYRAKTAR,DUHAN KÖYİÇİ,ELA ONAT,GÖZDE ONAN,ALİ DEVECİ,CEREN ARIKAN BAYKUŞ,CUMHUR AĞCAHAN,Mustafa Kemal Atatürk Karşıyaka Spor Salonu
2.05.2025,18:00,1EA4586,28. Hafta,MANİSA BASKET DİVİSSA,94 - 75,GALATASARAY,,MANİSA,Özel Mostem Spor Salonu | ,beINSports,ALPER ALTUĞ KÖSELERLİ,ALİ ŞAKACI,TOLGA AKKUŞOĞLU,MEHMET KANER,HEDİYE AYTAŞ SARIASLAN,ÜMİT KONCA,KADİR ERDEN,SALİH KARAKURT,Özel Mostem Spor Salonu
3.05.2025,13:00,1EA4589,28. Hafta,MERSİN SPOR,89 - 82,BURSASPOR YÖRSAN,,MERSİN,Servet Tazegül Spor Salonu | ,beINSports,ZAFER YILMAZ,POLAT PARLAK,NAZLI ÇİSİL GÜNGÖR,CENGİZ AKAR,MUZAFFER HARUN ÖZSOY,RABİA YILDIZ ÖZTÜRK,LEVENT YORULMAZ,SABAHİTTİN KAZAN,Servet Tazegül Spor Salonu
3.05.2025,15:30,1EA4587,28. Hafta,ALİAĞA PETKİMSPOR,83 - 82,ONVO BÜYÜKÇEKMECE BASKETBOL,,İZMİR,Enka Spor Salonu | ,beINSports,ALİ SERKAN EMLEK,MEHMET SERDAR ÜNAL,KAAN BÜYÜKÇİL,GÖRKEM BIÇAKCIOĞLU,CEMRE ÇEKAL,GÜLTEKİN DAĞDEVİREN,GİZEM ÖZAYDIN,OSMAN ARKIN BARUTCU,Enka Spor Salonu
3.05.2025,18:00,1EA4583,28. Hafta,TOFAŞ,75 - 86,BAHÇEŞEHİR KOLEJİ,,BURSA,Tofaş Spor Salonu | ,beINSports,EMİN MOĞULKOÇ,DUHAN KÖYİÇİ,ALPER GÖKÇEBEL,EBRU ÖZTAŞKIRAN,SERKAN ILGAR,SEVDA USTA,ESRA SOLAK,TUĞBA ÖYLEK,Tofaş Spor Salonu
4.05.2025,18:00,1EA4588,28. Hafta,DARÜŞŞAFAKA LASSA,77 - 84,SEMT77 YALOVASPOR,,İSTANBUL,Darüşşafaka Ayhan Şahenk Spor Salonu | ,beINSports,MEHMET ŞAHİN,ORHAN ÇAĞRI HEKİMOĞLU,BERK KURTULMUŞ,DOĞAN HEPGÜVENDİK,GÜLİZ KONCA ADİLLER,DİNÇER ADİLLER,ŞERMİN NAZLIGÜL,GÜL URASLI,Darüşşafaka Ayhan Şahenk Spor Salonu
5.05.2025,20:30,1EA4582,28. Hafta,TÜRK TELEKOM,64 - 78,YUKATEL MERKEZEFENDİ BELEDİYESİ BASKET,,ANKARA,Ankara Spor Salonu | ,beINSports,MEHMET KARABİLECEN,FATİH ARSLANOĞLU,UĞUR AKYILDIZ,ERGÜN GÜNGÖR,AYŞE BETÜL AŞKIN,VEYSEL SİNAN TUNCER,HASAN BAŞKURT,İSMAİL FULSER,Ankara Spor Salonu
6.05.2025,19:00,1EA4584,28. Hafta,FENERBAHÇE BEKO,78 - 67,KARŞIYAKA,,İSTANBUL,Ülker Spor ve Etkinlik Salonu | ,beINSports,ÖZLEM YALMAN,TOLGA EDİS,BATUHAN SÖYLEMEZOĞLU,AHMET MÜNİR GÖKMEN,DİDEM ARPACI KARAGÖZ,SERHAT LEVENT,DEMET ULUCUTSOY,GÖZDE BEGÜM AKÜZÜM,Ülker Spor ve Etkinlik Salonu
24.05.2025,20:30,1EA4585,28. Hafta,ANADOLU EFES,90 - 87,BEŞİKTAŞ FIBABANKA,,İSTANBUL,Basketbol Gelişim Merkezi | ,beINSports,ALİ SERKAN EMLEK,ZAFER YILMAZ,KEREM YILMAZ,FURKAN DEDE,GÜL URASLI,ALPKAN HACIYAKUPOĞLU,CEYDA KAPKAÇ,DİNÇER ADİLLER,Basketbol Gelişim Merkezi
9.05.2025,19:00,1EA4691,29. Hafta,BAHÇEŞEHİR KOLEJİ,59 - 60,MERSİN SPOR,,İSTANBUL,Sinan Erdem Spor Salonu | ,beINSports,MEHMET ŞAHİN,ALPER ÖZGÖK,TOLGA AKKUŞOĞLU,MEYMİNE MİNE YAZGÖNÜL,TUĞBA AKYÜZ,ZAFER RİFAİ,YÜKSEL NAZLIGÜL,PINAR ŞAHİN,Sinan Erdem Spor Salonu
10.05.2025,15:30,1EA4595,29. Hafta,ONVO BÜYÜKÇEKMECE BASKETBOL,84 - 107,MANİSA BASKET DİVİSSA,,İSTANBUL,Gazanfer Bilge Spor Salonu | ,beINSports,KEREM BAKİ,ZİYA ÖZORHON,NAZLI ÇİSİL GÜNGÖR,YAŞAR SİNAN ÇELİKOĞLU,TUĞÇE KAYA,ERMAN YÜCEL,BİROL ŞİMŞEK,BURHAN DEMİR,Gazanfer Bilge Spor Salonu
10.05.2025,18:00,1EA4593,29. Hafta,BEŞİKTAŞ FIBABANKA,72 - 62,FENERBAHÇE BEKO,,İSTANBUL,Sinan Erdem Spor Salonu | ,beINSports,EMİN MOĞULKOÇ,POLAT PARLAK,AHMET TATLICI,ERKAN URASLI,CEYDA KAPKAÇ,ZAFER RİFAİ,YÜKSEL NAZLIGÜL,GÜL URASLI,Sinan Erdem Spor Salonu
10.05.2025,20:30,1EA4597,29. Hafta,BURSASPOR YÖRSAN,98 - 82,DARÜŞŞAFAKA LASSA,,BURSA,Tofaş Spor Salonu | ,beINSports,ALPER ALTUĞ KÖSELERLİ,KAAN BÜYÜKÇİL,UĞUR AKYILDIZ,İBRAHİM EMRE AYDEMİR,ESRA AL,NİDA ECE TÜZÜK,TEOMAN ÖYLEK,ŞAFAK IRMAK SARAÇOĞLU,Tofaş Spor Salonu
11.05.2025,13:00,1EA4596,29. Hafta,SEMT77 YALOVASPOR,78 - 87,ALİAĞA PETKİMSPOR,,YALOVA,90. Yıl Spor Salonu | ,beINSports,HÜSEYİN ÇELİK,SEHER AYŞE NUR YAZICIOĞLU,MESUT ÖZTÜRK,ÇETİN ŞİMŞEK,ELMAS DEMİREL AYDEMİR,GÜLEN SÖNMEZ,ESRA YOLCU ESEN,İBRAHİM HALİL SİVİL,90. Yıl Spor Salonu
11.05.2025,15:30,1EA4590,29. Hafta,YUKATEL MERKEZEFENDİ BELEDİYESİ BASKET,92 - 94,TOFAŞ,,DENİZLİ,Pamukkale Üniversitesi Spor Salonu | ,beINSports,CAN MAVİSU,MEHMET SERDAR ÜNAL,KEREM YILMAZ,HALDUN KUNT,MERYEM PEHLİVAN,FATMA NUR DİKMEN ÇOBAN,AKİF KARABİNA,RAMAZAN ERİŞ,Pamukkale Üniversitesi Spor Salonu
11.05.2025,18:00,1EA4592,29. Hafta,KARŞIYAKA,76 - 73,TÜRK TELEKOM,,İZMİR,Mustafa Kemal Atatürk Karşıyaka Spor Salonu | ,beINSports,ALİ SERKAN EMLEK,ZAFER YILMAZ,MURAT CİNER,GÖRKEM BIÇAKCIOĞLU,GİZEM ÖZAYDIN,OKAN ÇETİNBAŞ,CEMRE ÇEKAL,OSMAN ARKIN BARUTCU,Mustafa Kemal Atatürk Karşıyaka Spor Salonu
20.05.2025,19:00,1EA4594,29. Hafta,GALATASARAY,53 - 87,ANADOLU EFES,,İSTANBUL,Basketbol Gelişim Merkezi | ,beINSports,ÖZLEM YALMAN,FATİH ARSLANOĞLU,AHMET TATLICI,HÜSEYİN OSMAN BÜYÜKGÖKSU,ŞERMİN NAZLIGÜL,ZAFER RİFAİ,BURHAN DEMİR,EMRAH RİFAİ,Basketbol Gelişim Merkezi
16.05.2025,19:00,1EA4600,30. Hafta,TÜRK TELEKOM,93 - 75,BEŞİKTAŞ FIBABANKA,,ANKARA,Ankara Spor Salonu | ,beINSports,HÜSEYİN ÇELİK,SEHER AYŞE NUR YAZICIOĞLU,MUSA KAZIM ÇETİN,ERDEM EFE,MERYEM EREKER,AKIN AYTEKİN,SİBEL FAZLIOĞLU,ALİ MURAT SUNGUR,Ankara Spor Salonu
17.05.2025,13:00,1EA4599,30. Hafta,TOFAŞ,90 - 76,KARŞIYAKA,,BURSA,Tofaş Spor Salonu | ,beINSports,KEREM BAKİ,ZİYA ÖZORHON,BERK KURTULMUŞ,SAVAŞ BAYRAM ERTÜRK,SERKAN ILGAR,TEOMAN ÖYLEK,ESRA SOLAK,TUĞBA ÖYLEK,Tofaş Spor Salonu
17.05.2025,15:30,1EA4604,30. Hafta,ALİAĞA PETKİMSPOR,86 - 95,BURSASPOR YÖRSAN,,İZMİR,Enka Spor Salonu | ,beINSports,MEHMET ŞAHİN,ALPER ÖZGÖK,TOLGA AKKUŞOĞLU,DİDEM SÜER,MEHMET AKINCI,GÜLTEKİN DAĞDEVİREN,SENEM ARIN KOCATÜRK,OSMAN ARKIN BARUTCU,Enka Spor Salonu
17.05.2025,18:00,1EA4601,30. Hafta,FENERBAHÇE BEKO,94 - 70,GALATASARAY,,İSTANBUL,Ülker Spor ve Etkinlik Salonu | ,beINSports,ALİ SERKAN EMLEK,ZAFER YILMAZ,NAZLI ÇİSİL GÜNGÖR,ÖMER KESKİN,EBRU ULUDOĞAN,SERHAT LEVENT,GÖZDE BEGÜM AKÜZÜM,PERİHAN GİZEM ÜNSAL,Ülker Spor ve Etkinlik Salonu
17.05.2025,20:30,1EA4602,30. Hafta,ANADOLU EFES,76 - 65,ONVO BÜYÜKÇEKMECE BASKETBOL,,İSTANBUL,Sinan Erdem Spor Salonu | ,beINSports,MEHMET KARABİLECEN,ALİ ŞAKACI,BURAK YILMAZ,SEVGİNAZ DIRAHOR,ŞERMİN NAZLIGÜL,YUSUF YELESDAĞ,TUĞÇE KAYA,YÜKSEL NAZLIGÜL,Sinan Erdem Spor Salonu
18.05.2025,15:30,1EA4603,30. Hafta,MANİSA BASKET DİVİSSA,107 - 89,SEMT77 YALOVASPOR,,MANİSA,Muradiye Spor Salonu | ,beINSports,CAN MAVİSU,MEHMET SERDAR ÜNAL,ALPER GÖKÇEBEL,DOĞAN HEPGÜVENDİK,HEDİYE AYTAŞ SARIASLAN,ÜMİT KONCA,OSMAN CİNGİL,SALİH KARAKURT,Muradiye Spor Salonu
18.05.2025,15:30,1EA4605,30. Hafta,MERSİN SPOR,105 - 89,DARÜŞŞAFAKA LASSA,,MERSİN,Servet Tazegül Spor Salonu | ,beINSports,EMİN MOĞULKOÇ,POLAT PARLAK,BATUHAN SÖYLEMEZOĞLU,EMRE BÜLENT ÖĞRAŞ,İLKNUR DABLAN,RABİA YILDIZ ÖZTÜRK,ABUZER BİLEN,SABAHİTTİN KAZAN,Servet Tazegül Spor Salonu
19.05.2025,19:00,1EA4598,30. Hafta,BAHÇEŞEHİR KOLEJİ,112 - 76,YUKATEL MERKEZEFENDİ BELEDİYESİ BASKET,,İSTANBUL,Sinan Erdem Spor Salonu | ,beINSports,ALPER ALTUĞ KÖSELERLİ,KAAN BÜYÜKÇİL,TOLGA EDİS,BEKİR GENÇAL,ONUR İLHAN,ALPKAN HACIYAKUPOĞLU,EVİN ÖZDEMİR,GÜL URASLI,Sinan Erdem Spor Salonu
24.05.2025,15:30,1EA4613,Play-in,GALATASARAY,94 - 90,ONVO BÜYÜKÇEKMECE BASKETBOL,,İSTANBUL,Basketbol Gelişim Merkezi | ,beINSports,ORHAN ÇAĞRI HEKİMOĞLU,POLAT PARLAK,TOLGA EDİS,BOĞAÇHAN ŞERBETCİOĞLU,EMRE YAZICI,ERMAN YÜCEL,BURHAN DEMİR,YÜKSEL NAZLIGÜL,Basketbol Gelişim Merkezi
24.05.2025,18:00,1EA4614,Play-in,BURSASPOR YÖRSAN,70 - 74,TÜRK TELEKOM,,BURSA,Tofaş Spor Salonu | ,beINSports,EMİN MOĞULKOÇ,ALİ ŞAKACI,NAZLI ÇİSİL GÜNGÖR,GÖRKEM BIÇAKCIOĞLU,ŞAFAK IRMAK SARAÇOĞLU,NİDA ECE TÜZÜK,SERKAN ILGAR,TUĞBA ÖYLEK,Tofaş Spor Salonu
26.05.2025,19:00,1EA4615,Play-in,ONVO BÜYÜKÇEKMECE BASKETBOL,73 - 84,TÜRK TELEKOM,,İSTANBUL,Gazanfer Bilge Spor Salonu | ,beINSports,ÖZLEM YALMAN,FATİH ARSLANOĞLU,KEREM YILMAZ,MELİH ERGENE,BİROL ŞİMŞEK,ZAFER RİFAİ,MERVE SAĞLAM,ERMAN YÜCEL,Gazanfer Bilge Spor Salonu
29.05.2025,18:00,1EA4617,Playoff Çeyrek Final,TOFAŞ,94 - 80,BAHÇEŞEHİR KOLEJİ,,BURSA,Tofaş Spor Salonu | ,beINSports,ZAFER YILMAZ,MEHMET KARABİLECEN,TOLGA AKKUŞOĞLU,DOĞAN HEPGÜVENDİK,AYTUNÇ SERTYILMAZ,SEVDA USTA,ESRA SOLAK,ESRA AL,Tofaş Spor Salonu
29.05.2025,20:30,1EA4616,Playoff Çeyrek Final,FENERBAHÇE BEKO,89 - 68,TÜRK TELEKOM,,İSTANBUL,Ülker Spor ve Etkinlik Salonu | ,beINSports,YENER YILMAZ,HÜSEYİN ÇELİK,KAAN BÜYÜKÇİL,MELİH ERGENE,ALTAN CANDAN,SERHAT LEVENT,EBRU ULUDOĞAN,GÖZDE BEGÜM AKÜZÜM,Ülker Spor ve Etkinlik Salonu
30.05.2025,18:00,1EA4619,Playoff Çeyrek Final,ANADOLU EFES,92 - 71,MERSİN SPOR,,İSTANBUL,Basketbol Gelişim Merkezi | ,beINSports,KEREM BAKİ,FATİH ARSLANOĞLU,ALPER ÖZGÖK,ÇETİN ŞİMŞEK,KEREM SIRMAGİL,ERMAN YÜCEL,ŞERMİN NAZLIGÜL,YUSUF YELESDAĞ,Basketbol Gelişim Merkezi
30.05.2025,20:30,1EA4618,Playoff Çeyrek Final,BEŞİKTAŞ FIBABANKA,91 - 75,GALATASARAY,,İSTANBUL,Sinan Erdem Spor Salonu | ,beINSports,EMİN MOĞULKOÇ,CAN MAVİSU,ALİ ŞAKACI,SAVAŞ BAYRAM ERTÜRK,PINAR ŞAHİN,ZAFER RİFAİ,TUĞÇE KAYA,GÜL URASLI,Sinan Erdem Spor Salonu
31.05.2025,18:00,1EA4621,Playoff Çeyrek Final,BAHÇEŞEHİR KOLEJİ,75 - 65,TOFAŞ,,İSTANBUL,Sinan Erdem Spor Salonu | ,beINSports,EMİN MOĞULKOÇ,ÖZLEM YALMAN,ZİYA ÖZORHON,YAŞAR SİNAN ÇELİKOĞLU,PINAR YÜKSEL,ZAFER RİFAİ,EMRAH RİFAİ,ERMAN YÜCEL,Sinan Erdem Spor Salonu
31.05.2025,20:30,1EA4620,Playoff Çeyrek Final,TÜRK TELEKOM,85 - 77,FENERBAHÇE BEKO,,ANKARA,Ankara Spor Salonu | ,beINSports,ALİ SERKAN EMLEK,MEHMET SERDAR ÜNAL,POLAT PARLAK,EREN KÜÇÜKSOLAKOĞLU,ÖYKÜ BÖYÜKÇAKIR,FATİH DEMİRCİ,BERNA EKBİÇ,SİMAY ÇAKMAK,Ankara Spor Salonu
1.06.2025,18:00,1EA4623,Playoff Çeyrek Final,MERSİN SPOR,81 - 84,ANADOLU EFES,,MERSİN,Servet Tazegül Spor Salonu | ,beINSports,YENER YILMAZ,ALPER ALTUĞ KÖSELERLİ,UĞUR AKYILDIZ,HALDUN KUNT,TÜRKAN KEKLİK,BERK MERT,BÜŞRA İLCAY,RABİA YILDIZ ÖZTÜRK,Servet Tazegül Spor Salonu
1.06.2025,20:30,1EA4622,Playoff Çeyrek Final,GALATASARAY,85 - 107,BEŞİKTAŞ FIBABANKA,,İSTANBUL,Basketbol Gelişim Merkezi | ,beINSports,MEHMET ŞAHİN,HÜSEYİN ÇELİK,SEHER AYŞE NUR YAZICIOĞLU,SEVGİNAZ DIRAHOR,CEYDA KAPKAÇ,YUSUF YELESDAĞ,YÜKSEL NAZLIGÜL,MERVE SAĞLAM,Basketbol Gelişim Merkezi
2.06.2025,18:00,1EA4624,Playoff Çeyrek Final,TOFAŞ,92 - 96,BAHÇEŞEHİR KOLEJİ,,BURSA,Tofaş Spor Salonu | ,beINSports,KEREM BAKİ,KAAN BÜYÜKÇİL,ALPER ÖZGÖK,İBRAHİM EMRE AYDEMİR,ESRA SOLAK,NİDA ECE TÜZÜK,TEOMAN ÖYLEK,ESRA AL,Tofaş Spor Salonu
2.06.2025,20:30,1EA4625,Playoff Çeyrek Final,FENERBAHÇE BEKO,101 - 94,TÜRK TELEKOM,,İSTANBUL,Ülker Spor ve Etkinlik Salonu | ,beINSports,MEHMET ŞAHİN,ALPER ALTUĞ KÖSELERLİ,UĞUR AKYILDIZ,ENİS GÜREL,EDA ELFİDAN,DİNÇER ADİLLER,AHMET ERKASAP,GÖZDE BEGÜM AKÜZÜM,Ülker Spor ve Etkinlik Salonu
5.06.2025,20:30,1EA4626,Playoff Yarı Final,FENERBAHÇE BEKO,93 - 76,BAHÇEŞEHİR KOLEJİ,,İSTANBUL,Ülker Spor ve Etkinlik Salonu | ,beINSports,EMİN MOĞULKOÇ,ZİYA ÖZORHON,SEHER AYŞE NUR YAZICIOĞLU,MELİK YİĞİT BAYINDIR,ALTAN CANDAN,GÖZDE BEGÜM AKÜZÜM,GÜLTEKİN KABAŞ,PERİHAN GİZEM ÜNSAL,Ülker Spor ve Etkinlik Salonu
6.06.2025,20:30,1EA4627,Playoff Yarı Final,BEŞİKTAŞ FIBABANKA,87 - 90,ANADOLU EFES,,İSTANBUL,BJK Fibabanka Spor Kompleksi | ,beINSports,YENER YILMAZ,MEHMET KARABİLECEN,TOLGA AKKUŞOĞLU,HÜSEYİN OSMAN BÜYÜKGÖKSU,KEREM SIRMAGİL,AHMET YILDIZ,GÜL URASLI,ALPKAN HACIYAKUPOĞLU,BJK Fibabanka Spor Kompleksi
7.06.2025,20:30,1EA4628,Playoff Yarı Final,FENERBAHÇE BEKO,91 - 89,BAHÇEŞEHİR KOLEJİ,,İSTANBUL,Ülker Spor ve Etkinlik Salonu | ,beINSports,ÖZLEM YALMAN,ALİ ŞAKACI,ALPER ÖZGÖK,ÖMER KESKİN,EBRU ULUDOĞAN,PERİHAN GİZEM ÜNSAL,ESER FIRIL,SERHAT LEVENT,Ülker Spor ve Etkinlik Salonu
8.06.2025,20:30,1EA4629,Playoff Yarı Final,BEŞİKTAŞ FIBABANKA,97 - 70,ANADOLU EFES,,İSTANBUL,BJK Fibabanka Spor Kompleksi | ,beINSports,KEREM BAKİ,FATİH ARSLANOĞLU,MEHMET SERDAR ÜNAL,ERGÜN GÜNGÖR,TUĞÇE KAYA,PINAR ŞAHİN,ERMAN YÜCEL,EMRAH RİFAİ,BJK Fibabanka Spor Kompleksi
9.06.2025,20:30,1EA4630,Playoff Yarı Final,BAHÇEŞEHİR KOLEJİ,84 - 93,FENERBAHÇE BEKO,,İSTANBUL,Sinan Erdem Spor Salonu | ,beINSports,ALİ SERKAN EMLEK,KAAN BÜYÜKÇİL,HÜSEYİN ÇELİK,MERT ELMA,TUNA TAŞ,DİNÇER ADİLLER,BURHAN DEMİR,YUSUF YELESDAĞ,Sinan Erdem Spor Salonu
10.06.2025,20:30,1EA4631,Playoff Yarı Final,ANADOLU EFES,94 - 87,BEŞİKTAŞ FIBABANKA,,İSTANBUL,Basketbol Gelişim Merkezi | ,beINSports,EMİN MOĞULKOÇ,ZAFER YILMAZ,POLAT PARLAK,MEHMET KAŞİF BATTAL,DİLARA YEŞİLDAL,EMRAH RİFAİ,ZAFER RİFAİ,TUĞÇE KAYA,Basketbol Gelişim Merkezi
12.06.2025,20:30,1EA4632,Playoff Yarı Final,ANADOLU EFES,64 - 75,BEŞİKTAŞ FIBABANKA,,İSTANBUL,Basketbol Gelişim Merkezi | ,beINSports,ALİ SERKAN EMLEK,ÖZLEM YALMAN,HÜSEYİN ÇELİK,ELA ONAT,SAMET AKYÜREK,ERMAN YÜCEL,GÜL URASLI,YÜKSEL NAZLIGÜL,Basketbol Gelişim Merkezi
14.06.2025,20:30,1EA4633,Playoff Yarı Final,BEŞİKTAŞ FIBABANKA,82 - 75,ANADOLU EFES,,İSTANBUL,BJK Fibabanka Spor Kompleksi | ,beINSports,MEHMET KARABİLECEN,KEREM BAKİ,HÜSEYİN ÇELİK,BURAK DEDE,GÜLİZ KONCA ADİLLER,AHMET YILDIZ,ŞERMİN NAZLIGÜL,ALPKAN HACIYAKUPOĞLU,BJK Fibabanka Spor Kompleksi
17.06.2025,20:30,1EA4634,Playoff Final,FENERBAHÇE BEKO,94 - 76,BEŞİKTAŞ FIBABANKA,,İSTANBUL,Ülker Spor ve Etkinlik Salonu | ,beINSports,YENER YILMAZ,KAAN BÜYÜKÇİL,POLAT PARLAK,GÖKHAN ZEKERİYA ARSLAN,,,,,Ülker Spor ve Etkinlik Salonu
19.06.2025,20:30,1EA4635,Playoff Final,FENERBAHÇE BEKO,84 - 76,BEŞİKTAŞ FIBABANKA,,İSTANBUL,Ülker Spor ve Etkinlik Salonu | ,beINSports,EMİN MOĞULKOÇ,ZİYA ÖZORHON,TOLGA AKKUŞOĞLU,ERDEM EFE,,,,,Ülker Spor ve Etkinlik Salonu
21.06.2025,20:30,1EA4636,Playoff Final,BEŞİKTAŞ FIBABANKA,98 - 77,FENERBAHÇE BEKO,,İSTANBUL,Basketbol Gelişim Merkezi | ,beINSports,ALİ SERKAN EMLEK,MEHMET KARABİLECEN,SEHER AYŞE NUR YAZICIOĞLU,EMİN FAZIL KESERATAR,,,,,Basketbol Gelişim Merkezi
23.06.2025,20:30,1EA4637,Playoff Final,BEŞİKTAŞ FIBABANKA,-,FENERBAHÇE BEKO,,İSTANBUL,Basketbol Gelişim Merkezi | ,beINSports,KEREM BAKİ,HÜSEYİN ÇELİK,MEHMET SERDAR ÜNAL,SAVAŞ BAYRAM ERTÜRK,,,,,Basketbol Gelişim Merkezi
25.06.2025,20:30,1EA4638,Playoff Final,FENERBAHÇE BEKO,-,BEŞİKTAŞ FIBABANKA,,İSTANBUL,Ülker Spor ve Etkinlik Salonu | ,beINSports,,,,,,,,,Ülker Spor ve Etkinlik Salonu
