Tarih,Saat,Maç No,Hafta,A Takım,Sonuç,B Takım,Grubu,Şehir,Salon,TV,Baş Hakem,1. Yrd. Hakem,2. Yrd. Hakem,Temsilci,1. Masa G.,2. Masa G.,3. Masa G.,4. Masa G.,Salon.1
26.09.2020,13:00,1EA3310,01. Hafta,FENERBAHÇE BEKO,105 - 72,OGM ORMANSPOR,,İSTANBUL,Ülker Spor ve Etkinlik Salonu,TİVİBU Spor 2,ÖZLEM YALMAN,MEHMET OZAN ÇAKAR,SERHAT BÜKER,HURŞİT CEM AKAN,ESER FIRIL,AHMET ERKASAP,SEDA İŞLER,YEŞİM ÖZCAN ÖZTÜRK,Ülker Spor ve Etkinlik Salonu
26.09.2020,15:15,1EA3311,01. Hafta,FRUTTİ EXTRA BURSASPOR,89 - 73,BEŞİKTAŞ ICRYPEX,,BURSA,Tofaş Spor Salonu,TİVİBU Spor,AYTUĞ EKTİ,MEHMET ŞAHİN,KEREM BAKİ,HAKAN BEŞTEPE,CEREN YAVUZ,SEVDA USTA,BERNA EKBİÇ,TEOMAN ÖYLEK,Tofaş Spor Salonu
26.09.2020,17:30,1EA3312,01. Hafta,GALATASARAY,56 - 80,ANADOLU EFES,,İSTANBUL,Sinan Erdem Spor Salonu,TİVİBU Spor 2,EMİN MOĞULKOÇ,SEMİH VURAL,ALİ KÖSEOĞLU,MEHMET ZAFER MİLLİ,TUTKU MELİS AYGÜN,AHMET YILDIZ,GÜL URASLI,CEYDA KAPKAÇ,Sinan Erdem Spor Salonu
27.09.2020,13:00,1EA3313,01. Hafta,HDI SİGORTA AFYON BELEDİYESİ,78 - 70,EMPERA HALI GAZİANTEP BASKETBOL,,AFYONKARAHİSAR,Prof. Dr. Veysel Eroğlu Spor Salonu,TİVİBU Spor 2,MEHMET KESERATAR,AHMET TATLICI,SİNEM TETİK AKBAYRAK,EMİN FAZIL KESERATAR,HATİCE OKÇU,HASAN ALİ TUTAR,HASAN GÖRDES,FATMA BETÜL İŞSİZ,Prof. Dr. Veysel Eroğlu Spor Salonu
27.09.2020,15:15,1EA3314,01. Hafta,BAHÇEŞEHİR KOLEJİ,84 - 73,TOFAŞ,,İSTANBUL,Akatlar Spor ve Kültür Kompleksi,TİVİBU Spor 2,MEHMET KARABİLECEN,OSMAN SİNAN İŞGÜDER,ÖZGE ŞENTÜRK BAYRAKTAR,TUĞBA YURTSEVEN,YÜKSEL NAZLIGÜL,ERMAN YÜCEL,HİLMİ CANKUT AYNAR,ALPKAN HACIYAKUPOĞLU,Akatlar Spor ve Kültür Kompleksi
27.09.2020,17:30,1EA3315,01. Hafta,BÜYÜKÇEKMECE BASKETBOL,86 - 83,ALİAĞA PETKİM SPOR,,İSTANBUL,Gazanfer Bilge,TİVİBU Spor,CAN MAVİSU,ZİYA ÖZORHON,DUHAN KÖYİÇİ,ERKAN URASLI,MELDA ÇAKIRCA,YUSUF YELESDAĞ,SEMRA AKDUMAN,YÜCEL FIRAT,Gazanfer Bilge
27.09.2020,20:00,1EA3316,01. Hafta,PINAR KARŞIYAKA,92 - 55,LOKMAN HEKİM FETHİYE BELEDİYE SPOR,,İZMİR,Mustafa Kemal Atatürk Karşıyaka Spor Salonu,TİVİBU Spor 2,ZAFER YILMAZ,ALPER ALTUĞ KÖSELERLİ,POLAT PARLAK,İLKE ORTAÇ ALATAN,MERAL DURMAZ,GÖZDE ONAN,ŞAHİN ŞANLI,GİZEM ÖZAYDIN,Mustafa Kemal Atatürk Karşıyaka Spor Salonu
7.10.2020,20:00,1EA3317,01. Hafta,TÜRK TELEKOM,79 - 69,DARÜŞŞAFAKA TEKFEN,,ANKARA,Ankara Spor Salonu,TİVİBU Spor 3,AYTUĞ EKTİ,MEHMET ŞAHİN,KEREM BAKİ,HALDUN KUNT,GÖZDE ÖZBEK,İSMAİL FULSER,SİMAY ÇAKMAK,AKIN AYTEKİN,Ankara Spor Salonu
3.10.2020,13:00,1EA3321,02. Hafta,EMPERA HALI GAZİANTEP BASKETBOL,59 - 55,PINAR KARŞIYAKA,,GAZİANTEP,Karataş Şahinbey Spor Salonu,TİVİBU Spor,OSMAN SİNAN İŞGÜDER,MEHMET SERDAR ÜNAL,SERHAT BÜKER,ALİ ATICI,TUĞBA DAGLIOĞLU,EKMEL CENGİZ,PINAR ŞAHİN,MUSTAFA BODUR,Karataş Şahinbey Spor Salonu
3.10.2020,15:15,1EA3318,02. Hafta,LOKMAN HEKİM FETHİYE BELEDİYE SPOR,75 - 89,FRUTTİ EXTRA BURSASPOR,,MUĞLA,Fethiye Beşkaza Spor Salonu,TİVİBU Spor 2,ERŞAN KARTAL,AHMET TATLICI,ÖZGE ŞENTÜRK BAYRAKTAR,MEHMET DURU,SEVGİ ÖZKAN,NEVİN YAVAŞ ERTUĞRUL,YÜKSEL BÜYÜKADA,TUNCER FİKRİ ERTUĞRUL,Fethiye Beşkaza Spor Salonu
3.10.2020,17:30,1EA3319,02. Hafta,DARÜŞŞAFAKA TEKFEN,91 - 95,BAHÇEŞEHİR KOLEJİ,,İSTANBUL,Darüşşafaka Ayhan Şahenk Spor Salonu,TİVİBU Spor,ZAFER YILMAZ,ALİ ŞAKACI,MUSA KAZIM ÇETİN,SAVAŞ BAYRAM ERTÜRK,SELCAN TUĞÇE ALKAYA,ALPER LAÇİNKAYA,EMRAH RİFAİ,ŞERMİN NAZLIGÜL,Darüşşafaka Ayhan Şahenk Spor Salonu
3.10.2020,20:00,1EA3324,02. Hafta,TOFAŞ,94 - 85,BÜYÜKÇEKMECE BASKETBOL,,BURSA,Tofaş Spor Salonu,TİVİBU Spor 2,AYTUĞ EKTİ,SEMİH VURAL,POLAT PARLAK,MUSTAFA DURGUT,NİDA ECE TÜZÜK,ZEHRA PINAR ÖZGÜR,TUĞBA ÖYLEK,ERAY BABAHANOĞLU,Tofaş Spor Salonu
4.10.2020,13:00,1EA3325,02. Hafta,OGM ORMANSPOR,82 - 90,GALATASARAY,,ANKARA,Ankara Spor Salonu,TİVİBU Spor 2,MEHMET KESERATAR,HALİL BALDEMİR,ORHAN ÇAĞRI HEKİMOĞLU,DERYA ANTAŞ,ARZU ÖKSÜZ,AKIN AYTEKİN,FATİH ŞEN,PELİN KUZU,Ankara Spor Salonu
4.10.2020,15:15,1EA3320,02. Hafta,ALİAĞA PETKİM SPOR,78 - 81,HDI SİGORTA AFYON BELEDİYESİ,,İZMİR,Enka Spor Salonu,TİVİBU Spor 2,FATİH ARSLANOĞLU,ALPER ALTUĞ KÖSELERLİ,SEHER AYŞE NUR YAZICIOĞLU,DİDEM SÜER,SİNEM YENİ,GÜLTEKİN DAĞDEVİREN,MESUT KARABULUT,İLAYDA DİNÇEL,Enka Spor Salonu
4.10.2020,17:30,1EA3322,02. Hafta,ANADOLU EFES,83 - 78,TÜRK TELEKOM,,İSTANBUL,Sinan Erdem Spor Salonu,TİVİBU Spor 2,YENER YILMAZ,KAAN BÜYÜKÇİL,ALPER ÖZGÖK,ÖMER KESKİN,LAL DENİZ ÇELİKER,ZAFER RİFAİ,MİHRİBAN İBEK,OSMAN AŞIK,Sinan Erdem Spor Salonu
4.10.2020,20:00,1EA3323,02. Hafta,BEŞİKTAŞ ICRYPEX,74 - 83,FENERBAHÇE BEKO,,İSTANBUL,Akatlar Spor ve Kültür Kompleksi,TİVİBU Spor 2,EMİN MOĞULKOÇ,CAN MAVİSU,HÜSEYİN ÇELİK,MELİH SABRİ KAZMAZ,TİMUR TOPUZ,SERHAT LEVENT,MUSTAFA GÖKMEN DEMİRAY,GÜLTEKİN KABAŞ,Akatlar Spor ve Kültür Kompleksi
10.10.2020,13:00,1EA3331,03. Hafta,OGM ORMANSPOR,76 - 115,ANADOLU EFES,,ANKARA,Ankara Spor Salonu,TİVİBU Spor,MEHMET KARABİLECEN,MEHMET SERDAR ÜNAL,DUHAN KÖYİÇİ,MUSTAFA KOCAEREN,FUNDA KONCA,FATİH ŞEN,OGÜN KURTULUŞ,SERDAR KARAGÜÇ,Ankara Spor Salonu
10.10.2020,15:15,1EA3327,03. Hafta,GALATASARAY,97 - 89,BEŞİKTAŞ ICRYPEX,,İSTANBUL,Sinan Erdem Spor Salonu,TİVİBU Spor 2,FATİH ARSLANOĞLU,ZİYA ÖZORHON,ALİ ŞAKACI,MEHMET ZAFER MİLLİ,NEŞE KIRAN,ERMAN YÜCEL,CEYDA KAPKAÇ,GÜL URASLI,Sinan Erdem Spor Salonu
10.10.2020,17:30,1EA3328,03. Hafta,PINAR KARŞIYAKA,97 - 80,ALİAĞA PETKİM SPOR,,İZMİR,Mustafa Kemal Atatürk Karşıyaka Spor Salonu,TİVİBU Spor 2,YENER YILMAZ,KAAN BÜYÜKÇİL,SEHER AYŞE NUR YAZICIOĞLU,İLKE ORTAÇ ALATAN,SİNEM BİRTÜRK,ASUMAN ARICAN ATAY,KEMAL AYPARS,GÜLÇİN AKIN,Mustafa Kemal Atatürk Karşıyaka Spor Salonu
10.10.2020,20:00,1EA3329,03. Hafta,BÜYÜKÇEKMECE BASKETBOL,88 - 85,DARÜŞŞAFAKA TEKFEN,,İSTANBUL,Gazanfer Bilge,TİVİBU Spor,MEHMET KESERATAR,ÖZLEM YALMAN,ALİ KÖSEOĞLU,TUĞBA YURTSEVEN,MELDA ÇAKIRCA,YUSUF YELESDAĞ,SEMRA AKDUMAN,AYGÜN SEVGİL,Gazanfer Bilge
11.10.2020,13:00,1EA3330,03. Hafta,FENERBAHÇE BEKO,113 - 74,LOKMAN HEKİM FETHİYE BELEDİYE SPOR,,İSTANBUL,Ülker Spor ve Etkinlik Salonu,TİVİBU Spor 2,OSMAN SİNAN İŞGÜDER,SİNEM TETİK AKBAYRAK,ORHAN ÇAĞRI HEKİMOĞLU,ERKAN URASLI,YEŞİM ÖZCAN ÖZTÜRK,AHMET ERKASAP,SEDA İŞLER,VEDAT SAVAŞ,Ülker Spor ve Etkinlik Salonu
11.10.2020,15:15,1EA3332,03. Hafta,HDI SİGORTA AFYON BELEDİYESİ,75 - 89,TOFAŞ,,AFYONKARAHİSAR,Prof. Dr. Veysel Eroğlu Spor Salonu,TİVİBU Spor 2,ZAFER YILMAZ,HALİL BALDEMİR,MUSA KAZIM ÇETİN,LÜTFİYE TAŞPINAR,HATİCE OKÇU,HASAN ALİ TUTAR,HASAN GÖRDES,FATMA BETÜL İŞSİZ,Prof. Dr. Veysel Eroğlu Spor Salonu
11.10.2020,17:30,1EA3326,03. Hafta,FRUTTİ EXTRA BURSASPOR,78 - 90,EMPERA HALI GAZİANTEP BASKETBOL,,BURSA,Tofaş Spor Salonu,TİVİBU Spor 2,EMİN MOĞULKOÇ,MEHMET OZAN ÇAKAR,ALPER ÖZGÖK,MACİT ZEREN,SİNEM ERTEM,ZEHRA PINAR ÖZGÜR,ADEM ÇATALKAŞ,ESRA AL,Tofaş Spor Salonu
11.10.2020,20:00,1EA3333,03. Hafta,BAHÇEŞEHİR KOLEJİ,88 - 97,TÜRK TELEKOM,,İSTANBUL,Akatlar Spor ve Kültür Kompleksi,TİVİBU Spor 2,ERŞAN KARTAL,SEMİH VURAL,HÜSEYİN ÇELİK,RAHŞAN ŞEBNEM TÜMER,DEMET ULUCUTSOY,KEREM SIRMAGİL,ALPKAN HACIYAKUPOĞLU,HİLMİ CANKUT AYNAR,Akatlar Spor ve Kültür Kompleksi
17.10.2020,13:00,1EA3338,04. Hafta,DARÜŞŞAFAKA TEKFEN,102 - 77,HDI SİGORTA AFYON BELEDİYESİ,,İSTANBUL,Darüşşafaka Ayhan Şahenk Spor Salonu,TİVİBU Spor 2,CAN MAVİSU,ÖZGE ŞENTÜRK BAYRAKTAR,HÜSEYİN ÇELİK,MEHMET ZAFER MİLLİ,SELCAN TUĞÇE ALKAYA,MUSTAFA GÖKMEN DEMİRAY,LAL DENİZ ÇELİKER,MUSTAFA BURAK SİNOPLUOĞLU,Darüşşafaka Ayhan Şahenk Spor Salonu
17.10.2020,15:15,1EA3334,04. Hafta,LOKMAN HEKİM FETHİYE BELEDİYE SPOR,91 - 82,GALATASARAY,,MUĞLA,Fethiye Beşkaza Spor Salonu,TİVİBU Spor 2,KEREM BAKİ,KAAN BÜYÜKÇİL,SERHAT BÜKER,MEHMET DURU,SEVGİ ÖZKAN,NEVİN YAVAŞ ERTUĞRUL,SÜLEYMAN ALPER YILDIZ,EVREN ERTOY,Fethiye Beşkaza Spor Salonu
17.10.2020,17:30,1EA3337,04. Hafta,TOFAŞ,78 - 88,PINAR KARŞIYAKA,,BURSA,Tofaş Spor Salonu,TİVİBU Spor 2,ERŞAN KARTAL,ALİ ŞAKACI,MEHMET OZAN ÇAKAR,HAKAN BEŞTEPE,AYÇA ÜNLÜ,TUĞBA ÖYLEK,BERNA EKBİÇ,ERAY BABAHANOĞLU,Tofaş Spor Salonu
17.10.2020,20:00,1EA3336,04. Hafta,ALİAĞA PETKİM SPOR,108 - 80,FRUTTİ EXTRA BURSASPOR,,İZMİR,Enka Spor Salonu,TİVİBU Spor,ZAFER YILMAZ,MEHMET SERDAR ÜNAL,SEMİH VURAL,GÖRKEM BIÇAKCIOĞLU,CANSU ÇOBAN,ONUR BURAK,ALİ DEVECİ,İLAYDA DİNÇEL,Enka Spor Salonu
18.10.2020,13:00,1EA3340,04. Hafta,ANADOLU EFES,89 - 66,BAHÇEŞEHİR KOLEJİ,,İSTANBUL,Sinan Erdem Spor Salonu,TİVİBU Spor 2,MEHMET ŞAHİN,ALPER ALTUĞ KÖSELERLİ,ZİYA ÖZORHON,HURŞİT CEM AKAN,SEDA İŞLER,GÜL URASLI,BEKİR SEVİMLİ,YÜCEL FIRAT,Sinan Erdem Spor Salonu
18.10.2020,15:15,1EA3335,04. Hafta,EMPERA HALI GAZİANTEP BASKETBOL,59 - 65,FENERBAHÇE BEKO,,GAZİANTEP,Karataş Şahinbey Spor Salonu,TİVİBU Spor 2,MEHMET KARABİLECEN,HALİL BALDEMİR,POLAT PARLAK,ALİ ATICI,TUĞBA DAGLIOĞLU,EKMEL CENGİZ,MUSTAFA BODUR,PINAR ŞAHİN,Karataş Şahinbey Spor Salonu
18.10.2020,17:30,1EA3339,04. Hafta,TÜRK TELEKOM,95 - 89,BÜYÜKÇEKMECE BASKETBOL,,ANKARA,Ankara Spor Salonu,TİVİBU Spor 2,ALİ SERKAN EMLEK,FATİH ARSLANOĞLU,ORHAN ÇAĞRI HEKİMOĞLU,MEHMET KAŞİF BATTAL,PELİN KUZU,FATİH ŞEN,ARDA GÜRBÜZ,SİMAY ÇAKMAK,Ankara Spor Salonu
18.10.2020,20:00,1EA3341,04. Hafta,BEŞİKTAŞ ICRYPEX,85 - 91,OGM ORMANSPOR,,İSTANBUL,Akatlar Spor ve Kültür Kompleksi,TİVİBU Spor,YENER YILMAZ,ALPER ÖZGÖK,AHMET TATLICI,ERKAN URASLI,GÜLİZ KONCA ADİLLER,HİLMİ CANKUT AYNAR,ECE DİKMENLİ,ŞÜKRÜ ALOĞLU,Akatlar Spor ve Kültür Kompleksi
24.10.2020,13:00,1EA3344,05. Hafta,FRUTTİ EXTRA BURSASPOR,83 - 70,TOFAŞ,,BURSA,Tofaş Spor Salonu,TİVİBU Spor 2,MEHMET KESERATAR,ALPER ALTUĞ KÖSELERLİ,CAN MAVİSU,HAKAN BEŞTEPE,SİNEM ERTEM,ZEHRA PINAR ÖZGÜR,AYÇA ÜNLÜ,ADEM ÇATALKAŞ,Tofaş Spor Salonu
24.10.2020,15:15,1EA3346,05. Hafta,HDI SİGORTA AFYON BELEDİYESİ,84 - 89,TÜRK TELEKOM,,AFYONKARAHİSAR,Prof. Dr. Veysel Eroğlu Spor Salonu,TİVİBU Spor 2,ÖZLEM YALMAN,ZİYA ÖZORHON,SERHAT BÜKER,EMİN FAZIL KESERATAR,HATİCE OKÇU,HASAN ALİ TUTAR,FATMA BETÜL İŞSİZ,HASAN GÖRDES,Prof. Dr. Veysel Eroğlu Spor Salonu
24.10.2020,17:30,1EA3345,05. Hafta,PINAR KARŞIYAKA,89 - 78,DARÜŞŞAFAKA TEKFEN,,İZMİR,Mustafa Kemal Atatürk Karşıyaka Spor Salonu,"TİVİBU Spor 2,TRT SPOR 2",MEHMET KARABİLECEN,SEMİH VURAL,DUHAN KÖYİÇİ,GÖRKEM BIÇAKCIOĞLU,CEREN BARAN,ALİ DEVECİ,ÖMER DURSUN,FATMA DÖNMEZ,Mustafa Kemal Atatürk Karşıyaka Spor Salonu
24.10.2020,20:00,1EA3347,05. Hafta,BÜYÜKÇEKMECE BASKETBOL,66 - 92,BAHÇEŞEHİR KOLEJİ,,İSTANBUL,Gazanfer Bilge,TİVİBU Spor 2,KEREM BAKİ,MEHMET SERDAR ÜNAL,KAAN BÜYÜKÇİL,TUĞBA YURTSEVEN,FURKAN ATALAY,YUSUF YELESDAĞ,MİHRİBAN İBEK,SEMRA AKDUMAN,Gazanfer Bilge
25.10.2020,13:00,1EA3343,05. Hafta,FENERBAHÇE BEKO,93 - 70,ALİAĞA PETKİM SPOR,,İSTANBUL,Ülker Spor ve Etkinlik Salonu,TİVİBU Spor 2,MEHMET KESERATAR,AYTUĞ EKTİ,ALİ KÖSEOĞLU,HURŞİT CEM AKAN,SEDA İŞLER,EBRU ULUDOĞAN,ESER FIRIL,YEŞİM ÖZCAN ÖZTÜRK,Ülker Spor ve Etkinlik Salonu
25.10.2020,15:15,1EA3342,05. Hafta,GALATASARAY,86 - 90,EMPERA HALI GAZİANTEP BASKETBOL,,İSTANBUL,Sinan Erdem Spor Salonu,TİVİBU Spor 2,YENER YILMAZ,MEHMET ŞAHİN,SEHER AYŞE NUR YAZICIOĞLU,MEHMET ZAFER MİLLİ,YUNUS EMRE SEVER,CEYDA KAPKAÇ,YÜCEL FIRAT,ESİN MÜEZZİNOĞLU,Sinan Erdem Spor Salonu
25.10.2020,17:30,1EA3348,05. Hafta,OGM ORMANSPOR,77 - 66,LOKMAN HEKİM FETHİYE BELEDİYE SPOR,,ANKARA,Ankara Spor Salonu,TİVİBU Spor 2,EMİN MOĞULKOÇ,HÜSEYİN ÇELİK,MUSA KAZIM ÇETİN,BURAK DEDE,NİHAN ÜNSAL,AKIN AYTEKİN,ONUR YEŞİLBAĞ,SERDAR KARAGÜÇ,Ankara Spor Salonu
26.10.2020,20:00,1EA3349,05. Hafta,BEŞİKTAŞ ICRYPEX,74 - 81,ANADOLU EFES,,İSTANBUL,Akatlar Spor ve Kültür Kompleksi,"TİVİBU Spor 2,TRT SPOR 2",ZAFER YILMAZ,OSMAN SİNAN İŞGÜDER,SEHER AYŞE NUR YAZICIOĞLU,MELİH SABRİ KAZMAZ,SELCAN TUĞÇE ALKAYA,ERMAN YÜCEL,ALPKAN HACIYAKUPOĞLU,OSMAN AŞIK,Akatlar Spor ve Kültür Kompleksi
31.10.2020,13:00,1EA3354,06. Hafta,BAHÇEŞEHİR KOLEJİ,70 - 76,HDI SİGORTA AFYON BELEDİYESİ,,İSTANBUL,Akatlar Spor ve Kültür Kompleksi,TİVİBU Spor 2,AYTUĞ EKTİ,MEHMET OZAN ÇAKAR,POLAT PARLAK,HURŞİT CEM AKAN,BEGÜM SAVAŞ,MUSTAFA GÖKMEN DEMİRAY,GÖRKEM GÖRGÜLÜ,ECE DİKMENLİ,Akatlar Spor ve Kültür Kompleksi
31.10.2020,15:15,1EA3350,06. Hafta,ALİAĞA PETKİM SPOR,83 - 64,GALATASARAY,,İZMİR,Enka Spor Salonu,"TİVİBU Spor 2,TRT SPOR 2",MEHMET KARABİLECEN,HÜSEYİN ÇELİK,AHMET TATLICI,MURAT MISIRLI,SİNEM YENİ,SİNEM BİRTÜRK,GİZEM ÖZAYDIN,GÜLÇİN AKIN,Enka Spor Salonu
31.10.2020,17:30,1EA3352,06. Hafta,DARÜŞŞAFAKA TEKFEN,78 - 75,FRUTTİ EXTRA BURSASPOR,,İSTANBUL,Darüşşafaka Ayhan Şahenk Spor Salonu,TİVİBU Spor 2,YENER YILMAZ,OSMAN SİNAN İŞGÜDER,SEHER AYŞE NUR YAZICIOĞLU,ERKAN URASLI,AYGÜN SEVGİL,ŞERMİN NAZLIGÜL,TOLGAY ÖZCAN,LAL DENİZ ÇELİKER,Darüşşafaka Ayhan Şahenk Spor Salonu
31.10.2020,20:00,1EA3351,06. Hafta,TOFAŞ,103 - 104,FENERBAHÇE BEKO,,BURSA,Tofaş Spor Salonu,TİVİBU Spor 2,KEREM BAKİ,ZİYA ÖZORHON,MEHMET ŞAHİN,MACİT ZEREN,NİDA ECE TÜZÜK,ZEHRA PINAR ÖZGÜR,ESRA AL,TUĞBA ÖYLEK,Tofaş Spor Salonu
1.11.2020,13:00,1EA3357,06. Hafta,LOKMAN HEKİM FETHİYE BELEDİYE SPOR,87 - 83,BEŞİKTAŞ ICRYPEX,,MUĞLA,Fethiye Beşkaza Spor Salonu,TİVİBU Spor 2,MEHMET KESERATAR,ÖZLEM YALMAN,DUHAN KÖYİÇİ,MEHMET DURU,SEVGİ ÖZKAN,NEVİN YAVAŞ ERTUĞRUL,EVREN ERTOY,TUNCER FİKRİ ERTUĞRUL,Fethiye Beşkaza Spor Salonu
1.11.2020,15:15,1EA3356,06. Hafta,EMPERA HALI GAZİANTEP BASKETBOL,76 - 87,OGM ORMANSPOR,,GAZİANTEP,Karataş Şahinbey Spor Salonu,TİVİBU Spor 2,ALİ ŞAKACI,KAAN BÜYÜKÇİL,CAN MAVİSU,NAMIK KEMAL ERGÜVEN,TUĞBA DAGLIOĞLU,EKMEL CENGİZ,PINAR ŞAHİN,MUSTAFA BODUR,Karataş Şahinbey Spor Salonu
1.11.2020,17:30,1EA3353,06. Hafta,TÜRK TELEKOM,81 - 61,PINAR KARŞIYAKA,,ANKARA,Ankara Spor Salonu,TİVİBU Spor 2,EMİN MOĞULKOÇ,MUSA KAZIM ÇETİN,ALİ KÖSEOĞLU,HALDUN KUNT,GÖZDE ÖZBEK,FATİH ŞEN,İSMAİL FULSER,ARDA GÜRBÜZ,Ankara Spor Salonu
1.11.2020,20:00,1EA3355,06. Hafta,ANADOLU EFES,98 - 79,BÜYÜKÇEKMECE BASKETBOL,,İSTANBUL,Sinan Erdem Spor Salonu,"TİVİBU Spor 2,TRT SPOR 2",ERŞAN KARTAL,HALİL BALDEMİR,ÖZGE ŞENTÜRK BAYRAKTAR,SAVAŞ BAYRAM ERTÜRK,GÜLİZ KONCA ADİLLER,ALİ MALÇOK,VEDAT SAVAŞ,MELDA ÇAKIRCA,Sinan Erdem Spor Salonu
7.11.2020,15:15,1EA3365,07. Hafta,LOKMAN HEKİM FETHİYE BELEDİYE SPOR,84 - 90,ANADOLU EFES,,MUĞLA,Fethiye Beşkaza Spor Salonu,"TİVİBU Spor 2,TRT SPOR 2",ALİ ŞAKACI,MEHMET OZAN ÇAKAR,CAN MAVİSU,MEHMET DURU,EVREN ERTOY,NEVİN YAVAŞ ERTUĞRUL,TUNCER FİKRİ ERTUĞRUL,SÜLEYMAN ALPER YILDIZ,Fethiye Beşkaza Spor Salonu
7.11.2020,17:30,1EA3363,07. Hafta,OGM ORMANSPOR,90 - 106,ALİAĞA PETKİM SPOR,,ANKARA,Ankara Spor Salonu,TİVİBU Spor 2,ERŞAN KARTAL,ZİYA ÖZORHON,ÖZGE ŞENTÜRK BAYRAKTAR,DERYA ANTAŞ,SİBEL FAZLIOĞLU,AKIN AYTEKİN,TUNCER ULUŞEKER,BİLAL UZGÖREN,Ankara Spor Salonu
7.11.2020,20:00,1EA3360,07. Hafta,FRUTTİ EXTRA BURSASPOR,107 - 108,TÜRK TELEKOM,,BURSA,Tofaş Spor Salonu,TİVİBU Spor 2,ZAFER YILMAZ,MEHMET KARABİLECEN,POLAT PARLAK,HAKAN BEŞTEPE,HANDE NUR DOĞAN,ADEM ÇATALKAŞ,BERNA EKBİÇ,ŞAFAK IRMAK SARAÇOĞLU,Tofaş Spor Salonu
8.11.2020,13:00,1EA3359,07. Hafta,FENERBAHÇE BEKO,90 - 79,DARÜŞŞAFAKA TEKFEN,,İSTANBUL,Ülker Spor ve Etkinlik Salonu,TİVİBU Spor 2,ALPER ALTUĞ KÖSELERLİ,KAAN BÜYÜKÇİL,SERHAT BÜKER,HURŞİT CEM AKAN,MURAT SONER DURADEMİR,SEDA İŞLER,YEŞİM ÖZCAN ÖZTÜRK,ELİF ERGÜÇ,Ülker Spor ve Etkinlik Salonu
8.11.2020,15:15,1EA3364,07. Hafta,BEŞİKTAŞ ICRYPEX,84 - 81,EMPERA HALI GAZİANTEP BASKETBOL,,İSTANBUL,Akatlar Spor ve Kültür Kompleksi,"TİVİBU Spor 2,TRT SPOR 2",AYTUĞ EKTİ,KEREM BAKİ,SEMİH VURAL,EMİN FAZIL KESERATAR,GÜLİZ KONCA ADİLLER,HİLMİ CANKUT AYNAR,ALPKAN HACIYAKUPOĞLU,EMRAH RİFAİ,Akatlar Spor ve Kültür Kompleksi
8.11.2020,17:30,1EA3358,07. Hafta,GALATASARAY,79 - 91,TOFAŞ,,İSTANBUL,Sinan Erdem Spor Salonu,TİVİBU Spor 2,EMİN MOĞULKOÇ,ÖZLEM YALMAN,MEHMET SERDAR ÜNAL,TUĞBA YURTSEVEN,FURKAN ATALAY,CEYDA KAPKAÇ,ALİ MALÇOK,SEMRA AKDUMAN,Sinan Erdem Spor Salonu
8.11.2020,20:00,1EA3362,07. Hafta,HDI SİGORTA AFYON BELEDİYESİ,79 - 74,BÜYÜKÇEKMECE BASKETBOL,,AFYONKARAHİSAR,Prof. Dr. Veysel Eroğlu Spor Salonu,TİVİBU Spor 2,MEHMET ŞAHİN,ALPER ÖZGÖK,AHMET TATLICI,ZAFER ENÜŞTÜLÜ,FATMA BETÜL İŞSİZ,HASAN ALİ TUTAR,HASAN GÖRDES,ÖZGE ŞAHİN,Prof. Dr. Veysel Eroğlu Spor Salonu
4.12.2020,19:00,1EA3361,07. Hafta,PINAR KARŞIYAKA,82 - 79,BAHÇEŞEHİR KOLEJİ,,İZMİR,Mustafa Kemal Atatürk Karşıyaka Spor Salonu,TİVİBU Spor 2,MEHMET KESERATAR,SERHAT BÜKER,CAN MAVİSU,DİDEM SÜER,FATMA DÖNMEZ,ALİ DEVECİ,SONER AKARSU,ÖMER DURSUN,Mustafa Kemal Atatürk Karşıyaka Spor Salonu
14.11.2020,13:00,1EA3368,08. Hafta,BAHÇEŞEHİR KOLEJİ,101 - 71,FRUTTİ EXTRA BURSASPOR,,İSTANBUL,Akatlar Spor ve Kültür Kompleksi,TİVİBU Spor 2,KEREM BAKİ,ZİYA ÖZORHON,ALİ KÖSEOĞLU,ERKAN URASLI,BEGÜM SAVAŞ,LAL DENİZ ÇELİKER,ECE DİKMENLİ,ŞERMİN NAZLIGÜL,Akatlar Spor ve Kültür Kompleksi
14.11.2020,15:15,1EA3367,08. Hafta,TÜRK TELEKOM,81 - 82,FENERBAHÇE BEKO,,ANKARA,Ankara Spor Salonu,TİVİBU Spor 2,ERŞAN KARTAL,CAN MAVİSU,SEHER AYŞE NUR YAZICIOĞLU,BURAK DEDE,SİMAY ÇAKMAK,ONUR YEŞİLBAĞ,ARDA GÜRBÜZ,FATİH DEMİRCİ,Ankara Spor Salonu
14.11.2020,17:30,1EA3371,08. Hafta,TOFAŞ,99 - 82,OGM ORMANSPOR,,BURSA,Tofaş Spor Salonu,TİVİBU Spor 2,ALPER ALTUĞ KÖSELERLİ,AHMET TATLICI,POLAT PARLAK,MUSTAFA DURGUT,AYÇA ÜNLÜ,ABDULLAH KURT,TEOMAN ÖYLEK,TUĞBA ÖYLEK,Tofaş Spor Salonu
14.11.2020,20:00,1EA3366,08. Hafta,DARÜŞŞAFAKA TEKFEN,91 - 82,GALATASARAY,,İSTANBUL,Darüşşafaka Ayhan Şahenk Spor Salonu,"TİVİBU Spor 2,TRT SPOR 2",AYTUĞ EKTİ,ALPER ÖZGÖK,SİNEM TETİK AKBAYRAK,MELİH SABRİ KAZMAZ,AYGÜN SEVGİL,ALPKAN HACIYAKUPOĞLU,MERT İĞDELİ,HİLMİ CANKUT AYNAR,Darüşşafaka Ayhan Şahenk Spor Salonu
15.11.2020,13:00,1EA3372,08. Hafta,ALİAĞA PETKİM SPOR,82 - 72,BEŞİKTAŞ ICRYPEX,,İZMİR,Enka Spor Salonu,TİVİBU Spor 2,ALPER ALTUĞ KÖSELERLİ,HALİL BALDEMİR,MUSA KAZIM ÇETİN,GÖRKEM BIÇAKCIOĞLU,FATMA DÖNMEZ,ŞAHİN ŞANLI,ONUR BURAK,MESUT KARABULUT,Enka Spor Salonu
15.11.2020,20:00,1EA3370,08. Hafta,ANADOLU EFES,86 - 67,HDI SİGORTA AFYON BELEDİYESİ,,İSTANBUL,Sinan Erdem Spor Salonu,"TİVİBU Spor 2,TRT SPOR 2",EMİN MOĞULKOÇ,KAAN BÜYÜKÇİL,SEMİH VURAL,SAVAŞ BAYRAM ERTÜRK,TUTKU MELİS AYGÜN,ALİ MALÇOK,OSMAN AŞIK,CEYDA KAPKAÇ,Sinan Erdem Spor Salonu
16.12.2020,17:30,1EA3373,08. Hafta,EMPERA HALI GAZİANTEP BASKETBOL,84 - 64,LOKMAN HEKİM FETHİYE BELEDİYE SPOR,,GAZİANTEP,Karataş Şahinbey Spor Salonu,"TİVİBU Spor 2,TRT SPOR 2",MEHMET KESERATAR,ERŞAN KARTAL,SERHAT BÜKER,NAMIK KEMAL ERGÜVEN,TUĞBA DAGLIOĞLU,PINAR ŞAHİN,EKMEL CENGİZ,MEHMET ŞAHAN,Karataş Şahinbey Spor Salonu
16.12.2020,19:00,1EA3369,08. Hafta,BÜYÜKÇEKMECE BASKETBOL,77 - 90,PINAR KARŞIYAKA,,İSTANBUL,Gazanfer Bilge,TİVİBU Spor 3,ALPER ALTUĞ KÖSELERLİ,MEHMET SERDAR ÜNAL,SEHER AYŞE NUR YAZICIOĞLU,MEHMET ZAFER MİLLİ,FURKAN ATALAY,SEMRA AKDUMAN,TUĞÇE KAYA,YÜCEL FIRAT,Gazanfer Bilge
21.11.2020,13:00,1EA3378,09. Hafta,OGM ORMANSPOR,64 - 80,DARÜŞŞAFAKA TEKFEN,,ANKARA,Ankara Spor Salonu,TİVİBU Spor 2,MEHMET KARABİLECEN,HALİL BALDEMİR,ALİ KÖSEOĞLU,HALDUN KUNT,FUNDA KONCA,FATİH ŞEN,FATİH DEMİRCİ,ARDA GÜRBÜZ,Ankara Spor Salonu
21.11.2020,15:15,1EA3377,09. Hafta,PINAR KARŞIYAKA,96 - 82,HDI SİGORTA AFYON BELEDİYESİ,,İZMİR,Mustafa Kemal Atatürk Karşıyaka Spor Salonu,TİVİBU Spor 2,ALPER ALTUĞ KÖSELERLİ,ZİYA ÖZORHON,ORHAN ÇAĞRI HEKİMOĞLU,MURAT MISIRLI,CEREN BARAN,SİNEM BİRTÜRK,ÖMER DURSUN,ELİF KALENDER,Mustafa Kemal Atatürk Karşıyaka Spor Salonu
21.11.2020,17:30,1EA3374,09. Hafta,GALATASARAY,94 - 89,TÜRK TELEKOM,,İSTANBUL,Sinan Erdem Spor Salonu,"TİVİBU Spor 2,TRT SPOR 2",ALİ ŞAKACI,KAAN BÜYÜKÇİL,MEHMET OZAN ÇAKAR,MELİH SABRİ KAZMAZ,BEKİR SEVİMLİ,CEYDA KAPKAÇ,MELDA ÇAKIRCA,EMRAH RİFAİ,Sinan Erdem Spor Salonu
21.11.2020,20:00,1EA3380,09. Hafta,LOKMAN HEKİM FETHİYE BELEDİYE SPOR,75 - 74,ALİAĞA PETKİM SPOR,,MUĞLA,Fethiye Beşkaza Spor Salonu,TİVİBU Spor 2,FATİH ARSLANOĞLU,MEHMET ŞAHİN,SEMİH VURAL,MEHMET DURU,SEVGİ ÖZKAN,NEVİN YAVAŞ ERTUĞRUL,TUNCER FİKRİ ERTUĞRUL,SÜLEYMAN ALPER YILDIZ,Fethiye Beşkaza Spor Salonu
22.11.2020,15:15,1EA3375,09. Hafta,FENERBAHÇE BEKO,70 - 56,BAHÇEŞEHİR KOLEJİ,,İSTANBUL,Ülker Spor ve Etkinlik Salonu,"TİVİBU Spor 2,TRT SPOR 2",ZAFER YILMAZ,MEHMET SERDAR ÜNAL,SİNEM TETİK AKBAYRAK,EMİN FAZIL KESERATAR,SEHER KAZANÇ,AHMET ERKASAP,ŞÜKRÜ ALOĞLU,MURAT SONER DURADEMİR,Ülker Spor ve Etkinlik Salonu
22.11.2020,17:30,1EA3379,09. Hafta,BEŞİKTAŞ ICRYPEX,94 - 85,TOFAŞ,,İSTANBUL,Akatlar Spor ve Kültür Kompleksi,TİVİBU Spor 2,ALİ SERKAN EMLEK,CAN MAVİSU,ÖZGE ŞENTÜRK BAYRAKTAR,TUĞBA YURTSEVEN,TİMUR TOPUZ,LAL DENİZ ÇELİKER,ALPKAN HACIYAKUPOĞLU,AYGÜN SEVGİL,Akatlar Spor ve Kültür Kompleksi
5.01.2021,17:00,1EA3381,09. Hafta,EMPERA HALI GAZİANTEP BASKETBOL,60 - 68,ANADOLU EFES,,GAZİANTEP,Karataş Şahinbey Spor Salonu,TİVİBU Spor 2,AYTUĞ EKTİ,CAN MAVİSU,SERHAT BÜKER,NAMIK KEMAL ERGÜVEN,TUĞBA DAGLIOĞLU,EKMEL CENGİZ,PINAR ŞAHİN,MEHMET ŞAHAN,Karataş Şahinbey Spor Salonu
7.01.2021,19:00,1EA3376,09. Hafta,FRUTTİ EXTRA BURSASPOR,89 - 81,BÜYÜKÇEKMECE BASKETBOL,,BURSA,Tofaş Spor Salonu,TİVİBU Spor 2,MEHMET KESERATAR,KEREM BAKİ,ÖZGE ŞENTÜRK BAYRAKTAR,HAKAN BEŞTEPE,ESRA AL,EMEL ÖZTÜRK,TEOMAN ÖYLEK,ŞAFAK IRMAK SARAÇOĞLU,Tofaş Spor Salonu
1.12.2020,18:00,1EA3389,10. Hafta,ALİAĞA PETKİM SPOR,67 - 66,EMPERA HALI GAZİANTEP BASKETBOL,,İZMİR,Enka Spor Salonu,TİVİBU Spor 2,ÖZLEM YALMAN,KEREM BAKİ,KAAN BÜYÜKÇİL,DİDEM SÜER,CANSU ÇOBAN,ALİ DEVECİ,ONUR BURAK,ŞAHİN ŞANLI,Enka Spor Salonu
1.12.2020,20:15,1EA3383,10. Hafta,BÜYÜKÇEKMECE BASKETBOL,93 - 91,FENERBAHÇE BEKO,,İSTANBUL,Gazanfer Bilge,"TRTSPOR,TİVİBU Spor 3",MEHMET KESERATAR,OSMAN SİNAN İŞGÜDER,AHMET TATLICI,TUĞBA YURTSEVEN,TUĞÇE KAYA,YUSUF YELESDAĞ,YÜCEL FIRAT,SEMRA AKDUMAN,Gazanfer Bilge
1.12.2020,20:15,1EA3385,10. Hafta,ANADOLU EFES,74 - 61,PINAR KARŞIYAKA,,İSTANBUL,Sinan Erdem Spor Salonu,TİVİBU Spor 2,EMİN MOĞULKOÇ,AYTUĞ EKTİ,HÜSEYİN ÇELİK,ERKAN URASLI,BİROL ŞİMŞEK,DİNÇER ADİLLER,ALİ MALÇOK,ZAFER RİFAİ,Sinan Erdem Spor Salonu
2.12.2020,18:00,1EA3386,10. Hafta,TÜRK TELEKOM,83 - 64,OGM ORMANSPOR,,ANKARA,Ankara Spor Salonu,TİVİBU Spor 3,FATİH ARSLANOĞLU,SERHAT BÜKER,SİNEM TETİK AKBAYRAK,MEHMET KAŞİF BATTAL,NİHAN ÜNSAL,AKIN AYTEKİN,SİBEL FAZLIOĞLU,ONUR YEŞİLBAĞ,Ankara Spor Salonu
2.12.2020,18:00,1EA3384,10. Hafta,HDI SİGORTA AFYON BELEDİYESİ,76 - 70,FRUTTİ EXTRA BURSASPOR,,AFYONKARAHİSAR,Prof. Dr. Veysel Eroğlu Spor Salonu,TİVİBU Spor 2,ALİ SERKAN EMLEK,ERŞAN KARTAL,MUSA KAZIM ÇETİN,TURAN CAN OCAKOĞLU,HATİCE OKÇU,HASAN ALİ TUTAR,FATMA BETÜL İŞSİZ,HASAN GÖRDES,Prof. Dr. Veysel Eroğlu Spor Salonu
2.12.2020,18:00,1EA3388,10. Hafta,TOFAŞ,110 - 81,LOKMAN HEKİM FETHİYE BELEDİYE SPOR,,BURSA,Tofaş Spor Salonu,TİVİBU Spor 4,MEHMET KARABİLECEN,ALPER ÖZGÖK,SEHER AYŞE NUR YAZICIOĞLU,HAKAN BEŞTEPE,AYÇA ÜNLÜ,SEVDA USTA,EMEL ÖZTÜRK,ESRA AL,Tofaş Spor Salonu
2.12.2020,20:15,1EA3387,10. Hafta,DARÜŞŞAFAKA TEKFEN,82 - 86,BEŞİKTAŞ ICRYPEX,,İSTANBUL,Darüşşafaka Ayhan Şahenk Spor Salonu,"TİVİBU Spor 3,TRT SPOR 2",YENER YILMAZ,MEHMET SERDAR ÜNAL,POLAT PARLAK,EMİN FAZIL KESERATAR,BEGÜM SAVAŞ,ALPER LAÇİNKAYA,FURKAN ATALAY,LAL DENİZ ÇELİKER,Darüşşafaka Ayhan Şahenk Spor Salonu
2.12.2020,20:15,1EA3382,10. Hafta,BAHÇEŞEHİR KOLEJİ,78 - 95,GALATASARAY,,İSTANBUL,Akatlar Spor ve Kültür Kompleksi,TİVİBU Spor 2,ALPER ALTUĞ KÖSELERLİ,ZİYA ÖZORHON,DUHAN KÖYİÇİ,HURŞİT CEM AKAN,ALTAN CANDAN,KEREM SIRMAGİL,ŞERMİN NAZLIGÜL,YÜKSEL NAZLIGÜL,Akatlar Spor ve Kültür Kompleksi
5.12.2020,13:00,1EA3395,11. Hafta,LOKMAN HEKİM FETHİYE BELEDİYE SPOR,54 - 78,DARÜŞŞAFAKA TEKFEN,,MUĞLA,Fethiye Beşkaza Spor Salonu,TİVİBU Spor 2,ALPER ALTUĞ KÖSELERLİ,ZİYA ÖZORHON,MEHMET OZAN ÇAKAR,MEHMET DURU,SÜLEYMAN ALPER YILDIZ,NEVİN YAVAŞ ERTUĞRUL,TUNCER FİKRİ ERTUĞRUL,EVREN ERTOY,Fethiye Beşkaza Spor Salonu
5.12.2020,15:15,1EA3394,11. Hafta,BEŞİKTAŞ ICRYPEX,94 - 60,TÜRK TELEKOM,,İSTANBUL,Akatlar Spor ve Kültür Kompleksi,"TİVİBU Spor 2,TRT SPOR 2",MEHMET KARABİLECEN,ALPER ÖZGÖK,HÜSEYİN ÇELİK,MELİH SABRİ KAZMAZ,ESİN MÜEZZİNOĞLU,ALPER LAÇİNKAYA,ŞAZİYE SİMSAR YAKIN,YÜKSEL NAZLIGÜL,Akatlar Spor ve Kültür Kompleksi
5.12.2020,17:30,1EA3396,11. Hafta,EMPERA HALI GAZİANTEP BASKETBOL,68 - 67,TOFAŞ,,GAZİANTEP,Karataş Şahinbey Spor Salonu,TİVİBU Spor 2,YENER YILMAZ,MEHMET SERDAR ÜNAL,SİNEM TETİK AKBAYRAK,ALİ ATICI,PINAR KAN,TUĞBA DAGLIOĞLU,PINAR ŞAHİN,EKMEL CENGİZ,Karataş Şahinbey Spor Salonu
5.12.2020,20:00,1EA3390,11. Hafta,GALATASARAY,87 - 91,BÜYÜKÇEKMECE BASKETBOL,,İSTANBUL,Sinan Erdem Spor Salonu,TİVİBU Spor 2,ZAFER YILMAZ,FATİH ARSLANOĞLU,ÖZGE ŞENTÜRK BAYRAKTAR,BURCU KOCAOĞLU SANCAR,AYGÜN SEVGİL,YUSUF YELESDAĞ,OSMAN AŞIK,ALİ MALÇOK,Sinan Erdem Spor Salonu
6.12.2020,13:00,1EA3397,11. Hafta,ALİAĞA PETKİM SPOR,71 - 75,ANADOLU EFES,,İZMİR,Enka Spor Salonu,"TİVİBU Spor 2,TRT SPOR 2",MEHMET KESERATAR,ALİ SERKAN EMLEK,ORHAN ÇAĞRI HEKİMOĞLU,MURAT MISIRLI,CANSU ÇOBAN,KEMAL AYPARS,GİZEM ÖZAYDIN,GÜLTEKİN DAĞDEVİREN,Enka Spor Salonu
6.12.2020,15:15,1EA3392,11. Hafta,FRUTTİ EXTRA BURSASPOR,81 - 94,PINAR KARŞIYAKA,,BURSA,Tofaş Spor Salonu,TİVİBU Spor 2,MEHMET ŞAHİN,KAAN BÜYÜKÇİL,HALİL BALDEMİR,MACİT ZEREN,CEREN YAVUZ,ABDULLAH KURT,TUĞBA ÖYLEK,BERNA EKBİÇ,Tofaş Spor Salonu
6.12.2020,17:30,1EA3391,11. Hafta,FENERBAHÇE BEKO,94 - 74,HDI SİGORTA AFYON BELEDİYESİ,,İSTANBUL,Ülker Spor ve Etkinlik Salonu,TİVİBU Spor 2,AYTUĞ EKTİ,SEMİH VURAL,ALİ KÖSEOĞLU,SAVAŞ BAYRAM ERTÜRK,AHMET ERKASAP,SERHAT LEVENT,GÖZDE BEGÜM AKÜZÜM,PERİHAN GİZEM ÜNSAL,Ülker Spor ve Etkinlik Salonu
6.12.2020,20:00,1EA3393,11. Hafta,OGM ORMANSPOR,80 - 68,BAHÇEŞEHİR KOLEJİ,,ANKARA,Ankara Spor Salonu,TİVİBU Spor 2,EMİN MOĞULKOÇ,OSMAN SİNAN İŞGÜDER,SEHER AYŞE NUR YAZICIOĞLU,HALDUN KUNT,FUNDA KONCA,AKIN AYTEKİN,RESUL GEÇER,İSMAİL FULSER,Ankara Spor Salonu
12.12.2020,13:00,1EA3402,12. Hafta,BAHÇEŞEHİR KOLEJİ,76 - 86,BEŞİKTAŞ ICRYPEX,,İSTANBUL,Akatlar Spor ve Kültür Kompleksi,TİVİBU Spor 2,ERŞAN KARTAL,MEHMET ŞAHİN,ORHAN ÇAĞRI HEKİMOĞLU,ERKAN URASLI,ESER FIRIL,HİLMİ CANKUT AYNAR,ŞÜKRÜ ALOĞLU,ŞAZİYE SİMSAR YAKIN,Akatlar Spor ve Kültür Kompleksi
12.12.2020,15:15,1EA3398,12. Hafta,HDI SİGORTA AFYON BELEDİYESİ,97 - 80,GALATASARAY,,AFYONKARAHİSAR,Prof. Dr. Veysel Eroğlu Spor Salonu,TİVİBU Spor 2,MEHMET KESERATAR,CAN MAVİSU,SİNEM TETİK AKBAYRAK,TURAN CAN OCAKOĞLU,HATİCE OKÇU,HASAN ALİ TUTAR,FATMA BETÜL İŞSİZ,HASAN GÖRDES,Prof. Dr. Veysel Eroğlu Spor Salonu
12.12.2020,20:00,1EA3399,12. Hafta,PINAR KARŞIYAKA,83 - 79,FENERBAHÇE BEKO,,İZMİR,Mustafa Kemal Atatürk Karşıyaka Spor Salonu,"TİVİBU Spor 2,TRT SPOR 2",ALİ SERKAN EMLEK,KEREM BAKİ,ALPER ÖZGÖK,MUSTAFA FIRAT,İLAYDA DİNÇEL,MESUT KARABULUT,FATMA DÖNMEZ,GÜLTEKİN DAĞDEVİREN,Mustafa Kemal Atatürk Karşıyaka Spor Salonu
13.12.2020,13:00,1EA3401,12. Hafta,BÜYÜKÇEKMECE BASKETBOL,89 - 82,OGM ORMANSPOR,,İSTANBUL,Gazanfer Bilge,TİVİBU Spor 2,ALİ ŞAKACI,ZİYA ÖZORHON,MEHMET OZAN ÇAKAR,TUĞBA YURTSEVEN,BİROL ŞİMŞEK,YUSUF YELESDAĞ,EMRECAN ÇAKIRCA,MELDA ÇAKIRCA,Gazanfer Bilge
13.12.2020,15:15,1EA3404,12. Hafta,DARÜŞŞAFAKA TEKFEN,82 - 75,EMPERA HALI GAZİANTEP BASKETBOL,,İSTANBUL,Darüşşafaka Ayhan Şahenk Spor Salonu,TİVİBU Spor 2,EMİN MOĞULKOÇ,FATİH ARSLANOĞLU,ÖZGE ŞENTÜRK BAYRAKTAR,MELİH SABRİ KAZMAZ,BEGÜM SAVAŞ,ERMAN YÜCEL,MUSTAFA BURAK SİNOPLUOĞLU,ŞERMİN NAZLIGÜL,Darüşşafaka Ayhan Şahenk Spor Salonu
13.12.2020,17:30,1EA3403,12. Hafta,TÜRK TELEKOM,87 - 75,LOKMAN HEKİM FETHİYE BELEDİYE SPOR,,ANKARA,Ankara Spor Salonu,TİVİBU Spor 2,YENER YILMAZ,ZAFER YILMAZ,MUSA KAZIM ÇETİN,DERYA ANTAŞ,SİMAY ÇAKMAK,FATİH ŞEN,ANIL ENDER DURGUN,TUNCER ULUŞEKER,Ankara Spor Salonu
19.01.2021,17:00,1EA3400,12. Hafta,ANADOLU EFES,91 - 58,FRUTTİ EXTRA BURSASPOR,,İSTANBUL,Sinan Erdem Spor Salonu,TİVİBU Spor 2,ÖZLEM YALMAN,ALPER ÖZGÖK,POLAT PARLAK,HURŞİT CEM AKAN,BEKİR SEVİMLİ,ZAFER RİFAİ,MERVE SAĞLAM,ALİ MALÇOK,Sinan Erdem Spor Salonu
27.01.2021,19:00,1EA3405,12. Hafta,TOFAŞ,88 - 80,ALİAĞA PETKİM SPOR,,BURSA,Tofaş Spor Salonu,TİVİBU Spor 2,MEHMET ŞAHİN,KAAN BÜYÜKÇİL,ALPER ÖZGÖK,HAKAN BEŞTEPE,NİDA ECE TÜZÜK,SEVDA USTA,TUĞBA ÖYLEK,ERAY BABAHANOĞLU,Tofaş Spor Salonu
19.12.2020,15:15,1EA3411,13. Hafta,EMPERA HALI GAZİANTEP BASKETBOL,70 - 66,TÜRK TELEKOM,,GAZİANTEP,Karataş Şahinbey Spor Salonu,TİVİBU Spor 2,ALPER ALTUĞ KÖSELERLİ,ZİYA ÖZORHON,SEMİH VURAL,ALİ ATICI,PINAR KAN,EKMEL CENGİZ,TUĞBA DAGLIOĞLU,PINAR ŞAHİN,Karataş Şahinbey Spor Salonu
19.12.2020,17:30,1EA3406,13. Hafta,GALATASARAY,74 - 86,PINAR KARŞIYAKA,,İSTANBUL,Sinan Erdem Spor Salonu,TİVİBU Spor 2,MEHMET KARABİLECEN,KAAN BÜYÜKÇİL,ALİ ŞAKACI,MELİH SABRİ KAZMAZ,BERK MERT,CEYDA KAPKAÇ,ALİ MALÇOK,GÜL URASLI,Sinan Erdem Spor Salonu
19.12.2020,20:00,1EA3413,13. Hafta,TOFAŞ,78 - 92,ANADOLU EFES,,BURSA,Tofaş Spor Salonu,"TİVİBU Spor 2,TRT SPOR 2",ZAFER YILMAZ,ÖZLEM YALMAN,AHMET TATLICI,MUSTAFA DURGUT,NİDA ECE TÜZÜK,SEVDA USTA,HANDE NUR DOĞAN,ABDULLAH KURT,Tofaş Spor Salonu
20.12.2020,13:00,1EA3407,13. Hafta,FENERBAHÇE BEKO,90 - 54,FRUTTİ EXTRA BURSASPOR,,İSTANBUL,Ülker Spor ve Etkinlik Salonu,TİVİBU Spor 2,MEHMET KESERATAR,CAN MAVİSU,HÜSEYİN ÇELİK,EMİN FAZIL KESERATAR,MURAT SONER DURADEMİR,SEDA İŞLER,GÜLTEKİN KABAŞ,YEŞİM ÖZCAN ÖZTÜRK,Ülker Spor ve Etkinlik Salonu
20.12.2020,15:15,1EA3410,13. Hafta,LOKMAN HEKİM FETHİYE BELEDİYE SPOR,76 - 105,BAHÇEŞEHİR KOLEJİ,,MUĞLA,Fethiye Beşkaza Spor Salonu,TİVİBU Spor 2,AYTUĞ EKTİ,HALİL BALDEMİR,POLAT PARLAK,MEHMET DURU,SEVGİ ÖZKAN,NEVİN YAVAŞ ERTUĞRUL,EVREN ERTOY,TUNCER ULUŞEKER,Fethiye Beşkaza Spor Salonu
20.12.2020,17:30,1EA3409,13. Hafta,BEŞİKTAŞ ICRYPEX,84 - 77,BÜYÜKÇEKMECE BASKETBOL,,İSTANBUL,Akatlar Spor ve Kültür Kompleksi,TİVİBU Spor 2,EMİN MOĞULKOÇ,ÖZLEM YALMAN,ALİ KÖSEOĞLU,BURCU KOCAOĞLU SANCAR,EMRAH RİFAİ,ALPER LAÇİNKAYA,ŞERMİN NAZLIGÜL,HİLMİ CANKUT AYNAR,Akatlar Spor ve Kültür Kompleksi
20.12.2020,20:00,1EA3408,13. Hafta,OGM ORMANSPOR,85 - 101,HDI SİGORTA AFYON BELEDİYESİ,,ANKARA,Ankara Spor Salonu,TİVİBU Spor 2,ERŞAN KARTAL,MEHMET SERDAR ÜNAL,DUHAN KÖYİÇİ,BURAK DEDE,GÖZDE ÖZBEK,AKIN AYTEKİN,İSMAİL FULSER,ONUR YEŞİLBAĞ,Ankara Spor Salonu
3.02.2021,17:00,1EA3412,13. Hafta,ALİAĞA PETKİM SPOR,78 - 70,DARÜŞŞAFAKA TEKFEN,,İZMİR,Enka Spor Salonu,"TİVİBU Spor 2,TRT SPOR 2",ALİ SERKAN EMLEK,HALİL BALDEMİR,SEMİH VURAL,DİDEM SÜER,FATMA DÖNMEZ,İLAYDA DİNÇEL,ŞAHİN ŞANLI,SİNEM BİRTÜRK,Enka Spor Salonu
26.12.2020,15:15,1EA3415,14. Hafta,ANADOLU EFES,85 - 72,FENERBAHÇE BEKO,,İSTANBUL,Sinan Erdem Spor Salonu,TİVİBU Spor 2,EMİN MOĞULKOÇ,OSMAN SİNAN İŞGÜDER,POLAT PARLAK,HURŞİT CEM AKAN,YEŞİM ÖZCAN ÖZTÜRK,YUSUF YELESDAĞ,ESİN MÜEZZİNOĞLU,ZAFER RİFAİ,Sinan Erdem Spor Salonu
26.12.2020,17:30,1EA3418,14. Hafta,BÜYÜKÇEKMECE BASKETBOL,66 - 59,LOKMAN HEKİM FETHİYE BELEDİYE SPOR,,İSTANBUL,Gazanfer Bilge,TİVİBU Spor 3,FATİH ARSLANOĞLU,CAN MAVİSU,HÜSEYİN ÇELİK,SAVAŞ BAYRAM ERTÜRK,BİROL ŞİMŞEK,SEMRA AKDUMAN,YÜCEL FIRAT,MELDA ÇAKIRCA,Gazanfer Bilge
26.12.2020,20:00,1EA3419,14. Hafta,BAHÇEŞEHİR KOLEJİ,76 - 83,EMPERA HALI GAZİANTEP BASKETBOL,,İSTANBUL,Akatlar Spor ve Kültür Kompleksi,"TİVİBU Spor 2,TRT SPOR 2",ÖZLEM YALMAN,MEHMET SERDAR ÜNAL,MUSA KAZIM ÇETİN,MELİH SABRİ KAZMAZ,SELCAN TUĞÇE ALKAYA,ERMAN YÜCEL,ŞERMİN NAZLIGÜL,ALİ MALÇOK,Akatlar Spor ve Kültür Kompleksi
27.12.2020,13:00,1EA3417,14. Hafta,HDI SİGORTA AFYON BELEDİYESİ,73 - 96,BEŞİKTAŞ ICRYPEX,,AFYONKARAHİSAR,Prof. Dr. Veysel Eroğlu Spor Salonu,TİVİBU Spor 2,ALİ ŞAKACI,KAAN BÜYÜKÇİL,SEHER AYŞE NUR YAZICIOĞLU,ZAFER ENÜŞTÜLÜ,HATİCE OKÇU,HASAN ALİ TUTAR,FATMA BETÜL İŞSİZ,HASAN GÖRDES,Prof. Dr. Veysel Eroğlu Spor Salonu
27.12.2020,13:00,1EA3414,14. Hafta,FRUTTİ EXTRA BURSASPOR,73 - 92,GALATASARAY,,BURSA,Tofaş Spor Salonu,TİVİBU Spor 3,AYTUĞ EKTİ,SEMİH VURAL,SERHAT BÜKER,HAKAN BEŞTEPE,CEREN YAVUZ,ZEHRA PINAR ÖZGÜR,ERAY BABAHANOĞLU,ŞAFAK IRMAK SARAÇOĞLU,Tofaş Spor Salonu
27.12.2020,15:15,1EA3416,14. Hafta,PINAR KARŞIYAKA,86 - 57,OGM ORMANSPOR,,İZMİR,Mustafa Kemal Atatürk Karşıyaka Spor Salonu,"TİVİBU Spor 2,TRT SPOR 2",ZAFER YILMAZ,AHMET TATLICI,ORHAN ÇAĞRI HEKİMOĞLU,DİDEM SÜER,GİZEM ÖZAYDIN,GÜLÇİN AKIN,SİNEM YENİ,ÖMER DURSUN,Mustafa Kemal Atatürk Karşıyaka Spor Salonu
27.12.2020,17:30,1EA3421,14. Hafta,DARÜŞŞAFAKA TEKFEN,72 - 85,TOFAŞ,,İSTANBUL,Darüşşafaka Ayhan Şahenk Spor Salonu,TİVİBU Spor 2,ERŞAN KARTAL,MEHMET ŞAHİN,MUSA KAZIM ÇETİN,TUĞBA YURTSEVEN,FURKAN ATALAY,ALPER LAÇİNKAYA,AYGÜN SEVGİL,OSMAN AŞIK,Darüşşafaka Ayhan Şahenk Spor Salonu
27.12.2020,20:00,1EA3420,14. Hafta,TÜRK TELEKOM,89 - 71,ALİAĞA PETKİM SPOR,,ANKARA,Ankara Spor Salonu,TİVİBU Spor 2,MEHMET KESERATAR,MEHMET OZAN ÇAKAR,ÖZGE ŞENTÜRK BAYRAKTAR,ERDEM EFE,FUNDA KONCA,AKIN AYTEKİN,SİMAY ÇAKMAK,RESUL GEÇER,Ankara Spor Salonu
2.01.2021,13:00,1EA3424,15. Hafta,BEŞİKTAŞ ICRYPEX,72 - 84,PINAR KARŞIYAKA,,İSTANBUL,Akatlar Spor ve Kültür Kompleksi,"TİVİBU Spor 3,TRT SPOR 2",AYTUĞ EKTİ,MEHMET SERDAR ÜNAL,SİNEM TETİK AKBAYRAK,MEHMET ZAFER MİLLİ,BEKİR SEVİMLİ,ALPER LAÇİNKAYA,AYGÜN SEVGİL,SEDA İŞLER,Akatlar Spor ve Kültür Kompleksi
2.01.2021,13:00,1EA3426,15. Hafta,EMPERA HALI GAZİANTEP BASKETBOL,65 - 66,BÜYÜKÇEKMECE BASKETBOL,,GAZİANTEP,Karataş Şahinbey Spor Salonu,TİVİBU Spor 2,MEHMET KARABİLECEN,MEHMET ŞAHİN,AHMET TATLICI,ALİ ATICI,MEHMET ŞAHAN,EKMEL CENGİZ,PINAR ŞAHİN,MUSTAFA BODUR,Karataş Şahinbey Spor Salonu
2.01.2021,15:30,1EA3422,15. Hafta,GALATASARAY,73 - 87,FENERBAHÇE BEKO,,İSTANBUL,Sinan Erdem Spor Salonu,"TRTSPOR,TİVİBU Spor 2",ÖZLEM YALMAN,ZİYA ÖZORHON,HALİL BALDEMİR,ERKAN URASLI,ALİ MALÇOK,ZAFER RİFAİ,HİLMİ CANKUT AYNAR,GÜL URASLI,Sinan Erdem Spor Salonu
2.01.2021,17:30,1EA3428,15. Hafta,TOFAŞ,78 - 64,TÜRK TELEKOM,,BURSA,Tofaş Spor Salonu,TİVİBU Spor 3,EMİN MOĞULKOÇ,FATİH ARSLANOĞLU,SEHER AYŞE NUR YAZICIOĞLU,MUSTAFA DURGUT,SİNEM ERTEM,ZEHRA PINAR ÖZGÜR,TARIK KEMAL ÜNLÜ,BERNA EKBİÇ,Tofaş Spor Salonu
2.01.2021,20:00,1EA3429,15. Hafta,DARÜŞŞAFAKA TEKFEN,70 - 81,ANADOLU EFES,,İSTANBUL,Darüşşafaka Ayhan Şahenk Spor Salonu,TİVİBU Spor 2,MEHMET KESERATAR,KEREM BAKİ,ALİ KÖSEOĞLU,EMİN FAZIL KESERATAR,ŞERMİN NAZLIGÜL,YÜKSEL NAZLIGÜL,LAL DENİZ ÇELİKER,ALPKAN HACIYAKUPOĞLU,Darüşşafaka Ayhan Şahenk Spor Salonu
3.01.2021,13:00,1EA3427,15. Hafta,ALİAĞA PETKİM SPOR,72 - 77,BAHÇEŞEHİR KOLEJİ,,İZMİR,Enka Spor Salonu,TİVİBU Spor 2,ZAFER YILMAZ,ALİ ŞAKACI,HÜSEYİN ÇELİK,GÖRKEM BIÇAKCIOĞLU,GİZEM ÖZAYDIN,CANSU ÇOBAN,ONUR BURAK,İLAYDA DİNÇEL,Enka Spor Salonu
3.01.2021,17:30,1EA3425,15. Hafta,LOKMAN HEKİM FETHİYE BELEDİYE SPOR,100 - 89,HDI SİGORTA AFYON BELEDİYESİ,,MUĞLA,Fethiye Beşkaza Spor Salonu,TİVİBU Spor 2,ALİ SERKAN EMLEK,SEMİH VURAL,ALPER ÖZGÖK,MEHMET DURU,EVREN ERTOY,NEVİN YAVAŞ ERTUĞRUL,TUNCER FİKRİ ERTUĞRUL,SÜLEYMAN ALPER YILDIZ,Fethiye Beşkaza Spor Salonu
3.01.2021,20:00,1EA3423,15. Hafta,OGM ORMANSPOR,84 - 80,FRUTTİ EXTRA BURSASPOR,,ANKARA,Ankara Spor Salonu,TİVİBU Spor 2,FATİH ARSLANOĞLU,ALPER ALTUĞ KÖSELERLİ,OSMAN SİNAN İŞGÜDER,HALDUN KUNT,SİBEL FAZLIOĞLU,ONUR YEŞİLBAĞ,PELİN KUZU,TUNCER ULUŞEKER,Ankara Spor Salonu
9.01.2021,13:00,1EA3433,16. Hafta,LOKMAN HEKİM FETHİYE BELEDİYE SPOR,78 - 86,PINAR KARŞIYAKA,,MUĞLA,Fethiye Beşkaza Spor Salonu,TİVİBU Spor 2,MEHMET KESERATAR,MEHMET ŞAHİN,ZİYA ÖZORHON,MEHMET DURU,SEVGİ ÖZKAN,NEVİN YAVAŞ ERTUĞRUL,EVREN ERTOY,SÜLEYMAN ALPER YILDIZ,Fethiye Beşkaza Spor Salonu
9.01.2021,15:15,1EA3431,16. Hafta,OGM ORMANSPOR,63 - 72,FENERBAHÇE BEKO,,ANKARA,Ankara Spor Salonu,"TİVİBU Spor 2,TRT SPOR 2",ALİ ŞAKACI,SEMİH VURAL,ALİ KÖSEOĞLU,BURAK DEDE,FUNDA KONCA,AKIN AYTEKİN,MEHMET AKİF CUMHURLU,ARDA GÜRBÜZ,Ankara Spor Salonu
9.01.2021,17:30,1EA3436,16. Hafta,TOFAŞ,87 - 80,BAHÇEŞEHİR KOLEJİ,,BURSA,Tofaş Spor Salonu,TİVİBU Spor 2,MEHMET KARABİLECEN,MEHMET OZAN ÇAKAR,CAN MAVİSU,MACİT ZEREN,AYÇA ÜNLÜ,SEVDA USTA,CEREN YAVUZ,TUĞBA ÖYLEK,Tofaş Spor Salonu
9.01.2021,20:00,1EA3432,16. Hafta,BEŞİKTAŞ ICRYPEX,69 - 84,FRUTTİ EXTRA BURSASPOR,,İSTANBUL,Akatlar Spor ve Kültür Kompleksi,TİVİBU Spor 2,ZAFER YILMAZ,ALİ SERKAN EMLEK,DUHAN KÖYİÇİ,HURŞİT CEM AKAN,SELCAN TUĞÇE ALKAYA,ERMAN YÜCEL,YÜKSEL NAZLIGÜL,ALPKAN HACIYAKUPOĞLU,Akatlar Spor ve Kültür Kompleksi
10.01.2021,13:00,1EA3437,16. Hafta,DARÜŞŞAFAKA TEKFEN,84 - 72,TÜRK TELEKOM,,İSTANBUL,Darüşşafaka Ayhan Şahenk Spor Salonu,"TİVİBU Spor 2,TRT SPOR 2",OSMAN SİNAN İŞGÜDER,KAAN BÜYÜKÇİL,ORHAN ÇAĞRI HEKİMOĞLU,TUĞBA YURTSEVEN,ALTAN CANDAN,SEDA İŞLER,GÖKHAN BAŞARAN,YEŞİM ÖZCAN ÖZTÜRK,Darüşşafaka Ayhan Şahenk Spor Salonu
10.01.2021,15:15,1EA3434,16. Hafta,EMPERA HALI GAZİANTEP BASKETBOL,84 - 88,HDI SİGORTA AFYON BELEDİYESİ,,GAZİANTEP,Karataş Şahinbey Spor Salonu,TİVİBU Spor 2,KEREM BAKİ,MEHMET SERDAR ÜNAL,HALİL BALDEMİR,ALİ ATICI,MEHMET ŞAHAN,EKMEL CENGİZ,PINAR ŞAHİN,MUSTAFA BODUR,Karataş Şahinbey Spor Salonu
10.01.2021,17:30,1EA3430,16. Hafta,ANADOLU EFES,90 - 80,GALATASARAY,,İSTANBUL,Sinan Erdem Spor Salonu,TİVİBU Spor 2,ERŞAN KARTAL,FATİH ARSLANOĞLU,MUSA KAZIM ÇETİN,EMİN FAZIL KESERATAR,GÜLİZ KONCA ADİLLER,YUSUF YELESDAĞ,ESİN MÜEZZİNOĞLU,ALİ MALÇOK,Sinan Erdem Spor Salonu
10.01.2021,20:00,1EA3435,16. Hafta,ALİAĞA PETKİM SPOR,98 - 77,BÜYÜKÇEKMECE BASKETBOL,,İZMİR,Enka Spor Salonu,TİVİBU Spor 2,YENER YILMAZ,ALPER ALTUĞ KÖSELERLİ,POLAT PARLAK,DİDEM SÜER,CEYDA SARICA KUZU,ALİ DEVECİ,SONER AKARSU,MESUT KARABULUT,Enka Spor Salonu
15.01.2021,19:00,1EA3440,17. Hafta,FRUTTİ EXTRA BURSASPOR,89 - 84,LOKMAN HEKİM FETHİYE BELEDİYE SPOR,,BURSA,Tofaş Spor Salonu,TİVİBU Spor 2,YENER YILMAZ,KAAN BÜYÜKÇİL,SEHER AYŞE NUR YAZICIOĞLU,HAKAN BEŞTEPE,NİDA ECE TÜZÜK,EMEL ÖZTÜRK,SABRİYE ERKAPLAN,ŞAFAK IRMAK SARAÇOĞLU,Tofaş Spor Salonu
16.01.2021,13:00,1EA3438,17. Hafta,GALATASARAY,89 - 87,OGM ORMANSPOR,,İSTANBUL,Sinan Erdem Spor Salonu,TİVİBU Spor 2,EMİN MOĞULKOÇ,MEHMET ŞAHİN,ÖZGE ŞENTÜRK BAYRAKTAR,MEHMET ZAFER MİLLİ,GÜLİZ KONCA ADİLLER,ERMAN YÜCEL,HİLMİ CANKUT AYNAR,GÜL URASLI,Sinan Erdem Spor Salonu
16.01.2021,15:15,1EA3442,17. Hafta,HDI SİGORTA AFYON BELEDİYESİ,94 - 76,ALİAĞA PETKİM SPOR,,AFYONKARAHİSAR,Prof. Dr. Veysel Eroğlu Spor Salonu,TİVİBU Spor 2,AYTUĞ EKTİ,MEHMET KARABİLECEN,SERHAT BÜKER,TURAN CAN OCAKOĞLU,HATİCE OKÇU,HASAN ALİ TUTAR,FATMA BETÜL İŞSİZ,HASAN GÖRDES,Prof. Dr. Veysel Eroğlu Spor Salonu
16.01.2021,17:30,1EA3443,17. Hafta,BÜYÜKÇEKMECE BASKETBOL,75 - 88,TOFAŞ,,İSTANBUL,Gazanfer Bilge,TİVİBU Spor 2,ZAFER YILMAZ,ZİYA ÖZORHON,SİNEM TETİK AKBAYRAK,ERKAN URASLI,BİROL ŞİMŞEK,YUSUF YELESDAĞ,MİHRİBAN İBEK,YÜCEL FIRAT,Gazanfer Bilge
17.01.2021,13:00,1EA3439,17. Hafta,FENERBAHÇE BEKO,83 - 92,BEŞİKTAŞ ICRYPEX,,İSTANBUL,Ülker Spor ve Etkinlik Salonu,"TİVİBU Spor 2,TRT SPOR 2",ERŞAN KARTAL,ALPER ALTUĞ KÖSELERLİ,MUSA KAZIM ÇETİN,MELİH SABRİ KAZMAZ,ESER FIRIL,SEDA İŞLER,YEŞİM ÖZCAN ÖZTÜRK,SEÇİL SILA KORALP,Ülker Spor ve Etkinlik Salonu
17.01.2021,15:15,1EA3445,17. Hafta,TÜRK TELEKOM,84 - 86,ANADOLU EFES,,ANKARA,Ankara Spor Salonu,TİVİBU Spor 2,YENER YILMAZ,MEHMET SERDAR ÜNAL,HÜSEYİN ÇELİK,HALDUN KUNT,PELİN KUZU,FATİH ŞEN,NİHAN ÜNSAL,FATİH DEMİRCİ,Ankara Spor Salonu
17.01.2021,17:30,1EA3444,17. Hafta,BAHÇEŞEHİR KOLEJİ,76 - 85,DARÜŞŞAFAKA TEKFEN,,İSTANBUL,Akatlar Spor ve Kültür Kompleksi,TİVİBU Spor 2,FATİH ARSLANOĞLU,AHMET TATLICI,DUHAN KÖYİÇİ,BURCU KOCAOĞLU SANCAR,SELCAN TUĞÇE ALKAYA,ALPER LAÇİNKAYA,LAL DENİZ ÇELİKER,ALPKAN HACIYAKUPOĞLU,Akatlar Spor ve Kültür Kompleksi
17.01.2021,20:00,1EA3441,17. Hafta,PINAR KARŞIYAKA,72 - 65,EMPERA HALI GAZİANTEP BASKETBOL,,İZMİR,Mustafa Kemal Atatürk Karşıyaka Spor Salonu,"TİVİBU Spor 2,TRT SPOR 2",ALİ ŞAKACI,SEMİH VURAL,ORHAN ÇAĞRI HEKİMOĞLU,GÖRKEM BIÇAKCIOĞLU,GİZEM ÖZAYDIN,ÖMER DURSUN,ONUR BURAK,ŞAHİN ŞANLI,Mustafa Kemal Atatürk Karşıyaka Spor Salonu
23.01.2021,13:00,1EA3452,18. Hafta,TÜRK TELEKOM,101 - 88,BAHÇEŞEHİR KOLEJİ,,ANKARA,Ankara Spor Salonu,TİVİBU Spor 2,ALİ SERKAN EMLEK,ALPER ALTUĞ KÖSELERLİ,ZİYA ÖZORHON,DERYA ANTAŞ,FUNDA KONCA,ONUR YEŞİLBAĞ,ARZU ÖKSÜZ,FATİH DEMİRCİ,Ankara Spor Salonu
23.01.2021,15:15,1EA3446,18. Hafta,BEŞİKTAŞ ICRYPEX,82 - 64,GALATASARAY,,İSTANBUL,Akatlar Spor ve Kültür Kompleksi,TİVİBU Spor 2,YENER YILMAZ,KEREM BAKİ,SERHAT BÜKER,EMİN FAZIL KESERATAR,BEGÜM SAVAŞ,YÜKSEL NAZLIGÜL,NEŞE KIRAN,ŞAZİYE SİMSAR YAKIN,Akatlar Spor ve Kültür Kompleksi
23.01.2021,17:30,1EA3451,18. Hafta,DARÜŞŞAFAKA TEKFEN,85 - 82,BÜYÜKÇEKMECE BASKETBOL,,İSTANBUL,Darüşşafaka Ayhan Şahenk Spor Salonu,TİVİBU Spor 2,MEHMET KARABİLECEN,CAN MAVİSU,SEHER AYŞE NUR YAZICIOĞLU,HURŞİT CEM AKAN,EMRAH RİFAİ,ALPER LAÇİNKAYA,ŞERMİN NAZLIGÜL,SEÇİL SILA KORALP,Darüşşafaka Ayhan Şahenk Spor Salonu
23.01.2021,20:00,1EA3453,18. Hafta,ANADOLU EFES,95 - 75,OGM ORMANSPOR,,İSTANBUL,Sinan Erdem Spor Salonu,"TİVİBU Spor 2,TRT SPOR 2",ZAFER YILMAZ,HALİL BALDEMİR,MEHMET OZAN ÇAKAR,SAVAŞ BAYRAM ERTÜRK,BERK MERT,YUSUF YELESDAĞ,ESİN MÜEZZİNOĞLU,OSMAN AŞIK,Sinan Erdem Spor Salonu
24.01.2021,13:00,1EA3449,18. Hafta,ALİAĞA PETKİM SPOR,75 - 85,PINAR KARŞIYAKA,,İZMİR,Enka Spor Salonu,"TİVİBU Spor 2,TRT SPOR 2",ERŞAN KARTAL,ÖZLEM YALMAN,ALİ KÖSEOĞLU,DİDEM SÜER,CANSU ÇOBAN,GÖZDE ONAN,ELİF KALENDER,GÜLTEKİN DAĞDEVİREN,Enka Spor Salonu
24.01.2021,15:15,1EA3448,18. Hafta,EMPERA HALI GAZİANTEP BASKETBOL,77 - 70,FRUTTİ EXTRA BURSASPOR,,GAZİANTEP,Karataş Şahinbey Spor Salonu,TİVİBU Spor 2,EMİN MOĞULKOÇ,ZİYA ÖZORHON,MUSA KAZIM ÇETİN,ALİ ATICI,TUĞBA DAGLIOĞLU,EKMEL CENGİZ,PINAR ŞAHİN,MUSTAFA BODUR,Karataş Şahinbey Spor Salonu
24.01.2021,17:30,1EA3447,18. Hafta,LOKMAN HEKİM FETHİYE BELEDİYE SPOR,86 - 93,FENERBAHÇE BEKO,,MUĞLA,Fethiye Beşkaza Spor Salonu,TİVİBU Spor 2,AYTUĞ EKTİ,AHMET TATLICI,POLAT PARLAK,MEHMET DURU,EVREN ERTOY,NEVİN YAVAŞ ERTUĞRUL,SÜLEYMAN ALPER YILDIZ,TUNCER FİKRİ ERTUĞRUL,Fethiye Beşkaza Spor Salonu
24.01.2021,20:00,1EA3450,18. Hafta,TOFAŞ,83 - 85,HDI SİGORTA AFYON BELEDİYESİ,,BURSA,Tofaş Spor Salonu,TİVİBU Spor 2,MEHMET KESERATAR,OSMAN SİNAN İŞGÜDER,HÜSEYİN ÇELİK,MUSTAFA DURGUT,SİNEM ERTEM,ZEHRA PINAR ÖZGÜR,TARIK KEMAL ÜNLÜ,ABDULLAH KURT,Tofaş Spor Salonu
30.01.2021,13:00,1EA3456,19. Hafta,FRUTTİ EXTRA BURSASPOR,95 - 89,ALİAĞA PETKİM SPOR,,BURSA,Tofaş Spor Salonu,TİVİBU Spor 2,OSMAN SİNAN İŞGÜDER,MEHMET SERDAR ÜNAL,AHMET TATLICI,MACİT ZEREN,CEREN YAVUZ,EMEL ÖZTÜRK,SABRİYE ERKAPLAN,BERNA EKBİÇ,Tofaş Spor Salonu
30.01.2021,15:15,1EA3458,19. Hafta,HDI SİGORTA AFYON BELEDİYESİ,80 - 79,DARÜŞŞAFAKA TEKFEN,,AFYONKARAHİSAR,Prof. Dr. Veysel Eroğlu Spor Salonu,TİVİBU Spor 2,ERŞAN KARTAL,ALPER ALTUĞ KÖSELERLİ,ALPER ÖZGÖK,ZAFER ENÜŞTÜLÜ,HATİCE OKÇU,HASAN ALİ TUTAR,FATMA BETÜL İŞSİZ,HASAN GÖRDES,Prof. Dr. Veysel Eroğlu Spor Salonu
30.01.2021,17:30,1EA3454,19. Hafta,GALATASARAY,71 - 68,LOKMAN HEKİM FETHİYE BELEDİYE SPOR,,İSTANBUL,Sinan Erdem Spor Salonu,TİVİBU Spor 2,FATİH ARSLANOĞLU,ZİYA ÖZORHON,ORHAN ÇAĞRI HEKİMOĞLU,MEHMET ZAFER MİLLİ,GÜLİZ KONCA ADİLLER,CEYDA KAPKAÇ,ESİN MÜEZZİNOĞLU,GÜL URASLI,Sinan Erdem Spor Salonu
31.01.2021,13:00,1EA3455,19. Hafta,FENERBAHÇE BEKO,97 - 102,EMPERA HALI GAZİANTEP BASKETBOL,,İSTANBUL,Ülker Spor ve Etkinlik Salonu,"TİVİBU Spor 2,TRT SPOR 2",ZAFER YILMAZ,MEHMET ŞAHİN,DUHAN KÖYİÇİ,MELİH SABRİ KAZMAZ,ESER FIRIL,EBRU ULUDOĞAN,SEÇİL SILA KORALP,SEDA İŞLER,Ülker Spor ve Etkinlik Salonu
31.01.2021,15:15,1EA3457,19. Hafta,PINAR KARŞIYAKA,90 - 71,TOFAŞ,,İZMİR,Mustafa Kemal Atatürk Karşıyaka Spor Salonu,TİVİBU Spor 2,YENER YILMAZ,KEREM BAKİ,ÖZGE ŞENTÜRK BAYRAKTAR,GÖRKEM BIÇAKCIOĞLU,GÜLTEKİN DAĞDEVİREN,GÜLÇİN AKIN,SİNEM YENİ,ÖMER DURSUN,Mustafa Kemal Atatürk Karşıyaka Spor Salonu
31.01.2021,17:30,1EA3459,19. Hafta,BÜYÜKÇEKMECE BASKETBOL,75 - 86,TÜRK TELEKOM,,İSTANBUL,Gazanfer Bilge,TİVİBU Spor 2,EMİN MOĞULKOÇ,AYTUĞ EKTİ,SERHAT BÜKER,ERKAN URASLI,MİHRİBAN İBEK,YUSUF YELESDAĞ,MELDA ÇAKIRCA,SEMRA AKDUMAN,Gazanfer Bilge
31.01.2021,20:00,1EA3460,19. Hafta,BAHÇEŞEHİR KOLEJİ,76 - 100,ANADOLU EFES,,İSTANBUL,Akatlar Spor ve Kültür Kompleksi,TİVİBU Spor 2,MEHMET KARABİLECEN,KAAN BÜYÜKÇİL,SİNEM TETİK AKBAYRAK,TUĞBA YURTSEVEN,SELCAN TUĞÇE ALKAYA,ERMAN YÜCEL,MERT İĞDELİ,ALPKAN HACIYAKUPOĞLU,Akatlar Spor ve Kültür Kompleksi
1.02.2021,19:00,1EA3461,19. Hafta,OGM ORMANSPOR,68 - 92,BEŞİKTAŞ ICRYPEX,,ANKARA,Ankara Spor Salonu,"TİVİBU Spor 2,TRT SPOR 2",MEHMET KESERATAR,ÖZLEM YALMAN,HÜSEYİN ÇELİK,BURAK DEDE,SİMAY ÇAKMAK,FATİH ŞEN,İSMAİL FULSER,SERDAR KARAGÜÇ,Ankara Spor Salonu
6.02.2021,13:00,1EA3462,20. Hafta,EMPERA HALI GAZİANTEP BASKETBOL,68 - 61,GALATASARAY,,GAZİANTEP,Karataş Şahinbey Spor Salonu,"TİVİBU Spor 2,TRT SPOR 2",MEHMET KESERATAR,ALİ SERKAN EMLEK,POLAT PARLAK,ALİ ATICI,TUĞBA DAGLIOĞLU,EKMEL CENGİZ,MEHMET ŞAHAN,MUSTAFA BODUR,Karataş Şahinbey Spor Salonu
6.02.2021,15:15,1EA3466,20. Hafta,TÜRK TELEKOM,89 - 86,HDI SİGORTA AFYON BELEDİYESİ,,ANKARA,Ankara Spor Salonu,TİVİBU Spor 2,ZAFER YILMAZ,KAAN BÜYÜKÇİL,AHMET TATLICI,HALDUN KUNT,NİHAN ÜNSAL,AKIN AYTEKİN,FUNDA KONCA,ONUR YEŞİLBAĞ,Ankara Spor Salonu
6.02.2021,17:30,1EA3465,20. Hafta,DARÜŞŞAFAKA TEKFEN,86 - 77,PINAR KARŞIYAKA,,İSTANBUL,Darüşşafaka Ayhan Şahenk Spor Salonu,TİVİBU Spor 2,EMİN MOĞULKOÇ,ZİYA ÖZORHON,HÜSEYİN ÇELİK,HURŞİT CEM AKAN,SELCAN TUĞÇE ALKAYA,PERİHAN GİZEM ÜNSAL,ECE DİKMENLİ,ŞERMİN NAZLIGÜL,Darüşşafaka Ayhan Şahenk Spor Salonu
6.02.2021,20:00,1EA3467,20. Hafta,BAHÇEŞEHİR KOLEJİ,83 - 74,BÜYÜKÇEKMECE BASKETBOL,,İSTANBUL,Akatlar Spor ve Kültür Kompleksi,TİVİBU Spor 2,OSMAN SİNAN İŞGÜDER,HALİL BALDEMİR,MUSA KAZIM ÇETİN,BURCU KOCAOĞLU SANCAR,BERK MERT,HİLMİ CANKUT AYNAR,MUSTAFA GÖKMEN DEMİRAY,KEREM SIRMAGİL,Akatlar Spor ve Kültür Kompleksi
7.02.2021,13:00,1EA3463,20. Hafta,ALİAĞA PETKİM SPOR,67 - 80,FENERBAHÇE BEKO,,İZMİR,Enka Spor Salonu,TİVİBU Spor 2,EMİN MOĞULKOÇ,YENER YILMAZ,SEHER AYŞE NUR YAZICIOĞLU,GÖRKEM BIÇAKCIOĞLU,FATMA DÖNMEZ,GÜLÇİN AKIN,ELİF KALENDER,GÜLTEKİN DAĞDEVİREN,Enka Spor Salonu
7.02.2021,15:15,1EA3468,20. Hafta,LOKMAN HEKİM FETHİYE BELEDİYE SPOR,98 - 89,OGM ORMANSPOR,,MUĞLA,Fethiye Beşkaza Spor Salonu,TİVİBU Spor 2,ERŞAN KARTAL,MEHMET SERDAR ÜNAL,SERHAT BÜKER,MEHMET DURU,SEVGİ ÖZKAN,NEVİN YAVAŞ ERTUĞRUL,ALİ BEŞİROĞLU,TUNCER FİKRİ ERTUĞRUL,Fethiye Beşkaza Spor Salonu
7.02.2021,17:30,1EA3469,20. Hafta,ANADOLU EFES,84 - 80,BEŞİKTAŞ ICRYPEX,,İSTANBUL,Sinan Erdem Spor Salonu,"TİVİBU Spor 2,TRT SPOR 2",FATİH ARSLANOĞLU,SEMİH VURAL,ORHAN ÇAĞRI HEKİMOĞLU,EMİN FAZIL KESERATAR,BEKİR SEVİMLİ,DİNÇER ADİLLER,EMRAH RİFAİ,ALİ MALÇOK,Sinan Erdem Spor Salonu
7.02.2021,20:00,1EA3464,20. Hafta,TOFAŞ,84 - 77,FRUTTİ EXTRA BURSASPOR,,BURSA,Tofaş Spor Salonu,TİVİBU Spor 2,AYTUĞ EKTİ,ALİ ŞAKACI,ALİ KÖSEOĞLU,HAKAN BEŞTEPE,AYÇA ÜNLÜ,SEVDA USTA,TEOMAN ÖYLEK,ESRA AL,Tofaş Spor Salonu
9.02.2021,17:00,1EA3473,21. Hafta,PINAR KARŞIYAKA,80 - 69,TÜRK TELEKOM,,İZMİR,Mustafa Kemal Atatürk Karşıyaka Spor Salonu,TİVİBU Spor 3,FATİH ARSLANOĞLU,OSMAN SİNAN İŞGÜDER,DUHAN KÖYİÇİ,DİDEM SÜER,CANSU ÇOBAN,ALİ DEVECİ,İLAYDA DİNÇEL,SİNEM BİRTÜRK,Mustafa Kemal Atatürk Karşıyaka Spor Salonu
9.02.2021,17:00,1EA3475,21. Hafta,BÜYÜKÇEKMECE BASKETBOL,83 - 94,ANADOLU EFES,,İSTANBUL,Gazanfer Bilge,"TİVİBU Spor 2,TRT SPOR 2",ÖZLEM YALMAN,ZİYA ÖZORHON,HÜSEYİN ÇELİK,MEHMET ZAFER MİLLİ,TUTKU MELİS AYGÜN,SEMRA AKDUMAN,YÜCEL FIRAT,MERVE SAĞLAM,Gazanfer Bilge
9.02.2021,19:30,1EA3474,21. Hafta,HDI SİGORTA AFYON BELEDİYESİ,77 - 89,BAHÇEŞEHİR KOLEJİ,,AFYONKARAHİSAR,Prof. Dr. Veysel Eroğlu Spor Salonu,TİVİBU Spor 2,YENER YILMAZ,MEHMET ŞAHİN,ÖZGE ŞENTÜRK BAYRAKTAR,TURAN CAN OCAKOĞLU,HATİCE OKÇU,FATMA BETÜL İŞSİZ,HASAN GÖRDES,HASAN ALİ TUTAR,Prof. Dr. Veysel Eroğlu Spor Salonu
10.02.2021,17:00,1EA3477,21. Hafta,BEŞİKTAŞ ICRYPEX,76 - 65,LOKMAN HEKİM FETHİYE BELEDİYE SPOR,,İSTANBUL,Akatlar Spor ve Kültür Kompleksi,TİVİBU Spor 3,MEHMET KARABİLECEN,MEHMET OZAN ÇAKAR,CAN MAVİSU,ERKAN URASLI,ALTAN CANDAN,YÜKSEL NAZLIGÜL,RAMAZAN KOÇ,ŞAZİYE SİMSAR YAKIN,Akatlar Spor ve Kültür Kompleksi
10.02.2021,17:00,1EA3470,21. Hafta,GALATASARAY,65 - 89,ALİAĞA PETKİM SPOR,,İSTANBUL,Sinan Erdem Spor Salonu,"TİVİBU Spor 2,TRT SPOR 2",ERŞAN KARTAL,ALİ ŞAKACI,SİNEM TETİK AKBAYRAK,MELİH SABRİ KAZMAZ,BİROL ŞİMŞEK,ALPER LAÇİNKAYA,LAL DENİZ ÇELİKER,ZAFER RİFAİ,Sinan Erdem Spor Salonu
10.02.2021,19:30,1EA3471,21. Hafta,FENERBAHÇE BEKO,81 - 84,TOFAŞ,,İSTANBUL,Ülker Spor ve Etkinlik Salonu,TİVİBU Spor 2,MEHMET KESERATAR,MEHMET SERDAR ÜNAL,SERHAT BÜKER,SAVAŞ BAYRAM ERTÜRK,ESER FIRIL,SERHAT LEVENT,YEŞİM ÖZCAN ÖZTÜRK,GÜLTEKİN KABAŞ,Ülker Spor ve Etkinlik Salonu
10.02.2021,19:30,1EA3472,21. Hafta,FRUTTİ EXTRA BURSASPOR,68 - 70,DARÜŞŞAFAKA TEKFEN,,BURSA,Tofaş Spor Salonu,TİVİBU Spor 3,ZAFER YILMAZ,KEREM BAKİ,KAAN BÜYÜKÇİL,MUSTAFA DURGUT,NİDA ECE TÜZÜK,EMEL ÖZTÜRK,ŞAFAK IRMAK SARAÇOĞLU,ERAY BABAHANOĞLU,Tofaş Spor Salonu
11.02.2021,17:00,1EA3476,21. Hafta,OGM ORMANSPOR,81 - 82,EMPERA HALI GAZİANTEP BASKETBOL,,ANKARA,Ankara Spor Salonu,TİVİBU Spor 2,EMİN MOĞULKOÇ,ALPER ALTUĞ KÖSELERLİ,ALPER ÖZGÖK,ERDEM EFE,SİMAY ÇAKMAK,FATİH ŞEN,BİLAL UZGÖREN,SİBEL FAZLIOĞLU,Ankara Spor Salonu
27.02.2021,13:00,1EA3481,22. Hafta,BAHÇEŞEHİR KOLEJİ,83 - 96,PINAR KARŞIYAKA,,İSTANBUL,Akatlar Spor ve Kültür Kompleksi,"TİVİBU Spor 2,TRT SPOR 2",AYTUĞ EKTİ,ALPER ÖZGÖK,SEMİH VURAL,HURŞİT CEM AKAN,SELCAN TUĞÇE ALKAYA,HİLMİ CANKUT AYNAR,SEÇİL SILA KORALP,EMRAH RİFAİ,Akatlar Spor ve Kültür Kompleksi
27.02.2021,15:15,1EA3483,22. Hafta,ALİAĞA PETKİM SPOR,83 - 76,OGM ORMANSPOR,,İZMİR,Enka Spor Salonu,TİVİBU Spor 2,ZAFER YILMAZ,ÖZLEM YALMAN,POLAT PARLAK,İLKE ORTAÇ ALATAN,FATMA DÖNMEZ,ŞAHİN ŞANLI,SİNEM YENİ,GÖZDE ONAN,Enka Spor Salonu
27.02.2021,17:30,1EA3480,22. Hafta,TÜRK TELEKOM,83 - 82,FRUTTİ EXTRA BURSASPOR,,ANKARA,Ankara Spor Salonu,TİVİBU Spor 2,YENER YILMAZ,ZİYA ÖZORHON,MUSA KAZIM ÇETİN,HALDUN KUNT,NİHAN ÜNSAL,AKIN AYTEKİN,MEHMET AKİF CUMHURLU,SERDAR KARAGÜÇ,Ankara Spor Salonu
27.02.2021,20:00,1EA3478,22. Hafta,TOFAŞ,98 - 89,GALATASARAY,,BURSA,Tofaş Spor Salonu,"TİVİBU Spor 2,TRT SPOR 2",MEHMET KARABİLECEN,FATİH ARSLANOĞLU,HALİL BALDEMİR,HAKAN BEŞTEPE,NİDA ECE TÜZÜK,SEVDA USTA,CEREN YAVUZ,TUĞBA ÖYLEK,Tofaş Spor Salonu
28.02.2021,13:00,1EA3484,22. Hafta,EMPERA HALI GAZİANTEP BASKETBOL,77 - 84,BEŞİKTAŞ ICRYPEX,,GAZİANTEP,Karataş Şahinbey Spor Salonu,TİVİBU Spor 2,MEHMET ŞAHİN,KEREM BAKİ,AHMET TATLICI,ALİ ATICI,ALİ DALYANOĞLU,EKMEL CENGİZ,PINAR ŞAHİN,MUSTAFA BODUR,Karataş Şahinbey Spor Salonu
28.02.2021,15:15,1EA3485,22. Hafta,ANADOLU EFES,101 - 85,LOKMAN HEKİM FETHİYE BELEDİYE SPOR,,İSTANBUL,Sinan Erdem Spor Salonu,TİVİBU Spor 2,MEHMET KESERATAR,ALPER ALTUĞ KÖSELERLİ,SEHER AYŞE NUR YAZICIOĞLU,MELİH SABRİ KAZMAZ,CEYDA KAPKAÇ,GÜL URASLI,ESİN MÜEZZİNOĞLU,ALİ MALÇOK,Sinan Erdem Spor Salonu
28.02.2021,17:30,1EA3482,22. Hafta,BÜYÜKÇEKMECE BASKETBOL,95 - 83,HDI SİGORTA AFYON BELEDİYESİ,,İSTANBUL,Gazanfer Bilge,TİVİBU Spor 2,EMİN MOĞULKOÇ,ALİ SERKAN EMLEK,ORHAN ÇAĞRI HEKİMOĞLU,MEHMET ZAFER MİLLİ,BİROL ŞİMŞEK,YUSUF YELESDAĞ,MELDA ÇAKIRCA,SEMRA AKDUMAN,Gazanfer Bilge
28.02.2021,20:00,1EA3479,22. Hafta,DARÜŞŞAFAKA TEKFEN,64 - 66,FENERBAHÇE BEKO,,İSTANBUL,Darüşşafaka Ayhan Şahenk Spor Salonu,TİVİBU Spor 2,ERŞAN KARTAL,ALİ ŞAKACI,ALİ KÖSEOĞLU,EMİN FAZIL KESERATAR,ALTAN CANDAN,ALPER LAÇİNKAYA,TİMUR TOPUZ,ALPKAN HACIYAKUPOĞLU,Darüşşafaka Ayhan Şahenk Spor Salonu
6.03.2021,13:00,1EA3492,23. Hafta,BEŞİKTAŞ ICRYPEX,96 - 94,ALİAĞA PETKİM SPOR,,İSTANBUL,Akatlar Spor ve Kültür Kompleksi,TİVİBU Spor 2,FATİH ARSLANOĞLU,ZİYA ÖZORHON,HALİL BALDEMİR,SAVAŞ BAYRAM ERTÜRK,SELCAN TUĞÇE ALKAYA,ZAFER RİFAİ,MUSTAFA GÖKMEN DEMİRAY,YÜKSEL NAZLIGÜL,Akatlar Spor ve Kültür Kompleksi
6.03.2021,15:15,1EA3491,23. Hafta,OGM ORMANSPOR,77 - 76,TOFAŞ,,ANKARA,Mamak Belediyesi Spor Salonu,TİVİBU Spor 2,ALİ SERKAN EMLEK,KEREM BAKİ,DUHAN KÖYİÇİ,DERYA ANTAŞ,MURATCAN KOLÇAK,İSMAİL FULSER,FATİH DEMİRCİ,SİBEL FAZLIOĞLU,Mamak Belediyesi Spor Salonu
6.03.2021,17:30,1EA3489,23. Hafta,PINAR KARŞIYAKA,117 - 82,BÜYÜKÇEKMECE BASKETBOL,,İZMİR,Mustafa Kemal Atatürk Karşıyaka Spor Salonu,"TİVİBU Spor 2,TRT SPOR 2",MEHMET KARABİLECEN,KAAN BÜYÜKÇİL,CAN MAVİSU,DİDEM SÜER,CEYDA SARICA KUZU,GÜLÇİN AKIN,ONUR BURAK,SİNEM BİRTÜRK,Mustafa Kemal Atatürk Karşıyaka Spor Salonu
6.03.2021,20:00,1EA3486,23. Hafta,GALATASARAY,87 - 98,DARÜŞŞAFAKA TEKFEN,,İSTANBUL,Sinan Erdem Spor Salonu,TİVİBU Spor 2,YENER YILMAZ,MEHMET SERDAR ÜNAL,ALPER ÖZGÖK,ERKAN URASLI,GÜLİZ KONCA ADİLLER,ALPER LAÇİNKAYA,BEKİR SEVİMLİ,ERMAN YÜCEL,Sinan Erdem Spor Salonu
7.03.2021,13:00,1EA3493,23. Hafta,LOKMAN HEKİM FETHİYE BELEDİYE SPOR,60 - 90,EMPERA HALI GAZİANTEP BASKETBOL,,MUĞLA,Fethiye Beşkaza Spor Salonu,TİVİBU Spor 2,ZAFER YILMAZ,ÖZLEM YALMAN,ALİ KÖSEOĞLU,MEHMET DURU,EVREN ERTOY,NEVİN YAVAŞ ERTUĞRUL,ORHAN SELÇUK,TUNCER ULUŞEKER,Fethiye Beşkaza Spor Salonu
7.03.2021,15:15,1EA3490,23. Hafta,HDI SİGORTA AFYON BELEDİYESİ,103 - 85,ANADOLU EFES,,AFYONKARAHİSAR,Prof. Dr. Veysel Eroğlu Spor Salonu,"TİVİBU Spor 2,TRT SPOR 2",ERŞAN KARTAL,SERHAT BÜKER,SİNEM TETİK AKBAYRAK,TURAN CAN OCAKOĞLU,HATİCE OKÇU,HASAN ALİ TUTAR,FATMA BETÜL İŞSİZ,HASAN GÖRDES,Prof. Dr. Veysel Eroğlu Spor Salonu
7.03.2021,17:30,1EA3488,23. Hafta,FRUTTİ EXTRA BURSASPOR,67 - 64,BAHÇEŞEHİR KOLEJİ,,BURSA,Tofaş Spor Salonu,TİVİBU Spor 2,EMİN MOĞULKOÇ,OSMAN SİNAN İŞGÜDER,HÜSEYİN ÇELİK,MUSTAFA DURGUT,SİNEM ERTEM,BERNA EKBİÇ,AYÇA ÜNLÜ,ABDULLAH KURT,Tofaş Spor Salonu
7.03.2021,20:00,1EA3487,23. Hafta,FENERBAHÇE BEKO,99 - 77,TÜRK TELEKOM,,İSTANBUL,Ülker Spor ve Etkinlik Salonu,TİVİBU Spor 2,AYTUĞ EKTİ,ALPER ALTUĞ KÖSELERLİ,ÖZGE ŞENTÜRK BAYRAKTAR,BURCU KOCAOĞLU SANCAR,BEGÜM SAVAŞ,GÖZDE BEGÜM AKÜZÜM,YEŞİM ÖZCAN ÖZTÜRK,SEÇİL SILA KORALP,Ülker Spor ve Etkinlik Salonu
13.03.2021,13:00,1EA3500,24. Hafta,ALİAĞA PETKİM SPOR,69 - 79,LOKMAN HEKİM FETHİYE BELEDİYE SPOR,,İZMİR,Enka Spor Salonu,TİVİBU Spor 2,ERŞAN KARTAL,ALİ SERKAN EMLEK,MEHMET ŞAHİN,GÖRKEM BIÇAKCIOĞLU,GİZEM ÖZAYDIN,ONUR BURAK,KEMAL AYPARS,MESUT KARABULUT,Enka Spor Salonu
13.03.2021,15:15,1EA3497,24. Hafta,HDI SİGORTA AFYON BELEDİYESİ,69 - 75,PINAR KARŞIYAKA,,AFYONKARAHİSAR,Prof. Dr. Veysel Eroğlu Spor Salonu,TİVİBU Spor 2,ÖZLEM YALMAN,ALPER ALTUĞ KÖSELERLİ,AHMET TATLICI,ZAFER ENÜŞTÜLÜ,HATİCE OKÇU,HASAN ALİ TUTAR,FATMA BETÜL İŞSİZ,HASAN GÖRDES,Prof. Dr. Veysel Eroğlu Spor Salonu
13.03.2021,17:30,1EA3499,24. Hafta,TOFAŞ,88 - 89,BEŞİKTAŞ ICRYPEX,,BURSA,Tofaş Spor Salonu,"TİVİBU Spor 2,TRT SPOR 2",EMİN MOĞULKOÇ,SEMİH VURAL,POLAT PARLAK,HAKAN BEŞTEPE,SİNEM ERTEM,ZEHRA PINAR ÖZGÜR,NİDA ECE TÜZÜK,TUĞBA ÖYLEK,Tofaş Spor Salonu
13.03.2021,20:00,1EA3498,24. Hafta,DARÜŞŞAFAKA TEKFEN,90 - 68,OGM ORMANSPOR,,İSTANBUL,Darüşşafaka Ayhan Şahenk Spor Salonu,TİVİBU Spor 2,AYTUĞ EKTİ,KAAN BÜYÜKÇİL,MUSA KAZIM ÇETİN,İLKE ORTAÇ ALATAN,TİMUR TOPUZ,ALPKAN HACIYAKUPOĞLU,OSMAN OKUDAN,HİLMİ CANKUT AYNAR,Darüşşafaka Ayhan Şahenk Spor Salonu
14.03.2021,13:00,1EA3494,24. Hafta,TÜRK TELEKOM,81 - 77,GALATASARAY,,ANKARA,Mamak Belediyesi Spor Salonu,TİVİBU Spor 2,MEHMET KESERATAR,OSMAN SİNAN İŞGÜDER,HÜSEYİN ÇELİK,MEHMET KAŞİF BATTAL,SİMAY ÇAKMAK,FATİH ŞEN,RESUL GEÇER,PELİN KUZU,Mamak Belediyesi Spor Salonu
14.03.2021,15:15,1EA3501,24. Hafta,ANADOLU EFES,102 - 63,EMPERA HALI GAZİANTEP BASKETBOL,,İSTANBUL,Sinan Erdem Spor Salonu,"TİVİBU Spor 2,TRT SPOR 2",MEHMET KARABİLECEN,ALİ ŞAKACI,MEHMET OZAN ÇAKAR,HURŞİT CEM AKAN,GÜLİZ KONCA ADİLLER,SEDA İŞLER,SEÇİL SILA KORALP,ESİN MÜEZZİNOĞLU,Sinan Erdem Spor Salonu
14.03.2021,17:30,1EA3496,24. Hafta,BÜYÜKÇEKMECE BASKETBOL,68 - 73,FRUTTİ EXTRA BURSASPOR,,İSTANBUL,Gazanfer Bilge,TİVİBU Spor 2,FATİH ARSLANOĞLU,MEHMET SERDAR ÜNAL,SERHAT BÜKER,EMİN FAZIL KESERATAR,MELDA ÇAKIRCA,YUSUF YELESDAĞ,ERMAN YÜCEL,SEMRA AKDUMAN,Gazanfer Bilge
14.03.2021,20:00,1EA3495,24. Hafta,BAHÇEŞEHİR KOLEJİ,61 - 78,FENERBAHÇE BEKO,,İSTANBUL,Akatlar Spor ve Kültür Kompleksi,TİVİBU Spor 2,YENER YILMAZ,CAN MAVİSU,ORHAN ÇAĞRI HEKİMOĞLU,MELİH SABRİ KAZMAZ,ŞERMİN NAZLIGÜL,ALPER LAÇİNKAYA,GÜLTEKİN KABAŞ,YÜKSEL NAZLIGÜL,Akatlar Spor ve Kültür Kompleksi
20.03.2021,13:00,1EA3508,25. Hafta,LOKMAN HEKİM FETHİYE BELEDİYE SPOR,76 - 101,TOFAŞ,,MUĞLA,Fethiye Beşkaza Spor Salonu,TİVİBU Spor 2,YENER YILMAZ,ALPER ÖZGÖK,SEHER AYŞE NUR YAZICIOĞLU,MEHMET DURU,EVREN ERTOY,NEVİN YAVAŞ ERTUĞRUL,ORHAN SELÇUK,SÜLEYMAN ALPER YILDIZ,Fethiye Beşkaza Spor Salonu
20.03.2021,15:15,1EA3507,25. Hafta,BEŞİKTAŞ ICRYPEX,98 - 93,DARÜŞŞAFAKA TEKFEN,,İSTANBUL,Akatlar Spor ve Kültür Kompleksi,"TİVİBU Spor 2,TRT SPOR 2",MEHMET KARABİLECEN,CAN MAVİSU,SİNEM TETİK AKBAYRAK,TUĞBA YURTSEVEN,SELCAN TUĞÇE ALKAYA,MERT İĞDELİ,ŞAZİYE SİMSAR YAKIN,ALPKAN HACIYAKUPOĞLU,Akatlar Spor ve Kültür Kompleksi
20.03.2021,17:30,1EA3502,25. Hafta,GALATASARAY,101 - 90,BAHÇEŞEHİR KOLEJİ,,İSTANBUL,Sinan Erdem Spor Salonu,TİVİBU Spor 2,ZAFER YILMAZ,ALPER ALTUĞ KÖSELERLİ,ZİYA ÖZORHON,MEHMET ZAFER MİLLİ,EMRAH RİFAİ,LAL DENİZ ÇELİKER,YÜCEL FIRAT,ALİ MALÇOK,Sinan Erdem Spor Salonu
20.03.2021,20:00,1EA3506,25. Hafta,OGM ORMANSPOR,90 - 97,TÜRK TELEKOM,,ANKARA,Mamak Belediyesi Spor Salonu,TİVİBU Spor 2,MEHMET ŞAHİN,HALİL BALDEMİR,ALİ KÖSEOĞLU,HALDUN KUNT,FATMA ÇELİK,ONUR YEŞİLBAĞ,ALİ MURAT SUNGUR,İSMAİL FULSER,Mamak Belediyesi Spor Salonu
21.03.2021,13:00,1EA3503,25. Hafta,FENERBAHÇE BEKO,81 - 70,BÜYÜKÇEKMECE BASKETBOL,,İSTANBUL,Ülker Spor ve Etkinlik Salonu,"TİVİBU Spor 2,TRT SPOR 2",OSMAN SİNAN İŞGÜDER,KAAN BÜYÜKÇİL,MEHMET OZAN ÇAKAR,ERKAN URASLI,ESER FIRIL,SEDA İŞLER,DEMET ULUCUTSOY,YEŞİM ÖZCAN ÖZTÜRK,Ülker Spor ve Etkinlik Salonu
21.03.2021,15:15,1EA3509,25. Hafta,EMPERA HALI GAZİANTEP BASKETBOL,76 - 64,ALİAĞA PETKİM SPOR,,GAZİANTEP,Karataş Şahinbey Spor Salonu,TİVİBU Spor 2,EMİN MOĞULKOÇ,SEMİH VURAL,ORHAN ÇAĞRI HEKİMOĞLU,ALİ ATICI,MEHMET ŞAHAN,EKMEL CENGİZ,PINAR ŞAHİN,MUSTAFA BODUR,Karataş Şahinbey Spor Salonu
21.03.2021,17:30,1EA3505,25. Hafta,PINAR KARŞIYAKA,89 - 98,ANADOLU EFES,,İZMİR,Mustafa Kemal Atatürk Karşıyaka Spor Salonu,TİVİBU Spor 2,YENER YILMAZ,ZAFER YILMAZ,POLAT PARLAK,GÖRKEM BIÇAKCIOĞLU,CEYDA SARICA KUZU,ALİ DEVECİ,İLAYDA DİNÇEL,GÜLTEKİN DAĞDEVİREN,Mustafa Kemal Atatürk Karşıyaka Spor Salonu
21.03.2021,20:00,1EA3504,25. Hafta,FRUTTİ EXTRA BURSASPOR,81 - 75,HDI SİGORTA AFYON BELEDİYESİ,,BURSA,Tofaş Spor Salonu,TİVİBU Spor 2,MEHMET KESERATAR,AYTUĞ EKTİ,DUHAN KÖYİÇİ,MACİT ZEREN,BERNA EKBİÇ,EMEL ÖZTÜRK,TEOMAN ÖYLEK,TUĞBA ÖYLEK,Tofaş Spor Salonu
27.03.2021,13:00,1EA3517,26. Hafta,ANADOLU EFES,87 - 80,ALİAĞA PETKİM SPOR,,İSTANBUL,Sinan Erdem Spor Salonu,TİVİBU Spor 2,OSMAN SİNAN İŞGÜDER,CAN MAVİSU,MUSA KAZIM ÇETİN,BURCU KOCAOĞLU SANCAR,ŞAZİYE SİMSAR YAKIN,ZAFER RİFAİ,BEKİR SEVİMLİ,GÜL URASLI,Sinan Erdem Spor Salonu
27.03.2021,15:15,1EA3516,26. Hafta,TOFAŞ,84 - 72,EMPERA HALI GAZİANTEP BASKETBOL,,BURSA,Tofaş Spor Salonu,TİVİBU Spor 2,AYTUĞ EKTİ,ZAFER YILMAZ,KAAN BÜYÜKÇİL,MUSTAFA DURGUT,CEREN YAVUZ,TUĞBA ÖYLEK,ADEM ÇATALKAŞ,ABDULLAH KURT,Tofaş Spor Salonu
27.03.2021,17:30,1EA3512,26. Hafta,PINAR KARŞIYAKA,84 - 85,FRUTTİ EXTRA BURSASPOR,,İZMİR,Mustafa Kemal Atatürk Karşıyaka Spor Salonu,TİVİBU Spor 2,ERŞAN KARTAL,ALPER ÖZGÖK,SEHER AYŞE NUR YAZICIOĞLU,DİDEM SÜER,SİNEM BİRTÜRK,GÜLÇİN AKIN,SİNEM YENİ,ÖMER DURSUN,Mustafa Kemal Atatürk Karşıyaka Spor Salonu
27.03.2021,20:00,1EA3513,26. Hafta,BAHÇEŞEHİR KOLEJİ,92 - 65,OGM ORMANSPOR,,İSTANBUL,Akatlar Spor ve Kültür Kompleksi,TİVİBU Spor 2,MEHMET KESERATAR,ALİ ŞAKACI,SERHAT BÜKER,MELİH SABRİ KAZMAZ,ALİ MALÇOK,ALPER LAÇİNKAYA,MUSTAFA GÖKMEN DEMİRAY,ALPKAN HACIYAKUPOĞLU,Akatlar Spor ve Kültür Kompleksi
28.03.2021,13:00,1EA3514,26. Hafta,TÜRK TELEKOM,85 - 94,BEŞİKTAŞ ICRYPEX,,ANKARA,Ankara Spor Salonu,"TİVİBU Spor 2,TRT SPOR 2",YENER YILMAZ,ALPER ALTUĞ KÖSELERLİ,MEHMET SERDAR ÜNAL,BURAK DEDE,PELİN KUZU,VEYSEL SİNAN TUNCER,RESUL GEÇER,SİBEL FAZLIOĞLU,Ankara Spor Salonu
28.03.2021,15:15,1EA3515,26. Hafta,DARÜŞŞAFAKA TEKFEN,96 - 81,LOKMAN HEKİM FETHİYE BELEDİYE SPOR,,İSTANBUL,Darüşşafaka Ayhan Şahenk Spor Salonu,TİVİBU Spor 2,ALİ SERKAN EMLEK,ZİYA ÖZORHON,ÖZGE ŞENTÜRK BAYRAKTAR,EMİN FAZIL KESERATAR,ALTAN CANDAN,YÜKSEL NAZLIGÜL,ŞERMİN NAZLIGÜL,EMRAH RİFAİ,Darüşşafaka Ayhan Şahenk Spor Salonu
28.03.2021,17:30,1EA3511,26. Hafta,HDI SİGORTA AFYON BELEDİYESİ,87 - 97,FENERBAHÇE BEKO,,AFYONKARAHİSAR,Prof. Dr. Veysel Eroğlu Spor Salonu,TİVİBU Spor 2,MEHMET KARABİLECEN,HALİL BALDEMİR,HÜSEYİN ÇELİK,TURAN CAN OCAKOĞLU,HATİCE OKÇU,HASAN ALİ TUTAR,FATMA BETÜL İŞSİZ,HASAN GÖRDES,Prof. Dr. Veysel Eroğlu Spor Salonu
28.03.2021,20:00,1EA3510,26. Hafta,BÜYÜKÇEKMECE BASKETBOL,105 - 101,GALATASARAY,,İSTANBUL,Gazanfer Bilge,"TİVİBU Spor 2,TRT SPOR 2",EMİN MOĞULKOÇ,ÖZLEM YALMAN,AHMET TATLICI,HURŞİT CEM AKAN,MELDA ÇAKIRCA,YUSUF YELESDAĞ,SEMRA AKDUMAN,YÜCEL FIRAT,Gazanfer Bilge
3.04.2021,15:15,1EA3524,27. Hafta,EMPERA HALI GAZİANTEP BASKETBOL,76 - 82,DARÜŞŞAFAKA TEKFEN,,GAZİANTEP,Karataş Şahinbey Spor Salonu,TİVİBU Spor 2,FATİH ARSLANOĞLU,OSMAN SİNAN İŞGÜDER,DUHAN KÖYİÇİ,ALİ ATICI,MEHMET ŞAHAN,EKMEL CENGİZ,ALİ DALYANOĞLU,PINAR ŞAHİN,Karataş Şahinbey Spor Salonu
3.04.2021,17:30,1EA3523,27. Hafta,LOKMAN HEKİM FETHİYE BELEDİYE SPOR,82 - 81,TÜRK TELEKOM,,MUĞLA,Fethiye Beşkaza Spor Salonu,TİVİBU Spor 2,ALİ ŞAKACI,CAN MAVİSU,ORHAN ÇAĞRI HEKİMOĞLU,MEHMET DURU,SEVGİ ÖZKAN,NEVİN YAVAŞ ERTUĞRUL,EVREN ERTOY,TUNCER FİKRİ ERTUĞRUL,Fethiye Beşkaza Spor Salonu
3.04.2021,20:00,1EA3521,27. Hafta,OGM ORMANSPOR,74 - 85,BÜYÜKÇEKMECE BASKETBOL,,ANKARA,Ankara Spor Salonu,TİVİBU Spor 2,YENER YILMAZ,ZAFER YILMAZ,SEMİH VURAL,DERYA ANTAŞ,NİHAN ÜNSAL,ONUR YEŞİLBAĞ,TUNCER ULUŞEKER,İSMAİL FULSER,Ankara Spor Salonu
4.04.2021,13:00,1EA3518,27. Hafta,GALATASARAY,110 - 70,HDI SİGORTA AFYON BELEDİYESİ,,İSTANBUL,Sinan Erdem Spor Salonu,"TİVİBU Spor 2,TRT SPOR 2",ALİ SERKAN EMLEK,MEHMET SERDAR ÜNAL,ALPER ÖZGÖK,TUĞBA YURTSEVEN,BİROL ŞİMŞEK,YUSUF YELESDAĞ,ERMAN YÜCEL,ZAFER RİFAİ,Sinan Erdem Spor Salonu
4.04.2021,17:30,1EA3519,27. Hafta,FENERBAHÇE BEKO,117 - 59,PINAR KARŞIYAKA,,İSTANBUL,Ülker Spor ve Etkinlik Salonu,TİVİBU Spor 2,MEHMET KESERATAR,AYTUĞ EKTİ,MUSA KAZIM ÇETİN,EMİN FAZIL KESERATAR,AHMET ERKASAP,KEREM SIRMAGİL,SEDA İŞLER,HİLMİ CANKUT AYNAR,Ülker Spor ve Etkinlik Salonu
4.04.2021,20:00,1EA3520,27. Hafta,FRUTTİ EXTRA BURSASPOR,76 - 95,ANADOLU EFES,,BURSA,Tofaş Spor Salonu,"TİVİBU Spor 2,TRT SPOR 2",MEHMET KARABİLECEN,MEHMET ŞAHİN,SİNEM TETİK AKBAYRAK,HAKAN BEŞTEPE,EMEL ÖZTÜRK,SEDA USTA,SABRİYE ERKAPLAN,ŞAFAK IRMAK SARAÇOĞLU,Tofaş Spor Salonu
15.04.2021,17:00,1EA3525,27. Hafta,ALİAĞA PETKİM SPOR,62 - 83,TOFAŞ,,İZMİR,Enka Spor Salonu,TİVİBU Spor 2,YENER YILMAZ,FATİH ARSLANOĞLU,MUSA KAZIM ÇETİN,İLKE ORTAÇ ALATAN,CANSU ÇOBAN,SİNEM BİRTÜRK,ŞAHİN ŞANLI,ONUR BURAK,Enka Spor Salonu
15.04.2021,19:15,1EA3522,27. Hafta,BEŞİKTAŞ ICRYPEX,83 - 77,BAHÇEŞEHİR KOLEJİ,,İSTANBUL,Akatlar Spor ve Kültür Kompleksi,TİVİBU Spor 2,MEHMET SERDAR ÜNAL,ZİYA ÖZORHON,OSMAN SİNAN İŞGÜDER,SAVAŞ BAYRAM ERTÜRK,SELCAN TUĞÇE ALKAYA,ALPER LAÇİNKAYA,ŞERMİN NAZLIGÜL,LAL DENİZ ÇELİKER,Akatlar Spor ve Kültür Kompleksi
10.04.2021,13:00,1EA3530,28. Hafta,BAHÇEŞEHİR KOLEJİ,99 - 71,LOKMAN HEKİM FETHİYE BELEDİYE SPOR,,İSTANBUL,Akatlar Spor ve Kültür Kompleksi,TİVİBU Spor 2,ERŞAN KARTAL,HALİL BALDEMİR,AHMET TATLICI,MEHMET ZAFER MİLLİ,GÜLİZ KONCA ADİLLER,ERMAN YÜCEL,ALTAN CANDAN,ALPKAN HACIYAKUPOĞLU,Akatlar Spor ve Kültür Kompleksi
10.04.2021,15:15,1EA3526,28. Hafta,PINAR KARŞIYAKA,92 - 94,GALATASARAY,,İZMİR,Mustafa Kemal Atatürk Karşıyaka Spor Salonu,"TİVİBU Spor 2,TRT SPOR 2",ÖZLEM YALMAN,MEHMET ŞAHİN,KAAN BÜYÜKÇİL,DİDEM SÜER,CEREN BARAN,ALİ DEVECİ,GÖZDE ONAN,SİNEM BİRTÜRK,Mustafa Kemal Atatürk Karşıyaka Spor Salonu
11.04.2021,13:00,1EA3527,28. Hafta,FRUTTİ EXTRA BURSASPOR,82 - 77,FENERBAHÇE BEKO,,BURSA,Tofaş Spor Salonu,TİVİBU Spor 2,YENER YILMAZ,ALPER ALTUĞ KÖSELERLİ,ÖZGE ŞENTÜRK BAYRAKTAR,HAKAN BEŞTEPE,SİNEM ERTEM,SEVDA USTA,AYÇA ÜNLÜ,BERNA EKBİÇ,Tofaş Spor Salonu
11.04.2021,15:15,1EA3531,28. Hafta,TÜRK TELEKOM,84 - 66,EMPERA HALI GAZİANTEP BASKETBOL,,ANKARA,Ankara Spor Salonu,"TİVİBU Spor 2,TRT SPOR 2",MEHMET KESERATAR,MEHMET SERDAR ÜNAL,ZİYA ÖZORHON,HALDUN KUNT,FUNDA KONCA,FATİH ŞEN,SERDAR KARAGÜÇ,FATİH DEMİRCİ,Ankara Spor Salonu
12.04.2021,19:00,1EA3533,28. Hafta,ANADOLU EFES,87 - 85,TOFAŞ,,İSTANBUL,Sinan Erdem Spor Salonu,TİVİBU Spor 2,EMİN MOĞULKOÇ,KEREM BAKİ,SEHER AYŞE NUR YAZICIOĞLU,HURŞİT CEM AKAN,BEKİR SEVİMLİ,CEYDA KAPKAÇ,YÜCEL FIRAT,GÜL URASLI,Sinan Erdem Spor Salonu
21.04.2021,17:00,1EA3532,28. Hafta,DARÜŞŞAFAKA TEKFEN,99 - 78,ALİAĞA PETKİM SPOR,,İSTANBUL,Darüşşafaka Ayhan Şahenk Spor Salonu,TİVİBU Spor 2,ÖZLEM YALMAN,MEHMET ŞAHİN,SERHAT BÜKER,MELİH SABRİ KAZMAZ,ALTAN CANDAN,ALPKAN HACIYAKUPOĞLU,GÖKHAN BAŞARAN,YÜKSEL NAZLIGÜL,Darüşşafaka Ayhan Şahenk Spor Salonu
21.04.2021,19:15,1EA3529,28. Hafta,BÜYÜKÇEKMECE BASKETBOL,89 - 104,BEŞİKTAŞ ICRYPEX,,İSTANBUL,Gazanfer Bilge,TİVİBU Spor 2,MEHMET KESERATAR,HALİL BALDEMİR,ALİ KÖSEOĞLU,MEHMET ZAFER MİLLİ,BİROL ŞİMŞEK,SEMRA AKDUMAN,YÜCEL FIRAT,MELDA ÇAKIRCA,Gazanfer Bilge
27.04.2021,17:00,1EA3528,28. Hafta,HDI SİGORTA AFYON BELEDİYESİ,91 - 114,OGM ORMANSPOR,,AFYONKARAHİSAR,Prof. Dr. Veysel Eroğlu Spor Salonu,TİVİBU Spor 2,EMİN MOĞULKOÇ,KAAN BÜYÜKÇİL,ORHAN ÇAĞRI HEKİMOĞLU,ZAFER ENÜŞTÜLÜ,HATİCE OKÇU,HASAN ALİ TUTAR,HASAN GÖRDES,FATMA BETÜL İŞSİZ,Prof. Dr. Veysel Eroğlu Spor Salonu
17.04.2021,13:00,1EA3538,29. Hafta,LOKMAN HEKİM FETHİYE BELEDİYE SPOR,83 - 70,BÜYÜKÇEKMECE BASKETBOL,,MUĞLA,Fethiye Beşkaza Spor Salonu,TİVİBU Spor 2,YENER YILMAZ,MEHMET SERDAR ÜNAL,KAAN BÜYÜKÇİL,MEHMET DURU,SEVGİ ÖZKAN,NEVİN YAVAŞ ERTUĞRUL,TUNCER FİKRİ ERTUĞRUL,SÜLEYMAN ALPER YILDIZ,Fethiye Beşkaza Spor Salonu
17.04.2021,15:15,1EA3534,29. Hafta,GALATASARAY,106 - 93,FRUTTİ EXTRA BURSASPOR,,İSTANBUL,Sinan Erdem Spor Salonu,"TİVİBU Spor 2,TRT SPOR 2",MEHMET KESERATAR,ZİYA ÖZORHON,CAN MAVİSU,EMİN FAZIL KESERATAR,BEGÜM SAVAŞ,YUSUF YELESDAĞ,MİHRİBAN İBEK,ZAFER RİFAİ,Sinan Erdem Spor Salonu
18.04.2021,15:15,1EA3541,29. Hafta,TOFAŞ,101 - 89,DARÜŞŞAFAKA TEKFEN,,BURSA,Tofaş Spor Salonu,"TİVİBU Spor 2,TRT SPOR 2",ERŞAN KARTAL,SEMİH VURAL,POLAT PARLAK,HAKAN BEŞTEPE,NİDA ECE TÜZÜK,SEVDA USTA,FATİH DURGUT,TUĞBA ÖYLEK,Tofaş Spor Salonu
18.04.2021,17:15,1EA3540,29. Hafta,ALİAĞA PETKİM SPOR,65 - 71,TÜRK TELEKOM,,İZMİR,Enka Spor Salonu,TİVİBU Spor 3,ALİ SERKAN EMLEK,ALİ ŞAKACI,DUHAN KÖYİÇİ,DİDEM SÜER,CEYDA SARICA KUZU,GÜLÇİN AKIN,SİNEM YENİ,GÜLTEKİN DAĞDEVİREN,Enka Spor Salonu
30.04.2021,16:00,1EA3536,29. Hafta,OGM ORMANSPOR,61 - 101,PINAR KARŞIYAKA,,ANKARA,Ankara Spor Salonu,TİVİBU Spor 2,YENER YILMAZ,FATİH ARSLANOĞLU,SEMİH VURAL,MEHMET KAŞİF BATTAL,SİMAY ÇAKMAK,FATİH ŞEN,FATİH DEMİRCİ,FATMA ÇELİK,Ankara Spor Salonu
30.04.2021,18:15,1EA3537,29. Hafta,BEŞİKTAŞ ICRYPEX,104 - 75,HDI SİGORTA AFYON BELEDİYESİ,,İSTANBUL,Akatlar Spor ve Kültür Kompleksi,TİVİBU Spor 2,MEHMET KARABİLECEN,MEHMET SERDAR ÜNAL,MUSA KAZIM ÇETİN,ERKAN URASLI,BEKİR SEVİMLİ,ERMAN YÜCEL,ŞERMİN NAZLIGÜL,HİLMİ CANKUT AYNAR,Akatlar Spor ve Kültür Kompleksi
7.05.2021,16:00,1EA3539,29. Hafta,EMPERA HALI GAZİANTEP BASKETBOL,88 - 77,BAHÇEŞEHİR KOLEJİ,,GAZİANTEP,Karataş Şahinbey Spor Salonu,TİVİBU Spor 3,MEHMET KARABİLECEN,KAAN BÜYÜKÇİL,ÖZGE ŞENTÜRK BAYRAKTAR,ALİ ATICI,PINAR ŞAHİN,MEHMET ŞAHAN,EKMEL CENGİZ,SELENAY ALKOÇAK,Karataş Şahinbey Spor Salonu
7.05.2021,18:00,1EA3535,29. Hafta,FENERBAHÇE BEKO,84 - 88,ANADOLU EFES,,İSTANBUL,Ülker Spor ve Etkinlik Salonu,TİVİBU Spor 2,AYTUĞ EKTİ,OSMAN SİNAN İŞGÜDER,HÜSEYİN ÇELİK,HURŞİT CEM AKAN,AHMET ERKASAP,SERHAT LEVENT,PERİHAN GİZEM ÜNSAL,GÖZDE BEGÜM AKÜZÜM,Ülker Spor ve Etkinlik Salonu
24.04.2021,13:00,1EA3546,30. Hafta,BÜYÜKÇEKMECE BASKETBOL,71 - 90,EMPERA HALI GAZİANTEP BASKETBOL,,İSTANBUL,Gazanfer Bilge,TİVİBU Spor 3,MEHMET KARABİLECEN,CAN MAVİSU,SEHER AYŞE NUR YAZICIOĞLU,BURCU KOCAOĞLU SANCAR,MELDA ÇAKIRCA,YUSUF YELESDAĞ,MİHRİBAN İBEK,SEMRA AKDUMAN,Gazanfer Bilge
24.04.2021,15:15,1EA3543,30. Hafta,FRUTTİ EXTRA BURSASPOR,104 - 89,OGM ORMANSPOR,,BURSA,Tofaş Spor Salonu,TİVİBU Spor 2,FATİH ARSLANOĞLU,MEHMET SERDAR ÜNAL,SİNEM TETİK AKBAYRAK,MUSTAFA DURGUT,AYÇA ÜNLÜ,TEOMAN ÖYLEK,ŞAFAK IRMAK SARAÇOĞLU,CEREN YAVUZ,Tofaş Spor Salonu
25.04.2021,15:15,1EA3548,30. Hafta,TÜRK TELEKOM,87 - 95,TOFAŞ,,ANKARA,Ankara Spor Salonu,"TRTSPOR,TİVİBU Spor 2",MEHMET KESERATAR,ALPER ALTUĞ KÖSELERLİ,HÜSEYİN ÇELİK,ERDEM EFE,NİHAN ÜNSAL,İSMAİL FULSER,SİBEL FAZLIOĞLU,ALİ MURAT SUNGUR,Ankara Spor Salonu
4.05.2021,18:00,1EA3542,30. Hafta,FENERBAHÇE BEKO,104 - 79,GALATASARAY,,İSTANBUL,Ülker Spor ve Etkinlik Salonu,TİVİBU Spor 2,MEHMET KESERATAR,ÖZLEM YALMAN,SERHAT BÜKER,EMİN FAZIL KESERATAR,ELİF ERGÜÇ,EBRU ULUDOĞAN,MUSTAFA GÖKMEN DEMİRAY,SEDA İŞLER,Ülker Spor ve Etkinlik Salonu
9.05.2021,15:15,1EA3549,30. Hafta,ANADOLU EFES,84 - 74,DARÜŞŞAFAKA TEKFEN,,İSTANBUL,Sinan Erdem Spor Salonu,"TİVİBU Spor 2,TRT SPOR 2",ALİ SERKAN EMLEK,FATİH ARSLANOĞLU,MEHMET KARABİLECEN,HURŞİT CEM AKAN,BİROL ŞİMŞEK,YUSUF YELESDAĞ,YÜCEL FIRAT,ALİ MALÇOK,Sinan Erdem Spor Salonu
10.05.2021,17:00,1EA3547,30. Hafta,BAHÇEŞEHİR KOLEJİ,85 - 91,ALİAĞA PETKİM SPOR,,İSTANBUL,Akatlar Spor ve Kültür Kompleksi,TİVİBU Spor 2,ZAFER YILMAZ,ÖZLEM YALMAN,MEHMET ŞAHİN,MEHMET ZAFER MİLLİ,YÜKSEL NAZLIGÜL,ALPER LAÇİNKAYA,LAL DENİZ ÇELİKER,ALPKAN HACIYAKUPOĞLU,Akatlar Spor ve Kültür Kompleksi
10.05.2021,17:00,1EA3545,30. Hafta,HDI SİGORTA AFYON BELEDİYESİ,83 - 93,LOKMAN HEKİM FETHİYE BELEDİYE SPOR,,AFYONKARAHİSAR,Prof. Dr. Veysel Eroğlu Spor Salonu,TİVİBU Spor 3,MEHMET KESERATAR,KEREM BAKİ,ALPER ÖZGÖK,TURAN CAN OCAKOĞLU,HASAN ALİ TUTAR,HASAN GÖRDES,HATİCE OKÇU,FATMA BETÜL İŞSİZ,Prof. Dr. Veysel Eroğlu Spor Salonu
11.05.2021,17:00,1EA3544,30. Hafta,PINAR KARŞIYAKA,80 - 81,BEŞİKTAŞ ICRYPEX,,İZMİR,Mustafa Kemal Atatürk Karşıyaka Spor Salonu,TİVİBU Spor 2,OSMAN SİNAN İŞGÜDER,ALİ ŞAKACI,CAN MAVİSU,GÖRKEM BIÇAKCIOĞLU,SİNEM BİRTÜRK,ÖMER DURSUN,FATMA DÖNMEZ,GÜLTEKİN DAĞDEVİREN,Mustafa Kemal Atatürk Karşıyaka Spor Salonu
13.05.2021,18:00,1EA3551,Playoff Çeyrek Final,PINAR KARŞIYAKA,82 - 79,TÜRK TELEKOM,,İZMİR,Mustafa Kemal Atatürk Karşıyaka Spor Salonu,"TRTSPOR,TİVİBU Spor 2",ZAFER YILMAZ,FATİH ARSLANOĞLU,ALPER ÖZGÖK,EMRE BAŞA,İLAYDA DİNÇEL,ALİ DEVECİ,CANSU ÇOBAN,ŞAHİN ŞANLI,Mustafa Kemal Atatürk Karşıyaka Spor Salonu
13.05.2021,20:15,1EA3550,Playoff Çeyrek Final,FENERBAHÇE BEKO,103 - 91,DARÜŞŞAFAKA TEKFEN,,İSTANBUL,Ülker Spor ve Etkinlik Salonu,TİVİBU Spor 2,YENER YILMAZ,KAAN BÜYÜKÇİL,SEHER AYŞE NUR YAZICIOĞLU,HURŞİT CEM AKAN,AHMET ERKASAP,SERHAT LEVENT,GÖZDE BEGÜM AKÜZÜM,PERİHAN GİZEM ÜNSAL,Ülker Spor ve Etkinlik Salonu
14.05.2021,18:00,1EA3552,Playoff Çeyrek Final,ANADOLU EFES,96 - 73,EMPERA HALI GAZİANTEP BASKETBOL,,İSTANBUL,Sinan Erdem Spor Salonu,"TRTSPOR,TİVİBU Spor 2",ERŞAN KARTAL,HALİL BALDEMİR,SİNEM TETİK AKBAYRAK,MEHMET ZAFER MİLLİ,SELCAN TUĞÇE ALKAYA,ZAFER RİFAİ,ERMAN YÜCEL,MELDA ÇAKIRCA,Sinan Erdem Spor Salonu
14.05.2021,20:15,1EA3553,Playoff Çeyrek Final,TOFAŞ,90 - 92,BEŞİKTAŞ ICRYPEX,,BURSA,Tofaş Spor Salonu,TİVİBU Spor 2,MEHMET KESERATAR,KEREM BAKİ,HÜSEYİN ÇELİK,SERKAN İNCE,BERNA EKBİÇ,SEVDA USTA,SABRİYE ERKAPLAN,TUĞBA ÖYLEK,Tofaş Spor Salonu
15.05.2021,16:00,1EA3555,Playoff Çeyrek Final,TÜRK TELEKOM,76 - 70,PINAR KARŞIYAKA,,ANKARA,Ankara Spor Salonu,"TİVİBU Spor 2,TRT SPOR 2",MEHMET KESERATAR,ZİYA ÖZORHON,ÖZGE ŞENTÜRK BAYRAKTAR,LÜTFİYE TAŞPINAR,GÖZDE ÖZBEK,FATİH ŞEN,NİHAN ÜNSAL,İSMAİL FULSER,Ankara Spor Salonu
15.05.2021,18:15,1EA3554,Playoff Çeyrek Final,DARÜŞŞAFAKA TEKFEN,79 - 98,FENERBAHÇE BEKO,,İSTANBUL,Darüşşafaka Ayhan Şahenk Spor Salonu,TİVİBU Spor 2,MEHMET KARABİLECEN,MEHMET ŞAHİN,POLAT PARLAK,EMİN FAZIL KESERATAR,LAL DENİZ ÇELİKER,ALPER LAÇİNKAYA,ALTAN CANDAN,HİLMİ CANKUT AYNAR,Darüşşafaka Ayhan Şahenk Spor Salonu
16.05.2021,18:00,1EA3556,Playoff Çeyrek Final,EMPERA HALI GAZİANTEP BASKETBOL,67 - 83,ANADOLU EFES,,GAZİANTEP,Karataş Şahinbey Spor Salonu,"TRTSPOR,TİVİBU Spor 2",ÖZLEM YALMAN,MEHMET SERDAR ÜNAL,AHMET TATLICI,NAMIK KEMAL ERGÜVEN,SELENAY ALKOÇAK,PINAR ŞAHİN,MUSTAFA BODUR,EKMEL CENGİZ,Karataş Şahinbey Spor Salonu
16.05.2021,20:15,1EA3557,Playoff Çeyrek Final,BEŞİKTAŞ ICRYPEX,82 - 79,TOFAŞ,,İSTANBUL,Akatlar Spor ve Kültür Kompleksi,TİVİBU Spor 2,AYTUĞ EKTİ,ALİ SERKAN EMLEK,ALPER ALTUĞ KÖSELERLİ,ENİS GÜREL,GÜLİZ KONCA ADİLLER,EMRAH RİFAİ,ALPKAN HACIYAKUPOĞLU,YÜKSEL NAZLIGÜL,Akatlar Spor ve Kültür Kompleksi
17.05.2021,20:45,1EA3558,Playoff Çeyrek Final,PINAR KARŞIYAKA,96 - 71,TÜRK TELEKOM,,İZMİR,Mustafa Kemal Atatürk Karşıyaka Spor Salonu,"TİVİBU Spor 2,TRT SPOR 2",EMİN MOĞULKOÇ,OSMAN SİNAN İŞGÜDER,SEMİH VURAL,HAKAN BEŞTEPE,SİNEM YENİ,CEREN BARAN,SİNEM BİRTÜRK,MESUT KARABULUT,Mustafa Kemal Atatürk Karşıyaka Spor Salonu
19.05.2021,21:00,1EA3559,Playoff Yarı Final,ANADOLU EFES,96 - 77,BEŞİKTAŞ ICRYPEX,,İSTANBUL,Sinan Erdem Spor Salonu,"TİVİBU Spor 2,TRT SPOR 2",ZAFER YILMAZ,ALİ ŞAKACI,CAN MAVİSU,HURŞİT CEM AKAN,EMRAH RİFAİ,ERMAN YÜCEL,AHMET ERKASAP,AHMET YILDIZ,Sinan Erdem Spor Salonu
20.05.2021,19:30,1EA3560,Playoff Yarı Final,FENERBAHÇE BEKO,83 - 79,PINAR KARŞIYAKA,,İSTANBUL,Ülker Spor ve Etkinlik Salonu,TİVİBU Spor 2,AYTUĞ EKTİ,ALPER ALTUĞ KÖSELERLİ,SERHAT BÜKER,ENİS GÜREL,SEDA İŞLER,EBRU ULUDOĞAN,GÖZDE BEGÜM AKÜZÜM,ALPKAN HACIYAKUPOĞLU,Ülker Spor ve Etkinlik Salonu
21.05.2021,19:30,1EA3561,Playoff Yarı Final,ANADOLU EFES,104 - 86,BEŞİKTAŞ ICRYPEX,,İSTANBUL,Sinan Erdem Spor Salonu,TİVİBU Spor 2,YENER YILMAZ,KAAN BÜYÜKÇİL,MEHMET ŞAHİN,SAVAŞ BAYRAM ERTÜRK,BEKİR SEVİMLİ,DİNÇER ADİLLER,YÜCEL FIRAT,HİLMİ CANKUT AYNAR,Sinan Erdem Spor Salonu
22.05.2021,15:00,1EA3562,Playoff Yarı Final,FENERBAHÇE BEKO,71 - 80,PINAR KARŞIYAKA,,İSTANBUL,Ülker Spor ve Etkinlik Salonu,"TRTSPOR,TİVİBU Spor 2",MEHMET KESERATAR,MEHMET KARABİLECEN,MUSA KAZIM ÇETİN,HAKAN BEŞTEPE,ESER FIRIL,SERHAT LEVENT,GÜLTEKİN KABAŞ,PERİHAN GİZEM ÜNSAL,Ülker Spor ve Etkinlik Salonu
23.05.2021,17:00,1EA3563,Playoff Yarı Final,BEŞİKTAŞ ICRYPEX,66 - 96,ANADOLU EFES,,İSTANBUL,Akatlar Spor ve Kültür Kompleksi,"TRTSPOR,TİVİBU Spor 2",ERŞAN KARTAL,FATİH ARSLANOĞLU,MEHMET SERDAR ÜNAL,EMİN FAZIL KESERATAR,SELCAN TUĞÇE ALKAYA,YUSUF YELESDAĞ,ALPER LAÇİNKAYA,ŞERMİN NAZLIGÜL,Akatlar Spor ve Kültür Kompleksi
24.05.2021,19:30,1EA3564,Playoff Yarı Final,PINAR KARŞIYAKA,62 - 67,FENERBAHÇE BEKO,,İZMİR,Mustafa Kemal Atatürk Karşıyaka Spor Salonu,"TRTSPOR,TİVİBU Spor 2",EMİN MOĞULKOÇ,OSMAN SİNAN İŞGÜDER,ZİYA ÖZORHON,SERKAN İNCE,GİZEM ÖZAYDIN,ALİ DEVECİ,ŞAHİN ŞANLI,GÜLTEKİN DAĞDEVİREN,Mustafa Kemal Atatürk Karşıyaka Spor Salonu
26.05.2021,19:30,1EA3565,Playoff Yarı Final,PINAR KARŞIYAKA,76 - 78,FENERBAHÇE BEKO,,İZMİR,Mustafa Kemal Atatürk Karşıyaka Spor Salonu,TİVİBU Spor 2,YENER YILMAZ,ZAFER YILMAZ,ALİ ŞAKACI,HALDUN KUNT,İLAYDA DİNÇEL,ÖMER DURSUN,SİNEM BİRTÜRK,MESUT KARABULUT,Mustafa Kemal Atatürk Karşıyaka Spor Salonu
3.06.2021,17:00,1EA3566,Playoff Final,ANADOLU EFES,111 - 71,FENERBAHÇE BEKO,,İSTANBUL,Sinan Erdem Spor Salonu,"TRTSPOR,TİVİBU Spor 2",MEHMET KESERATAR,FATİH ARSLANOĞLU,MEHMET SERDAR ÜNAL,HURŞİT CEM AKAN,BEKİR SEVİMLİ,ALPER LAÇİNKAYA,AHMET YILDIZ,OSMAN AŞIK,Sinan Erdem Spor Salonu
5.06.2021,19:30,1EA3567,Playoff Final,ANADOLU EFES,95 - 73,FENERBAHÇE BEKO,,İSTANBUL,Sinan Erdem Spor Salonu,"TRTSPOR,TİVİBU Spor 2",ZAFER YILMAZ,OSMAN SİNAN İŞGÜDER,CAN MAVİSU,ERKAN URASLI,ALİ MALÇOK,YUSUF YELESDAĞ,DİNÇER ADİLLER,ZAFER RİFAİ,Sinan Erdem Spor Salonu
7.06.2021,19:30,1EA3568,Playoff Final,FENERBAHÇE BEKO,66 - 93,ANADOLU EFES,,İSTANBUL,Ülker Spor ve Etkinlik Salonu,"TRTSPOR,TİVİBU Spor 2",EMİN MOĞULKOÇ,YENER YILMAZ,MEHMET KARABİLECEN,EMİN FAZIL KESERATAR,AHMET ERKASAP,PERİHAN GİZEM ÜNSAL,ESER FIRIL,GÖZDE BEGÜM AKÜZÜM,Ülker Spor ve Etkinlik Salonu
