{
  "league_acronym": "ebbl",
  "league_name": "Erkekler Bölgesel Basketbol Ligi",
  "gender": "Erkek",
  "season": "2015-2016",
  "sponsor": "",
  "scraped_at": "2025-06-23T00:34:43.938885",
  "rows": 0,
  "columns": 20,
  "column_names": [
    "Tarih",
    "Saat",
    "Maç No",
    "Hafta",
    "A Takım",
    "Sonuç",
    "B Takım",
    "Grubu",
    "Şehir",
    "Salon",
    "TV",
    "Baş Hakem",
    "1. Yrd. Hakem",
    "2. Yrd. Hakem",
    "Temsilci",
    "1. Masa G.",
    "2. Masa G.",
    "3. Masa G.",
    "4. Masa G.",
    "Salon.1"
  ],
  "excel_file": "ebbl_Erkek_2015-2016.xlsx",
  "csv_file": "ebbl_Erkek_2015-2016.csv"
}