Tarih,Saat,Maç No,Hafta,A Takım,Sonuç,B Takım,Grubu,Şehir,Salon,TV,Baş Hakem,1. Yrd. Hakem,2. Yrd. Hakem,Temsilci,1. Masa G.,2. Masa G.,3. Masa G.,4. Masa G.,Salon.1
1.04.2018,14:00,BEA5120,01. Hafta,ŞUTİM SPOR,67 - 75,GENÇ YİBO,6.BÖLGE,ŞANLIURFA,Yenice Spor Salonu | ,,ZEYNETTİN BİNÇ,HASAN MESUT DEMİR,,,ŞERİFE SEVDE ELİHOŞ,MEHMET KÜÇÜK,HÜSEYİN ÇİFTÇİ,TUĞÇE ÇİFÇİ,Yenice Spor Salonu
1.04.2018,14:00,BEA5121,01. Hafta,MALATYA BŞB.,60 - 73,KAHRAMANMARAŞ BÜYÜKŞEHİR BLD.,6.BÖLGE,MALATYA,TECDE SPOR SALONU | ,,LEYLA GÜLEN,BARAN VARLU,,,RAMAZAN DENİZ,ŞEYMA KOLAY,EYÜP KITLIK,,TECDE SPOR SALONU
1.04.2018,16:00,BEA5052,01. Hafta,UMURBEY BLD. GÜREŞ SP.,66 - 69,KÜTAHYA BELEDİYE,1.BÖLGE,ÇANAKKALE,Anafartalar Spor Salonu | ,,SERCAN SİNİRLİOĞLU,DERYA ÇELİK,,,KAYHAN SEVİMLİ,KADRİYE SEVİLAY BAYRAM,ZEYNEP YILDIRIM,AHMET YILDIRIM,Anafartalar Spor Salonu
1.04.2018,18:00,BEA5053,01. Hafta,ÇORLU BELEDİYESİ,49 - 51,YEŞİLYURT,1.BÖLGE,TEKİRDAĞ,Çorlu Belediyesi S.S. | ,,NURİ DİLMEN,GÖKSU TEKSÖZ,,,ÖZLEM DELİCE,FECRİYE GÜDER,MİNEL ÇAKIR,ATA UĞUR ÖNGEL,Çorlu Belediyesi S.S.
7.04.2018,15:00,BEA5109,01. Hafta,BAFRA BELEDİYESİ,47 - 52,SAYGI GENÇLİK,5.BÖLGE,SAMSUN,Bafra Spor Salonu | ,,RAMAZAN SEZER BARAN,ONUR DENİZ AY,,,MERVE SERDAR,TAYFUN KARAKUM,MERT ABLAY,KÜBRA YILDIZ,Bafra Spor Salonu
7.04.2018,15:30,BEA5085,01. Hafta,AKANT GENÇLİK VE SPOR,76 - 82,NAZİLLİ BELEDİYE,3.BÖLGE,ANTALYA,Döşemealtı Spor Salonu | ,,AHMET OĞUZHAN CİRİT,AYGÜN AKGÜL,,,SEZEN AKSU,CİHAN ÖZTEMEL,HÜSEYİN ERAY TOPCU,İLKAY ERDOĞAN,Döşemealtı Spor Salonu
7.04.2018,17:00,BEA5111,01. Hafta,OKVOLIGHT TEKDEN KOLEJİ,59 - 70,TOKAT ÖZGEM GRUP BASKETBOL,5.BÖLGE,KAYSERİ,Kadir Has Kongre Merkezi Spor Salonu | ,,MUSTAFA AKSOY,EMRE YELDAŞ,,,ELİF CENGİZ,İBRAHİM TÜRKMENÇALIKOĞLU,CELAL AKSOY,İDRİS KARATAŞ,Kadir Has Kongre Merkezi Spor Salonu
7.04.2018,17:30,BEA5098,01. Hafta,MURATPAŞA BELEDİYESİ SK,77 - 95,SÖGÜTSEN SERAMİK,4.BÖLGE,ANTALYA,Çağlayan Spor Salonu | ,,SERAY AK,BERKİ PEKER,,,PELİN TOPCU,SEDA DİKER,DENİZ ÇETİNTAŞ,MELEK AKAN,Çağlayan Spor Salonu
8.04.2018,15:00,BEA5097,01. Hafta,ISPARTA BELEDİYESİ SPOR,74 - 63,TARSUS AMERİKAN KOLEJİ,4.BÖLGE,ISPARTA,6 Mart Spor Salonu | ,,KAĞAN SÖNMEZ,EMRE CAN ÇAKIR,,,MEVLÜT CAN SARAÇOĞLU,ÇAĞATAY KASIM KÜÇÜKOĞLU,BURAK TATOĞLU,HASAN TAHA SARIKAYA,6 Mart Spor Salonu
8.04.2018,16:00,BEA5086,01. Hafta,MENEMEN BELEDİYE,82 - 66,MUĞLA ÜNİVERSİTESİ SPOR KULÜBÜ,3.BÖLGE,İZMİR,Serdar Yereli Spor Salonu | ,,NURŞAH OPAKBAY,GÜNEY BİRLİK,,,AYBİKE GÖCEKLİ,HALİDE KAYA,KEMAL AYPARS,MESUT KARABULUT,Serdar Yereli Spor Salonu
8.04.2018,16:00,BEA5074,01. Hafta,BAHÇELİEVLER BELEDİYE,86 - 71,SÖKE BASKET,2.BÖLGE,İSTANBUL,Muhsin Yazıcıoğlu Spor Salonu | ,,MUSTAFA ÇELTİKER,ESRA YILDIZ,,,NİLAY YILMAZ,BEKİR SEVİMLİ,BİROL ÖZDAL,,Muhsin Yazıcıoğlu Spor Salonu
8.04.2018,17:00,BEA5075,01. Hafta,MKD BOSSAN,78 - 73,HACETTEPE ÜNİVERSİTESİ GSK,2.BÖLGE,İZMİR,Bornova Belediye Muhammet Yıldız Işıkkent Spor Salonu | ,,OKAN MUHAMMET ANLATICI,GÖZDE KAFADAR,,,GİZEM ÖZAYDIN,CEREN BARAN,ELİF KALENDER,İSMAİL AKGÜL,Bornova Belediye Muhammet Yıldız Işıkkent Spor Salonu
4.06.2018,11:00,BEA5155,Final Grubu,MENEMEN BELEDİYE,84 - 56,ŞUTİM SPOR,TÜRKİYE FİNALİ A,KONYA,Selçuklu Belediyesi Spor Salonu | ,,AHMET KEMAL DİGİLLİ,ABDULLAH UYANIK,,,AYKUT ÇETİN,HEDİYE BALIKCI,SÜLEYMAN KEMAL HOROZOĞLU,,Selçuklu Belediyesi Spor Salonu
4.06.2018,11:00,BEA5161,Final Grubu,ÇORLU BELEDİYESİ,53 - 64,UMURBEY BLD. GÜREŞ SP.,TÜRKİYE FİNALİ B,KONYA,Selçuk Üniversitesi 19 Mayıs Spor Salonu | ,,ABDULLAH KOPUTAN,ANIL VEZİROĞLU,,,AHMET TOPAL,SADETTİN YAMAN,VEDAT ORHAN,,Selçuk Üniversitesi 19 Mayıs Spor Salonu
4.06.2018,13:00,BEA5162,Final Grubu,BAHÇELİEVLER BELEDİYE,68 - 72,HACETTEPE ÜNİVERSİTESİ GSK,TÜRKİYE FİNALİ B,KONYA,Selçuk Üniversitesi 19 Mayıs Spor Salonu | ,,MUSA KAZIM ÇETİN,EMİR CAN ÖZKAN,,,AHMET TOPAL,VEDAT ORHAN,SADETTİN YAMAN,,Selçuk Üniversitesi 19 Mayıs Spor Salonu
4.06.2018,13:00,BEA5157,Final Grubu,KAHRAMANMARAŞ BÜYÜKŞEHİR BLD.,70 - 62,GENÇ YİBO,TÜRKİYE FİNALİ A,KONYA,Selçuklu Belediyesi Spor Salonu | ,,YİĞİT EMRE ŞİMŞEK,MEHMET BURAK ANLATICI,,,AYKUT ÇETİN,HEDİYE BALIKCI,SÜLEYMAN KEMAL HOROZOĞLU,,Selçuklu Belediyesi Spor Salonu
4.06.2018,15:00,BEA5167,Final Grubu,TOKAT ÖZGEM GRUP BASKETBOL,75 - 87,SÖGÜTSEN SERAMİK,TÜRKİYE FİNALİ C,KONYA,Selçuklu Belediyesi Spor Salonu | ,,HALDUN ÇOBAN,EYYÜP AYHAN,,,EMİNE HARTÜN,HEDİYE BALIKCI,HARUN HORTU,,Selçuklu Belediyesi Spor Salonu
4.06.2018,15:00,BEA5173,Final Grubu,NAZİLLİ BELEDİYE,61 - 67,OKVOLIGHT TEKDEN KOLEJİ,TÜRKİYE FİNALİ D,KONYA,Selçuk Üniversitesi 19 Mayıs Spor Salonu | ,,CEMİL UYGÜL,SONER ÖZAYDOĞAN,,,ELİF ERDOĞAN,HÜSEYİN BAĞCI,OSMAN KESER,,Selçuk Üniversitesi 19 Mayıs Spor Salonu
4.06.2018,17:00,BEA5168,Final Grubu,MKD BOSSAN,57 - 48,ISPARTA BELEDİYESİ SPOR,TÜRKİYE FİNALİ C,KONYA,Selçuklu Belediyesi Spor Salonu | ,,NİHAT ÇETİN,ALİHAN CİVELEK,,,EMİNE HARTÜN,HEDİYE BALIKCI,HARUN HORTU,,Selçuklu Belediyesi Spor Salonu
4.06.2018,17:00,BEA5175,Final Grubu,YEŞİLYURT,65 - 74,KÜTAHYA BELEDİYE,TÜRKİYE FİNALİ D,KONYA,Selçuk Üniversitesi 19 Mayıs Spor Salonu | ,,HALİL ERKOÇ,MUSTAFA AKSOY,,,ELİF ERDOĞAN,HÜSEYİN BAĞCI,OSMAN KESER,,Selçuk Üniversitesi 19 Mayıs Spor Salonu
7.04.2018,13:00,BEA5057,02. Hafta,ANKARA ANADOLU BASKET,56 - 71,UMURBEY BLD. GÜREŞ SP.,1.BÖLGE,ANKARA,Ankara Spor Salonu (Küçük) | ,,DURSUN UĞRAL,UMUT MEMİŞ,,,FATİH DEMİRCİ,SERKAN ÇADIR,SİMAY ÇAKMAK,İREM ERGÜN,Ankara Spor Salonu (Küçük)
8.04.2018,14:00,BEA5126,02. Hafta,KAHRAMANMARAŞ BÜYÜKŞEHİR BLD.,61 - 59,GENÇ YİBO,6.BÖLGE,KAHRAMANMARAŞ,Batıpark Spor Salonu | ,,EMRE DURSUN,YETER DOĞAN,,,HAMİT ÇERAY,DÜRDANE KARABÖRK,EMRAH AÇIKAR,ŞERİFE AKKÖK,Batıpark Spor Salonu
8.04.2018,16:00,BEA5124,02. Hafta,ELAZIĞ BASKETBOL AKADEMİ,45 - 67,MALATYA BŞB.,6.BÖLGE,ELAZIĞ,Elazığ İl Özel İdare S.S. | ,,SALİH SERKAN KOÇAK,İLKER ERBEK,,,AYŞE GÜNHAN,SEMANUR BOZKURT,ERDAL KALEM,YASEMİN DÜNDAR,Elazığ İl Özel İdare S.S.
8.04.2018,16:30,BEA5056,02. Hafta,KÜTAHYA BELEDİYE,45 - 75,ÇORLU BELEDİYESİ,1.BÖLGE,KÜTAHYA,Dumlupınar Üniversitesi Merkez Kampüsü Spor Salonu | ,,MURATCAN REYHAN,FURKAN KESERATAR,,,MERYEM FETEN,TAMER AYAZ,UMUT DEMİRALAY,EMRAH OYANKAYA,Dumlupınar Üniversitesi Merkez Kampüsü Spor Salonu
14.04.2018,14:00,BEA5096,02. Hafta,TARSUS AMERİKAN KOLEJİ,85 - 63,MURATPAŞA BELEDİYESİ SK,4.BÖLGE,MERSİN,Tarsus Spor Salonu | ,,HASAN MESUT DEMİR,ALPER CAN BOZYEL,,,BEDİRHAN NAZLI,AYLİN ÖZER,ŞÖLEN TORUN,EMİNE ŞİMŞEK,Tarsus Spor Salonu
14.04.2018,16:00,BEA5099,02. Hafta,SÖGÜTSEN SERAMİK,69 - 53,ISPARTA BELEDİYESİ SPOR,4.BÖLGE,ANKARA,Ankara Spor Salonu (Küçük) | ,,DURSUN UĞRAL,MURATCAN REYHAN,,,ARZU ÖKSÜZ,MUAMMER DUMAN,ONUR YEŞİLBAĞ,YUNUS KAHRAMAN,Ankara Spor Salonu (Küçük)
14.04.2018,16:00,BEA5110,02. Hafta,TOKAT ÖZGEM GRUP BASKETBOL,77 - 69,BAFRA BELEDİYESİ,5.BÖLGE,TOKAT,Hüseyin Akbaş Spor Salonu | ,,SALİH SERKAN KOÇAK,LEYLA GÜLEN,,,YASEMİN KUNDAKÇI,MUSTAFA ONUR YILMAZ,GÖZDE KELEŞ,GÜRKAN KALAYCI,Hüseyin Akbaş Spor Salonu
14.04.2018,17:00,BEA5084,02. Hafta,MUĞLA ÜNİVERSİTESİ SPOR KULÜBÜ,85 - 77,AKANT GENÇLİK VE SPOR,3.BÖLGE,MUĞLA,Menteşe Spor Salonu | ,,BURAK MERT DEMİRTAŞ,OKAN MUHAMMET ANLATICI,,,ÖZGÜL ERTOY,EVREN ERTOY,ORHAN SELÇUK,ASİYE GÜLER,Menteşe Spor Salonu
14.04.2018,17:00,BEA5088,02. Hafta,NAZİLLİ BELEDİYE,95 - 75,MENEMEN BELEDİYE,3.BÖLGE,AYDIN,Nazilli Spor Salonu | ,,EMRE CAN ÇAKIR,KAĞAN SÖNMEZ,,,ŞERİF ÇAKIN,TUBA AYDIN,FATMA EZGİ YİĞİT,NECİP DERELİ,Nazilli Spor Salonu
14.04.2018,18:15,BEA5108,02. Hafta,SAYGI GENÇLİK,72 - 81,OKVOLIGHT TEKDEN KOLEJİ,5.BÖLGE,ANKARA,Ankara Spor Salonu (Küçük) | ,,SERCAN SİNİRLİOĞLU,ESRA YILDIZ,,,BERKSU ÖZBEY,BİLAL UZGÖREN,FATİH DEMİRCİ,FEVZİ CAN ÜRESİN,Ankara Spor Salonu (Küçük)
14.04.2018,19:00,BEA5073,02. Hafta,HACETTEPE ÜNİVERSİTESİ GSK,88 - 58,BAHÇELİEVLER BELEDİYE,2.BÖLGE,ANKARA,Hacettepe Üniversitesi Spor Salonu | ,,AYSUN ERGİN ÇETİNKAYA,DERYA ÇELİK,,,FATMA ÇELİK,GÖKHAN BAŞARAN,SİMAY ÇAKMAK,TUNCER ULUŞEKER,Hacettepe Üniversitesi Spor Salonu
15.04.2018,17:00,BEA5072,02. Hafta,SÖKE BASKET,62 - 103,MKD BOSSAN,2.BÖLGE,AYDIN,Söke Spor Salonu | ,,OĞUZ BİNİCİER,BURAK KAAN TAN,,,SEDAT DOĞRU,FULYA MAKTAV,BARIŞ BURAK DURMUŞ,YILDIZ TURAN,Söke Spor Salonu
5.06.2018,11:00,BEA5156,Final Grubu,GENÇ YİBO,82 - 84,MENEMEN BELEDİYE,TÜRKİYE FİNALİ A,KONYA,Selçuk Üniversitesi 19 Mayıs Spor Salonu | ,,NİHAT ÇETİN,ANIL VEZİROĞLU,,,AHMET TOPAL,VEDAT ORHAN,AYKUT ÇETİN,,Selçuk Üniversitesi 19 Mayıs Spor Salonu
5.06.2018,11:00,BEA5174,Final Grubu,KÜTAHYA BELEDİYE,72 - 76,NAZİLLİ BELEDİYE,TÜRKİYE FİNALİ D,KONYA,Selçuklu Belediyesi Spor Salonu | ,,MUSA KAZIM ÇETİN,ABDULLAH UYANIK,,,EMİNE HARTÜN,HEDİYE BALIKCI,HARUN HORTU,,Selçuklu Belediyesi Spor Salonu
5.06.2018,13:00,BEA5177,Final Grubu,OKVOLIGHT TEKDEN KOLEJİ,51 - 75,YEŞİLYURT,TÜRKİYE FİNALİ D,KONYA,Selçuklu Belediyesi Spor Salonu | ,,HALDUN ÇOBAN,MEHMET BURAK ANLATICI,,,EMİNE HARTÜN,HEDİYE BALIKCI,HARUN HORTU,,Selçuklu Belediyesi Spor Salonu
5.06.2018,13:00,BEA5158,Final Grubu,ŞUTİM SPOR,58 - 69,KAHRAMANMARAŞ BÜYÜKŞEHİR BLD.,TÜRKİYE FİNALİ A,KONYA,Selçuk Üniversitesi 19 Mayıs Spor Salonu | ,,CEMİL UYGÜL,EMİR CAN ÖZKAN,,,AHMET TOPAL,VEDAT ORHAN,AYKUT ÇETİN,,Selçuk Üniversitesi 19 Mayıs Spor Salonu
5.06.2018,15:00,BEA5163,Final Grubu,HACETTEPE ÜNİVERSİTESİ GSK,52 - 64,ÇORLU BELEDİYESİ,TÜRKİYE FİNALİ B,KONYA,Selçuklu Belediyesi Spor Salonu | ,,HALİL ERKOÇ,EYYÜP AYHAN,,,ELİF ERDOĞAN,HÜSEYİN BAĞCI,OSMAN KESER,,Selçuklu Belediyesi Spor Salonu
5.06.2018,15:00,BEA5171,Final Grubu,ISPARTA BELEDİYESİ SPOR,63 - 85,TOKAT ÖZGEM GRUP BASKETBOL,TÜRKİYE FİNALİ C,KONYA,Selçuk Üniversitesi 19 Mayıs Spor Salonu | ,,YİĞİT EMRE ŞİMŞEK,SONER ÖZAYDOĞAN,,,SADETTİN YAMAN,VEDAT ORHAN,SÜLEYMAN KEMAL HOROZOĞLU,,Selçuk Üniversitesi 19 Mayıs Spor Salonu
5.06.2018,17:00,BEA5170,Final Grubu,SÖGÜTSEN SERAMİK,88 - 67,MKD BOSSAN,TÜRKİYE FİNALİ C,KONYA,Selçuk Üniversitesi 19 Mayıs Spor Salonu | ,,ABDULLAH KOPUTAN,MUSTAFA AKSOY,,,SADETTİN YAMAN,VEDAT ORHAN,SÜLEYMAN KEMAL HOROZOĞLU,,Selçuk Üniversitesi 19 Mayıs Spor Salonu
5.06.2018,17:00,BEA5164,Final Grubu,UMURBEY BLD. GÜREŞ SP.,81 - 63,BAHÇELİEVLER BELEDİYE,TÜRKİYE FİNALİ B,KONYA,Selçuklu Belediyesi Spor Salonu | ,,AHMET KEMAL DİGİLLİ,ALİHAN CİVELEK,,,ELİF ERDOĞAN,HÜSEYİN BAĞCI,OSMAN KESER,,Selçuklu Belediyesi Spor Salonu
11.04.2018,13:00,BEA5128,03. Hafta,GENÇ YİBO,80 - 74,ELAZIĞ BASKETBOL AKADEMİ,6.BÖLGE,BİNGÖL,Bingöl Karşıyaka Spor Salonu | ,,NURGÜL KESKİN,BUĞRA ÇAĞATAY SAVAŞ,,,FIRAT BUDAK,GÖKHAN BUKAN,AHMET BÜKEY,ŞAHABETTİN BUDAK,Bingöl Karşıyaka Spor Salonu
11.04.2018,14:00,BEA5125,03. Hafta,ŞUTİM SPOR,80 - 93,KAHRAMANMARAŞ BÜYÜKŞEHİR BLD.,6.BÖLGE,ŞANLIURFA,11 Nisan Spor Salonu | ,,HASAN TANER TOPALCA,SİBEL KOÇ,,,EBUBEKİR ELİHOŞ,AYFER ÖZKİRİŞÇİ,HALİL İBRAHİM DEDE,HÜSEYİN ÇİFTÇİ,11 Nisan Spor Salonu
11.04.2018,14:00,BEA5059,03. Hafta,YEŞİLYURT,78 - 76,KÜTAHYA BELEDİYE,1.BÖLGE,İSTANBUL,Yeşilyurt Spor Salonu | ,,OĞUZ BİNİCİER,ABDURRAHMAN AYDOĞDU,,,BİROL ÖZDAL,ERMAN YÜCEL,BEKİR SEVİMLİ,,Yeşilyurt Spor Salonu
11.04.2018,19:00,BEA5058,03. Hafta,ÇORLU BELEDİYESİ,101 - 53,ANKARA ANADOLU BASKET,1.BÖLGE,TEKİRDAĞ,Çorlu Belediyesi S.S. | ,,ECE AKMAN,BURAK KAAN TAN,,,FECRİYE GÜDER,LALE ABACI,MİNEL ÇAKIR,MUSTAFA GÜRHAN SOYSAL,Çorlu Belediyesi S.S.
21.04.2018,15:30,BEA5087,03. Hafta,AKANT GENÇLİK VE SPOR,80 - 83,MENEMEN BELEDİYE,3.BÖLGE,ANTALYA,Kepez Turgut Özal Spor Salonu | ,,MELİKŞAH MERCAN,AYGÜN AKGÜL,,,BANU ÇETİN,SEDA DİKER,TEVFİK SÖZER,EBRU BEKTAŞ,Kepez Turgut Özal Spor Salonu
21.04.2018,16:00,BEA5102,03. Hafta,SÖGÜTSEN SERAMİK,95 - 70,TARSUS AMERİKAN KOLEJİ,4.BÖLGE,ANKARA,Ankara Spor Salonu (Küçük) | ,,EMİR CAN ÖZKAN,KAMİL ALOK,,,HÜSEYİN MURAT EKİM,MUSA SAFA SARI,FATİH DEMİRCİ,ZEYNEP ÖZMEN,Ankara Spor Salonu (Küçük)
21.04.2018,18:00,BEA5077,03. Hafta,HACETTEPE ÜNİVERSİTESİ GSK,109 - 49,SÖKE BASKET,2.BÖLGE,ANKARA,Hacettepe Üniversitesi Spor Salonu | ,,AHMET KÖSE,MURATCAN REYHAN,,,İREM ERGÜN,GÖKHAN BAŞARAN,SİMAY ÇAKMAK,FATMA ÇELİK,Hacettepe Üniversitesi Spor Salonu
22.04.2018,13:00,BEA5112,03. Hafta,BAFRA BELEDİYESİ,57 - 77,OKVOLIGHT TEKDEN KOLEJİ,5.BÖLGE,SAMSUN,Bafra Spor Salonu | ,,ALİHAN CİVELEK,ALMİNA KOCABAŞ,,,BÜŞRA YILMAZ,TAYFUN KARAKUM,İLHAN GENÇ,UĞUR YÜKSEL,Bafra Spor Salonu
22.04.2018,15:00,BEA5100,03. Hafta,ISPARTA BELEDİYESİ SPOR,86 - 57,MURATPAŞA BELEDİYESİ SK,4.BÖLGE,ISPARTA,6 Mart Spor Salonu | ,,NUR AKÇA,MESUT ÇINAR,,,DAMLA AĞAOĞLU,HAKAN YİĞİT,MEVLÜT CAN SARAÇOĞLU,OĞUZHAN DÜNDAR,6 Mart Spor Salonu
22.04.2018,16:00,BEA5113,03. Hafta,TOKAT ÖZGEM GRUP BASKETBOL,97 - 40,SAYGI GENÇLİK,5.BÖLGE,TOKAT,Hüseyin Akbaş Spor Salonu | ,,LEYLA GÜLEN,ALİ BARAN TECİRLİ,,,YASEMİN KUNDAKÇI,MUSTAFA ONUR YILMAZ,AHMET ÇAĞLIBÜYÜKKEÇECİ,ORHAN BERK YILDIZ,Hüseyin Akbaş Spor Salonu
22.04.2018,17:00,BEA5089,03. Hafta,MUĞLA ÜNİVERSİTESİ SPOR KULÜBÜ,70 - 89,NAZİLLİ BELEDİYE,3.BÖLGE,MUĞLA,Muğla Atatürk Spor Salonu | ,,BURAK DURMUŞ,BERKİ PEKER,,,FERİDE BAHTINUR AĞIOĞLU,NEVİN YAVAŞ ERTUĞRUL,DUYGU ÇİMEN,MEHMET GÜLER,Muğla Atatürk Spor Salonu
22.04.2018,18:30,BEA5076,03. Hafta,BAHÇELİEVLER BELEDİYE,74 - 73,MKD BOSSAN,2.BÖLGE,İSTANBUL,Muhsin Yazıcıoğlu Spor Salonu | ,,MUSTAFA TOPALOĞLU,SABRİ GÜNDÜZ,,,EROL TAHTAKESEN,OSMAN AŞIK,SAMET AKYÜREK,,Muhsin Yazıcıoğlu Spor Salonu
6.06.2018,11:00,BEA5169,Final Grubu,TOKAT ÖZGEM GRUP BASKETBOL,81 - 62,MKD BOSSAN,TÜRKİYE FİNALİ C,KONYA,Selçuklu Belediyesi Spor Salonu | ,,MUSA KAZIM ÇETİN,EMİR CAN ÖZKAN,,,EMİNE HARTÜN,HEDİYE BALIKCI,HARUN HORTU,,Selçuklu Belediyesi Spor Salonu
6.06.2018,11:00,BEA5176,Final Grubu,NAZİLLİ BELEDİYE,70 - 62,YEŞİLYURT,TÜRKİYE FİNALİ D,KONYA,Selçuk Üniversitesi 19 Mayıs Spor Salonu | ,,ABDULLAH KOPUTAN,EYYÜP AYHAN,,,ELİF ERDOĞAN,VEDAT ORHAN,SADETTİN YAMAN,,Selçuk Üniversitesi 19 Mayıs Spor Salonu
6.06.2018,13:00,BEA5172,Final Grubu,ISPARTA BELEDİYESİ SPOR,69 - 109,SÖGÜTSEN SERAMİK,TÜRKİYE FİNALİ C,KONYA,Selçuklu Belediyesi Spor Salonu | ,,AHMET KEMAL DİGİLLİ,MEHMET BURAK ANLATICI,,,EMİNE HARTÜN,HEDİYE BALIKCI,HARUN HORTU,,Selçuklu Belediyesi Spor Salonu
6.06.2018,13:00,BEA5178,Final Grubu,KÜTAHYA BELEDİYE,65 - 67,OKVOLIGHT TEKDEN KOLEJİ,TÜRKİYE FİNALİ D,KONYA,Selçuk Üniversitesi 19 Mayıs Spor Salonu | ,,YİĞİT EMRE ŞİMŞEK,ANIL VEZİROĞLU,,,ELİF ERDOĞAN,VEDAT ORHAN,SADETTİN YAMAN,,Selçuk Üniversitesi 19 Mayıs Spor Salonu
6.06.2018,15:00,BEA5165,Final Grubu,ÇORLU BELEDİYESİ,89 - 61,BAHÇELİEVLER BELEDİYE,TÜRKİYE FİNALİ B,KONYA,Selçuk Üniversitesi 19 Mayıs Spor Salonu | ,,CEMİL UYGÜL,SONER ÖZAYDOĞAN,,,AYKUT ÇETİN,VEDAT ORHAN,OSMAN KESER,,Selçuk Üniversitesi 19 Mayıs Spor Salonu
6.06.2018,15:00,BEA5159,Final Grubu,MENEMEN BELEDİYE,57 - 63,KAHRAMANMARAŞ BÜYÜKŞEHİR BLD.,TÜRKİYE FİNALİ A,KONYA,Selçuklu Belediyesi Spor Salonu | ,,HALİL ERKOÇ,MUSTAFA AKSOY,,,AHMET TOPAL,HEDİYE BALIKCI,SÜLEYMAN KEMAL HOROZOĞLU,,Selçuklu Belediyesi Spor Salonu
6.06.2018,17:00,BEA5160,Final Grubu,GENÇ YİBO,65 - 59,ŞUTİM SPOR,TÜRKİYE FİNALİ A,KONYA,Selçuklu Belediyesi Spor Salonu | ,,HALDUN ÇOBAN,ALİHAN CİVELEK,,,AHMET TOPAL,HEDİYE BALIKCI,SÜLEYMAN KEMAL HOROZOĞLU,,Selçuklu Belediyesi Spor Salonu
6.06.2018,17:00,BEA5166,Final Grubu,HACETTEPE ÜNİVERSİTESİ GSK,77 - 72,UMURBEY BLD. GÜREŞ SP.,TÜRKİYE FİNALİ B,KONYA,Selçuk Üniversitesi 19 Mayıs Spor Salonu | ,,NİHAT ÇETİN,ABDULLAH UYANIK,,,AYKUT ÇETİN,VEDAT ORHAN,OSMAN KESER,,Selçuk Üniversitesi 19 Mayıs Spor Salonu
14.04.2018,16:00,BEA5127,04. Hafta,MALATYA BŞB.,50 - 48,GENÇ YİBO,6.BÖLGE,MALATYA,ATATÜRK KAPALI SPOR SALONU | ,,HÜSEYİN EMRE EROL,EMRE YELDAŞ,,,ÖZLEM KARANFİL,MİRAÇ KAÇMAZ,HASAN KORKMAZ,CEYDA AFŞİN,ATATÜRK KAPALI SPOR SALONU
14.04.2018,16:00,BEA5060,04. Hafta,UMURBEY BLD. GÜREŞ SP.,72 - 77,ÇORLU BELEDİYESİ,1.BÖLGE,ÇANAKKALE,Anafartalar Spor Salonu | ,,GÖKSU TEKSÖZ,OKAN BERK TUNÇEL,,,CUMALİ ÖZLER,KADRİYE SEVİLAY BAYRAM,KAYHAN SEVİMLİ,AHMET YILDIRIM,Anafartalar Spor Salonu
15.04.2018,14:00,BEA5129,04. Hafta,ELAZIĞ BASKETBOL AKADEMİ,64 - 58,ŞUTİM SPOR,6.BÖLGE,ELAZIĞ,Yakup Kılıç Spor Salonu | ,,MUSTAFA AKSOY,SİBEL KOÇ,,,AYŞE GÜNHAN,SEMANUR BOZKURT,ERDAL KALEM,TUNA GÜZEL,Yakup Kılıç Spor Salonu
15.04.2018,17:00,BEA5061,04. Hafta,ANKARA ANADOLU BASKET,47 - 76,YEŞİLYURT,1.BÖLGE,ANKARA,Ankara Spor Salonu (Küçük) | ,,MUSTAFA ÇELTİKER,ALİ BARAN TECİRLİ,,,MURATCAN KOLÇAK,SİBEL FAZLIOĞLU,İSMAİL FULSER,MUSA SAFA SARI,Ankara Spor Salonu (Küçük)
25.04.2018,16:00,BEA5103,04. Hafta,SÖGÜTSEN SERAMİK,88 - 65,MURATPAŞA BELEDİYESİ SK,4.BÖLGE,ANKARA,Ankara Spor Salonu (Küçük) | ,,SALİH SERKAN KOÇAK,DERYA ÇELİK,,,ARZU USLUOĞLU,MUAMMER DUMAN,BERKSU ÖZBEY,,Ankara Spor Salonu (Küçük)
25.04.2018,17:00,BEA5092,04. Hafta,MUĞLA ÜNİVERSİTESİ SPOR KULÜBÜ,68 - 62,MENEMEN BELEDİYE,3.BÖLGE,MUĞLA,Muğla Atatürk Spor Salonu | ,,NİYAZİ YASİN KAHRAMAN,EMRE ÖZTEN,,,ÖZGÜL ERTOY,MİNE ALPASLAN,BEDİR KARABÖRKLÜ,SERPİL ŞAHMAN,Muğla Atatürk Spor Salonu
25.04.2018,17:00,BEA5115,04. Hafta,TOKAT ÖZGEM GRUP BASKETBOL,73 - 69,OKVOLIGHT TEKDEN KOLEJİ,5.BÖLGE,TOKAT,Hüseyin Akbaş Spor Salonu | ,,EMİR CAN ÖZKAN,UMUT MEMİŞ,,,YASEMİN KUNDAKÇI,MUSTAFA ONUR YILMAZ,UFUK GÜLER,GÖZDE KELEŞ,Hüseyin Akbaş Spor Salonu
25.04.2018,18:00,BEA5079,04. Hafta,HACETTEPE ÜNİVERSİTESİ GSK,70 - 53,MKD BOSSAN,2.BÖLGE,ANKARA,Hacettepe Üniversitesi Spor Salonu | ,,SALİH ARDA UNUL,METİN EROL,,,,,,,Hacettepe Üniversitesi Spor Salonu
25.04.2018,18:15,BEA5114,04. Hafta,SAYGI GENÇLİK,84 - 80,BAFRA BELEDİYESİ,5.BÖLGE,ANKARA,Ankara Spor Salonu (Küçük) | ,,MEHMET BATIKAN TEKER,ENES ŞENTÜRK,,,MEHTAP ADIGÜZEL,ONUR YEŞİLBAĞ,FATİH DEMİRCİ,SELDA UZUN,Ankara Spor Salonu (Küçük)
25.04.2018,19:00,BEA5078,04. Hafta,SÖKE BASKET,44 - 108,BAHÇELİEVLER BELEDİYE,2.BÖLGE,AYDIN,Söke Spor Salonu | ,,SERAY AK,BURAK MERT DEMİRTAŞ,,,SEDEF PARLAK,SEDAT DOĞRU,BARIŞ BURAK DURMUŞ,TÜRKAN KARATAÇ,Söke Spor Salonu
25.04.2018,19:00,BEA5090,04. Hafta,NAZİLLİ BELEDİYE,109 - 49,AKANT GENÇLİK VE SPOR,3.BÖLGE,AYDIN,Nazilli Spor Salonu | ,,SONER ÖZAYDOĞAN,ONUR BOZAN,,,ŞERİF ÇAKIN,FİLİZ ALGIN,LÜTFİYE ÖZDÖVENCİ,NECİP DERELİ,Nazilli Spor Salonu
27.04.2018,17:00,BEA5101,04. Hafta,TARSUS AMERİKAN KOLEJİ,75 - 69,ISPARTA BELEDİYESİ SPOR,4.BÖLGE,MERSİN,Tarsus Spor Salonu | ,,ÖZKAN ÇAĞLAYAN,GÜRKAN DEMİR,,,EMİNE ŞİMŞEK,AYLİN ÖZER,ŞÖLEN TORUN,BEDİRHAN NAZLI,Tarsus Spor Salonu
7.06.2018,11:00,BEA5179,Playoff Eleme Turu,MENEMEN BELEDİYE,68 - 64,HACETTEPE ÜNİVERSİTESİ GSK,Türkiye Finali 2.Tur,KONYA,Selçuklu Belediyesi Spor Salonu | ,,CEMİL UYGÜL,ANIL VEZİROĞLU,,,AHMET TOPAL,HÜSEYİN BAĞCI,HEDİYE BALIKCI,,Selçuklu Belediyesi Spor Salonu
7.06.2018,13:00,BEA5180,Playoff Eleme Turu,ÇORLU BELEDİYESİ,90 - 56,GENÇ YİBO,Türkiye Finali 2.Tur,KONYA,Selçuklu Belediyesi Spor Salonu | ,,AHMET KEMAL DİGİLLİ,EMİR CAN ÖZKAN,,,AHMET TOPAL,HÜSEYİN BAĞCI,HEDİYE BALIKCI,,Selçuklu Belediyesi Spor Salonu
7.06.2018,15:00,BEA5181,Playoff Eleme Turu,TOKAT ÖZGEM GRUP BASKETBOL,65 - 51,KÜTAHYA BELEDİYE,Türkiye Finali 2.Tur,KONYA,Selçuklu Belediyesi Spor Salonu | ,,NİHAT ÇETİN,ABDULLAH UYANIK,,,AYKUT ÇETİN,VEDAT ORHAN,OSMAN KESER,,Selçuklu Belediyesi Spor Salonu
7.06.2018,17:00,BEA5182,Playoff Eleme Turu,NAZİLLİ BELEDİYE,62 - 72,MKD BOSSAN,Türkiye Finali 2.Tur,KONYA,Selçuklu Belediyesi Spor Salonu | ,,HALİL ERKOÇ,MEHMET BURAK ANLATICI,,,AYKUT ÇETİN,VEDAT ORHAN,OSMAN KESER,,Selçuklu Belediyesi Spor Salonu
21.04.2018,16:00,BEA5062,05. Hafta,YEŞİLYURT,59 - 67,UMURBEY BLD. GÜREŞ SP.,1.BÖLGE,İSTANBUL,Yeşilyurt Spor Salonu | ,,CAN YANAR,GÖKSU TEKSÖZ,,,MURAT SEVGİL,BİROL ÖZDAL,NİLAY YILMAZ,,Yeşilyurt Spor Salonu
22.04.2018,14:00,BEA5130,05. Hafta,ŞUTİM SPOR,85 - 61,MALATYA BŞB.,6.BÖLGE,ŞANLIURFA,11 Nisan Spor Salonu | ,,TANER ŞEKER,AHMET BASRİ YILDIZ,,,ŞERİFE SEVDE ELİHOŞ,FETHİYE BAKİKOL,HÜSEYİN ÇİFTÇİ,MEHMET KÜÇÜK,11 Nisan Spor Salonu
22.04.2018,14:00,BEA5131,05. Hafta,KAHRAMANMARAŞ BÜYÜKŞEHİR BLD.,100 - 66,ELAZIĞ BASKETBOL AKADEMİ,6.BÖLGE,KAHRAMANMARAŞ,Kahramanmaraş Merkez Spor Salonu | ,,ZEYNEP FUNDA AŞIK,MEHMET BURAK ANLATICI,,,DÜRDANE KARABÖRK,,EMRAH AÇIKAR,ŞERİFE AKKÖK,Kahramanmaraş Merkez Spor Salonu
22.04.2018,15:00,BEA5064,05. Hafta,KÜTAHYA BELEDİYE,85 - 71,ANKARA ANADOLU BASKET,1.BÖLGE,KÜTAHYA,Dumlupınar Spor Salonu | ,,SEDEF YARICI,OKAN BERK TUNÇEL,,,FERİDE KORKMAZ,EMRE YANIK,ALPER YAVUZ,ZÜLAL ÖZYAĞMAN,Dumlupınar Spor Salonu
5.05.2018,17:00,BEA5081,05. Hafta,MKD BOSSAN,93 - 56,SÖKE BASKET,2.BÖLGE,İZMİR,Bornova Belediye Muhammet Yıldız Işıkkent Spor Salonu | ,,ONUR BOZAN,BURAK MERT DEMİRTAŞ,,,GÖZDE ONAN,İRFAN TEMELLİ,CEREN BARAN,CEREN ÜNSEVER,Bornova Belediye Muhammet Yıldız Işıkkent Spor Salonu
5.05.2018,17:30,BEA5105,05. Hafta,MURATPAŞA BELEDİYESİ SK,77 - 83,TARSUS AMERİKAN KOLEJİ,4.BÖLGE,ANTALYA,Çağlayan Spor Salonu | ,,NİYAZİ YASİN KAHRAMAN,AYGÜN AKGÜL,,,PELİN TOPCU,SEDA DİKER,TEVFİK SÖZER,KEZİBAN KARTCA,Çağlayan Spor Salonu
5.05.2018,18:00,BEA5116,05. Hafta,BAFRA BELEDİYESİ,60 - 108,TOKAT ÖZGEM GRUP BASKETBOL,5.BÖLGE,SAMSUN,Bafra Spor Salonu | ,,DURSUN UĞRAL,HÜSEYİN DALMAN,,,BERNA ÇOLAK,BATUHAN BERK DEMİR,FURKAN ÜNLÜ,,Bafra Spor Salonu
5.05.2018,19:30,BEA5094,05. Hafta,AKANT GENÇLİK VE SPOR,58 - 66,MUĞLA ÜNİVERSİTESİ SPOR KULÜBÜ,3.BÖLGE,ANTALYA,Çağlayan Spor Salonu | ,,AHMET OĞUZHAN CİRİT,MURAT YURTSEVER,,,SEZEN AKSU,BURHAN ÇİÇEK,HÜSEYİN ERAY TOPCU,FATOŞ KAVCAR,Çağlayan Spor Salonu
5.05.2018,19:30,BEA5091,05. Hafta,MENEMEN BELEDİYE,75 - 85,NAZİLLİ BELEDİYE,3.BÖLGE,İZMİR,Serdar Yereli Spor Salonu | ,,SİNAN ERTEKİN,EMRE CAN ÇAKIR,,,AYBİKE GÖCEKLİ,ALİ DEVECİ,ÖZGÜR TOPCU,ANIL DOĞAN,Serdar Yereli Spor Salonu
6.05.2018,15:00,BEA5104,05. Hafta,ISPARTA BELEDİYESİ SPOR,75 - 82,SÖGÜTSEN SERAMİK,4.BÖLGE,ISPARTA,6 Mart Spor Salonu | ,,MELİKŞAH MERCAN,OKAN MUHAMMET ANLATICI,,,SEHER YÜRÜK,OĞUZHAN DÜNDAR,KADİR TUĞRA METE,DAMLA AĞAOĞLU,6 Mart Spor Salonu
6.05.2018,17:00,BEA5119,05. Hafta,OKVOLIGHT TEKDEN KOLEJİ,78 - 69,SAYGI GENÇLİK,5.BÖLGE,KAYSERİ,Kayseri Atatürk Spor Salonu | ,,HASAN TANER TOPALCA,TOLGA KAPLAN,,,İKBAL AKMEHMETOĞLU,EMRE KARAKAYA,ÇİĞDEM  ÖZKAN,ÖZLEM ÖZKAN,Kayseri Atatürk Spor Salonu
6.05.2018,18:30,BEA5080,05. Hafta,BAHÇELİEVLER BELEDİYE,64 - 63,HACETTEPE ÜNİVERSİTESİ GSK,2.BÖLGE,İSTANBUL,Muhsin Yazıcıoğlu Spor Salonu | ,,AYSUN ERGİN ÇETİNKAYA,CAN YANAR,,,TUĞÇE KAYA,BEKİR SEVİMLİ,BİROL ÖZDAL,,Muhsin Yazıcıoğlu Spor Salonu
8.06.2018,11:00,BEA5183,Çeyrek Final,SÖGÜTSEN SERAMİK,98 - 70,MENEMEN BELEDİYE,Çeyrek Final,KONYA,Selçuklu Belediyesi Spor Salonu | ,,NİHAT ÇETİN,HALDUN ÇOBAN,,,EMİNE HARTÜN,HEDİYE BALIKCI,AYKUT ÇETİN,,Selçuklu Belediyesi Spor Salonu
8.06.2018,13:00,BEA5184,Çeyrek Final,OKVOLIGHT TEKDEN KOLEJİ,59 - 66,ÇORLU BELEDİYESİ,Çeyrek Final,KONYA,Selçuklu Belediyesi Spor Salonu | ,,ABDULLAH KOPUTAN,MEHMET BURAK ANLATICI,,,EMİNE HARTÜN,HEDİYE BALIKCI,AYKUT ÇETİN,,Selçuklu Belediyesi Spor Salonu
8.06.2018,15:00,BEA5185,Çeyrek Final,KAHRAMANMARAŞ BÜYÜKŞEHİR BLD.,70 - 81,TOKAT ÖZGEM GRUP BASKETBOL,Çeyrek Final,KONYA,Selçuklu Belediyesi Spor Salonu | ,,MUSA KAZIM ÇETİN,EMİR CAN ÖZKAN,,,SADETTİN YAMAN,VEDAT ORHAN,HARUN HORTU,,Selçuklu Belediyesi Spor Salonu
8.06.2018,17:00,BEA5186,Çeyrek Final,UMURBEY BLD. GÜREŞ SP.,61 - 69,MKD BOSSAN,Çeyrek Final,KONYA,Selçuklu Belediyesi Spor Salonu | ,,YİĞİT EMRE ŞİMŞEK,ABDULLAH UYANIK,,,SADETTİN YAMAN,VEDAT ORHAN,HARUN HORTU,,Selçuklu Belediyesi Spor Salonu
9.06.2018,11:00,BEA5187,Klasman Maçları,MENEMEN BELEDİYE,78 - 58,KAHRAMANMARAŞ BÜYÜKŞEHİR BLD.,Klasman Maçı,KONYA,Selçuklu Belediyesi Spor Salonu | ,,YİĞİT EMRE ŞİMŞEK,ANIL VEZİROĞLU,,,VEDAT ORHAN,HEDİYE BALIKCI,ELİF ERDOĞAN,,Selçuklu Belediyesi Spor Salonu
9.06.2018,13:00,BEA5188,Klasman Maçları,OKVOLIGHT TEKDEN KOLEJİ,59 - 55,UMURBEY BLD. GÜREŞ SP.,Klasman Maçı,KONYA,Selçuklu Belediyesi Spor Salonu | ,,HALDUN ÇOBAN,CEMİL UYGÜL,,,VEDAT ORHAN,ELİF ERDOĞAN,HEDİYE BALIKCI,,Selçuklu Belediyesi Spor Salonu
9.06.2018,15:00,BEA5189,Yarı Final,SÖGÜTSEN SERAMİK,59 - 51,TOKAT ÖZGEM GRUP BASKETBOL,Yarı Final,KONYA,Selçuklu Belediyesi Spor Salonu | ,,MUSA KAZIM ÇETİN,AHMET KEMAL DİGİLLİ,,,HARUN HORTU,HÜSEYİN BAĞCI,VEDAT ORHAN,,Selçuklu Belediyesi Spor Salonu
9.06.2018,17:00,BEA5190,Yarı Final,ÇORLU BELEDİYESİ,50 - 61,MKD BOSSAN,Yarı Final,KONYA,Selçuklu Belediyesi Spor Salonu | ,,HALİL ERKOÇ,NİHAT ÇETİN,,,HARUN HORTU,HÜSEYİN BAĞCI,VEDAT ORHAN,,Selçuklu Belediyesi Spor Salonu
25.04.2018,13:00,BEA5132,06. Hafta,GENÇ YİBO,68 - 74,ŞUTİM SPOR,6.BÖLGE,BİNGÖL,Bingöl Karşıyaka Spor Salonu | ,,HASAN TANER TOPALCA,METİN SARIOĞLU,,,EMRAH TENEKE,GÖKHAN BUKAN,AHMET BÜKEY,FIRAT BUDAK,Bingöl Karşıyaka Spor Salonu
25.04.2018,15:00,BEA5065,06. Hafta,KÜTAHYA BELEDİYE,68 - 62,UMURBEY BLD. GÜREŞ SP.,1.BÖLGE,KÜTAHYA,Dumlupınar Spor Salonu | ,,ECE AKMAN,MUSTAFA ÇELTİKER,,,MERYEM FETEN,UMUT DEMİRALAY,TAMER AYAZ,İSMAİL GÜRAN,Dumlupınar Spor Salonu
25.04.2018,17:00,BEA5133,06. Hafta,KAHRAMANMARAŞ BÜYÜKŞEHİR BLD.,73 - 53,MALATYA BŞB.,6.BÖLGE,KAHRAMANMARAŞ,Kahramanmaraş Merkez Spor Salonu | ,,SAMET BİNER,HASAN MESUT DEMİR,,,DÜRDANE KARABÖRK,HAMİT ÇERAY,,ŞEYMA KAPLAN,Kahramanmaraş Merkez Spor Salonu
25.04.2018,18:00,BEA5063,06. Hafta,YEŞİLYURT,51 - 56,ÇORLU BELEDİYESİ,1.BÖLGE,İSTANBUL,Yeşilyurt Spor Salonu | ,,AYSUN ERGİN ÇETİNKAYA,ALİ OSMAN KANIK,,,NEŞE KIRAN,BEKİR SEVİMLİ,BİROL ÖZDAL,,Yeşilyurt Spor Salonu
16.05.2018,15:00,BEA5093,06. Hafta,MENEMEN BELEDİYE,55 - 40,AKANT GENÇLİK VE SPOR,3.BÖLGE,İZMİR,Enka Spor Salonu | ,,ADEM DELİAVCI,ESRA YILDIZ,,,SİNEM YENİ,SİNEM BİRTÜRK,SEVERCAN GÜVEN,HASAN ÖZTÜRK,Enka Spor Salonu
16.05.2018,17:00,BEA5107,06. Hafta,TARSUS AMERİKAN KOLEJİ,46 - 83,SÖGÜTSEN SERAMİK,4.BÖLGE,MERSİN,Tarsus Spor Salonu | ,,MEHMET BURAK ANLATICI,ERSEL BÜYÜKKARA,,,EMİNE ŞİMŞEK,AYLİN ÖZER,ŞÖLEN TORUN,BEDİRHAN NAZLI,Tarsus Spor Salonu
16.05.2018,17:00,BEA5082,06. Hafta,MKD BOSSAN,62 - 64,BAHÇELİEVLER BELEDİYE,2.BÖLGE,İZMİR,Bornova Belediye Muhammet Yıldız Işıkkent Spor Salonu | ,,NİYAZİ YASİN KAHRAMAN,GÖKSU TEKSÖZ,,,BERRİN TURAN,ALİ DEVECİ,ŞAHİN ŞANLI,FATMA DÖNMEZ,Bornova Belediye Muhammet Yıldız Işıkkent Spor Salonu
16.05.2018,18:00,BEA5118,06. Hafta,OKVOLIGHT TEKDEN KOLEJİ,117 - 70,BAFRA BELEDİYESİ,5.BÖLGE,KAYSERİ,15 Temmuz Yerleşkesi S.S | ,,LEYLA GÜLEN,EMRE DURSUN,,,ÇİĞDEM  ÖZKAN,EMRE KARAKAYA,İDRİS KARATAŞ,,15 Temmuz Yerleşkesi S.S
16.05.2018,19:00,BEA5095,06. Hafta,NAZİLLİ BELEDİYE,94 - 54,MUĞLA ÜNİVERSİTESİ SPOR KULÜBÜ,3.BÖLGE,AYDIN,Nazilli Spor Salonu | ,,AHMET OĞUZHAN CİRİT,ALMİNA KOCABAŞ,,,SEDEF PARLAK,TÜRKAN KARATAÇ,AYTUNÇ SERGİN,TUBA AYDIN,Nazilli Spor Salonu
16.05.2018,19:00,BEA5106,06. Hafta,MURATPAŞA BELEDİYESİ SK,61 - 68,ISPARTA BELEDİYESİ SPOR,4.BÖLGE,ANTALYA,Çağlayan Spor Salonu | ,,ONUR BOZAN,ESMA KÜÇÜKŞENTÜRK,,,KEZİBAN KARTCA,ERKAN BÜDÜN,HÜSEYİN ERAY TOPCU,NASUH ÜZER,Çağlayan Spor Salonu
16.05.2018,19:00,BEA5083,06. Hafta,SÖKE BASKET,87 - 103,HACETTEPE ÜNİVERSİTESİ GSK,2.BÖLGE,AYDIN,Söke Spor Salonu | ,,ECE AKMAN,BURAK DURMUŞ,,,LÜTFİYE ÖZDÖVENCİ,SEVCAN AKGÜL,SEDAT DOĞRU,PINAR EĞRİKILINÇ,Söke Spor Salonu
16.05.2018,19:15,BEA5117,06. Hafta,SAYGI GENÇLİK,68 - 74,TOKAT ÖZGEM GRUP BASKETBOL,5.BÖLGE,ANKARA,Ankara Spor Salonu (Küçük) | ,,ALİHAN CİVELEK,METİN SARIOĞLU,,,ARZU USLUOĞLU,BERKSU ÖZBEY,EZGİ HAN,SELDA UZUN,Ankara Spor Salonu (Küçük)
10.06.2018,11:00,BEA5191,Klasman Maçları,KAHRAMANMARAŞ BÜYÜKŞEHİR BLD.,61 - 90,UMURBEY BLD. GÜREŞ SP.,7.-8.’lik Maçı,KONYA,Selçuklu Belediyesi Spor Salonu | ,,HALİL ERKOÇ,EMİR CAN ÖZKAN,,,SÜLEYMAN KEMAL HOROZOĞLU,VEDAT ORHAN,HEDİYE BALIKCI,,Selçuklu Belediyesi Spor Salonu
10.06.2018,13:00,BEA5192,Klasman Maçları,MENEMEN BELEDİYE,73 - 80,OKVOLIGHT TEKDEN KOLEJİ,5.-6.’lık Maçı,KONYA,Selçuklu Belediyesi Spor Salonu | ,,MEHMET BURAK ANLATICI,ABDULLAH UYANIK,,,OSMAN KESER,HÜSEYİN BAĞCI,HEDİYE BALIKCI,,Selçuklu Belediyesi Spor Salonu
10.06.2018,15:00,BEA5193,Klasman Maçları,TOKAT ÖZGEM GRUP BASKETBOL,87 - 74,ÇORLU BELEDİYESİ,3.-4.’lük Maçı,KONYA,Selçuklu Belediyesi Spor Salonu | ,,ABDULLAH KOPUTAN,NİHAT ÇETİN,,,SADETTİN YAMAN,HÜSEYİN BAĞCI,SÜLEYMAN KEMAL HOROZOĞLU,,Selçuklu Belediyesi Spor Salonu
10.06.2018,17:00,BEA5194,Final,SÖGÜTSEN SERAMİK,96 - 83,MKD BOSSAN,Final Maçı,KONYA,Selçuklu Belediyesi Spor Salonu | ,,YİĞİT EMRE ŞİMŞEK,AHMET KEMAL DİGİLLİ,,,OSMAN KESER,VEDAT ORHAN,SADETTİN YAMAN,,Selçuklu Belediyesi Spor Salonu
2.05.2018,19:00,BEA5066,07. Hafta,UMURBEY BLD. GÜREŞ SP.,92 - 59,ANKARA ANADOLU BASKET,1.BÖLGE,ÇANAKKALE,Anafartalar Spor Salonu | ,,NURİ DİLMEN,DERYA ÇELİK,,,CUMALİ ÖZLER,KADRİYE SEVİLAY BAYRAM,KAYHAN SEVİMLİ,AHMET YILDIRIM,Anafartalar Spor Salonu
2.05.2018,19:00,BEA5067,07. Hafta,ÇORLU BELEDİYESİ,83 - 75,KÜTAHYA BELEDİYE,1.BÖLGE,TEKİRDAĞ,Çorlu Belediyesi S.S. | ,,SAMET ERDOĞAN,OĞUZ BİNİCİER,,,ÖZLEM DELİCE,MÜJDE ÖNGEL,ATA UĞUR ÖNGEL,VAROL BOZ,Çorlu Belediyesi S.S.
9.05.2018,13:00,BEA5135,07. Hafta,GENÇ YİBO,71 - 60,KAHRAMANMARAŞ BÜYÜKŞEHİR BLD.,6.BÖLGE,BİNGÖL,Bingöl Karşıyaka Spor Salonu | ,,NECMETTİN ULUÖZLÜ,SALİH ACAR,,,EMRAH TENEKE,GÖKHAN BUKAN,ALİŞ BURKAY,GÜLCAN ÖGÜN,Bingöl Karşıyaka Spor Salonu
9.05.2018,18:00,BEA5134,07. Hafta,MALATYA BŞB.,67 - 54,ELAZIĞ BASKETBOL AKADEMİ,6.BÖLGE,MALATYA,ATATÜRK KAPALI SPOR SALONU | ,,GÜRKAN DEMİR,BARIŞ TURGUT,,,ÖZLEM KARANFİL,UMUT ULUTAŞ,ÇAĞLAYAN SARISU,CEYDA AFŞİN,ATATÜRK KAPALI SPOR SALONU
5.05.2018,18:00,BEA5068,08. Hafta,KÜTAHYA BELEDİYE,86 - 70,YEŞİLYURT,1.BÖLGE,KÜTAHYA,Dumlupınar Spor Salonu | ,,DOĞU BERK İNNAL,GÖZDE KAFADAR,,,MERYEM FETEN,UMUT DEMİRALAY,TAMER AYAZ,EMRE YANIK,Dumlupınar Spor Salonu
6.05.2018,14:00,BEA5136,08. Hafta,KAHRAMANMARAŞ BÜYÜKŞEHİR BLD.,88 - 85,ŞUTİM SPOR,6.BÖLGE,KAHRAMANMARAŞ,Kahramanmaraş Merkez Spor Salonu | ,,SALİH SERKAN KOÇAK,EMRE YELDAŞ,,,BUKET YILDIZ,EMRAH AÇIKAR,ŞERİFE AKKÖK,YAĞMUR MADENLİ,Kahramanmaraş Merkez Spor Salonu
6.05.2018,16:00,BEA5137,08. Hafta,ELAZIĞ BASKETBOL AKADEMİ,82 - 79,GENÇ YİBO,6.BÖLGE,ELAZIĞ,Yakup Kılıç Spor Salonu | ,,SALİH OCAKOĞLU,BARAN VARLU,,,TUNA GÜZEL,SEMANUR BOZKURT,ERDAL KALEM,AYŞE GÜNHAN,Yakup Kılıç Spor Salonu
6.05.2018,17:00,BEA5070,08. Hafta,ANKARA ANADOLU BASKET,64 - 85,ÇORLU BELEDİYESİ,1.BÖLGE,ANKARA,Ankara Spor Salonu (Küçük) | ,,RESUL UĞURLU,ALİ BARAN TECİRLİ,,,MEHMET ÇARPAR,MEHTAP ADIGÜZEL,FATMA ÇELİK,İSMAİL FULSER,Ankara Spor Salonu (Küçük)
12.05.2018,16:00,BEA5071,09. Hafta,YEŞİLYURT,76 - 58,ANKARA ANADOLU BASKET,1.BÖLGE,İSTANBUL,Yeşilyurt Spor Salonu | ,,MEHMET BATIKAN TEKER,OĞUZ BİNİCİER,,,EROL TAHTAKESEN,CEYDA KAPKAÇ,BEKİR SEVİMLİ,,Yeşilyurt Spor Salonu
12.05.2018,18:00,BEA5069,09. Hafta,ÇORLU BELEDİYESİ,52 - 71,UMURBEY BLD. GÜREŞ SP.,1.BÖLGE,TEKİRDAĞ,Çorlu Belediyesi S.S. | ,,ENES ŞENTÜRK,SERCAN SİNİRLİOĞLU,,,HİLAL TARIER,VAROL BOZ,ATA UĞUR ÖNGEL,MÜJDE ÖNGEL,Çorlu Belediyesi S.S.
13.05.2018,14:00,BEA5138,09. Hafta,GENÇ YİBO,68 - 60,MALATYA BŞB.,6.BÖLGE,BİNGÖL,Bingöl Karşıyaka Spor Salonu | ,,BUĞRA ÇAĞATAY SAVAŞ,BELKIS GÖKLER,,,GÜLCAN ÖGÜN,ALİŞ BURKAY,AHMET BÜKEY,GÖKHAN BUKAN,Bingöl Karşıyaka Spor Salonu
13.05.2018,14:00,BEA5139,09. Hafta,ŞUTİM SPOR,59 - 53,ELAZIĞ BASKETBOL AKADEMİ,6.BÖLGE,ŞANLIURFA,11 Nisan Spor Salonu | ,,GÜRKAN DEMİR,KAMİL TALHA OLGUN,,,ŞERİFE SEVDE ELİHOŞ,HÜSEYİN ÇİFTÇİ,MESUT UZÜN,EYYÜP BAKİKOL,11 Nisan Spor Salonu
16.05.2018,17:00,BEA5054,10. Hafta,ANKARA ANADOLU BASKET,70 - 98,KÜTAHYA BELEDİYE,1.BÖLGE,ANKARA,Ankara Spor Salonu (Küçük) | ,,NECMETTİN ULUÖZLÜ,ONUR AÇIKYÜZ,,,İREM ERGÜN,TUNCER ULUŞEKER,ANIL ENDER DURGUN,KEZBAN EBRU ERDOĞAN,Ankara Spor Salonu (Küçük)
16.05.2018,18:00,BEA5122,10. Hafta,ELAZIĞ BASKETBOL AKADEMİ,77 - 90,KAHRAMANMARAŞ BÜYÜKŞEHİR BLD.,6.BÖLGE,ELAZIĞ,Yakup Kılıç Spor Salonu | ,,EREN KILINÇ,RABİHA TANK,,,AYŞE GÜNHAN,TUNA GÜZEL,SEMANUR BOZKURT,BERK BEŞGEN,Yakup Kılıç Spor Salonu
16.05.2018,18:00,BEA5123,10. Hafta,MALATYA BŞB.,55 - 64,ŞUTİM SPOR,6.BÖLGE,MALATYA,ATATÜRK KAPALI SPOR SALONU | ,,ZEYNETTİN BİNÇ,AHMET MALİK ŞAN,,,CEYDA AFŞİN,AYŞEHAN BARUT,KAAN SARISU,RAMAZAN DENİZ,ATATÜRK KAPALI SPOR SALONU
16.05.2018,19:00,BEA5055,10. Hafta,UMURBEY BLD. GÜREŞ SP.,57 - 61,YEŞİLYURT,1.BÖLGE,ÇANAKKALE,Anafartalar Spor Salonu | ,,BURAK YILMAZ,NURİ DİLMEN,,,CUMALİ ÖZLER,AYŞE YILDIZ,AHMET YILDIRIM,KADRİYE SEVİLAY BAYRAM,Anafartalar Spor Salonu
23.05.2018,12:00,BEA5143,11. Hafta,ŞUTİM SPOR,63 - 87,YEŞİLYURT,YARI FİNAL,BATMAN,Batman 19 Mayıs Spor Salonu | ,,EYYÜP AYHAN,GÜRKAN DEMİR,,,YUSUF GÜZEL,TUBA DEMİR,HEYBET NASIROĞLU,MESUT UTKUCU,Batman 19 Mayıs Spor Salonu
23.05.2018,14:15,BEA5142,11. Hafta,MALATYA BŞB.,62 - 99,MKD BOSSAN,YARI FİNAL,BATMAN,Batman 19 Mayıs Spor Salonu | ,,EREN KILINÇ,BARAN VARLU,,,DİLEK GÜZEL,YUSUF GÜZEL,TUBA DEMİR,MESUT UTKUCU,Batman 19 Mayıs Spor Salonu
23.05.2018,16:30,BEA5141,11. Hafta,MUĞLA ÜNİVERSİTESİ SPOR KULÜBÜ,58 - 80,UMURBEY BLD. GÜREŞ SP.,YARI FİNAL,BATMAN,Batman 19 Mayıs Spor Salonu | ,,BUĞRA ÇAĞATAY SAVAŞ,ZEYNETTİN BİNÇ,,,YUSUF GÜZEL,DİLEK GÜZEL,HEYBET NASIROĞLU,AHMET ABLAK,Batman 19 Mayıs Spor Salonu
24.05.2018,12:00,BEA5140,12. Hafta,YEŞİLYURT,96 - 58,MALATYA BŞB.,YARI FİNAL,BATMAN,Batman 19 Mayıs Spor Salonu | ,,BUĞRA ÇAĞATAY SAVAŞ,KAMİL TALHA OLGUN,,,YUSUF GÜZEL,AYŞE BULUT,DİLEK GÜZEL,MEHMET BULUT,Batman 19 Mayıs Spor Salonu
24.05.2018,14:15,BEA5144,12. Hafta,UMURBEY BLD. GÜREŞ SP.,106 - 49,ŞUTİM SPOR,YARI FİNAL,BATMAN,Batman 19 Mayıs Spor Salonu | ,,EREN KILINÇ,BARAN VARLU,,,YUSUF GÜZEL,DİLEK GÜZEL,MEHMET BULUT,AYŞE BULUT,Batman 19 Mayıs Spor Salonu
24.05.2018,16:30,BEA5145,12. Hafta,MKD BOSSAN,89 - 52,MUĞLA ÜNİVERSİTESİ SPOR KULÜBÜ,YARI FİNAL,BATMAN,Batman 19 Mayıs Spor Salonu | ,,EYYÜP AYHAN,GÜRKAN DEMİR,,,YUSUF GÜZEL,MESUT UTKUCU,YAVUZ YILDIZ,HEYBET NASIROĞLU,Batman 19 Mayıs Spor Salonu
25.05.2018,12:00,BEA5146,13. Hafta,UMURBEY BLD. GÜREŞ SP.,61 - 59,YEŞİLYURT,YARI FİNAL,BATMAN,Batman 19 Mayıs Spor Salonu | ,,ZEYNETTİN BİNÇ,GÜRKAN DEMİR,,,YUSUF GÜZEL,SULTAN KALKAN,HEYBET NASIROĞLU,DİLEK GÜZEL,Batman 19 Mayıs Spor Salonu
25.05.2018,14:15,BEA5147,13. Hafta,MUĞLA ÜNİVERSİTESİ SPOR KULÜBÜ,72 - 68,MALATYA BŞB.,YARI FİNAL,BATMAN,Batman 19 Mayıs Spor Salonu | ,,EREN KILINÇ,BARAN VARLU,,,SULTAN KALKAN,MESUT UTKUCU,YAVUZ YILDIZ,MERVE YILDIZ,Batman 19 Mayıs Spor Salonu
25.05.2018,16:30,BEA5148,13. Hafta,ŞUTİM SPOR,49 - 102,MKD BOSSAN,YARI FİNAL,BATMAN,Batman 19 Mayıs Spor Salonu | ,,KAMİL TALHA OLGUN,BUĞRA ÇAĞATAY SAVAŞ,,,YUSUF GÜZEL,AHMET ABLAK,MESUT UTKUCU,HEYBET NASIROĞLU,Batman 19 Mayıs Spor Salonu
26.05.2018,12:00,BEA5149,14. Hafta,YEŞİLYURT,100 - 78,MUĞLA ÜNİVERSİTESİ SPOR KULÜBÜ,YARI FİNAL,BATMAN,Batman 19 Mayıs Spor Salonu | ,,EREN KILINÇ,KAMİL TALHA OLGUN,,,PERİHAN AYGÜN,TUBA DEMİR,MESUT UTKUCU,MERVE YILDIZ,Batman 19 Mayıs Spor Salonu
26.05.2018,14:15,BEA5150,14. Hafta,MKD BOSSAN,77 - 86,UMURBEY BLD. GÜREŞ SP.,YARI FİNAL,BATMAN,Batman 19 Mayıs Spor Salonu | ,,EYYÜP AYHAN,GÜRKAN DEMİR,,,MESUT UTKUCU,TUBA DEMİR,YUSUF GÜZEL,PERİHAN AYGÜN,Batman 19 Mayıs Spor Salonu
26.05.2018,16:30,BEA5151,14. Hafta,MALATYA BŞB.,65 - 73,ŞUTİM SPOR,YARI FİNAL,BATMAN,Batman 19 Mayıs Spor Salonu | ,,ZEYNETTİN BİNÇ,BUĞRA ÇAĞATAY SAVAŞ,,,AHMET ABLAK,KERİM RÜZGAR,YUSUF GÜZEL,MERVE YILDIZ,Batman 19 Mayıs Spor Salonu
27.05.2018,12:00,BEA5152,15. Hafta,MKD BOSSAN,73 - 81,YEŞİLYURT,YARI FİNAL,BATMAN,Batman 19 Mayıs Spor Salonu | ,,EREN KILINÇ,KAMİL TALHA OLGUN,,,YUSUF GÜZEL,MEHMET BULUT,AYŞE BULUT,MESUT UTKUCU,Batman 19 Mayıs Spor Salonu
27.05.2018,14:15,BEA5154,15. Hafta,ŞUTİM SPOR,73 - 62,MUĞLA ÜNİVERSİTESİ SPOR KULÜBÜ,YARI FİNAL,BATMAN,Batman 19 Mayıs Spor Salonu | ,,EYYÜP AYHAN,GÜRKAN DEMİR,,,PERİHAN AYGÜN,MEHMET BULUT,AYŞE BULUT,YUSUF GÜZEL,Batman 19 Mayıs Spor Salonu
27.05.2018,16:30,BEA5153,15. Hafta,UMURBEY BLD. GÜREŞ SP.,89 - 53,MALATYA BŞB.,YARI FİNAL,BATMAN,Batman 19 Mayıs Spor Salonu | ,,SEREN ÇEŞİT,BARAN VARLU,,,PERİHAN AYGÜN,KERİM RÜZGAR,YAVUZ YILDIZ,SULTAN KALKAN,Batman 19 Mayıs Spor Salonu
