Tarih,Saat,Maç No,Hafta,A Takım,Sonuç,B Takım,Grubu,Şehir,Salon,TV,Baş Hakem,1. Yrd. Hakem,2. Yrd. Hakem,Temsilci,1. Masa G.,2. Masa G.,3. Masa G.,4. Masa G.,Salon.1
4.03.2023,14:00,BBA1688,Playoff Eleme Turu,55 ZORLU GENÇLİK,44 - 53,MERSİN ÜNİVERSİTESİ,,SAMSUN,Mustafa Dağıstanlı Spor Salonu | ,,SÜLEYMAN TEPE,TAYLAN KAYA,SALİH DALMAN,RAHMAN CANGÜL,YEŞİM YILDIZ COŞKUN,SEFER ZİNNUR YİRMİBEŞOĞLU,ESRA BAYZAT,PELİN ESMA CAYVARLI,Mustafa Dağıstanlı Spor Salonu
5.03.2023,13:00,BBA1687,Playoff Eleme Turu,HDI SİGORTA BEŞAS SPOR,64 - 49,KASTAMONU İSTİKLAL YOLU,,İSTANBUL,Caferağa Spor Salonu | ,,AHMET TAYLAN ÖZTÜRK,NUR AKÇA,BARIŞ ÖZTÜRK,ORHAN EFE  ÖZENÇ,TUĞBA DURNAOĞLU,GÖZDE BEGÜM AKÜZÜM,FATMA GÖK,ESER FIRIL,Caferağa Spor Salonu
5.03.2023,13:00,BBA1691,Playoff Eleme Turu,MENEMEN BELEDİYESİ,56 - 74,ZONGULDAK SPOR BASKET 67,,İZMİR,Gelişim Koleji Spor Salonu | ,,SERHAT DÜLGER,SONER ÖZAYDOĞAN,BURAK MERT DEMİRTAŞ,REŞAT ATAY,TUĞBA ERTE,OKAN ÇETİNBAŞ,CEMRE ÇEKAL,HAKAN DÖNMEZ,Gelişim Koleji Spor Salonu
5.03.2023,14:00,BBA1690,Playoff Eleme Turu,İSTANBUL BASKETBOL FENERİ,49 - 54,ÇERKEZKÖY BELEDİYESİ,,İSTANBUL,İTO Yakacık Spor Salonu | ,,BATUHAN MERT GÜL,ALİHAN CİVELEK,NAGEHAN ŞEYDA KURDEN AKTAŞ,FERHAT SUNA,NALAN TAGA,MUSTAFA GÖKMEN DEMİRAY,UFUK CAN SARI,EBRU ULUDOĞAN,İTO Yakacık Spor Salonu
5.03.2023,15:00,BBA1689,Playoff Eleme Turu,MOVAKIDS BANDIRMA BASKETBOL,44 - 67,BURHANİYE BELEDİYESPOR,,BALIKESİR,Bandırma Basketbol Spor Salonu | ,,MUSTAFA TOPALOĞLU,GÖZDE KAFADAR,SAMİ İREK,MAHMUT TAN,EYLEM KAYA,ERCAN ÇAVUŞOĞLU,GAMZE ATİLA,ESİN ÖZSÜRMELİ,Bandırma Basketbol Spor Salonu
6.03.2023,14:00,BBA1686,Playoff Eleme Turu,BEYKOZ GENÇLİK,69 - 60,KADIKÖY BASKETBOL,,İSTANBUL,Recep Şahin Köktürk Spor Salonu | ,,HALUK YAKIN,ÖMER KALAYDIN,ONUR AÇIKYÜZ,ÖMER KESKİN,NALAN TAGA,TOLGAY ÖZCAN,ÇAĞLAR SARIDEDE,MURAT GÜRKAN,Recep Şahin Köktürk Spor Salonu
11.03.2023,14:00,BBA1692,Playoff Eleme Turu,ZONGULDAK SPOR BASKET 67,96 - 51,MENEMEN BELEDİYESİ,,ZONGULDAK,Site Spor Salonu | ,,MELİKŞAH MERCAN,OSMAN CAN GÜNDOĞDU,ÇAĞRI TEMUR,UĞUR ERHAN DEDEŞAH,ESRA ŞAHİN,MÜZEYYEN UZUN,SELİN ÇAKAR,GÖKCEN DİK,Site Spor Salonu
11.03.2023,16:00,BBA1695,Playoff Eleme Turu,MERSİN ÜNİVERSİTESİ,20 - 0,55 ZORLU GENÇLİK,,MERSİN,Mersin Üniversitesi 2 nolu Spor Salonu | ,,MUSTAFA GÜRHAN SOYSAL,VEYSEL ASLAN,BETÜL YENİSU,,,,,,Mersin Üniversitesi 2 nolu Spor Salonu
11.03.2023,17:00,BBA1694,Playoff Eleme Turu,BURHANİYE BELEDİYESPOR,93 - 59,MOVAKIDS BANDIRMA BASKETBOL,,BALIKESİR,Burhaniye Spor Salonu | ,,MUSTAFA CANDEMİR TABAK,ALPER CAN BOZYEL,TEOMAN ALTAR AKIN,MERVE DOĞRU,GAMZE ATİLA,MUSA ÇALIŞKAN,ECEM BERBEROĞLU,ESİN ÖZSÜRMELİ,Burhaniye Spor Salonu
11.03.2023,18:00,BBA1693,Playoff Eleme Turu,ÇERKEZKÖY BELEDİYESİ,63 - 66,İSTANBUL BASKETBOL FENERİ,,TEKİRDAĞ,Çerkezköy Belediyesi 29 Ekim Spor Kompleksi | ,,HAVVA MİRHAN ATEŞER,MUSTAFA ÇELTİKER,FATİH ŞAFAK,YAŞAR TERZİOĞLU,DERYA GÖROĞLU,ATA UĞUR ÖNGEL,SERAP MAVİSU,MÜJDE ÖNGEL,Çerkezköy Belediyesi 29 Ekim Spor Kompleksi
12.03.2023,16:00,BBA1697,Playoff Eleme Turu,KASTAMONU İSTİKLAL YOLU,77 - 74,HDI SİGORTA BEŞAS SPOR,,KASTAMONU,Hüsnü Tandoğan Spor Salonu | ,,DERYA ÇELİK,FATİH OĞUZHAN,EMRE EFE CİHAN,SİBEL KANIK,ALİ İHSAN ATAŞ,İRFAN KÜTÜKOĞLU,ERCAN ÇİÇEK,METİN GÖKGÖZ,Hüsnü Tandoğan Spor Salonu
13.03.2023,14:00,BBA1696,Playoff Eleme Turu,KADIKÖY BASKETBOL,47 - 53,BEYKOZ GENÇLİK,,İSTANBUL,Caferağa Spor Salonu | ,Youtube / TBF TV,CANER BAHADIR,TARIK ARAZ,METİN ÜSTER,HALİL SERTDURAK,ALTAN CANDAN,EBRU ULUDOĞAN,GÜLTEKİN KABAŞ,FATMA GÖK,Caferağa Spor Salonu
18.11.2022,16:00,BBA1586,01. Hafta,İSTANBUL BASKETBOL FENERİ,80 - 55,KIRKLARELİ FEN BİLİMLERİ,A,İSTANBUL,İTO Yakacık Spor Salonu | ,,AHMET KÖSE,YUNUS EMRE ALICI,GÜNEY BİRLİK,BURHAN BAŞARAN,DİLAN SARIBULAK,EBRU ULUDOĞAN,MEHMET KAPALIGÖZ,MURAT GÜRKAN,İTO Yakacık Spor Salonu
19.11.2022,16:00,BBA1588,01. Hafta,KADIKÖY BASKETBOL,111 - 40,BURSA AYYILDIZ,B,İSTANBUL,Caferağa Spor Salonu | ,,SAMET ERDOĞAN,ESRA YILDIZ,İREM KORKMAZ,MUSTAFA TUNA ÖZKEPİR,BAYRAM KAŞ,GÖZDE BEGÜM AKÜZÜM,ARZU KÖRKEN,SERCAN DEMİRÖREN,Caferağa Spor Salonu
19.11.2022,16:00,BBA1594,01. Hafta,MERSİN ÜNİVERSİTESİ,46 - 39,DİYARBAKIR BASKETBOL,E,MERSİN,Mersin Üniversitesi 2 nolu Spor Salonu | ,,ERSEL BÜYÜKKARA,HAMZA ÇALIŞKAN,HASAN KORKMAZ,SERKAN SU,ZEKİYE EZER,LEVENT YORULMAZ,ABUZER BİLEN,SABAHİTTİN KAZAN,Mersin Üniversitesi 2 nolu Spor Salonu
19.11.2022,17:00,BBA1587,01. Hafta,EDİRNE DSİ SPOR,68 - 48,İSTANBUL ÜNİVERSİTESİ,A,EDİRNE,Edirne Mimar Sinan Spor Salonu | ,,BARIŞ ÖZTÜRK,MUSA ONUR SAVAŞ,EMRE EFE CİHAN,HAKAN ŞAHİN,BURAK TUNALI,ELİF ÖÇAL,KAMİLE MERVE AÇIKGÖZ,GAMZE ERSOY,Edirne Mimar Sinan Spor Salonu
19.11.2022,17:00,BBA1591,01. Hafta,BURHANİYE BELEDİYESPOR,76 - 40,İZMİR BÜYÜKŞEHİR BELEDİYESİ,C,BALIKESİR,Burhaniye Spor Salonu | ,,NUR AKÇA,ÜNAL GÜNDOĞDU,SENAY COŞKUN,MERVE DOĞRU,MUSA ÇALIŞKAN,IŞIL ÖZKAN,EYLEM KAYA,ESİN ÖZSÜRMELİ,Burhaniye Spor Salonu
20.11.2022,13:00,BBA1595,01. Hafta,VAN BÜYÜKŞEHİR BELEDİYE,62 - 52,MARDİN GENÇLERBİRLİĞİ,E,VAN,100. Yıl Üniversitesi Spor Salonu | ,,BUĞRA ÇAĞATAY SAVAŞ,HASAN KAMİL TAKINYALIOĞLU,BURAK ALKAN,FİLİZ ÖGET,ZEYNEP ÇİFTÇİ,AYTEKİN YUSUFOĞLU,EMİRCAN ATAY,,100. Yıl Üniversitesi Spor Salonu
20.11.2022,15:00,BBA1590,01. Hafta,MOVAKIDS BANDIRMA BASKETBOL,61 - 49,BODRUM KARYA,C,BALIKESİR,Bandırma Basketbol Spor Salonu | ,,GÖZDE KAFADAR,ÖMER KALAYDIN,ALPEREN BAŞER,MURAT KARTAL,ECEM BERBEROĞLU,MAHMUT DEMİR,GÜRBÜZ KOÇOĞLU,NESLİHAN ÇOBAN,Bandırma Basketbol Spor Salonu
20.11.2022,18:00,BBA1592,01. Hafta,BAŞKENT KARTALLARI,51 - 85,ZONGULDAK SPOR BASKET 67,D,ANKARA,Sinan Şamil Sam Spor Salonu | ,,MURAT GENÇ,ALİHAN CİVELEK,FATİH OĞUZHAN,OZAN ÜSTÜN,BURCU NUR KIVRAK,ATAKAN EFE DEVECİ,AHMET BUĞRAHAN TÜRKER,İSMAİL FULSER,Sinan Şamil Sam Spor Salonu
20.11.2022,18:00,BBA1593,01. Hafta,ASAŞ BASKETBOL,31 - 99,KASTAMONU İSTİKLAL YOLU,D,SAKARYA,Sakarya Atatürk Spor Salonu | ,,SALİH ARDA UNUL,BEYHAN ERBİLGİN,KUBİLAY SERDAR DURAN,BÜLENT TANESEN,ASLIHAN ONAR,ABDULLAH ŞEREMET,ALİ KAN,MESUT BORAZAN,Sakarya Atatürk Spor Salonu
20.11.2022,19:30,BBA1589,01. Hafta,BEYKOZ GENÇLİK,94 - 50,İSTANBUL PANTERLERİ,B,İSTANBUL,Recep Şahin Köktürk Spor Salonu | ,,HALUK YAKIN,HÜSEYİN SÖYLEMEZOĞLU,TARIK ARAZ,TUNAHAN  DEMİR,NAZLI TUZCUOĞLU,ESER FIRIL,DİLAN SARIBULAK,MURAT GÜRKAN,Recep Şahin Köktürk Spor Salonu
25.11.2022,14:00,BBA1601,02. Hafta,BODRUM KARYA,38 - 92,BURHANİYE BELEDİYESPOR,C,MUĞLA,Bodrum Binnaz Karakaya Spor Salonu | ,,YUSUF SARPER DAĞLI,TAYLAN KAYA,SERAY AK,SERMET AL,YÜKSEL BÜYÜKADA,İREM KARATAŞ,HASAN ERDİ COŞKUN,ORHAN SELÇUK,Bodrum Binnaz Karakaya Spor Salonu
26.11.2022,14:00,BBA1598,02. Hafta,HDI SİGORTA BEŞAS SPOR,59 - 68,KADIKÖY BASKETBOL,B,İSTANBUL,Caferağa Spor Salonu | ,,SÜLEYMAN EREN PEKDOĞAN,ALİ RIZA PİNAT,FURKAN ÇALIŞKAN,TAYFUN AY,BEGÜM SAVAŞ,BÜŞRA ERKAN,ŞÜKRÜ ALOĞLU,ESER FIRIL,Caferağa Spor Salonu
26.11.2022,14:00,BBA1603,02. Hafta,ZONGULDAK SPOR BASKET 67,101 - 31,ASAŞ BASKETBOL,D,ZONGULDAK,Site Spor Salonu | ,,GÖRKEM SÜZEN,OZAN GÜNDÜZ,BATUHAN BARUT,UĞUR ERHAN DEDEŞAH,SELİN ÇAKAR,MÜZEYYEN UZUN,ESRA ŞAHİN,GÖKCEN DİK,Site Spor Salonu
26.11.2022,15:00,BBA1604,02. Hafta,55 ZORLU GENÇLİK,45 - 69,MERSİN ÜNİVERSİTESİ,E,SAMSUN,Mustafa Dağıstanlı Spor Salonu | ,,DERYA ÇELİK,KAMİL TALHA OLGUN,SÜLEYMAN TEPE,CUMHUR ARSLAN,SONA YAVUZ,SALİH TOPAL,SEFER ZİNNUR YİRMİBEŞOĞLU,NETRET YİRMİBEŞOĞLU,Mustafa Dağıstanlı Spor Salonu
26.11.2022,16:00,BBA1605,02. Hafta,DİYARBAKIR BASKETBOL,67 - 40,VAN BÜYÜKŞEHİR BELEDİYE,E,DİYARBAKIR,Köşkler Spor Salonu  | ,,EREN KILINÇ,MUSTAFA GÜRHAN SOYSAL,SALİH DALMAN,NAMIK KEMAL ERGÜVEN,BAHTIŞEN GÜNEŞ,MEHMET KARAOZAN,CİHAT ÇETİN,ZEYNEP BOYLU,Köşkler Spor Salonu
26.11.2022,18:00,BBA1596,02. Hafta,ÇERKEZKÖY BELEDİYESİ,71 - 57,İSTANBUL BASKETBOL FENERİ,A,TEKİRDAĞ,Çerkezköy Belediyesi 29 Ekim Spor Kompleksi | ,,HAVVA MİRHAN ATEŞER,HASAN HÜSEYİN GÜRSES,BERKE NÜFER,FERHAT SUNA,AHMET ERSÖZ,FECRİYE GÜDER,UMUT PEKTAŞ,NAZMİYE ATAMAN,Çerkezköy Belediyesi 29 Ekim Spor Kompleksi
26.11.2022,18:00,BBA1602,02. Hafta,ÇAĞDAŞ KOLEJLİLER,29 - 60,BAŞKENT KARTALLARI,D,ESKİŞEHİR,Eskişehir Teknik (Anadolu) Üniversitesi Spor Salonu  | ,,KADİR GİRAY ESEN,İSMAİL BALPETEK,SAMİ İREK,YEŞER KARABULUT,ZEYNEP TAYSI,GİZEM AYDOĞDU,ALİ BİLGİÇ,FATİH TAYSI,Eskişehir Teknik (Anadolu) Üniversitesi Spor Salonu
27.11.2022,16:00,BBA1599,02. Hafta,BURSA AYYILDIZ,33 - 101,BEYKOZ GENÇLİK,B,BURSA,Yıldırım Şahin Başol Spor Kompleksi | ,,BURAK KAAN TAN,ALPER CAN BOZYEL,GÖKHAN EĞLENOĞLU,MACİT ZEREN,NEBİYE SALLANTI,ELİZ ŞEN,FATİH DURGUT,ŞAFAK IRMAK SARAÇOĞLU,Yıldırım Şahin Başol Spor Kompleksi
27.11.2022,17:00,BBA1600,02. Hafta,MENEMEN BELEDİYESİ,58 - 67,MOVAKIDS BANDIRMA BASKETBOL,C,İZMİR,Gelişim Koleji Spor Salonu | ,,NUR AKÇA,ÜNAL GÜNDOĞDU,NAGEHAN ŞEYDA KURDEN AKTAŞ,MEHMET AKİF KARAGÖZ,GİZEM ÖZAYDIN,SENEM ARIN KOCATÜRK,SİNEM YENİ,HAKAN DÖNMEZ,Gelişim Koleji Spor Salonu
27.11.2022,17:00,BBA1597,02. Hafta,KIRKLARELİ FEN BİLİMLERİ,81 - 76,EDİRNE DSİ SPOR,A,KIRKLARELİ,ATATÜRK | ,,ALPEREN BAŞER,CELAL GÖRMÜŞ,İREM GÖRDES,ENİS GÜREL,GÜLİZ ÖZALTAN DİLMEN,AYBİKE KURTULDU,FATMA SARI,EMİNE DİREKÇİ,ATATÜRK
2.12.2022,16:00,BBA1607,03. Hafta,İSTANBUL BASKETBOL FENERİ,59 - 52,EDİRNE DSİ SPOR,A,İSTANBUL,İTO Yakacık Spor Salonu | ,,GÖZDE KAFADAR,YUNUS EMRE ALICI,GÜNEY BİRLİK,CEM ATMACA,NAZLI TUZCUOĞLU,ECE DİKMENLİ,TOLGAY ÖZCAN,ŞÜKRÜ ALOĞLU,İTO Yakacık Spor Salonu
2.12.2022,16:00,BBA1615,03. Hafta,MERSİN ÜNİVERSİTESİ,72 - 48,VAN BÜYÜKŞEHİR BELEDİYE,E,MERSİN,Mersin Üniversitesi 2 nolu Spor Salonu | ,,ORÇUN AKGÜL,SALİH OCAKOĞLU,OSMAN YETİŞKİN,YALÇIN DEDE,FATMA ITIR ÖNCEL,BETÜL ÖZCAN,HÜSEYİN BİNİCİ,SABAHİTTİN KAZAN,Mersin Üniversitesi 2 nolu Spor Salonu
3.12.2022,14:00,BBA1608,03. Hafta,HDI SİGORTA BEŞAS SPOR,75 - 26,İSTANBUL PANTERLERİ,B,İSTANBUL,Caferağa Spor Salonu | ,,HASAN MESUT DEMİR,BEYHAN ERBİLGİN,TARIK ARAZ,HÜSEYİN OSMAN BÜYÜKGÖKSU,DİDEM ARPACI KARAGÖZ,DEMET ULUCUTSOY,MURAT GÜRKAN,SEHER KAZANÇ,Caferağa Spor Salonu
3.12.2022,15:00,BBA1614,03. Hafta,55 ZORLU GENÇLİK,61 - 52,MARDİN GENÇLERBİRLİĞİ,E,SAMSUN,Mustafa Dağıstanlı Spor Salonu | ,,FATİH ERDOĞAN,HÜSEYİN MERT ŞEKER,FATİH KURT,MEHMET SERDAR ÇÖZELİ,BUSE BEYZA ÖZÇELİK,ESRA BAYZAT,TUANA ATEŞ,SEFER ZİNNUR YİRMİBEŞOĞLU,Mustafa Dağıstanlı Spor Salonu
3.12.2022,18:00,BBA1612,03. Hafta,ÇAĞDAŞ KOLEJLİLER,44 - 89,KASTAMONU İSTİKLAL YOLU,D,ESKİŞEHİR,Eskişehir Teknik (Anadolu) Üniversitesi Spor Salonu  | ,,NUR AKÇA,MUSTAFA SELÇUK,ERKMEN KAYA,İHSAN KÜÇÜKAYCAN,SEDA TUNÇELLİ,YASEMİN SEL,AZİZCAN COŞGEL,EVREN ÖĞÜTVEREN,Eskişehir Teknik (Anadolu) Üniversitesi Spor Salonu
3.12.2022,18:00,BBA1606,03. Hafta,ÇERKEZKÖY BELEDİYESİ,87 - 40,İSTANBUL ÜNİVERSİTESİ,A,TEKİRDAĞ,Çerkezköy Belediyesi 29 Ekim Spor Kompleksi | ,,ALPER CAN BOZYEL,ENES DURAN,KUBİLAY SERDAR DURAN,YAŞAR TERZİOĞLU,AHMET ERSÖZ,FECRİYE GÜDER,GÜLCAN AYRIK,NAZMİYE ATAMAN,Çerkezköy Belediyesi 29 Ekim Spor Kompleksi
3.12.2022,19:30,BBA1609,03. Hafta,KADIKÖY BASKETBOL,66 - 53,BEYKOZ GENÇLİK,B,İSTANBUL,Caferağa Spor Salonu | ,,SAMET FIRAT SAVAŞ,ÖMER KALAYDIN,İREM GÖRDES,CAN MAHMUT ÇELEBİ,MURAT GÜRKAN,BÜŞRA ERKAN,EDA ELFİDAN,GÖZDE BEGÜM AKÜZÜM,Caferağa Spor Salonu
4.12.2022,15:00,BBA1611,03. Hafta,MOVAKIDS BANDIRMA BASKETBOL,45 - 59,BURHANİYE BELEDİYESPOR,C,BALIKESİR,Bandırma Basketbol Spor Salonu | ,,HÜSEYİN SÖYLEMEZOĞLU,SERAY AK,CELAL GÖRMÜŞ,İBRAHİM EMRE AYDEMİR,IŞIL ÖZKAN,MERT TELLİBAYRAKTAR,ERCAN ÇAVUŞOĞLU,METİN IŞIK,Bandırma Basketbol Spor Salonu
4.12.2022,17:00,BBA1610,03. Hafta,MENEMEN BELEDİYESİ,69 - 62,İZMİR BÜYÜKŞEHİR BELEDİYESİ,C,İZMİR,Gelişim Koleji Spor Salonu | ,,KADİR GİRAY ESEN,BURAK MERT DEMİRTAŞ,ÜNAL GÜNDOĞDU,BÜLENT GÖKÇE,CEMRE ÇEKAL,CANSU ÇOBAN,TANER ÇİFTÇİ,GÜLTEKİN DAĞDEVİREN,Gelişim Koleji Spor Salonu
4.12.2022,18:00,BBA1613,03. Hafta,BAŞKENT KARTALLARI,54 - 52,ASAŞ BASKETBOL,D,ANKARA,Sinan Şamil Sam Spor Salonu | ,,ALİHAN CİVELEK,KAMİL ALOK,ARTUN BAYRAKTAR,CANSIN BERK KÖSEOĞLU,SELDA UZUN,YUNUS KAHRAMAN,ANIL ENDER DURGUN,FATMA ÇELİK,Sinan Şamil Sam Spor Salonu
9.12.2022,14:00,BBA1621,04. Hafta,BODRUM KARYA,51 - 55,İZMİR BÜYÜKŞEHİR BELEDİYESİ,C,MUĞLA,Bodrum Binnaz Karakaya Spor Salonu | ,,BARIŞ BURAK DURMUŞ,SADETTİN BAYCAN,MEHMET KURTULUŞ SAVAŞ,EMRE BAŞA,YAŞAR TOPUZ,ORHAN SELÇUK,MEHMET CAN FİDAN,HASAN ERDİ COŞKUN,Bodrum Binnaz Karakaya Spor Salonu
10.12.2022,14:00,BBA1623,04. Hafta,ZONGULDAK SPOR BASKET 67,67 - 62,KASTAMONU İSTİKLAL YOLU,D,ZONGULDAK,Site Spor Salonu | ,,BATUHAN MERT GÜL,HASAN MESUT DEMİR,SALİH ACAR,GÖKHAN ÇAĞLIYAN,SELİN ÇAKAR,GÖKCEN DİK,ESRA ŞAHİN,MÜZEYYEN UZUN,Site Spor Salonu
10.12.2022,16:00,BBA1625,04. Hafta,DİYARBAKIR BASKETBOL,68 - 51,MARDİN GENÇLERBİRLİĞİ,E,DİYARBAKIR,Köşkler Spor Salonu  | ,,EREN KILINÇ,DEYER AKÇAY,HAMZA ÇALIŞKAN,SEDA ÇELİKYÜZ,HATIRA BALLI,MUSTAFA SOLAR,SARA AKKOYUN,SALİH KAY,Köşkler Spor Salonu
10.12.2022,17:00,BBA1616,04. Hafta,EDİRNE DSİ SPOR,58 - 77,ÇERKEZKÖY BELEDİYESİ,A,EDİRNE,Edirne Mimar Sinan Spor Salonu | ,,CANER BAHADIR,ONUR AÇIKYÜZ,BEŞİR FATİH TATLICI,HAKAN ŞAHİN,ELİF ÖÇAL,BURAK TUNALI,GAMZE GÜL,GAMZE ERSOY,Edirne Mimar Sinan Spor Salonu
10.12.2022,17:00,BBA1620,04. Hafta,BURHANİYE BELEDİYESPOR,92 - 51,MENEMEN BELEDİYESİ,C,BALIKESİR,Burhaniye Spor Salonu | ,,RECEP GÜRKAN ÖZKAN,METİN ÜSTER,MUSTAFA GÜRHAN SOYSAL,MERVE DOĞRU,ECEM BERBEROĞLU,OĞUZHAN YEŞİL,ALİ TARIMOĞLU,MUSA ÇALIŞKAN,Burhaniye Spor Salonu
11.12.2022,13:00,BBA1624,04. Hafta,VAN BÜYÜKŞEHİR BELEDİYE,55 - 62,55 ZORLU GENÇLİK,E,VAN,100. Yıl Üniversitesi Spor Salonu | ,,VEYSEL ASLAN,FATİH OĞUZHAN,ENES BAŞARAN ÖZTÜRK,GÖKHAN ZEKERİYA ARSLAN,EBRU TOKCAN,ZEYNEP ÇİFTÇİ,EMİRCAN ATAY,AYTEKİN YUSUFOĞLU,100. Yıl Üniversitesi Spor Salonu
11.12.2022,15:00,BBA1618,04. Hafta,BEYKOZ GENÇLİK,46 - 43,HDI SİGORTA BEŞAS SPOR,B,İSTANBUL,Recep Şahin Köktürk Spor Salonu | ,,SONER TÜRKER,BEYHAN ERBİLGİN,RAMAZAN YENİ,ERDEM BAŞAR,NALAN TAGA,ARZU KÖRKEN,BEGÜM SAVAŞ,RAMAZAN KOÇ,Recep Şahin Köktürk Spor Salonu
11.12.2022,16:00,BBA1619,04. Hafta,BURSA AYYILDIZ,65 - 63,İSTANBUL PANTERLERİ,B,BURSA,Yıldırım Şahin Başol Spor Kompleksi | ,,RAHMİ GÜNER,NURİ DİLMEN,BETÜL UNTUÇ,YEŞER KARABULUT,GÜLSEREN KAÇIR,TARIK KEMAL ÜNLÜ,SUELNUR ÇELİK,FATİH DURGUT,Yıldırım Şahin Başol Spor Kompleksi
11.12.2022,17:00,BBA1617,04. Hafta,KIRKLARELİ FEN BİLİMLERİ,95 - 58,İSTANBUL ÜNİVERSİTESİ,A,KIRKLARELİ,ATATÜRK | ,,ÜNAL GÜNDOĞDU,OZAN GÜNDÜZ,FATİH ŞAFAK,ENİS GÜREL,ERAY ÇOBAN,FATMA SARI,YAREN ERÇİN,GÜLİZ ÖZALTAN DİLMEN,ATATÜRK
25.12.2022,13:00,BBA1622,04. Hafta,ASAŞ BASKETBOL,35 - 47,ÇAĞDAŞ KOLEJLİLER,D,SAKARYA,Sakarya Atatürk Spor Salonu | ,,HALUK YAKIN,GÖRKEM SÜZEN,ALPEREN BAŞER,ZAFER ÖZGÜN,ASLIHAN ONAR,RIDVAN KÖSE,ÖMER SEYDAOĞULLARI,MESUT BORAZAN,Sakarya Atatürk Spor Salonu
17.12.2022,14:00,BBA1628,05. Hafta,HDI SİGORTA BEŞAS SPOR,90 - 37,BURSA AYYILDIZ,B,İSTANBUL,Caferağa Spor Salonu | ,,GÖZDE KAFADAR,EMİRHAN SERTOĞLU,RAMAZAN YENİ,ERSİN YILDIZ,NALAN TAGA,NİLAY YILMAZ,DİLAN SARIBULAK,TOLGAY ÖZCAN,Caferağa Spor Salonu
17.12.2022,15:00,BBA1630,05. Hafta,MENEMEN BELEDİYESİ,86 - 45,BODRUM KARYA,C,İZMİR,Gelişim Koleji Spor Salonu | ,,ÜNAL GÜNDOĞDU,İLKNUR ÖZER,OĞUZHAN GÜZEL,SİBEL SARIDAĞ,ELİF KALENDER,İLAYDA DİNÇEL,CEREN ARIKAN BAYKUŞ,MESUT KARABULUT,Gelişim Koleji Spor Salonu
17.12.2022,15:00,BBA1634,05. Hafta,55 ZORLU GENÇLİK,53 - 35,DİYARBAKIR BASKETBOL,E,SAMSUN,Mustafa Dağıstanlı Spor Salonu | ,,MUSTAFA SELÇUK,TAYLAN KAYA,ARMAN ATLI,RAHMAN CANGÜL,ESRA BAYZAT,SEFER ZİNNUR YİRMİBEŞOĞLU,ŞÜKRİYE NUR KIZIL,DAMLA GÖRKEM AKTEKİN,Mustafa Dağıstanlı Spor Salonu
17.12.2022,18:00,BBA1632,05. Hafta,ÇAĞDAŞ KOLEJLİLER,43 - 87,ZONGULDAK SPOR BASKET 67,D,ESKİŞEHİR,Eskişehir Teknik (Anadolu) Üniversitesi Spor Salonu  | ,,MUSTAFA TOPALOĞLU,OZAN GÜNDÜZ,IŞILAY ÇAPRAZ,SALTUK BUĞRA  ASLAN,FİLİZ ÇOPUROĞLU,BURCU USTAER,HÜLYA DEMİRSULAR,EVREN ÖĞÜTVEREN,Eskişehir Teknik (Anadolu) Üniversitesi Spor Salonu
17.12.2022,18:00,BBA1626,05. Hafta,ÇERKEZKÖY BELEDİYESİ,61 - 40,KIRKLARELİ FEN BİLİMLERİ,A,TEKİRDAĞ,Çerkezköy Belediyesi 29 Ekim Spor Kompleksi | ,,SERAY AK,RAHMİ GÜNER,ERAY BİRBEN,YAŞAR TERZİOĞLU,DERYA GÖROĞLU,MÜJDE ÖNGEL,SERAP MAVİSU,ATA UĞUR ÖNGEL,Çerkezköy Belediyesi 29 Ekim Spor Kompleksi
18.12.2022,14:00,BBA1631,05. Hafta,İZMİR BÜYÜKŞEHİR BELEDİYESİ,67 - 77,MOVAKIDS BANDIRMA BASKETBOL,C,İZMİR,Celal Atik Spor Salonu | ,,YUNUS EMRE ALICI,BARIŞ ÖZTÜRK,HAKKI ÜNVER,SEDEF ÜSTÜNER,SADIK ERGÜL,HALİL TEPEBAĞ,ALEYNA ÇETİN,MUSTAFA MESCİ,Celal Atik Spor Salonu
18.12.2022,16:00,BBA1633,05. Hafta,KASTAMONU İSTİKLAL YOLU,117 - 49,BAŞKENT KARTALLARI,D,KASTAMONU,Hüsnü Tandoğan Spor Salonu | ,,OSMAN CAN GÜNDOĞDU,HÜSEYİN SÖYLEMEZOĞLU,MİHRİBAN PEKER,SİBEL KANIK,ALİ İHSAN ATAŞ,METİN GÖKGÖZ,ERCAN ÇİÇEK,ŞENOL KARABALTAOĞLU,Hüsnü Tandoğan Spor Salonu
18.12.2022,16:30,BBA1635,05. Hafta,MARDİN GENÇLERBİRLİĞİ,51 - 85,MERSİN ÜNİVERSİTESİ,E,MARDİN,Artuklu Yeni Spor Salonu | ,,ERSEL BÜYÜKKARA,OSMAN YETİŞKİN,SALİH OCAKOĞLU,NAMIK KEMAL ERGÜVEN,HÜSEYİN IŞIK,MEHMET NEZİR DUNMAZ,MEHMET AKAN,ALİ İMRAN AĞILDAY,Artuklu Yeni Spor Salonu
18.12.2022,19:00,BBA1627,05. Hafta,İSTANBUL ÜNİVERSİTESİ,43 - 99,İSTANBUL BASKETBOL FENERİ,A,İSTANBUL,Şehit Mustafa Özel Spor Kompleksi | ,,ALİHAN CİVELEK,MEHMET SEÇKİN ÖZTÜRK,HASAN KORKMAZ,VOLKAN  KILIÇ,MERVE GÜLDAŞ,YUSUF YELESDAĞ,ONUR İLHAN,MURAT SEVGİL,Şehit Mustafa Özel Spor Kompleksi
19.12.2022,15:00,BBA1629,05. Hafta,İSTANBUL PANTERLERİ,39 - 81,KADIKÖY BASKETBOL,B,İSTANBUL,Caferağa Spor Salonu | ,,GÖRKEM SÜZEN,GÜNEY BİRLİK,SUHEYL İSMAİL HEKİM,FURKAN DEDE,ESER FIRIL,FATMA GÖK,EBRU ULUDOĞAN,ZEHRA AKAN,Caferağa Spor Salonu
6.01.2023,16:00,BBA1640,06. Hafta,BODRUM KARYA,48 - 82,MOVAKIDS BANDIRMA BASKETBOL,C,MUĞLA,Bodrum Spor Salonu | ,,GÖZDE KAFADAR,İSMAİL BALPETEK,İSMAİL BAYRAM,HATİCE DİLHUN SUKAN,MEHMET CAN FİDAN,ORHAN SELÇUK,HASAN ERDİ COŞKUN,İREM KARATAŞ,Bodrum Spor Salonu
7.01.2023,14:00,BBA1642,06. Hafta,ZONGULDAK SPOR BASKET 67,92 - 43,BAŞKENT KARTALLARI,D,ZONGULDAK,Site Spor Salonu | ,,KUBİLAY SERDAR DURAN,TAYFUN KARAKUM,MİHRİBAN PEKER,ZEKERİYA ŞAHAN,SENEM AYDIN,MÜZEYYEN UZUN,SELİN ÇAKAR,GÖKCEN DİK,Site Spor Salonu
7.01.2023,14:00,BBA1645,06. Hafta,MARDİN GENÇLERBİRLİĞİ,56 - 66,VAN BÜYÜKŞEHİR BELEDİYE,E,MARDİN,Artuklu Yeni Spor Salonu | ,,EREN KILINÇ,SALİH OCAKOĞLU,BETÜL YENİSU,NAMIK KEMAL ERGÜVEN,HÜSEYİN IŞIK,İBRAHİM BARIŞ ERDOLU,ALİ İMRAN AĞILDAY,GÜLAY DABAKOĞLU,Artuklu Yeni Spor Salonu
7.01.2023,16:00,BBA1644,06. Hafta,DİYARBAKIR BASKETBOL,59 - 60,MERSİN ÜNİVERSİTESİ,E,DİYARBAKIR,Köşkler Spor Salonu  | ,,HAMZA ÇALIŞKAN,MUSTAFA GÜRHAN SOYSAL,MEHMET AKÇADAĞ,SEDA ÇELİKYÜZ,HATIRA BALLI,SALİH KAY,BAHTIŞEN GÜNEŞ,MEHMET KARAOZAN,Köşkler Spor Salonu
8.01.2023,14:15,BBA1641,06. Hafta,İZMİR BÜYÜKŞEHİR BELEDİYESİ,61 - 75,BURHANİYE BELEDİYESPOR,C,İZMİR,Celal Atik Spor Salonu | ,,NAGEHAN ŞEYDA KURDEN AKTAŞ,BUSE NUR KAHYAOĞULLARI,HAMDİ KEREM ACUN,BORA HAZIR,RABİA SARITEPE,EMİNE KALKAN,MEHMET AKINCI,ÇAĞATAY KAMER VANLIOĞLU,Celal Atik Spor Salonu
8.01.2023,16:00,BBA1643,06. Hafta,KASTAMONU İSTİKLAL YOLU,94 - 54,ASAŞ BASKETBOL,D,KASTAMONU,Hüsnü Tandoğan Spor Salonu | ,,MUSTAFA SELÇUK,HASAN KORKMAZ,ARMAN ATLI,SİBEL KANIK,SEZER ÇALIŞGAN,İRFAN KÜTÜKOĞLU,CEM KAPUCUOĞLU,ŞENOL KARABALTAOĞLU,Hüsnü Tandoğan Spor Salonu
8.01.2023,16:00,BBA1637,06. Hafta,İSTANBUL ÜNİVERSİTESİ,47 - 70,EDİRNE DSİ SPOR,A,İSTANBUL,Şehit Mustafa Özel Spor Kompleksi | ,,KADİR GİRAY ESEN,RAHMİ GÜNER,İLKNUR ÖZER,TUNAHAN  DEMİR,VİLDAN ÇAKAL,BURHAN DEMİR,ONUR İLHAN,FATİH DEMİR,Şehit Mustafa Özel Spor Kompleksi
8.01.2023,16:00,BBA1638,06. Hafta,BURSA AYYILDIZ,51 - 97,KADIKÖY BASKETBOL,B,BURSA,Yıldırım Şahin Başol Spor Kompleksi | ,,SERAY AK,YUNUS EMRE YILDIZ,İREM ÖZDERE,MAHMUT TAN,AYPERİ SILA KIROĞLU,EMEL ÖZTÜRK,SABRİYE ERKAPLAN,ERAY BABAHANOĞLU,Yıldırım Şahin Başol Spor Kompleksi
8.01.2023,17:00,BBA1636,06. Hafta,KIRKLARELİ FEN BİLİMLERİ,68 - 79,İSTANBUL BASKETBOL FENERİ,A,KIRKLARELİ,ATATÜRK | ,,SEYHAN TOPALOĞLU,IŞILAY ÇAPRAZ,NİHAT FURKAN YÜZGEÇ,ENİS GÜREL,BETÜL ERDEM,AYBİKE KURTULDU,GÜLİZ ÖZALTAN DİLMEN,YAREN ERÇİN,ATATÜRK
9.01.2023,19:00,BBA1639,06. Hafta,İSTANBUL PANTERLERİ,16 - 69,BEYKOZ GENÇLİK,B,İSTANBUL,Caferağa Spor Salonu | ,,AHMET BASRİ YILDIZ,ÜNAL GÜNDOĞDU,EMİRHAN SERTOĞLU,ENES HİKMET ERMANER,FATMA GÖK,NİLAY YILMAZ,DİDEM ARPACI KARAGÖZ,GÜLTEKİN KABAŞ,Caferağa Spor Salonu
13.01.2023,14:00,BBA1649,07. Hafta,BEYKOZ GENÇLİK,67 - 47,BURSA AYYILDIZ,B,İSTANBUL,Recep Şahin Köktürk Spor Salonu | ,,GÖZDE KAFADAR,TAYFUN KARAKUM,ÇAĞRI TEMUR,BURHAN BAŞARAN,NALAN TAGA,TUĞBA DURNAOĞLU,NAZLI TUZCUOĞLU,ALTAN CANDAN,Recep Şahin Köktürk Spor Salonu
13.01.2023,16:00,BBA1654,07. Hafta,MERSİN ÜNİVERSİTESİ,70 - 55,55 ZORLU GENÇLİK,E,MERSİN,Mersin Üniversitesi 2 nolu Spor Salonu | ,,ALİ CAN YILMAZ,FURKAN ÜNLÜ,KAZIM KILIÇ,EMRE BÜLENT ÖĞRAŞ,GAMZE TURKAN,HÜSEYİN BİNİCİ,LEVENT YORULMAZ,ZİYA ERTAŞ,Mersin Üniversitesi 2 nolu Spor Salonu
13.01.2023,16:00,BBA1646,07. Hafta,İSTANBUL BASKETBOL FENERİ,45 - 57,ÇERKEZKÖY BELEDİYESİ,A,İSTANBUL,İTO Yakacık Spor Salonu | ,,SERAY AK,FATİH OĞUZHAN,FURKAN  SÖYLEMEZOĞLU,ÖZHAN ÖZDEMİR,AYSEL GÜNER,EBRU ULUDOĞAN,BUKET ÖZDEMİR,TİMUR TOPUZ,İTO Yakacık Spor Salonu
14.01.2023,16:00,BBA1648,07. Hafta,KADIKÖY BASKETBOL,57 - 68,HDI SİGORTA BEŞAS SPOR,B,İSTANBUL,Caferağa Spor Salonu | ,,BUĞRA ÇAĞATAY SAVAŞ,KUBİLAY SERDAR DURAN,ÖZKAN ALTINÖRS,TUNAHAN  DEMİR,DİDEM ARPACI KARAGÖZ,ZEHRA AKAN,SİNAN ERSOY,TUĞBA DURNAOĞLU,Caferağa Spor Salonu
14.01.2023,16:30,BBA1647,07. Hafta,EDİRNE DSİ SPOR,88 - 64,KIRKLARELİ FEN BİLİMLERİ,A,EDİRNE,Edirne Mimar Sinan Spor Salonu | ,,ALPER CAN BOZYEL,KADİR GİRAY ESEN,IŞILAY ÇAPRAZ,FERHAT SUNA,DENİZ AZAZ,BURAK TUNALI,NUR ZEYNEP GÜLAY,ELİF ÖÇAL,Edirne Mimar Sinan Spor Salonu
14.01.2023,17:00,BBA1651,07. Hafta,BURHANİYE BELEDİYESPOR,20 - 0,BODRUM KARYA,C,BALIKESİR,Burhaniye Spor Salonu | ,,BARIŞ BURAK DURMUŞ,İSMAİL BALPETEK,MELİK KAYA,MERVE DOĞRU,GAMZE ATİLA,MERT TELLİBAYRAKTAR,ERCAN ÇAVUŞOĞLU,HAKAN KÜLAHLI,Burhaniye Spor Salonu
15.01.2023,13:00,BBA1655,07. Hafta,VAN BÜYÜKŞEHİR BELEDİYE,59 - 53,DİYARBAKIR BASKETBOL,E,VAN,100. Yıl Üniversitesi Spor Salonu | ,,MUSTAFA GÜRHAN SOYSAL,OSMAN YETİŞKİN,BURAK ALKAN,CANSIN BERK KÖSEOĞLU,ZEYNEP ÇİFTÇİ,SAYİME YALÇIN,EMİRCAN ATAY,AYTEKİN YUSUFOĞLU,100. Yıl Üniversitesi Spor Salonu
15.01.2023,15:00,BBA1650,07. Hafta,MOVAKIDS BANDIRMA BASKETBOL,64 - 54,MENEMEN BELEDİYESİ,C,BALIKESİR,Bandırma Basketbol Spor Salonu | ,,OZAN GÜNDÜZ,YUNUS EMRE ALICI,İLKNUR ÖZER,RAMAZAN ÖYLEK,NESLİHAN ÇOBAN,NURAY KOÇ,ESRA ÖZDEMİR,EYLEM KAYA,Bandırma Basketbol Spor Salonu
15.01.2023,18:00,BBA1652,07. Hafta,BAŞKENT KARTALLARI,64 - 60,ÇAĞDAŞ KOLEJLİLER,D,ANKARA,Sinan Şamil Sam Spor Salonu | ,,SONER TÜRKER,İREM ÖZDERE,ERAY BİRBEN,ÖZCAN  KAŞKATEPE,UMUT AYBULUT,VOLKAN DARCAN,YENER SALMAN,FATİH DEMİRCİ,Sinan Şamil Sam Spor Salonu
15.01.2023,18:00,BBA1653,07. Hafta,ASAŞ BASKETBOL,19 - 95,ZONGULDAK SPOR BASKET 67,D,SAKARYA,Sakarya Atatürk Spor Salonu | ,,OSMAN CAN GÜNDOĞDU,TAYLAN KAYA,İREM GÖRDES,YEŞER KARABULUT,ASLIHAN ONAR,ABDULLAH ŞEREMET,ALİ KAN,MESUT BORAZAN,Sakarya Atatürk Spor Salonu
20.01.2023,14:00,BBA1658,08. Hafta,İSTANBUL PANTERLERİ,49 - 82,HDI SİGORTA BEŞAS SPOR,B,İSTANBUL,Caferağa Spor Salonu | ,,FURKAN  SÖYLEMEZOĞLU,BURAK ALKAN,İSMAİL BAYRAM,BEKİR GENÇAL,MERVE SERDAR,FATMA GÖK,EBRU ULUDOĞAN,ESER FIRIL,Caferağa Spor Salonu
21.01.2023,14:00,BBA1664,08. Hafta,MARDİN GENÇLERBİRLİĞİ,30 - 95,55 ZORLU GENÇLİK,E,MARDİN,Artuklu Yeni Spor Salonu | ,,HALUK YAKIN,ERSEL BÜYÜKKARA,OSMAN YETİŞKİN,BARIŞ KILIÇKAYA,NUR ŞAHİN KANTAŞ,ALİ İMRAN AĞILDAY,MEHMET AKAN,İBRAHİM BARIŞ ERDOLU,Artuklu Yeni Spor Salonu
21.01.2023,16:15,BBA1660,08. Hafta,İZMİR BÜYÜKŞEHİR BELEDİYESİ,57 - 77,MENEMEN BELEDİYESİ,C,İZMİR,Celal Atik Spor Salonu | ,,GÖKHAN EĞLENOĞLU,RAMAZAN YENİ,BUSE NUR KAHYAOĞULLARI,OKAN ÖZER,AYŞE SELCEN ÜŞENMEZ,SENEM ARIN KOCATÜRK,GÖKHAN YAZ,DİLEK KESGİN,Celal Atik Spor Salonu
21.01.2023,16:30,BBA1657,08. Hafta,EDİRNE DSİ SPOR,76 - 53,İSTANBUL BASKETBOL FENERİ,A,EDİRNE,Edirne Mimar Sinan Spor Salonu | ,,MUSTAFA TOPALOĞLU,İSMAİL BALPETEK,SENAY COŞKUN,ENİS GÜREL,DENİZ AZAZ,BURAK TUNALI,NUR ZEYNEP GÜLAY,GAMZE ERSOY,Edirne Mimar Sinan Spor Salonu
21.01.2023,17:00,BBA1661,08. Hafta,BURHANİYE BELEDİYESPOR,61 - 40,MOVAKIDS BANDIRMA BASKETBOL,C,BALIKESİR,Burhaniye Spor Salonu | ,,NAGEHAN ŞEYDA KURDEN AKTAŞ,ALPER CAN BOZYEL,İLKNUR ÖZER,MURAT KARTAL,EYLEM KAYA,NESLİHAN ÇOBAN,ECEM BERBEROĞLU,ESİN ÖZSÜRMELİ,Burhaniye Spor Salonu
22.01.2023,13:00,BBA1665,08. Hafta,VAN BÜYÜKŞEHİR BELEDİYE,47 - 61,MERSİN ÜNİVERSİTESİ,E,VAN,100. Yıl Üniversitesi Spor Salonu | ,,MAHSUN ALANKO,VEYSEL ASLAN,HASAN KORKMAZ,MÜBERRA ÖZTÜRK,EBRU TOKCAN,ZEYNEP ÇİFTÇİ,EMİRCAN ATAY,AYTEKİN YUSUFOĞLU,100. Yıl Üniversitesi Spor Salonu
22.01.2023,13:00,BBA1656,08. Hafta,İSTANBUL ÜNİVERSİTESİ,34 - 75,ÇERKEZKÖY BELEDİYESİ,A,İSTANBUL,Şehit Mustafa Özel Spor Kompleksi | ,,OSMAN CAN GÜNDOĞDU,HAMZA ÇALIŞKAN,IŞILAY ÇAPRAZ,DURSUN ÇAĞDAŞ AKALIN,TUNA TAŞ,YUSUF YELESDAĞ,FARUK RAMOĞLU,TUĞÇE KAYA,Şehit Mustafa Özel Spor Kompleksi
22.01.2023,16:00,BBA1662,08. Hafta,KASTAMONU İSTİKLAL YOLU,97 - 57,ÇAĞDAŞ KOLEJLİLER,D,KASTAMONU,Hüsnü Tandoğan Spor Salonu | ,,BURAK KAAN TAN,ÇAĞRI TEMUR,EMİRHAN SERTOĞLU,SİBEL KANIK,ZUHAL KESAYAK,METİN GÖKGÖZ,ALİ İHSAN ATAŞ,SEZER ÇALIŞGAN,Hüsnü Tandoğan Spor Salonu
22.01.2023,18:00,BBA1663,08. Hafta,ASAŞ BASKETBOL,45 - 84,BAŞKENT KARTALLARI,D,SAKARYA,Sakarya Atatürk Spor Salonu | ,,BARIŞ BURAK DURMUŞ,ÖMER KALAYDIN,BETÜL YENİSU,ARİF ÖZBAŞ,ASLIHAN ONAR,ÖMER SEYDAOĞULLARI,RIDVAN KÖSE,MESUT BORAZAN,Sakarya Atatürk Spor Salonu
22.01.2023,19:00,BBA1659,08. Hafta,BEYKOZ GENÇLİK,57 - 55,KADIKÖY BASKETBOL,B,İSTANBUL,Recep Şahin Köktürk Spor Salonu | ,,SEDEF YARICI,RAHMİ GÜNER,ERAY BİRBEN,HASAN VOLKAN  KARA,NAZLI TUZCUOĞLU,HALİL İBRAHİM ÖZBEK,MERVE SERDAR,EDA ELFİDAN,Recep Şahin Köktürk Spor Salonu
28.01.2023,14:00,BBA1668,09. Hafta,HDI SİGORTA BEŞAS SPOR,77 - 67,BEYKOZ GENÇLİK,B,İSTANBUL,Caferağa Spor Salonu | ,,ALPEREN BAŞER,BEYHAN ERBİLGİN,BEŞİR FATİH TATLICI,TAYFUN AY,HALİL İBRAHİM ÖZBEK,MUSTAFA GÖKMEN DEMİRAY,SERCAN DEMİRÖREN,ZEHRA AKAN,Caferağa Spor Salonu
28.01.2023,14:00,BBA1674,09. Hafta,55 ZORLU GENÇLİK,47 - 41,VAN BÜYÜKŞEHİR BELEDİYE,E,SAMSUN,Bahattin Ekinci - Tekkeköy Bld. Spor Salonu | ,,SONER TÜRKER,SALİH DALMAN,ZEKİ BAYRAM,BARIŞ ÖZİNAN,ESRA BAYZAT,MUSTAFA ALTINOK,NERGİS KAHRAMAN,OĞUZHAN KARAMAN,Bahattin Ekinci - Tekkeköy Bld. Spor Salonu
28.01.2023,14:00,BBA1675,09. Hafta,MARDİN GENÇLERBİRLİĞİ,38 - 88,DİYARBAKIR BASKETBOL,E,MARDİN,Artuklu Yeni Spor Salonu | ,,EREN KILINÇ,HASAN MESUT DEMİR,YUNUS ÖZTÜRK,NAMIK KEMAL ERGÜVEN,AHMET YILDIRIM,ÖZGÜR ERKEK,MEHMET AKAN,ALİ İMRAN AĞILDAY,Artuklu Yeni Spor Salonu
28.01.2023,16:00,BBA1672,09. Hafta,ÇAĞDAŞ KOLEJLİLER,42 - 46,ASAŞ BASKETBOL,D,ESKİŞEHİR,Eskişehir Teknik (Anadolu) Üniversitesi Spor Salonu  | ,,KAMİL TALHA OLGUN,YUNUS EMRE YILDIZ,KAAN BERK BALCIOĞLU,İHSAN KÜÇÜKAYCAN,SEDA TUNÇELLİ,YASEMİN SEL,MEHTAP BAKIŞ,FİLİZ ÇOPUROĞLU,Eskişehir Teknik (Anadolu) Üniversitesi Spor Salonu
28.01.2023,18:00,BBA1669,09. Hafta,İSTANBUL PANTERLERİ,58 - 62,BURSA AYYILDIZ,B,İSTANBUL,Caferağa Spor Salonu | ,,RAHMİ GÜNER,FATİH ŞAFAK,KAZIM KILIÇ,UĞUR TÜRKEL,ARZU KÖRKEN,FATMA GÖK,MURAT GÜRKAN,TUĞBA DURNAOĞLU,Caferağa Spor Salonu
28.01.2023,18:00,BBA1666,09. Hafta,ÇERKEZKÖY BELEDİYESİ,77 - 48,EDİRNE DSİ SPOR,A,TEKİRDAĞ,Çerkezköy Belediyesi 29 Ekim Spor Kompleksi | ,,SALİH ACAR,SADETTİN BAYCAN,ERAY BİRBEN,YAŞAR TERZİOĞLU,MERSİYE YALNIZ,HANDE DERİCİOĞLU,NASIF ÇELİK,FECRİYE GÜDER,Çerkezköy Belediyesi 29 Ekim Spor Kompleksi
29.01.2023,13:00,BBA1667,09. Hafta,İSTANBUL ÜNİVERSİTESİ,61 - 84,KIRKLARELİ FEN BİLİMLERİ,A,İSTANBUL,Şehit Mustafa Özel Spor Kompleksi | ,,UYGAR KURT,BURAK METE ÖZTÜRK,EMİRHAN SERTOĞLU,MUSTAFA AHİOĞLU,AYGÜN SEVGİL,TUĞBA AKYÜZ,ESİN MÜEZZİNOĞLU,MURAT SÜMER,Şehit Mustafa Özel Spor Kompleksi
29.01.2023,14:00,BBA1671,09. Hafta,İZMİR BÜYÜKŞEHİR BELEDİYESİ,80 - 46,BODRUM KARYA,C,İZMİR,Celal Atik Spor Salonu | ,,FATİH ERDOĞAN,OZAN İNCE,HAMDİ KEREM ACUN,DOĞAN HEPGÜVENDİK,ALEYNA ÇETİN,CEMRE ÇEKAL,ARZU AKINCI,ELİF KALENDER,Celal Atik Spor Salonu
29.01.2023,19:30,BBA1670,09. Hafta,MENEMEN BELEDİYESİ,65 - 80,BURHANİYE BELEDİYESPOR,C,İZMİR,Gelişim Koleji Spor Salonu | ,,ORÇUN AKGÜL,NURİ DİLMEN,İREM GÖRDES,MURAT MISIRLI,RABİA SARITEPE,BERRİN TURAN,CEM ÖZALP,CANSU ÇOBAN,Gelişim Koleji Spor Salonu
30.01.2023,18:00,BBA1673,09. Hafta,KASTAMONU İSTİKLAL YOLU,62 - 88,ZONGULDAK SPOR BASKET 67,D,KASTAMONU,Hüsnü Tandoğan Spor Salonu | ,,MELİKŞAH MERCAN,FURKAN  SÖYLEMEZOĞLU,ARMAN ATLI,ZEKERİYA ŞAHAN,ALİ İHSAN ATAŞ,İRFAN KÜTÜKOĞLU,CEM KAPUCUOĞLU,ŞENOL KARABALTAOĞLU,Hüsnü Tandoğan Spor Salonu
3.02.2023,15:00,BBA1680,10. Hafta,BODRUM KARYA,42 - 108,MENEMEN BELEDİYESİ,C,MUĞLA,Bodrum Spor Salonu | ,,HAKKI ÜNVER,İREM GÖRDES,HALİL ERÜSTÜNDAĞ,HATİCE DİLHUN SUKAN,MEHMET CAN FİDAN,DUYGU ÇİMEN,GÖNÜL ÖZÇELİK,ORHAN SELÇUK,Bodrum Spor Salonu
3.02.2023,16:00,BBA1685,10. Hafta,MERSİN ÜNİVERSİTESİ,86 - 57,MARDİN GENÇLERBİRLİĞİ,E,MERSİN,Mersin Üniversitesi 2 nolu Spor Salonu | ,,OSMAN YETİŞKİN,MEHMET AKÇADAĞ,OSMAN OZAN ÇALAP,YALÇIN DEDE,MELDA KÖKLÜER,HÜSEYİN BİNİCİ,BETÜL ÖZCAN,BERK MERT,Mersin Üniversitesi 2 nolu Spor Salonu
4.02.2023,14:00,BBA1682,10. Hafta,ZONGULDAK SPOR BASKET 67,20 - 0,ÇAĞDAŞ KOLEJLİLER,D,ZONGULDAK,Site Spor Salonu | ,,ARTUN BAYRAKTAR,BEDİRHAN ÇİÇEK,SUHEYL İSMAİL HEKİM,UĞUR ERHAN DEDEŞAH,SENEM AYDIN,MÜZEYYEN UZUN,SELİN ÇAKAR,GÖKCEN DİK,Site Spor Salonu
4.02.2023,14:00,BBA1681,10. Hafta,MOVAKIDS BANDIRMA BASKETBOL,83 - 62,İZMİR BÜYÜKŞEHİR BELEDİYESİ,C,BALIKESİR,Bandırma Basketbol Spor Salonu | ,,ATAKAN KAYMAK,İSMAİL BAYRAM,SENAY COŞKUN,HAKAN ŞAHİN,GAMZE ATİLA,IŞIL ÖZKAN,ECEM BERBEROĞLU,ESİN ÖZSÜRMELİ,Bandırma Basketbol Spor Salonu
4.02.2023,14:00,BBA1683,10. Hafta,BAŞKENT KARTALLARI,77 - 83,KASTAMONU İSTİKLAL YOLU,D,ANKARA,Sinan Şamil Sam Spor Salonu | ,,OSMAN CAN GÜNDOĞDU,SALİH OCAKOĞLU,İREM ÖZDERE,ÜMİT  ÇETİNKAYA,UMUT AYBULUT,ANIL ENDER DURGUN,AHMET BUĞRAHAN TÜRKER,SİNA KÜÇÜKDİLEK,Sinan Şamil Sam Spor Salonu
4.02.2023,14:00,BBA1676,10. Hafta,KIRKLARELİ FEN BİLİMLERİ,56 - 92,ÇERKEZKÖY BELEDİYESİ,A,KIRKLARELİ,ATATÜRK | ,,AHMET TAYLAN ÖZTÜRK,METİN ÜSTER,HASAN HÜSEYİN GÜRSES,ENİS GÜREL,GÜLİZ ÖZALTAN DİLMEN,AYDIN YILDIZ,AYBİKE KURTULDU,PINAR DEMİR,ATATÜRK
4.02.2023,14:00,BBA1677,10. Hafta,İSTANBUL BASKETBOL FENERİ,91 - 46,İSTANBUL ÜNİVERSİTESİ,A,İSTANBUL,İTO Yakacık Spor Salonu | ,,RECEP GÜRKAN ÖZKAN,RAHMİ GÜNER,İLKNUR ÖZER,FİRDEVS EBRU ONARAN,NURGÜL TOPAL ARDOĞAN,EBRU ULUDOĞAN,MERVE SERDAR,SİNAN ERSOY,İTO Yakacık Spor Salonu
4.02.2023,14:00,BBA1678,10. Hafta,BURSA AYYILDIZ,29 - 111,HDI SİGORTA BEŞAS SPOR,B,BURSA,Yıldırım Şahin Başol Spor Kompleksi | ,,NİHAT FURKAN YÜZGEÇ,RAMAZAN YENİ,MELİK KAYA,YEŞER KARABULUT,MELTEM UĞURLU,ERAY BABAHANOĞLU,MUHARREM KAYAL,FATİH DURGUT,Yıldırım Şahin Başol Spor Kompleksi
27.02.2023,13:00,BBA1679,10. Hafta,KADIKÖY BASKETBOL,116 - 46,İSTANBUL PANTERLERİ,B,İSTANBUL,Caferağa Spor Salonu | ,,HASAN MESUT DEMİR,BEŞİR FATİH TATLICI,ERAY BİRBEN,İSMAİL EVREN YÜZÜGÜZEL,DİLAN SARIBULAK,GÜLTEKİN KABAŞ,AYSEL GÜNER,TOLGAY ÖZCAN,Caferağa Spor Salonu
27.02.2023,13:00,BBA1684,10. Hafta,DİYARBAKIR BASKETBOL,0 - 20,55 ZORLU GENÇLİK,E,DİYARBAKIR,Köşkler Spor Salonu  | ,,,,,,,,,,Köşkler Spor Salonu
20.03.2023,12:30,BBA1698,Final Grubu,BURHANİYE BELEDİYESPOR,71 - 43,MERSİN ÜNİVERSİTESİ,Final Grubu,ÇANAKKALE,Anafartalar Spor Salonu | ,Youtube / TBF TV,SEDEF YARICI,FATİH ERDOĞAN,NAGEHAN ŞEYDA KURDEN AKTAŞ,GÜNAY YAYLI,KADRİYE SEVİLAY BAYRAM,CUMALİ ÖZLER,SEDA USTA,ZEYNEP YILDIRIM,Anafartalar Spor Salonu
20.03.2023,15:00,BBA1699,Final Grubu,HDI SİGORTA BEŞAS SPOR,72 - 75,ZONGULDAK SPOR BASKET 67,Final Grubu,ÇANAKKALE,Anafartalar Spor Salonu | ,Youtube / TBF TV,HAVVA MİRHAN ATEŞER,NİHAT KARA,KADİR GİRAY ESEN,HAKAN ŞAHİN,ZEYNEP YILDIRIM,KADRİYE SEVİLAY BAYRAM,CUMALİ ÖZLER,AHMET YILDIRIM,Anafartalar Spor Salonu
20.03.2023,17:30,BBA1700,Final Grubu,BEYKOZ GENÇLİK,41 - 73,ÇERKEZKÖY BELEDİYESİ,Final Grubu,ÇANAKKALE,Anafartalar Spor Salonu | ,Youtube / TBF TV,MUSTAFA CANDEMİR TABAK,MUSTAFA ÇELTİKER,BARIŞ BURAK DURMUŞ,MAHMUT TAN,BÜŞRANUR ÇELİKGÖZ,ZEYNEP YILDIRIM,KADRİYE KONCA,AHMET YILDIRIM,Anafartalar Spor Salonu
21.03.2023,12:30,BBA1701,Final Grubu,MERSİN ÜNİVERSİTESİ,53 - 83,HDI SİGORTA BEŞAS SPOR,Final Grubu,ÇANAKKALE,Anafartalar Spor Salonu | ,Youtube / TBF TV,MUSTAFA ÇELTİKER,MUSTAFA CANDEMİR TABAK,BARIŞ BURAK DURMUŞ,MAHMUT TAN,KADRİYE KONCA,KADRİYE SEVİLAY BAYRAM,ŞAHİN BAYSAL,CUMALİ ÖZLER,Anafartalar Spor Salonu
21.03.2023,15:00,BBA1702,Final Grubu,ÇERKEZKÖY BELEDİYESİ,65 - 62,BURHANİYE BELEDİYESPOR,Final Grubu,ÇANAKKALE,Anafartalar Spor Salonu | ,Youtube / TBF TV,NİHAT KARA,HAVVA MİRHAN ATEŞER,KADİR GİRAY ESEN,GÜNAY YAYLI,ZEYNEP YILDIRIM,AHMET YILDIRIM,SEDA USTA,KADRİYE SEVİLAY BAYRAM,Anafartalar Spor Salonu
21.03.2023,17:30,BBA1703,Final Grubu,ZONGULDAK SPOR BASKET 67,62 - 51,BEYKOZ GENÇLİK,Final Grubu,ÇANAKKALE,Anafartalar Spor Salonu | ,Youtube / TBF TV,FATİH ERDOĞAN,SEDEF YARICI,NAGEHAN ŞEYDA KURDEN AKTAŞ,MAHMUT TAN,İKBAL GÜMÜŞ,BÜŞRANUR ÇELİKGÖZ,KAMİL BERAT ÖZGÜN,AHMET YILDIRIM,Anafartalar Spor Salonu
22.03.2023,12:30,BBA1704,Final Grubu,HDI SİGORTA BEŞAS SPOR,61 - 65,ÇERKEZKÖY BELEDİYESİ,Final Grubu,ÇANAKKALE,Anafartalar Spor Salonu | ,Youtube / TBF TV,NAGEHAN ŞEYDA KURDEN AKTAŞ,SEDEF YARICI,FATİH ERDOĞAN,GÜNAY YAYLI,KADRİYE SEVİLAY BAYRAM,ZEYNEP YILDIRIM,ŞAHİN BAYSAL,AHMET YILDIRIM,Anafartalar Spor Salonu
22.03.2023,15:00,BBA1705,Final Grubu,BEYKOZ GENÇLİK,46 - 55,BURHANİYE BELEDİYESPOR,Final Grubu,ÇANAKKALE,Anafartalar Spor Salonu | ,Youtube / TBF TV,BARIŞ BURAK DURMUŞ,MUSTAFA CANDEMİR TABAK,KADİR GİRAY ESEN,MAHMUT TAN,ZEYNEP YILDIRIM,KADRİYE SEVİLAY BAYRAM,İKBAL GÜMÜŞ,CUMALİ ÖZLER,Anafartalar Spor Salonu
22.03.2023,17:30,BBA1706,Final Grubu,ZONGULDAK SPOR BASKET 67,85 - 24,MERSİN ÜNİVERSİTESİ,Final Grubu,ÇANAKKALE,Anafartalar Spor Salonu | ,Youtube / TBF TV,HAVVA MİRHAN ATEŞER,NİHAT KARA,MUSTAFA ÇELTİKER,GÜNAY YAYLI,CUMALİ ÖZLER,BÜŞRANUR ÇELİKGÖZ,KAMİL BERAT ÖZGÜN,AHMET YILDIRIM,Anafartalar Spor Salonu
24.03.2023,12:30,BBA1707,Final Grubu,BURHANİYE BELEDİYESPOR,52 - 79,ZONGULDAK SPOR BASKET 67,Final Grubu,ÇANAKKALE,Anafartalar Spor Salonu | ,Youtube / TBF TV,MUSTAFA CANDEMİR TABAK,NİHAT KARA,BARIŞ BURAK DURMUŞ,EBRU ÖZTAŞKIRAN,ZEYNEP YILDIRIM,BÜŞRANUR ÇELİKGÖZ,SEDA USTA,AHMET YILDIRIM,Anafartalar Spor Salonu
24.03.2023,15:00,BBA1708,Final Grubu,BEYKOZ GENÇLİK,55 - 58,HDI SİGORTA BEŞAS SPOR,Final Grubu,ÇANAKKALE,Anafartalar Spor Salonu | ,Youtube / TBF TV,KADİR GİRAY ESEN,MUSTAFA ÇELTİKER,NAGEHAN ŞEYDA KURDEN AKTAŞ,HAKAN ŞAHİN,KADRİYE SEVİLAY BAYRAM,CUMALİ ÖZLER,İKBAL GÜMÜŞ,ZEYNEP YILDIRIM,Anafartalar Spor Salonu
24.03.2023,17:30,BBA1709,Final Grubu,ÇERKEZKÖY BELEDİYESİ,61 - 39,MERSİN ÜNİVERSİTESİ,Final Grubu,ÇANAKKALE,Anafartalar Spor Salonu | ,Youtube / TBF TV,HAVVA MİRHAN ATEŞER,SEDEF YARICI,FATİH ERDOĞAN,EBRU ÖZTAŞKIRAN,ŞAHİN BAYSAL,BÜŞRANUR ÇELİKGÖZ,KADRİYE KONCA,CUMALİ ÖZLER,Anafartalar Spor Salonu
25.03.2023,12:00,BBA1710,Final Grubu,HDI SİGORTA BEŞAS SPOR,56 - 64,BURHANİYE BELEDİYESPOR,Final Grubu,ÇANAKKALE,Anafartalar Spor Salonu | ,Youtube / TBF TV,MUSTAFA ÇELTİKER,MUSTAFA CANDEMİR TABAK,NİHAT KARA,HAKAN ŞAHİN,KADRİYE SEVİLAY BAYRAM,AHMET YILDIRIM,BÜŞRANUR ÇELİKGÖZ,ZEYNEP YILDIRIM,Anafartalar Spor Salonu
25.03.2023,14:30,BBA1711,Final Grubu,MERSİN ÜNİVERSİTESİ,58 - 61,BEYKOZ GENÇLİK,Final Grubu,ÇANAKKALE,Anafartalar Spor Salonu | ,Youtube / TBF TV,BARIŞ BURAK DURMUŞ,FATİH ERDOĞAN,KADİR GİRAY ESEN,EBRU ÖZTAŞKIRAN,İKBAL GÜMÜŞ,KADRİYE SEVİLAY BAYRAM,KADRİYE KONCA,CUMALİ ÖZLER,Anafartalar Spor Salonu
25.03.2023,17:00,BBA1712,Final Grubu,ZONGULDAK SPOR BASKET 67,66 - 67,ÇERKEZKÖY BELEDİYESİ,Final Grubu,ÇANAKKALE,Anafartalar Spor Salonu | ,Youtube / TBF TV,HAVVA MİRHAN ATEŞER,SEDEF YARICI,NAGEHAN ŞEYDA KURDEN AKTAŞ,HAKAN ŞAHİN,ZEYNEP YILDIRIM,BÜŞRANUR ÇELİKGÖZ,CUMALİ ÖZLER,AHMET YILDIRIM,Anafartalar Spor Salonu
