{
  "league_acronym": "kbbl",
  "league_name": "Kadınlar Bölgesel Basketbol Ligi",
  "gender": "Kadın",
  "season": "2024-2025",
  "sponsor": "",
  "scraped_at": "2025-06-23T00:28:12.633000",
  "rows": 162,
  "columns": 20,
  "column_names": [
    "Tarih",
    "Saat",
    "Maç No",
    "Hafta",
    "A Takım",
    "Sonuç",
    "B Takım",
    "Grubu",
    "Şehir",
    "Salon",
    "TV",
    "Baş Hakem",
    "1. Yrd. Hakem",
    "2. Yrd. Hakem",
    "Temsilci",
    "1. Masa G.",
    "2. Masa G.",
    "3. Masa G.",
    "4. Masa G.",
    "Salon.1"
  ],
  "excel_file": "kbbl_Kadın_2024-2025.xlsx",
  "csv_file": "kbbl_Kadın_2024-2025.csv"
}