Tarih,Saat,Maç No,Hafta,A Takım,Sonuç,B Takım,Grubu,Şehir,Salon,TV,Baş Hakem,1. Yrd. Hakem,2. Yrd. Hakem,Temsilci,1. Masa G.,2. Masa G.,3. Masa G.,4. Masa G.,Salon.1
15.11.2024,17:00,BBA2,01. Hafta,TED ANKARA KOLEJLİLER,61 - 57,MERSİN GENÇLERBİRLİĞİ,D,ANKARA,TED Üniversitesi Prof. Dr. Rüştü Yüce S.S. | ,,BETÜL UNTUÇ,ENES BAŞARAN ÖZTÜRK,BETÜL ERKAN,SADIK ÖZTÜRK,BERNA EKBİÇ,NİHAN ÜNSAL,HASAN BAŞKURT,ANIL ENDER DURGUN,TED Üniversitesi Prof. Dr. Rüştü Yüce S.S.
15.11.2024,17:00,BBA3,01. Hafta,İSTANBUL BASKETBOL FENERİ,60 - 61,MAGDEBURGER  SİGORTA BEŞAS,B,İSTANBUL,İTO Yakacık Spor Salonu | ,,METİN SARIOĞLU,METİN ÜSTER,FURKAN  SÖYLEMEZOĞLU,BURHAN BAŞARAN,MEHMET ALİ ATAY,TİMUR TOPUZ,HAKAN KARAGÖZ,İLYAS KURTULUŞ,İTO Yakacık Spor Salonu
15.11.2024,19:00,BBA4,01. Hafta,ESKİŞEHİR ÇAĞDAŞ KOLEJLİLER,56 - 64,BKM GLOBAL HACETTEPE AKADEMİ,C,ESKİŞEHİR,Özel Çağdaş Okulları Spor Salonu | ,,ALPER OĞUZCAN CİRİT,BEKİR BOZKURT,KEREM EKE,ATİF AL,ZEYNEP TAYSI,BURCU USTAER,GÜNAY ÖĞÜTVEREN,FATİH TAYSI,Özel Çağdaş Okulları Spor Salonu
16.11.2024,14:00,BBA5,01. Hafta,EVOLOG DAÇKA ŞERİFALİ,69 - 32,KEMALPAŞA BASKETBOL,B,İSTANBUL,Maltepe Müzahir Sille Spor Salonu | ,,FATİH ŞAFAK,İBRAHİM DENİZ,MEHMET HAKAN ALATAŞ,TUĞBA YURTSEVEN,NAZLI TUZCUOĞLU,SİNAN ERSOY,MURAT SONER DURADEMİR,EBRU ULUDOĞAN,Maltepe Müzahir Sille Spor Salonu
16.11.2024,15:00,BBA6,01. Hafta,KASTAMONU İSTİKLAL YOLU,78 - 61,BAŞKENT ATLETİK,C,KASTAMONU,Hüsnü Tandoğan Spor Salonu | ,,OSMAN CAN GÜNDOĞDU,TAYFUN KARAKUM,TARIK ENES BAŞ,SİBEL KANIK,SENA AYVADOĞLU,METİN GÖKGÖZ,ERCAN ÇİÇEK,SEZER ÇALIŞGAN,Hüsnü Tandoğan Spor Salonu
16.11.2024,15:00,BBA12,01. Hafta,CEYHAN BELEDİYE BASKETBOL AKADEMİ,85 - 39,KEPEZ BELEDİYE,D,ADANA,Ceyhan Spor Salonu | ,,HAMZA ÇALIŞKAN,HASAN KORKMAZ,HAKAN MENNAN,DENİZ ÖNER,ALİ DUVARCI,CİHAT YILMAZ,MEHMET MURAT KÖMÜRHANLI,MAHMUT SEYHAN ESER,Ceyhan Spor Salonu
16.11.2024,16:00,BBA7,01. Hafta,İZMİT ZİRVE,49 - 66,UNIGEN DÜZCE ATLETİK,B,KOCAELİ,Kocaeli Atatürk Spor Salonu | ,,YAVUZHAN KÜRŞAT AYDIN,KÜRŞAT DENİZ,ALİ KAAN USLU,UĞUR ERHAN DEDEŞAH,NURAY KURAR,ERDEM ERGÜN,YILDIZ BUĞDACI,SUDENUR DUMAN,Kocaeli Atatürk Spor Salonu
17.11.2024,14:00,BBA8,01. Hafta,İZMİR BÜYÜKŞEHİR BELEDİYESİ,51 - 38,KADIKÖY BASKETBOL,A,İZMİR,Celal Atik Spor Salonu | ,,IŞILAY ÇAPRAZ,SEDAT ERKOL,OSMAN OZAN ÇALAP,TOLGA  AKSULAR,YEŞİM KOÇ,HALİDE KAYA,ESMA UNTUÇ,ELİF KALENDER,Celal Atik Spor Salonu
17.11.2024,16:00,BBA9,01. Hafta,ŞERİFE BACI 37,77 - 71,SAMSUN ZORLU KOLEJİ,C,KASTAMONU,Kastamonu Atatürk Spor Salonu | ,,HAKAN ÇETİN,NAMİ SUNAY SOYDAN,ANIL YEŞİLDAĞ,ZEKERİYA ŞAHAN,SUDENUR KÖZ,İRFAN KÜTÜKOĞLU,ALİ İHSAN ATAŞ,ŞENOL KARABALTAOĞLU,Kastamonu Atatürk Spor Salonu
18.11.2024,15:00,BBA10,01. Hafta,ROMATEM BURSA ULUDAĞ BASKETBOL GELİŞİM,68 - 51,GÜNGÖREN BELEDİYESİ,A,BURSA,Yıldırım Şahin Başol Spor Kompleksi | ,,MELİH EREN,MELİH BAĞLAR,UTKU SARI,MAHMUT TAN,MELTEM UĞURLU,SEVDA USTA,AHMET CAN ŞAPÇI,ESRA AL,Yıldırım Şahin Başol Spor Kompleksi
18.11.2024,18:00,BBA11,01. Hafta,İSTANBUL GENÇLİK SPOR,47 - 76,İSTANBUL ÜNİVERSİTESİ,A,İSTANBUL,Caferağa Spor Salonu | ,,ALPEREN BAŞER,BORA ÇEVİK,ATA GÜRAKAN,NAİM ÖZYEŞİLPINAR,NALAN TAGA,SERHAT LEVENT,MEHMET KAPALIGÖZ,ALTAN CANDAN,Caferağa Spor Salonu
22.11.2024,15:00,BBA13,02. Hafta,İSTANBUL ÜNİVERSİTESİ,64 - 54,İZMİR BÜYÜKŞEHİR BELEDİYESİ,A,İSTANBUL,Bahçelievler Engelliler Spor Salonu | ,,İREM KORKMAZ,FATİH OĞUZHAN,HASAN ENES AYAZ,ENES HİKMET ERMANER,NAZLI YENER,MEHMET KAPUCU,ÖZLEM TUNA,YEŞİM AKAN,Bahçelievler Engelliler Spor Salonu
23.11.2024,16:00,BBA14,02. Hafta,KEPEZ BELEDİYE,53 - 68,TED ANKARA KOLEJLİLER,D,ANTALYA,Kepez Turgut Özal Spor Salonu | ,,GÖZDE KAFADAR,OSMAN YETİŞKİN,BERK BÜKE,HÜSEYİN MERT  ÇİVİ,ERKAN BÜDÜN,NESLİHAN SÜTLÜ,EMRE KAYA,NASUH ÜZER,Kepez Turgut Özal Spor Salonu
23.11.2024,16:00,BBA15,02. Hafta,SAMSUN ZORLU KOLEJİ,58 - 35,ESKİŞEHİR ÇAĞDAŞ KOLEJLİLER,C,SAMSUN,Mustafa Dağıstanlı Spor Salonu | ,,FURKAN  SÖYLEMEZOĞLU,YASEMİN KUNDAKÇI,ZEKİ BAYRAM,SEMİH KAYA,MELİSE MERCAN,SEDA ÖZDEMİR,BATUHAN BERK DEMİR,SEFER ZİNNUR YİRMİBEŞOĞLU,Mustafa Dağıstanlı Spor Salonu
23.11.2024,16:30,BBA16,02. Hafta,ANTALYA BÜYÜKŞEHİR BELEDİYESİ,55 - 62,CEYHAN BELEDİYE BASKETBOL AKADEMİ,D,ANTALYA,Antalya Büyükşehir Belediyesi 100. Yıl Sedir Spor Salonu | ,,ANASTASIIA USOVA,BEKİR BOZKURT,ADA ATLAYAN,CELİL YOLDAN,DERYA YILDIZ,KORAY ASAL,KÜBRA ÇEVİK,VOLKAN YILDIZ,Antalya Büyükşehir Belediyesi 100. Yıl Sedir Spor Salonu
23.11.2024,17:00,BBA17,02. Hafta,GÜNGÖREN BELEDİYESİ,66 - 68,İSTANBUL GENÇLİK SPOR,A,İSTANBUL,Güngören Spor Kompleksi | ,,HALUK YAKIN,ONUR AÇIKYÜZ,İREM GÖRDES,NURSEL İSLAM,TUNA TAŞ,MERT İĞDELİ,PINAR ŞAHİN,BURHAN DEMİR,Güngören Spor Kompleksi
23.11.2024,18:00,BBA18,02. Hafta,KEMALPAŞA BASKETBOL,45 - 69,İZMİT ZİRVE,B,İZMİR,Kemalpaşa Kapalı Spor Salonu | ,,SÜLEYMAN EREN PEKDOĞAN,SALİH ARDA UNUL,HÜSEYİN MERİÇ ÇAKIR,CANSU DİNDAR,ERKAN TURAN,ALİ DEVECİ,SÜLEYMAN BARTU GÜL,MEHMET AKINCI,Kemalpaşa Kapalı Spor Salonu
24.11.2024,14:00,BBA19,02. Hafta,MAGDEBURGER  SİGORTA BEŞAS,61 - 53,EVOLOG DAÇKA ŞERİFALİ,B,İSTANBUL,Caferağa Spor Salonu | ,,BEYHAN ERBİLGİN,HÜSEYİN SÖYLEMEZOĞLU,TAYFUN KARAKUM,BURAK KARAMUSTAFAOĞLU,PINAR PAR MAT,TUĞBA DURNAOĞLU,BEGÜM SAVAŞ,SİNAN ERSOY,Caferağa Spor Salonu
24.11.2024,16:00,BBA20,02. Hafta,UNIGEN DÜZCE ATLETİK,69 - 45,İSTANBUL BASKETBOL FENERİ,B,DÜZCE,Bahçeşehir Merkez Spor Kompleksi | ,,SEÇKİN ŞENTÜRK,SERKAN İPEK,ARMAN ATLI,GÖKHAN ÇAĞLIYAN,ONUR OROÇ,EMRE ARSLAN,GÜLNİHAL ERDEM,EGEMEN ERGÜN,Bahçeşehir Merkez Spor Kompleksi
24.11.2024,16:00,BBA21,02. Hafta,BKM GLOBAL HACETTEPE AKADEMİ,50 - 77,KASTAMONU İSTİKLAL YOLU,C,ANKARA,Ankara Spor Salonu (Küçük) | ,,HAKAN ÇETİN,MAHİR ÇITAK,KÜBRA GÜMÜŞ,Öner Özcan,AYŞE BETÜL AŞKIN,SİNA KÜÇÜKDİLEK,EROL TUNCEL,YUNUS KAHRAMAN,Ankara Spor Salonu (Küçük)
24.11.2024,18:00,BBA22,02. Hafta,KADIKÖY BASKETBOL,40 - 76,ROMATEM BURSA ULUDAĞ BASKETBOL GELİŞİM,A,İSTANBUL,Caferağa Spor Salonu | ,,DERYA ÇELİK,ÇAĞRI TEMUR,EMİRHAN SERTOĞLU,BURAK KARAMUSTAFAOĞLU,MURAT GÜRKAN,SEHER KAZANÇ,DUYGU USTAOĞLU,MELİSSA BAŞA,Caferağa Spor Salonu
24.11.2024,19:30,BBA23,02. Hafta,BAŞKENT ATLETİK,64 - 71,ŞERİFE BACI 37,C,ANKARA,Sinan Şamil Sam Spor Salonu | ,,SAMET TEKİN,MEHMET KURTULUŞ SAVAŞ,İSMAİL BAYRAM,HATİCE FAZLIOĞLU ERKAN,SERKAN DOĞRUTÜRK,SİBEL FAZLIOĞLU,SÜLEYMAN YALÇIN TORUNOĞLU,VOLKAN DARCAN,Sinan Şamil Sam Spor Salonu
29.11.2024,17:00,BBA24,03. Hafta,ROMATEM BURSA ULUDAĞ BASKETBOL GELİŞİM,65 - 38,İSTANBUL GENÇLİK SPOR,A,BURSA,Yıldırım Şahin Başol Spor Kompleksi | ,,FATİH ERDOĞAN,TEOMAN ALTAR AKIN,İSMAİL BAYRAM,HASAN ÇINAR,TUĞBA ÖZMEN,SUELNUR ÇELİK,AHMET CAN ŞAPÇI,ESRA AL,Yıldırım Şahin Başol Spor Kompleksi
29.11.2024,18:00,BBA29,03. Hafta,KASTAMONU İSTİKLAL YOLU,71 - 42,ŞERİFE BACI 37,C,KASTAMONU,Hüsnü Tandoğan Spor Salonu | ,,HALUK YAKIN,ZEKİ BAYRAM,HÜSEYİN MERİÇ ÇAKIR,RAHMAN CANGÜL,ZUHAL KESAYAK,İRFAN KÜTÜKOĞLU,ALİ İHSAN ATAŞ,SEZER ÇALIŞGAN,Hüsnü Tandoğan Spor Salonu
29.11.2024,19:00,BBA25,03. Hafta,İSTANBUL BASKETBOL FENERİ,70 - 46,KEMALPAŞA BASKETBOL,B,İSTANBUL,İTO Yakacık Spor Salonu | ,,ÇAĞRI TEMUR,TAHİR EROĞLU,MEHMET HAKAN ALATAŞ,BEKİR GENÇAL,GİZEM NUR EVLİ,EBRU ULUDOĞAN,ŞÜKRÜ ALOĞLU,DİDEM ARPACI KARAGÖZ,İTO Yakacık Spor Salonu
29.11.2024,19:00,BBA26,03. Hafta,ESKİŞEHİR ÇAĞDAŞ KOLEJLİLER,76 - 67,BAŞKENT ATLETİK,C,ESKİŞEHİR,Özel Çağdaş Okulları Spor Salonu | ,,SONER ÖZAYDOĞAN,MERT ENVER GERMEN,ALİ KAAN USLU,EREN KÜÇÜKSOLAKOĞLU,DUYGU YILDIZ HANLI,OKTAY TAŞ,MEHTAP BAKIŞ,FİLİZ ÇOPUROĞLU,Özel Çağdaş Okulları Spor Salonu
30.11.2024,14:00,BBA27,03. Hafta,EVOLOG DAÇKA ŞERİFALİ,95 - 46,İZMİT ZİRVE,B,İSTANBUL,Maltepe Müzahir Sille Spor Salonu | ,,ERHAN ERDOĞAN,İLAYDA SEZAN,ANIL YEŞİLDAĞ,ALİGÜRHAN UZUNAY,NURGÜL TOPAL ARDOĞAN,BEKİR BAHÇE,MEHMET KAPALIGÖZ,MURAT GÜRKAN,Maltepe Müzahir Sille Spor Salonu
30.11.2024,14:00,BBA28,03. Hafta,CEYHAN BELEDİYE BASKETBOL AKADEMİ,68 - 67,TED ANKARA KOLEJLİLER,D,ADANA,Ceyhan Spor Salonu | ,,HİKMET FEN,OSMAN KINCAL,MEHMET NEZİR DUNMAZ,MUSTAFA KEMAL ERSÖZ,CANSU DİKİLİTAŞ,CUMALİ BEKTAŞ,BUKET ÖĞÜT,MEHMET MURAT KÖMÜRHANLI,Ceyhan Spor Salonu
30.11.2024,16:30,BBA31,03. Hafta,KADIKÖY BASKETBOL,35 - 66,İSTANBUL ÜNİVERSİTESİ,A,İSTANBUL,Caferağa Spor Salonu | ,,UYGAR KURT,HÜSEYİN SÖYLEMEZOĞLU,YASİN ALKAN,SEMAHATTİN YILDIZ,NALAN TAGA,ESER FIRIL,DEMET ULUCUTSOY,TUĞBA DURNAOĞLU,Caferağa Spor Salonu
1.12.2024,14:00,BBA33,03. Hafta,İZMİR BÜYÜKŞEHİR BELEDİYESİ,67 - 79,GÜNGÖREN BELEDİYESİ,A,İZMİR,Celal Atik Spor Salonu | ,,SERHAT DÜLGER,BURAK MERT DEMİRTAŞ,ALMİR CEM SINACI,MURAT MISIRLI,ERSOY TURAN,EMİNE KALKAN,HAKAN DÖNMEZ,HALİDE KAYA,Celal Atik Spor Salonu
1.12.2024,14:00,BBA34,03. Hafta,MAGDEBURGER  SİGORTA BEŞAS,45 - 46,UNIGEN DÜZCE ATLETİK,B,İSTANBUL,Caferağa Spor Salonu | ,,SALİH ACAR,HAKAN ÇETİN,HÜSEYİN MERT ŞEKER,VOLKAN  KILIÇ,BURAK DEMİREL,ALTAN CANDAN,ZEHRA AKAN,ESER FIRIL,Caferağa Spor Salonu
1.12.2024,17:30,BBA32,03. Hafta,BKM GLOBAL HACETTEPE AKADEMİ,76 - 67,SAMSUN ZORLU KOLEJİ,C,ANKARA,Ankara Spor Salonu (Küçük) | ,,AYGÜN AKGÜL,NUR AKÇA,HALİL İBRAHİM CANTÜRK,MEHMET AKİF BALTACI,YASEMİN YILDIRIM,SİBEL FAZLIOĞLU,EROL TUNCEL,FEVZİ CAN ÜRESİN,Ankara Spor Salonu (Küçük)
2.12.2024,16:30,BBA30,03. Hafta,ANTALYA BÜYÜKŞEHİR BELEDİYESİ,39 - 53,MERSİN GENÇLERBİRLİĞİ,D,ANTALYA,Antalya Büyükşehir Belediyesi 100. Yıl Sedir Spor Salonu | ,,OSMAN YETİŞKİN,KAAN BERK BALCIOĞLU,OKTAY ÇETİN SAĞDEMİR,METE BULUT,FATMA MAFACAN,SEVCAN CELİL,MELTEM YANIK,NESLİHAN SÜTLÜ,Antalya Büyükşehir Belediyesi 100. Yıl Sedir Spor Salonu
6.12.2024,14:00,BBA35,04. Hafta,İSTANBUL GENÇLİK SPOR,58 - 42,KADIKÖY BASKETBOL,A,İSTANBUL,Caferağa Spor Salonu | ,,İZEL DENİZ PEHLİVAN ÇAKICI,HALUK YAKIN,KAMİL TALHA OLGUN,BEKİR GENÇAL,NALAN TAGA,FATMA GÖK,NAZLI TUZCUOĞLU,ESER FIRIL,Caferağa Spor Salonu
6.12.2024,17:00,BBA36,04. Hafta,TED ANKARA KOLEJLİLER,82 - 57,ANTALYA BÜYÜKŞEHİR BELEDİYESİ,D,ANKARA,TED Üniversitesi Prof. Dr. Rüştü Yüce S.S. | ,,UMUT MEMİŞ,TARIK ENES BAŞ,MUHAMMET ALİ YAVUZ,SERKAN OKAN,MERYEM MERVE SARI,HÜSEYİN ÖKMEN,SERKAN DOĞRUTÜRK,KAMİL TOSUN,TED Üniversitesi Prof. Dr. Rüştü Yüce S.S.
7.12.2024,14:00,BBA37,04. Hafta,EVOLOG DAÇKA ŞERİFALİ,60 - 54,İSTANBUL BASKETBOL FENERİ,B,İSTANBUL,Maltepe Müzahir Sille Spor Salonu | ,,SALİH SERKAN KOÇAK,RECEP GÜRKAN ÖZKAN,AYBERK ÖZBAŞ,GÖZDE ERSÖZ,NURGÜL TOPAL ARDOĞAN,BEKİR BAHÇE,DİDEM ARPACI KARAGÖZ,MEHMET KAPALIGÖZ,Maltepe Müzahir Sille Spor Salonu
7.12.2024,15:00,BBA38,04. Hafta,İZMİT ZİRVE,52 - 58,MAGDEBURGER  SİGORTA BEŞAS,B,KOCAELİ,Kocaeli Atatürk Spor Salonu | ,,MURAT GENÇ,YASEMİN KUNDAKÇI,ULAŞ ARSLAN,ÖNDER ŞENEL,YILDIZ BUĞDACI,EMRE ARICAN,SERPİL KARAARSLAN,ERAY CİVELEK,Kocaeli Atatürk Spor Salonu
7.12.2024,15:00,BBA39,04. Hafta,KASTAMONU İSTİKLAL YOLU,64 - 49,ESKİŞEHİR ÇAĞDAŞ KOLEJLİLER,C,KASTAMONU,Hüsnü Tandoğan Spor Salonu | ,,FATİH OĞUZHAN,YAVUZHAN KÜRŞAT AYDIN,İSMAİL ARSLAN,UĞUR ERHAN DEDEŞAH,CEREN ŞEN,İRFAN KÜTÜKOĞLU,ESMA ÇİÇEK,SEZER ÇALIŞGAN,Hüsnü Tandoğan Spor Salonu
7.12.2024,16:00,BBA40,04. Hafta,KEPEZ BELEDİYE,39 - 66,MERSİN GENÇLERBİRLİĞİ,D,ANTALYA,Kepez Turgut Özal Spor Salonu | ,,YUNUS ÖZTÜRK,İSMAİL BALPETEK,OSMAN OZAN ÇALAP,HÜSEYİN MERT  ÇİVİ,FATMA MAFACAN,NESLİHAN SÜTLÜ,KEZİBAN KARTCA,NASUH ÜZER,Kepez Turgut Özal Spor Salonu
7.12.2024,17:00,BBA41,04. Hafta,GÜNGÖREN BELEDİYESİ,77 - 88,İSTANBUL ÜNİVERSİTESİ,A,İSTANBUL,Güngören Spor Kompleksi | ,,İSMAİL BAYRAM,ELİF ÇELİKTEPE,EMRE ÖZÜTOK,ALİGÜRHAN UZUNAY,BURÇİN ÖZBAYRAKTAR,BURHAN DEMİR,EMRECAN ÇAKIRCA,TUĞÇE KAYA,Güngören Spor Kompleksi
7.12.2024,18:00,BBA42,04. Hafta,KEMALPAŞA BASKETBOL,42 - 64,UNIGEN DÜZCE ATLETİK,B,İZMİR,Kemalpaşa Kapalı Spor Salonu | ,,RAHMİ GÜNER,OZAN GÜNDÜZ,ADA ATLAYAN,SEDEF ÜSTÜNER,HALİDE KAYA,EMİNE KALKAN,ESMA UNTUÇ,HAKAN DÖNMEZ,Kemalpaşa Kapalı Spor Salonu
8.12.2024,16:00,BBA43,04. Hafta,ŞERİFE BACI 37,71 - 47,BKM GLOBAL HACETTEPE AKADEMİ,C,KASTAMONU,Kastamonu Atatürk Spor Salonu | ,,SÜLEYMAN EREN PEKDOĞAN,BEYHAN ERBİLGİN,ARMAN ATLI,SİBEL KANIK,MUHAMMED FATİH BOZTOPRAK,METİN GÖKGÖZ,ALİ İHSAN ATAŞ,ŞENOL KARABALTAOĞLU,Kastamonu Atatürk Spor Salonu
8.12.2024,19:30,BBA44,04. Hafta,BAŞKENT ATLETİK,50 - 70,SAMSUN ZORLU KOLEJİ,C,ANKARA,Sinan Şamil Sam Spor Salonu | ,,ALİHAN CİVELEK,METİN SARIOĞLU,İREM GÖRDES,ŞABAN KAYMAK,EROL TUNCEL,MUSTAFA KAYA,HASAN BAŞKURT,ELİF YÖRÜK,Sinan Şamil Sam Spor Salonu
9.12.2024,15:00,BBA45,04. Hafta,ROMATEM BURSA ULUDAĞ BASKETBOL GELİŞİM,88 - 77,İZMİR BÜYÜKŞEHİR BELEDİYESİ,A,BURSA,Yıldırım Şahin Başol Spor Kompleksi | ,,ONUR AÇIKYÜZ,HALİL ATA GÜNAL,MURAT BERK KAYA,SERTAÇ ERDEM,SEVİLAY ÖZDEMİR,ESRA AL,AHMET CAN ŞAPÇI,TUĞBA ÖYLEK,Yıldırım Şahin Başol Spor Kompleksi
13.12.2024,15:00,BBA48,05. Hafta,İSTANBUL ÜNİVERSİTESİ,58 - 79,ROMATEM BURSA ULUDAĞ BASKETBOL GELİŞİM,A,İSTANBUL,Bahçelievler Engelliler Spor Salonu | ,,OZAN İNCE,TAHİR EROĞLU,TUANA ATEŞ,ERSİN ÇELİK,HÜLYA ÖZKAN,GÜL URASLI,CEYDA KAPKAÇ,YÜKSEL NAZLIGÜL,Bahçelievler Engelliler Spor Salonu
13.12.2024,19:00,BBA53,05. Hafta,ESKİŞEHİR ÇAĞDAŞ KOLEJLİLER,61 - 70,ŞERİFE BACI 37,C,ESKİŞEHİR,Özel Çağdaş Okulları Spor Salonu | ,,ALPER OĞUZCAN CİRİT,YASEMİN KUNDAKÇI,SERKAN İPEK,YEŞER KARABULUT,YASEMİN SEL,GÜNAY ÖĞÜTVEREN,CİHAN OLGUN,ALPER YAVUZ,Özel Çağdaş Okulları Spor Salonu
14.12.2024,13:00,BBA52,05. Hafta,BKM GLOBAL HACETTEPE AKADEMİ,76 - 59,BAŞKENT ATLETİK,C,ANKARA,Ankara Spor Salonu (Küçük) | ,,DERYA ÇELİK,ALİ KÜÇÜKERDEM,KEMAL VURAL,SELAMİ KARAHANCI,EREN UYGUN,AKIN AYTEKİN,YENER SALMAN,ALİ MURAT SUNGUR,Ankara Spor Salonu (Küçük)
14.12.2024,15:00,BBA54,05. Hafta,SAMSUN ZORLU KOLEJİ,66 - 61,KASTAMONU İSTİKLAL YOLU,C,SAMSUN,Mustafa Dağıstanlı Spor Salonu | ,,UYGAR KURT,HÜSEYİN SÖYLEMEZOĞLU,METİN SARIOĞLU,SEMİH KAYA,CEREN TATAROĞLU,ESRA BAYZAT,SEFER ZİNNUR YİRMİBEŞOĞLU,SEDA ÖZDEMİR,Mustafa Dağıstanlı Spor Salonu
14.12.2024,16:00,BBA55,05. Hafta,ANTALYA BÜYÜKŞEHİR BELEDİYESİ,59 - 53,KEPEZ BELEDİYE,D,ANTALYA,Antalya Büyükşehir Belediyesi 100. Yıl Sedir Spor Salonu | ,,EMİN YEŞİL,HASAN HÜSEYİN DEVECİ,ALMİR CEM SINACI,CELİL YOLDAN,SEVCAN CELİL,NESLİHAN SÜTLÜ,VOLKAN YILDIZ,NASUH ÜZER,Antalya Büyükşehir Belediyesi 100. Yıl Sedir Spor Salonu
14.12.2024,17:00,BBA50,05. Hafta,İSTANBUL BASKETBOL FENERİ,96 - 42,İZMİT ZİRVE,B,İSTANBUL,İTO Yakacık Spor Salonu | ,,SALİH ACAR,EMİRHAN SERTOĞLU,ŞEVKET KUTLUHAN KANBUROĞLU,KORAY DOĞAN URBARLI,NURGÜL TOPAL ARDOĞAN,BEKİR BAHÇE,DUYGU USTAOĞLU,BURAK DEMİREL,İTO Yakacık Spor Salonu
14.12.2024,18:30,BBA46,05. Hafta,KADIKÖY BASKETBOL,40 - 63,GÜNGÖREN BELEDİYESİ,A,İSTANBUL,Caferağa Spor Salonu | ,,SALİH ARDA UNUL,HÜSEYİN MERT ŞEKER,İREM GÖRDES,MELİH SABRİ KAZMAZ,NALAN TAGA,TUĞBA DURNAOĞLU,MELİSSA BAŞA,ALTAN CANDAN,Caferağa Spor Salonu
15.12.2024,14:00,BBA47,05. Hafta,İZMİR BÜYÜKŞEHİR BELEDİYESİ,65 - 71,İSTANBUL GENÇLİK SPOR,A,İZMİR,Celal Atik Spor Salonu | ,,BUSE NUR KAHYAOĞULLARI,KAAN BERK BALCIOĞLU,CEMRE YILDIRIM,SEDEF ÜSTÜNER,GİZEM ÖZAYDIN,YEŞİM KOÇ,GİZEM KULAKSIZ,ERSOY TURAN,Celal Atik Spor Salonu
15.12.2024,16:00,BBA51,05. Hafta,UNIGEN DÜZCE ATLETİK,60 - 57,EVOLOG DAÇKA ŞERİFALİ,B,DÜZCE,Bahçeşehir Merkez Spor Kompleksi | ,,OSMAN CAN GÜNDOĞDU,KADİR BERDAN ŞEKER,ŞÜKRİYE NUR KIZIL,BÜLENT TANESEN,GÜLNİHAL ERDEM,EMRE ARSLAN,ONUR OROÇ,MERTCAN AKGÜL,Bahçeşehir Merkez Spor Kompleksi
15.12.2024,18:00,BBA49,05. Hafta,MAGDEBURGER  SİGORTA BEŞAS,90 - 29,KEMALPAŞA BASKETBOL,B,İSTANBUL,Caferağa Spor Salonu | ,,EMRE YELDAŞ,ENES BAŞARAN ÖZTÜRK,HALİL İBRAHİM CANTÜRK,YÜKSEL ALPER ECEVİT,EDA ELFİDAN,EBRU ULUDOĞAN,ŞÜKRÜ ALOĞLU,ZEHRA AKAN,Caferağa Spor Salonu
16.12.2024,18:00,BBA56,05. Hafta,MERSİN GENÇLERBİRLİĞİ,59 - 64,CEYHAN BELEDİYE BASKETBOL AKADEMİ,D,MERSİN,Edip Buran Spor Salonu | ,,DEYER AKÇAY,ÜNAL ÖZDEMİR,AHMET ERTUĞRUL AŞKIN,TURGAY KÖROĞLU,NAİL ŞARAPLI,HURİYE ERGENÇ,ERDİNÇ BOZKURT,ZİYA ERTAŞ,Edip Buran Spor Salonu
3.01.2025,15:00,BBA59,06. Hafta,İSTANBUL ÜNİVERSİTESİ,66 - 43,İSTANBUL GENÇLİK SPOR,A,İSTANBUL,Bahçelievler Engelliler Spor Salonu | ,,ONUR AÇIKYÜZ,METİN ÜSTER,ERTUĞRUL TURAN TOPAL,EMİR GÜNEY,HÜLYA ÖZKAN,GÜL URASLI,MURAT ÖZKAN,CEYDA KAPKAÇ,Bahçelievler Engelliler Spor Salonu
4.01.2025,14:00,BBA57,06. Hafta,KADIKÖY BASKETBOL,43 - 50,İZMİR BÜYÜKŞEHİR BELEDİYESİ,A,İSTANBUL,Caferağa Spor Salonu | ,,OZAN GÜNDÜZ,MUSA ONUR SAVAŞ,NİHAT FURKAN YÜZGEÇ,SERDAR İNAN,MELİSSA BAŞA,YEŞİM ÖZCAN ÖZTÜRK,İLYAS KURTULUŞ,NAZLI TUZCUOĞLU,Caferağa Spor Salonu
4.01.2025,15:00,BBA65,06. Hafta,SAMSUN ZORLU KOLEJİ,47 - 56,ŞERİFE BACI 37,C,SAMSUN,Mustafa Dağıstanlı Spor Salonu | ,,MURAT AMAÇ,KAMİL TALHA OLGUN,HÜSEYİN MERT ŞEKER,SEMİH KAYA,SEDA ÖZDEMİR,SEFER ZİNNUR YİRMİBEŞOĞLU,ESRA BAYZAT,ŞÜKRAN İNCE,Mustafa Dağıstanlı Spor Salonu
4.01.2025,15:00,BBA66,06. Hafta,KEPEZ BELEDİYE,44 - 76,CEYHAN BELEDİYE BASKETBOL AKADEMİ,D,ANTALYA,Kepez Turgut Özal Spor Salonu | ,,HİKMET FEN,BURAK MERT DEMİRTAŞ,FURKAN ÜNLÜ,DENİZ ÖNER,FATMA MAFACAN,SEVCAN CELİL,FATMA BELİZ ERİŞ,DEMET ÖZEN,Kepez Turgut Özal Spor Salonu
4.01.2025,17:00,BBA63,06. Hafta,BKM GLOBAL HACETTEPE AKADEMİ,76 - 81,ESKİŞEHİR ÇAĞDAŞ KOLEJLİLER,C,ANKARA,Ankara Spor Salonu (Küçük) | ,,İZEL DENİZ PEHLİVAN ÇAKICI,ANIL VEZİROĞLU,HÜSEYİN SÖYLEMEZOĞLU,MEHMET KAAN  KANTAR,BURCU KOCAOĞLU,NİHAN ÜNSAL,HASAN BAŞKURT,FATİH DEMİRCİ,Ankara Spor Salonu (Küçük)
4.01.2025,17:00,BBA58,06. Hafta,GÜNGÖREN BELEDİYESİ,59 - 73,ROMATEM BURSA ULUDAĞ BASKETBOL GELİŞİM,A,İSTANBUL,Güngören Spor Kompleksi | ,,FATİH OĞUZHAN,KAMİL ALOK,YASEMİN KUNDAKÇI,ARAS BİLGE AKSÜYEK,NAZLI YENER,BURÇİN ÖZBAYRAKTAR,MERT İĞDELİ,BURHAN DEMİR,Güngören Spor Kompleksi
5.01.2025,14:00,BBA60,06. Hafta,MAGDEBURGER  SİGORTA BEŞAS,38 - 72,İSTANBUL BASKETBOL FENERİ,B,İSTANBUL,Caferağa Spor Salonu | ,,ALPEREN BAŞER,CELAL GÖRMÜŞ,BURAK ALACAR,GÜLTEKİN ERGENE,PINAR PAR MAT,SERHAT LEVENT,ŞÜKRÜ ALOĞLU,ALTAN CANDAN,Caferağa Spor Salonu
5.01.2025,16:00,BBA62,06. Hafta,UNIGEN DÜZCE ATLETİK,82 - 37,İZMİT ZİRVE,B,DÜZCE,Bahçeşehir Merkez Spor Kompleksi | ,,DERYA ÇELİK,NAMİ SUNAY SOYDAN,ZEKİ BAYRAM,ZAFER ÖZGÜN,ONUR OROÇ,EMRE ARSLAN,GÜLNİHAL ERDEM,MERTCAN AKGÜL,Bahçeşehir Merkez Spor Kompleksi
5.01.2025,19:30,BBA64,06. Hafta,BAŞKENT ATLETİK,54 - 68,KASTAMONU İSTİKLAL YOLU,C,ANKARA,Sinan Şamil Sam Spor Salonu | ,,SEDEF YARICI,ERSEL BÜYÜKKARA,ŞEVKET KUTLUHAN KANBUROĞLU,EZEL SÜRÜCÜ,VEFA ÇELİK,YENER SALMAN,EREN UYGUN,DOĞUKAN TOPRAK,Sinan Şamil Sam Spor Salonu
6.01.2025,18:00,BBA67,06. Hafta,MERSİN GENÇLERBİRLİĞİ,51 - 94,TED ANKARA KOLEJLİLER,D,MERSİN,Edip Buran Spor Salonu | ,,ÖZKAN ÇAĞLAYAN,ALİ BARAK,SALİH DALMAN,TURGAY KÖROĞLU,BÜŞRA İLCAY,ABUZER BİLEN,HURİYE ERGENÇ,RABİA YILDIZ ÖZTÜRK,Edip Buran Spor Salonu
6.01.2025,18:00,BBA61,06. Hafta,KEMALPAŞA BASKETBOL,50 - 86,EVOLOG DAÇKA ŞERİFALİ,B,İZMİR,Kemalpaşa Kapalı Spor Salonu | ,,ALPER CAN BOZYEL,TEOMAN ALTAR AKIN,EMİN YEŞİL,ÖZCAN PAMUK,ERKAN TURAN,CEMRE ÇEKAL,ESMA UNTUÇ,HAKAN DÖNMEZ,Kemalpaşa Kapalı Spor Salonu
10.01.2025,14:00,BBA70,07. Hafta,İSTANBUL GENÇLİK SPOR,51 - 69,GÜNGÖREN BELEDİYESİ,A,İSTANBUL,Caferağa Spor Salonu | ,,UYGAR KURT,MUSA ONUR SAVAŞ,MURAT BERK KAYA,TAYFUN AY,ZEHRA AKAN,DEMET ULUCUTSOY,BEKİR BAHÇE,EBRU ULUDOĞAN,Caferağa Spor Salonu
10.01.2025,17:00,BBA78,07. Hafta,TED ANKARA KOLEJLİLER,95 - 56,KEPEZ BELEDİYE,D,ANKARA,TED Üniversitesi Prof. Dr. Rüştü Yüce S.S. | ,,HALUK YAKIN,KAMİL TALHA OLGUN,İSMAİL BAYRAM,SELAMİ KARAHANCI,YURDAGÜL YALÇIN,FATMA ÇELİK,MELİKE DENİZ BAYRAM,BORA MERT KARADEMİR,TED Üniversitesi Prof. Dr. Rüştü Yüce S.S.
10.01.2025,19:00,BBA75,07. Hafta,ESKİŞEHİR ÇAĞDAŞ KOLEJLİLER,60 - 69,SAMSUN ZORLU KOLEJİ,C,ESKİŞEHİR,Özel Çağdaş Okulları Spor Salonu | ,,ALPEREN BAŞER,BEYHAN ERBİLGİN,ERTUĞRUL TURAN TOPAL,SALTUK BUĞRA  ASLAN,DUYGU YILDIZ HANLI,OKTAY TAŞ,CİHAN OLGUN,EVREN ÖĞÜTVEREN,Özel Çağdaş Okulları Spor Salonu
11.01.2025,14:00,BBA77,07. Hafta,CEYHAN BELEDİYE BASKETBOL AKADEMİ,78 - 52,ANTALYA BÜYÜKŞEHİR BELEDİYESİ,D,ADANA,Ceyhan Spor Salonu | ,,ALİ CAN YILMAZ,EMRE YELDAŞ,MEHMET SEÇKİN ÖZTÜRK,MUSTAFA KEMAL ERSÖZ,MEHMET MURAT KÖMÜRHANLI,CUMALİ BEKTAŞ,BATUHAN TEPE,FERHAT ÜLGE,Ceyhan Spor Salonu
11.01.2025,16:00,BBA73,07. Hafta,İZMİT ZİRVE,62 - 43,KEMALPAŞA BASKETBOL,B,KOCAELİ,Şehit Polis Recep Topaloğlu Spor Salonu | ,,MUSTAFA TOPALOĞLU,METİN SARIOĞLU,BURAK ALACAR,DAĞHAN ÇELEBİ,SUDENUR DUMAN,HAKAN ÇAKMAK,SERPİL KARAARSLAN,ÖZGÜR COŞKUN,Şehit Polis Recep Topaloğlu Spor Salonu
11.01.2025,18:00,BBA74,07. Hafta,KASTAMONU İSTİKLAL YOLU,81 - 40,BKM GLOBAL HACETTEPE AKADEMİ,C,KASTAMONU,Kastamonu Atatürk Spor Salonu | ,,NİHAT KARA,TEOMAN ALTAR AKIN,TARIK ENES BAŞ,ZEKERİYA ŞAHAN,CEREN ŞEN,METİN GÖKGÖZ,ZUHAL KESAYAK,SEZER ÇALIŞGAN,Kastamonu Atatürk Spor Salonu
12.01.2025,14:00,BBA69,07. Hafta,İZMİR BÜYÜKŞEHİR BELEDİYESİ,61 - 77,İSTANBUL ÜNİVERSİTESİ,A,İZMİR,Celal Atik Spor Salonu | ,,ALPER CAN BOZYEL,OZAN İNCE,ANASTASIIA USOVA,REŞAT ATAY,ARZU AKINCI,BERRİN TURAN,BERKCAN KALAN,ÖZGÜR TOPCU,Celal Atik Spor Salonu
12.01.2025,16:00,BBA76,07. Hafta,ŞERİFE BACI 37,74 - 43,BAŞKENT ATLETİK,C,KASTAMONU,Kastamonu Atatürk Spor Salonu | ,,ONUR AÇIKYÜZ,METİN ÜSTER,NAMİ SUNAY SOYDAN,RAHMAN CANGÜL,SENA AYVADOĞLU,İRFAN KÜTÜKOĞLU,ALİ İHSAN ATAŞ,ŞENOL KARABALTAOĞLU,Kastamonu Atatürk Spor Salonu
12.01.2025,17:00,BBA71,07. Hafta,EVOLOG DAÇKA ŞERİFALİ,65 - 51,MAGDEBURGER  SİGORTA BEŞAS,B,İSTANBUL,Maltepe Müzahir Sille Spor Salonu | ,,HASAN KAMİL TAKINYALIOĞLU,SALİH ARDA UNUL,KÜBRA GÜMÜŞ,KORAY DOĞAN URBARLI,PINAR PAR MAT,YEŞİM ÖZCAN ÖZTÜRK,MURAT SONER DURADEMİR,SİNAN ERSOY,Maltepe Müzahir Sille Spor Salonu
13.01.2025,17:00,BBA72,07. Hafta,İSTANBUL BASKETBOL FENERİ,63 - 76,UNIGEN DÜZCE ATLETİK,B,İSTANBUL,İTO Yakacık Spor Salonu | ,,AHMET BASRİ YILDIZ,RAHMİ GÜNER,İLAYDA SEZAN,GÖZDE ERSÖZ,BEREN ELİF YEŞİL ARSLAN,BUKET ÖZDEMİR,FATMA GÖK,DUYGU USTAOĞLU,İTO Yakacık Spor Salonu
13.01.2025,20:00,BBA68,07. Hafta,ROMATEM BURSA ULUDAĞ BASKETBOL GELİŞİM,20 - 0,KADIKÖY BASKETBOL,A,BURSA,Yıldırım Şahin Başol Spor Kompleksi | ,,SALİH ACAR,MEHMET EMİN RAŞİTOĞLU,ÖZGÜR ÖZBAYİS,SERTAÇ ERDEM,MELTEM UĞURLU,SUELNUR ÇELİK,TAHSİN TİRYAKİ,ESRA AL,Yıldırım Şahin Başol Spor Kompleksi
17.01.2025,18:00,BBA89,08. Hafta,TED ANKARA KOLEJLİLER,68 - 57,CEYHAN BELEDİYE BASKETBOL AKADEMİ,D,ANKARA,TED Üniversitesi Prof. Dr. Rüştü Yüce S.S. | ,,YASEMİN KUNDAKÇI,ÜNAL ÖZDEMİR,KEMAL VURAL,SERKAN OKAN,GÜLSEREN ÇORAKLIK,SÜMEYYE SENEKLİOĞLU,HÜSEYİN ÖKMEN,DOĞUKAN TOPRAK,TED Üniversitesi Prof. Dr. Rüştü Yüce S.S.
18.01.2025,14:00,BBA81,08. Hafta,GÜNGÖREN BELEDİYESİ,49 - 61,İZMİR BÜYÜKŞEHİR BELEDİYESİ,A,İSTANBUL,Güngören Spor Kompleksi | ,,MURAT GENÇ,SEYHAN TOPALOĞLU,SENAY COŞKUN,ERSİN ÇELİK,HÜLYA ÖZKAN,MERT İĞDELİ,BARIŞ AKSAKAL,TUĞÇE KAYA,Güngören Spor Kompleksi
18.01.2025,15:00,BBA85,08. Hafta,SAMSUN ZORLU KOLEJİ,69 - 58,BKM GLOBAL HACETTEPE AKADEMİ,C,SAMSUN,Mustafa Dağıstanlı Spor Salonu | ,,SONER TÜRKER,FATİH OĞUZHAN,SERKAN İPEK,RAHMAN CANGÜL,NEŞE UTKU,SEDA ÖZDEMİR,ESRA BAYZAT,SEFER ZİNNUR YİRMİBEŞOĞLU,Mustafa Dağıstanlı Spor Salonu
19.01.2025,13:00,BBA79,08. Hafta,İSTANBUL ÜNİVERSİTESİ,69 - 43,KADIKÖY BASKETBOL,A,İSTANBUL,Ahmet Cömert Spor Salonu | ,,SALİH ARDA UNUL,KAMİL TALHA OLGUN,HÜSEYİN MERİÇ ÇAKIR,MEYMİNE MİNE YAZGÖNÜL,PINAR YÜKSEL,SEMRA AKDUMAN,EMRE YAZICI,AYGÜN SEVGİL,Ahmet Cömert Spor Salonu
19.01.2025,16:00,BBA86,08. Hafta,ŞERİFE BACI 37,73 - 41,KASTAMONU İSTİKLAL YOLU,C,KASTAMONU,Kastamonu Atatürk Spor Salonu | ,,AHMET BASRİ YILDIZ,ERHAN ERDOĞAN,SÜLEYMAN YILDIZ,SİBEL KANIK,SENA AYVADOĞLU,METİN GÖKGÖZ,ALİ İHSAN ATAŞ,İRFAN KÜTÜKOĞLU,Kastamonu Atatürk Spor Salonu
19.01.2025,17:00,BBA83,08. Hafta,İZMİT ZİRVE,61 - 79,EVOLOG DAÇKA ŞERİFALİ,B,KOCAELİ,Kocaeli Atatürk Spor Salonu | ,,AHMET KÖSE,MURAT BERK KAYA,İREM GÖRDES,ÖNDER ŞENEL,AYCAN PEKER,SÜLEYMAN SIRRI YÜKSEL,YILDIZ BUĞDACI,HAKAN ÇAKMAK,Kocaeli Atatürk Spor Salonu
19.01.2025,19:30,BBA87,08. Hafta,BAŞKENT ATLETİK,60 - 61,ESKİŞEHİR ÇAĞDAŞ KOLEJLİLER,C,ANKARA,Sinan Şamil Sam Spor Salonu | ,,KAMİL ALOK,TAYFUN KARAKUM,HÜSEYİN CENGİZ,TAHA UMAY  UZUN,VEFA ÇELİK,SÜLEYMAN YALÇIN TORUNOĞLU,DOĞUKAN TOPRAK,SAMET CAN ALICI,Sinan Şamil Sam Spor Salonu
20.01.2025,12:00,BBA80,08. Hafta,İSTANBUL GENÇLİK SPOR,40 - 90,ROMATEM BURSA ULUDAĞ BASKETBOL GELİŞİM,A,İSTANBUL,Caferağa Spor Salonu | ,,SAMET TEKİN,SALİH SERKAN KOÇAK,NECİP ERALP SER,ARAS BİLGE AKSÜYEK,İLYAS KURTULUŞ,BEKİR BAHÇE,EDA ELFİDAN,ESER FIRIL,Caferağa Spor Salonu
20.01.2025,18:00,BBA82,08. Hafta,UNIGEN DÜZCE ATLETİK,44 - 51,MAGDEBURGER  SİGORTA BEŞAS,B,DÜZCE,Bahçeşehir Merkez Spor Kompleksi | ,,MELİK KAYA,CELAL GÖRMÜŞ,MEHMET EMİN RAŞİTOĞLU,UĞUR ERHAN DEDEŞAH,NAZİRE YİĞİTER,METEHAN AKGÜL,ONUR OROÇ,EGEMEN ERGÜN,Bahçeşehir Merkez Spor Kompleksi
20.01.2025,18:00,BBA88,08. Hafta,MERSİN GENÇLERBİRLİĞİ,64 - 54,ANTALYA BÜYÜKŞEHİR BELEDİYESİ,D,MERSİN,Edip Buran Spor Salonu | ,,EMRE YELDAŞ,HAMZA ÇALIŞKAN,HASAN KORKMAZ,MUSTAFA KEMAL ERSÖZ,İLKNUR DABLAN,SERAAY ŞİMŞEK,HURİYE ERGENÇ,BERK MERT,Edip Buran Spor Salonu
20.01.2025,18:00,BBA84,08. Hafta,KEMALPAŞA BASKETBOL,61 - 76,İSTANBUL BASKETBOL FENERİ,B,İZMİR,Kemalpaşa Kapalı Spor Salonu | ,,BURAK MERT DEMİRTAŞ,OZAN İNCE,ÖZGÜR ÖZBAYİS,İBRAHİM ALPER ÖZKUL,DİLEK DOĞAN KARACA,BERRİN TURAN,ERKAN TURAN,HAKAN DÖNMEZ,Kemalpaşa Kapalı Spor Salonu
24.01.2025,15:00,BBA91,09. Hafta,İSTANBUL ÜNİVERSİTESİ,68 - 62,GÜNGÖREN BELEDİYESİ,A,İSTANBUL,Bahçelievler Engelliler Spor Salonu | ,,ALPEREN BAŞER,İSMAİL BAYRAM,AYBERK ÖZBAŞ,EMİN FAZIL KESERATAR,CANAN EROĞUL,NEŞE KIRAN,AYGÜN SEVGİL,ERMAN YÜCEL,Bahçelievler Engelliler Spor Salonu
24.01.2025,19:00,BBA98,09. Hafta,ESKİŞEHİR ÇAĞDAŞ KOLEJLİLER,38 - 68,KASTAMONU İSTİKLAL YOLU,C,ESKİŞEHİR,Özel Çağdaş Okulları Spor Salonu | ,,ONUR AÇIKYÜZ,HÜSEYİN MERİÇ ÇAKIR,YASİN ALKAN,PINAR ÖNER,ZEYNEP TAYSI,GÜNAY ÖĞÜTVEREN,AZİZCAN COŞGEL,FATİH TAYSI,Özel Çağdaş Okulları Spor Salonu
25.01.2025,14:00,BBA99,09. Hafta,ANTALYA BÜYÜKŞEHİR BELEDİYESİ,33 - 81,TED ANKARA KOLEJLİLER,D,ANTALYA,Antalya Büyükşehir Belediyesi 100. Yıl Sedir Spor Salonu | ,,SERHAT DÜLGER,OSMAN YETİŞKİN,BUSE NUR KAHYAOĞULLARI,SERMET AL,TANSU BOZOK,ERKAN BÜDÜN,FATMA BELİZ ERİŞ,MÜMÜNE YEŞİL,Antalya Büyükşehir Belediyesi 100. Yıl Sedir Spor Salonu
25.01.2025,16:00,BBA94,09. Hafta,UNIGEN DÜZCE ATLETİK,70 - 35,KEMALPAŞA BASKETBOL,B,DÜZCE,Bahçeşehir Merkez Spor Kompleksi | ,,MURAT AMAÇ,EMİRHAN SERTOĞLU,ARDA NAVRUZ,GÖKHAN ÇAĞLIYAN,ONUR OROÇ,EMRE ARSLAN,GÜLNİHAL ERDEM,EGEMEN ERGÜN,Bahçeşehir Merkez Spor Kompleksi
25.01.2025,18:00,BBA96,09. Hafta,BKM GLOBAL HACETTEPE AKADEMİ,58 - 73,ŞERİFE BACI 37,C,ANKARA,Sinan Şamil Sam Spor Salonu | ,,ORÇUN AKGÜL,TARIK ENES BAŞ,ŞÜKRİYE NUR KIZIL,DENİZ ÖNER,ELİF YÖRÜK,ONUR YEŞİLBAĞ,SERCAN YILDIRIM,YASEMİN YILDIRIM,Sinan Şamil Sam Spor Salonu
25.01.2025,19:00,BBA90,09. Hafta,KADIKÖY BASKETBOL,52 - 53,İSTANBUL GENÇLİK SPOR,A,İSTANBUL,Caferağa Spor Salonu | ,,FURKAN  SÖYLEMEZOĞLU,METİN ÜSTER,ELİF ÇELİKTEPE,ALPER DENİZ DEMİR,ZEHRA AKAN,SEHER KAZANÇ,MURAT SONER DURADEMİR,SİNAN ERSOY,Caferağa Spor Salonu
26.01.2025,14:00,BBA92,09. Hafta,İZMİR BÜYÜKŞEHİR BELEDİYESİ,61 - 87,ROMATEM BURSA ULUDAĞ BASKETBOL GELİŞİM,A,İZMİR,Celal Atik Spor Salonu | ,,SONER ÖZAYDOĞAN,BERK BÜKE,IŞILAY ÇAPRAZ,EMRE GÜLŞEN,GİZEM KULAKSIZ,ALİ DEVECİ,MESUT KARABULUT,OKAN ÇETİNBAŞ,Celal Atik Spor Salonu
26.01.2025,14:30,BBA93,09. Hafta,MAGDEBURGER  SİGORTA BEŞAS,73 - 42,İZMİT ZİRVE,B,İSTANBUL,Caferağa Spor Salonu | ,,SALİH SERKAN KOÇAK,HÜSEYİN MERT ŞEKER,AHMET EMRE PEHLİVAN,YAŞAR TERZİOĞLU,FİLİZ AKÇAMLI,EBRU ULUDOĞAN,ŞÜKRÜ ALOĞLU,MERVE SERDAR,Caferağa Spor Salonu
26.01.2025,15:00,BBA97,09. Hafta,SAMSUN ZORLU KOLEJİ,97 - 61,BAŞKENT ATLETİK,C,SAMSUN,Mustafa Dağıstanlı Spor Salonu | ,,ÇAĞRI TEMUR,ZEKİ BAYRAM,YASEMİN KUNDAKÇI,BURAK KARAMUSTAFAOĞLU,SEDA ÖZDEMİR,MELİSA YAMAN,RUMEYSA UÇAN,HALUK AHMET TAN,Mustafa Dağıstanlı Spor Salonu
27.01.2025,18:00,BBA100,09. Hafta,MERSİN GENÇLERBİRLİĞİ,66 - 53,KEPEZ BELEDİYE,D,MERSİN,Edip Buran Spor Salonu | ,,DEYER AKÇAY,ALİ CAN YILMAZ,KEMAL VURAL,MURAT DEMİRATAN,SEMA KÖR,BÜŞRA İLCAY,SEMRA ŞENEL,SERAAY ŞİMŞEK,Edip Buran Spor Salonu
27.01.2025,19:00,BBA95,09. Hafta,İSTANBUL BASKETBOL FENERİ,75 - 64,EVOLOG DAÇKA ŞERİFALİ,B,İSTANBUL,İTO Yakacık Spor Salonu | ,,İZEL DENİZ PEHLİVAN ÇAKICI,BORA ÇEVİK,KÜRŞAT DENİZ,SERDAR İNAN,MUSTAFA BURAK SİNOPLUOĞLU,SERHAT LEVENT,TUĞBA DURNAOĞLU,ALTAN CANDAN,İTO Yakacık Spor Salonu
1.02.2025,14:00,BBA101,10. Hafta,GÜNGÖREN BELEDİYESİ,103 - 45,KADIKÖY BASKETBOL,A,İSTANBUL,Güngören Spor Kompleksi | ,,HALUK YAKIN,METİN SARIOĞLU,EREN AKPULAT,ALPER DENİZ DEMİR,TUNA TAŞ,TUĞÇE KAYA,REMZİ KILIÇ,MERT İĞDELİ,Güngören Spor Kompleksi
1.02.2025,14:00,BBA110,10. Hafta,KEPEZ BELEDİYE,48 - 54,ANTALYA BÜYÜKŞEHİR BELEDİYESİ,D,ANTALYA,Kepez Turgut Özal Spor Salonu | ,,SONER ÖZAYDOĞAN,BERK BÜKE,SEDAT ERKOL,CELİL YOLDAN,MAHMUT DEMİR,İRFAN YAŞAR,KÜBRA SEYHAN,ŞEMSETTİN AÇİK,Kepez Turgut Özal Spor Salonu
1.02.2025,15:00,BBA111,10. Hafta,CEYHAN BELEDİYE BASKETBOL AKADEMİ,57 - 67,MERSİN GENÇLERBİRLİĞİ,D,ADANA,Ceyhan Spor Salonu | ,,ERSEL BÜYÜKKARA,EMRE YELDAŞ,OSMAN KINCAL,BAHA KAÇIN,FERHAT ÜLGE,MEHMET MURAT KÖMÜRHANLI,CUMALİ BEKTAŞ,AHMET ARDA KARÇIĞA,Ceyhan Spor Salonu
1.02.2025,17:00,BBA105,10. Hafta,İZMİT ZİRVE,54 - 68,İSTANBUL BASKETBOL FENERİ,B,KOCAELİ,Kocaeli Atatürk Spor Salonu | ,,MUSTAFA TOPALOĞLU,KEREM ALTINTAŞ,SEÇKİN ŞENTÜRK,CANSIN BERK KÖSEOĞLU,ERDEM ERGÜN,AYCAN PEKER,NURAY KURAR,ENGİN SÜLEYMAN SİMOOĞLU,Kocaeli Atatürk Spor Salonu
2.02.2025,16:00,BBA108,10. Hafta,ŞERİFE BACI 37,99 - 54,ESKİŞEHİR ÇAĞDAŞ KOLEJLİLER,C,KASTAMONU,Kastamonu Atatürk Spor Salonu | ,,KAMİL ALOK,FATİH OĞUZHAN,ARMAN ATLI,ZEKERİYA ŞAHAN,CEREN ŞEN,METİN GÖKGÖZ,MUHAMMED FATİH BOZTOPRAK,SEZER ÇALIŞGAN,Kastamonu Atatürk Spor Salonu
2.02.2025,16:00,BBA109,10. Hafta,KASTAMONU İSTİKLAL YOLU,67 - 58,SAMSUN ZORLU KOLEJİ,C,KASTAMONU,Hüsnü Tandoğan Spor Salonu | ,,DERYA ÇELİK,NAMİ SUNAY SOYDAN,YAVUZHAN KÜRŞAT AYDIN,NİYAZİ ALİŞAN,SUDENUR KÖZ,İRFAN KÜTÜKOĞLU,ALİ İHSAN ATAŞ,ŞENOL KARABALTAOĞLU,Hüsnü Tandoğan Spor Salonu
2.02.2025,17:00,BBA106,10. Hafta,EVOLOG DAÇKA ŞERİFALİ,60 - 44,UNIGEN DÜZCE ATLETİK,B,İSTANBUL,Maltepe Müzahir Sille Spor Salonu | ,,SEYHAN TOPALOĞLU,MELİK KAYA,MERT ENVER GERMEN,DAĞHAN ÇELEBİ,BEGÜM SAVAŞ,ZEHRA AKAN,FATMA GÖK,GÖRKEM GÖRGÜLÜ,Maltepe Müzahir Sille Spor Salonu
2.02.2025,19:30,BBA107,10. Hafta,BAŞKENT ATLETİK,70 - 65,BKM GLOBAL HACETTEPE AKADEMİ,C,ANKARA,Sinan Şamil Sam Spor Salonu | ,,MURAT GENÇ,TAYFUN KARAKUM,EMRE EFE CİHAN,MERT KARAOĞLAN,SEDA İLTER,FATİH DEMİRCİ,MURATCAN KOLÇAK,YENER SALMAN,Sinan Şamil Sam Spor Salonu
3.02.2025,14:00,BBA102,10. Hafta,İSTANBUL GENÇLİK SPOR,56 - 42,İZMİR BÜYÜKŞEHİR BELEDİYESİ,A,İSTANBUL,Caferağa Spor Salonu | ,,SABRİ GÜNDÜZ,MELİH EREN,MEHMET EMİN RAŞİTOĞLU,YEŞER KARABULUT,MELİSSA BAŞA,EBRU ULUDOĞAN,FATMA GÖK,ESER FIRIL,Caferağa Spor Salonu
3.02.2025,15:00,BBA103,10. Hafta,ROMATEM BURSA ULUDAĞ BASKETBOL GELİŞİM,60 - 58,İSTANBUL ÜNİVERSİTESİ,A,BURSA,Yıldırım Şahin Başol Spor Kompleksi | ,,AHMET KÖSE,GÖZDE KAFADAR,RAHMİ GÜNER,BETÜL KARADEDE,SERKAN ILGAR,TEOMAN ÖYLEK,MELTEM UĞURLU,NİDA ECE TÜZÜK,Yıldırım Şahin Başol Spor Kompleksi
3.02.2025,18:00,BBA104,10. Hafta,KEMALPAŞA BASKETBOL,40 - 75,MAGDEBURGER  SİGORTA BEŞAS,B,İZMİR,Kemalpaşa Kapalı Spor Salonu | ,,HAVVA MİRHAN ATEŞER,HALİL ATA GÜNAL,TEOMAN ALTAR AKIN,ÖZCAN PAMUK,GİZEM KULAKSIZ,EMİNE KALKAN,ESMA UNTUÇ,CEMRE ÇEKAL,Kemalpaşa Kapalı Spor Salonu
6.02.2025,14:00,BBA112,Playoff Eleme Turu,BKM GLOBAL HACETTEPE AKADEMİ,75 - 68,KEPEZ BELEDİYE,,ANKARA,TOBB ETÜ Spor Salonu  | ,,ÖZKAN ÇAĞLAYAN,KAMİL ALOK,ERTUĞRUL TURAN TOPAL,DENİZ ÖNER,BEYZA MERYEM BOLAT,FATİH ŞEN,BERNA EKBİÇ,MELİKE DENİZ BAYRAM,TOBB ETÜ Spor Salonu
6.02.2025,17:00,BBA114,Playoff Eleme Turu,GÜNGÖREN BELEDİYESİ,62 - 64,İZMİT ZİRVE,,İSTANBUL,Güngören Spor Kompleksi | ,,SALİH ACAR,MUSA ONUR SAVAŞ,EMRE EFE CİHAN,SERTAÇ ERDEM,TUĞBA AKYÜZ,MURAT ÖZKAN,MURAT SEVGİL,KEREM SIRMAGİL,Güngören Spor Kompleksi
6.02.2025,19:00,BBA113,Playoff Eleme Turu,MERSİN GENÇLERBİRLİĞİ,48 - 45,BAŞKENT ATLETİK,,MERSİN,Toroslar 7.Bölge Spor Salonu | ,,DEYER AKÇAY,EMRE YELDAŞ,SALİH DALMAN,BAHA KAÇIN,SEMA KÖR,TÜRKAN KEKLİK,ABUZER BİLEN,BERK MERT,Toroslar 7.Bölge Spor Salonu
7.02.2025,14:00,BBA115,Playoff Eleme Turu,İSTANBUL GENÇLİK SPOR,64 - 46,KEMALPAŞA BASKETBOL,,İSTANBUL,Caferağa Spor Salonu | ,,HASAN KAMİL TAKINYALIOĞLU,KEREM ALTINTAŞ,İLAYDA SEZAN,MACİT ZEREN,GÖZDE BEGÜM AKÜZÜM,ALTAN CANDAN,EDA ELFİDAN,MELİSSA BAŞA,Caferağa Spor Salonu
7.02.2025,16:00,BBA116,Playoff Eleme Turu,İSTANBUL BASKETBOL FENERİ,65 - 58,İZMİR BÜYÜKŞEHİR BELEDİYESİ,,İSTANBUL,Maltepe Müzahir Sille Spor Salonu | ,,SONER ÖZAYDOĞAN,DERYA ÇELİK,EMİRHAN SERTOĞLU,ÖMER KESKİN,ESER FIRIL,EBRU ULUDOĞAN,BEKİR BAHÇE,NAZLI TUZCUOĞLU,Maltepe Müzahir Sille Spor Salonu
7.02.2025,16:00,BBA117,Playoff Eleme Turu,ANTALYA BÜYÜKŞEHİR BELEDİYESİ,41 - 42,ESKİŞEHİR ÇAĞDAŞ KOLEJLİLER,,ANTALYA,Antalya Büyükşehir Belediyesi 100. Yıl Sedir Spor Salonu | ,,TAYLAN KAYA,ERHAN ERDOĞAN,BERK BÜKE,EMRE GÜLŞEN,KÜBRA SEYHAN,KORAY ASAL,FATMA MAFACAN,BURHAN ÇİÇEK,Antalya Büyükşehir Belediyesi 100. Yıl Sedir Spor Salonu
7.02.2025,19:30,BBA118,Playoff Eleme Turu,MAGDEBURGER  SİGORTA BEŞAS,94 - 33,KADIKÖY BASKETBOL,,İSTANBUL,Caferağa Spor Salonu | ,,SALİH ARDA UNUL,GÜRKAN DEMİR,METİN ÜSTER,SERDAR İNAN,DİDEM ARPACI KARAGÖZ,FATMA GÖK,NALAN TAGA,MUSTAFA KEMAL PENPE,Caferağa Spor Salonu
9.02.2025,16:00,BBA119,Playoff Eleme Turu,KEPEZ BELEDİYE,55 - 38,BKM GLOBAL HACETTEPE AKADEMİ,,ANTALYA,Kepez Turgut Özal Spor Salonu | ,,ANIL VEZİROĞLU,BURAK MERT DEMİRTAŞ,ANASTASIIA USOVA,MUHAMMED DİYAÜDDİN SAĞIR,MAHMUT DOĞAN,ERKAN BÜDÜN,SEVCAN CELİL,NİLÜFER GÖK AKDAĞ,Kepez Turgut Özal Spor Salonu
9.02.2025,17:00,BBA121,Playoff Eleme Turu,İZMİT ZİRVE,47 - 54,GÜNGÖREN BELEDİYESİ,,KOCAELİ,Kocaeli Atatürk Spor Salonu | ,,ORÇUN AKGÜL,ZEKİ BAYRAM,SEÇKİN ŞENTÜRK,HALİL SERTDURAK,YILDIZ BUĞDACI,HAKAN ÇAKMAK,ÖZGE ERÇETİN,ENGİN SÜLEYMAN SİMOOĞLU,Kocaeli Atatürk Spor Salonu
9.02.2025,18:00,BBA120,Playoff Eleme Turu,BAŞKENT ATLETİK,82 - 89,MERSİN GENÇLERBİRLİĞİ,,ANKARA,Sinan Şamil Sam Spor Salonu | ,,MURAT GENÇ,OSMAN CAN GÜNDOĞDU,ARMAN ATLI,PINAR ÖNER,ELİF CAN,SERCAN YILDIRIM,SERKAN DOĞRUTÜRK,SÜLEYMAN YALÇIN TORUNOĞLU,Sinan Şamil Sam Spor Salonu
10.02.2025,16:30,BBA122,Playoff Eleme Turu,İZMİR BÜYÜKŞEHİR BELEDİYESİ,65 - 63,İSTANBUL BASKETBOL FENERİ,,İZMİR,Celal Atik Spor Salonu | ,,SERHAT DÜLGER,OZAN İNCE,HALİL ATA GÜNAL,ÖZCAN PAMUK,CEREN BARAN,OKAN ÇETİNBAŞ,SADIK ERGÜL,ERSOY TURAN,Celal Atik Spor Salonu
10.02.2025,18:00,BBA123,Playoff Eleme Turu,ESKİŞEHİR ÇAĞDAŞ KOLEJLİLER,44 - 71,ANTALYA BÜYÜKŞEHİR BELEDİYESİ,,ESKİŞEHİR,Özel Çağdaş Okulları Spor Salonu | ,,İZEL DENİZ PEHLİVAN ÇAKICI,KAMİL TALHA OLGUN,RAHMİ GÜNER,YEŞER KARABULUT,NURGÜL ASLAN,OKTAY TAŞ,MEHTAP BAKIŞ,EVREN ÖĞÜTVEREN,Özel Çağdaş Okulları Spor Salonu
10.02.2025,18:00,BBA124,Playoff Eleme Turu,KEMALPAŞA BASKETBOL,59 - 74,İSTANBUL GENÇLİK SPOR,,İZMİR,Vali Hüseyin Öğütcen Spor Salonu | ,,MUSTAFA TOPALOĞLU,OSMAN YETİŞKİN,HASAN TUNÇ KESKİN,BARIŞ KILIÇKAYA,DENİZ TAN,ÇAĞATAY KAMER VANLIOĞLU,SÜLEYMAN BARTU GÜL,ONUR BURAK,Vali Hüseyin Öğütcen Spor Salonu
10.02.2025,19:00,BBA125,Playoff Eleme Turu,KADIKÖY BASKETBOL,42 - 89,MAGDEBURGER  SİGORTA BEŞAS,,İSTANBUL,Caferağa Spor Salonu | ,,MURAT AMAÇ,FURKAN  SÖYLEMEZOĞLU,YASİN ALKAN,ERSİN ÇELİK,MELİSSA BAŞA,NALAN TAGA,DUYGU USTAOĞLU,TUĞBA DURNAOĞLU,Caferağa Spor Salonu
13.02.2025,16:00,BBA129,Playoff Eleme Turu,ANTALYA BÜYÜKŞEHİR BELEDİYESİ,51 - 34,ESKİŞEHİR ÇAĞDAŞ KOLEJLİLER,,ANTALYA,Antalya Büyükşehir Belediyesi 100. Yıl Sedir Spor Salonu | ,,NİHAT KARA,SONER ÖZAYDOĞAN,DERYA ÇELİK,MUHAMMED DİYAÜDDİN SAĞIR,MÜZEYYEN TÜRKCAN,BURHAN ÇİÇEK,FATMA MAFACAN,İRFAN YAŞAR,Antalya Büyükşehir Belediyesi 100. Yıl Sedir Spor Salonu
13.02.2025,17:00,BBA128,Playoff Eleme Turu,İSTANBUL BASKETBOL FENERİ,65 - 43,İZMİR BÜYÜKŞEHİR BELEDİYESİ,,İSTANBUL,Caferağa Spor Salonu | ,,MUSTAFA TOPALOĞLU,ANIL VEZİROĞLU,ALPER CAN BOZYEL,ATİF AL,NALAN TAGA,ALTAN CANDAN,OSMAN OKUDAN,ZEHRA AKAN,Caferağa Spor Salonu
15.02.2025,17:00,BBA127,Playoff Eleme Turu,GÜNGÖREN BELEDİYESİ,66 - 69,İZMİT ZİRVE,,İSTANBUL,Güngören Spor Kompleksi | ,,MURAT GENÇ,AHMET KÖSE,ŞEVKET KUTLUHAN KANBUROĞLU,YAŞAR SİNAN ÇELİKOĞLU,MURAT ÖZKAN,CEYDA KAPKAÇ,YÜKSEL NAZLIGÜL,ZAFER RİFAİ,Güngören Spor Kompleksi
16.02.2025,14:00,BBA126,Playoff Eleme Turu,BKM GLOBAL HACETTEPE AKADEMİ,62 - 56,KEPEZ BELEDİYE,,ANKARA,TOBB ETÜ Spor Salonu  | ,,İZEL DENİZ PEHLİVAN ÇAKICI,KAMİL TALHA OLGUN,METİN ÜSTER,PINAR ÖNER,YUNUS KAHRAMAN,ONUR YEŞİLBAĞ,GÖZDE ÖZBEK,YÜSRA BAKIRCI,TOBB ETÜ Spor Salonu
18.02.2025,15:00,BBA131,Playoff Eleme Turu,İSTANBUL ÜNİVERSİTESİ,50 - 46,SAMSUN ZORLU KOLEJİ,,İSTANBUL,Ahmet Cömert Spor Salonu | ,,SEYHAN TOPALOĞLU,KEREM ALTINTAŞ,HALİL ATA GÜNAL,ENİS GÜREL,EMRE YAZICI,GÜL URASLI,BARIŞ AKSAKAL,BURHAN DEMİR,Ahmet Cömert Spor Salonu
18.02.2025,17:30,BBA130,Playoff Eleme Turu,CEYHAN BELEDİYE BASKETBOL AKADEMİ,59 - 55,MAGDEBURGER  SİGORTA BEŞAS,,ADANA,Ceyhan Spor Salonu | ,,ANIL VEZİROĞLU,DEYER AKÇAY,ALİ CAN YILMAZ,MUSTAFA KEMAL ERSÖZ,MEHMET MURAT KÖMÜRHANLI,FERHAT ÜLGE,MELEK YILMAZ,ALİ DUVARCI,Ceyhan Spor Salonu
18.02.2025,19:00,BBA132,Playoff Eleme Turu,KASTAMONU İSTİKLAL YOLU,68 - 58,İSTANBUL GENÇLİK SPOR,,KASTAMONU,Hüsnü Tandoğan Spor Salonu | ,,KAMİL ALOK,FATİH OĞUZHAN,EMİRHAN SERTOĞLU,RAHMAN CANGÜL,SENA AYVADOĞLU,METİN GÖKGÖZ,MUHAMMED FATİH BOZTOPRAK,İRFAN KÜTÜKOĞLU,Hüsnü Tandoğan Spor Salonu
19.02.2025,16:00,BBA135,Playoff Eleme Turu,ROMATEM BURSA ULUDAĞ BASKETBOL GELİŞİM,66 - 48,BKM GLOBAL HACETTEPE AKADEMİ,,BURSA,Yıldırım Şahin Başol Spor Kompleksi | ,,MURAT AMAÇ,SALİH ARDA UNUL,HASAN TUNÇ KESKİN,SERKAN İNCE,FATMA SARI,NİDA ECE TÜZÜK,AHMET CAN ŞAPÇI,SERKAN ILGAR,Yıldırım Şahin Başol Spor Kompleksi
19.02.2025,18:00,BBA136,Playoff Eleme Turu,TED ANKARA KOLEJLİLER,80 - 69,İSTANBUL BASKETBOL FENERİ,,ANKARA,TED Üniversitesi Prof. Dr. Rüştü Yüce S.S. | ,,HASAN KAMİL TAKINYALIOĞLU,OSMAN CAN GÜNDOĞDU,MELİK KAYA,DENİZ ÖNER,ONUR YEŞİLBAĞ,NİHAN ÜNSAL,BORA MERT KARADEMİR,BİLAL UZGÖREN,TED Üniversitesi Prof. Dr. Rüştü Yüce S.S.
19.02.2025,18:00,BBA137,Playoff Eleme Turu,UNIGEN DÜZCE ATLETİK,70 - 47,ANTALYA BÜYÜKŞEHİR BELEDİYESİ,,DÜZCE,Bahçeşehir Merkez Spor Kompleksi | ,,ONUR AÇIKYÜZ,METİN ÜSTER,FURKAN  SÖYLEMEZOĞLU,HALİL SERTDURAK,GÜLNİHAL ERDEM,METEHAN AKGÜL,MERTCAN AKGÜL,EGEMEN ERGÜN,Bahçeşehir Merkez Spor Kompleksi
19.02.2025,18:00,BBA133,Playoff Eleme Turu,ŞERİFE BACI 37,87 - 44,İZMİT ZİRVE,,KASTAMONU,Kastamonu Atatürk Spor Salonu | ,,NİHAT KARA,DERYA ÇELİK,TAYFUN KARAKUM,IRMAK BAŞAK KAN,CEREN ŞEN,METİN GÖKGÖZ,ŞENOL KARABALTAOĞLU,İRFAN KÜTÜKOĞLU,Kastamonu Atatürk Spor Salonu
19.02.2025,19:00,BBA134,Playoff Eleme Turu,EVOLOG DAÇKA ŞERİFALİ,54 - 61,MERSİN GENÇLERBİRLİĞİ,,İSTANBUL,Caferağa Spor Salonu | ,,SABRİ GÜNDÜZ,SALİH ACAR,CELAL GÖRMÜŞ,NAİM ÖZYEŞİLPINAR,NAZLI TUZCUOĞLU,AHMET ERKASAP,HÜSEYİN DENİZ KIZIL,FATMA GÖK,Caferağa Spor Salonu
22.02.2025,14:00,BBA138,Playoff Eleme Turu,İSTANBUL GENÇLİK SPOR,66 - 60,KASTAMONU İSTİKLAL YOLU,,İSTANBUL,Caferağa Spor Salonu | ,,SAMET TEKİN,ALPER CAN BOZYEL,SENAY COŞKUN,METİN GÜRBÜZ,PINAR PAR MAT,ZEHRA AKAN,ALTAN CANDAN,EBRU ULUDOĞAN,Caferağa Spor Salonu
22.02.2025,18:30,BBA140,Playoff Eleme Turu,MAGDEBURGER  SİGORTA BEŞAS,47 - 45,CEYHAN BELEDİYE BASKETBOL AKADEMİ,,İSTANBUL,Caferağa Spor Salonu | ,,AHMET KÖSE,SEÇKİN ŞENTÜRK,MERT ENVER GERMEN,DAĞHAN ÇELEBİ,PINAR PAR MAT,ALTAN CANDAN,EBRU ULUDOĞAN,ZEHRA AKAN,Caferağa Spor Salonu
23.02.2025,16:00,BBA141,Playoff Eleme Turu,MERSİN GENÇLERBİRLİĞİ,64 - 59,EVOLOG DAÇKA ŞERİFALİ,,MERSİN,Edip Buran Spor Salonu | ,,ÖZKAN ÇAĞLAYAN,DERYA ÇELİK,ALİ BARAK,MURAT DEMİRATAN,NAİL ŞARAPLI,MUZAFFER HARUN ÖZSOY,ABUZER BİLEN,TUFAN EZER,Edip Buran Spor Salonu
23.02.2025,16:00,BBA142,Playoff Eleme Turu,ANTALYA BÜYÜKŞEHİR BELEDİYESİ,52 - 64,UNIGEN DÜZCE ATLETİK,,ANTALYA,Antalya Büyükşehir Belediyesi 100. Yıl Sedir Spor Salonu | ,,AYGÜN AKGÜL,GÖKHAN EĞLENOĞLU,SEDAT ERKOL,EMRE GÜLŞEN,DİLARA KILIÇ,KORAY ASAL,FATMA BELİZ ERİŞ,ERKAN BÜDÜN,Antalya Büyükşehir Belediyesi 100. Yıl Sedir Spor Salonu
23.02.2025,17:00,BBA143,Playoff Eleme Turu,İZMİT ZİRVE,47 - 79,ŞERİFE BACI 37,,KOCAELİ,Kocaeli Atatürk Spor Salonu | ,,HASAN KAMİL TAKINYALIOĞLU,HÜSEYİN SÖYLEMEZOĞLU,KÜRŞAT DENİZ,DERYA ANTAŞ,MELDA TAŞKIN,ERDEM ERGÜN,YILDIZ BUĞDACI,ÖZER COŞKUN,Kocaeli Atatürk Spor Salonu
23.02.2025,18:00,BBA144,Playoff Eleme Turu,İSTANBUL BASKETBOL FENERİ,63 - 76,TED ANKARA KOLEJLİLER,,İSTANBUL,Caferağa Spor Salonu | ,,HAVVA MİRHAN ATEŞER,SALİH ACAR,ŞEVKET KUTLUHAN KANBUROĞLU,METİN GÜRBÜZ,SEHER KAZANÇ,SERHAT LEVENT,MURAT GÜRKAN,FATMA GÖK,Caferağa Spor Salonu
24.02.2025,13:00,BBA145,Playoff Eleme Turu,BKM GLOBAL HACETTEPE AKADEMİ,48 - 84,ROMATEM BURSA ULUDAĞ BASKETBOL GELİŞİM,,ANKARA,TOBB ETÜ Spor Salonu  | ,,SEYHAN TOPALOĞLU,TAYLAN KAYA,CELAL GÖRMÜŞ,ÖNDER ŞENEL,AYŞE BETÜL AŞKIN,VEYSEL SİNAN TUNCER,FATMA ÇELİK,MİNE MİHRİCAN KANBUR,TOBB ETÜ Spor Salonu
26.02.2025,17:30,BBA139,Playoff Eleme Turu,SAMSUN ZORLU KOLEJİ,53 - 56,İSTANBUL ÜNİVERSİTESİ,,SAMSUN,Mustafa Dağıstanlı Spor Salonu | ,,SONER TÜRKER,FATİH OĞUZHAN,ARMAN ATLI,MEHMET SERDAR ÇÖZELİ,SEDA ÖZDEMİR,SUDEM NİSA AYDIN,MELİSA YAMAN,ŞÜKRAN İNCE,Mustafa Dağıstanlı Spor Salonu
26.02.2025,17:30,BBA146,Playoff Eleme Turu,CEYHAN BELEDİYE BASKETBOL AKADEMİ,54 - 42,MAGDEBURGER  SİGORTA BEŞAS,,ADANA,Ceyhan Spor Salonu | ,,AHMET BASRİ YILDIZ,ORÇUN AKGÜL,HAMZA ÇALIŞKAN,MUSTAFA KEMAL ERSÖZ,FERHAT ÜLGE,ERKAN İNCE,ALİ DUVARCI,CUMALİ BEKTAŞ,Ceyhan Spor Salonu
26.02.2025,18:00,BBA147,Playoff Eleme Turu,KASTAMONU İSTİKLAL YOLU,61 - 49,İSTANBUL GENÇLİK SPOR,,KASTAMONU,Hüsnü Tandoğan Spor Salonu | ,,SALİH SERKAN KOÇAK,OSMAN CAN GÜNDOĞDU,EMRE EFE CİHAN,ÖNDER ŞENEL,CEREN ŞEN,METİN GÖKGÖZ,ŞENOL KARABALTAOĞLU,İRFAN KÜTÜKOĞLU,Hüsnü Tandoğan Spor Salonu
4.03.2025,17:00,BBA148,Playoff Çeyrek Final,ROMATEM BURSA ULUDAĞ BASKETBOL GELİŞİM,63 - 58,MERSİN GENÇLERBİRLİĞİ,,BURSA,Yıldırım Şahin Başol Spor Kompleksi | ,,İZEL DENİZ PEHLİVAN ÇAKICI,HALİL ATA GÜNAL,İSMAİL BAYRAM,MEHMET AKİF KARAGÖZ,ESRA AL,SEVDA USTA,MELTEM UĞURLU,AHMET CAN ŞAPÇI,Yıldırım Şahin Başol Spor Kompleksi
5.03.2025,16:00,BBA150,Playoff Çeyrek Final,UNIGEN DÜZCE ATLETİK,52 - 58,İSTANBUL ÜNİVERSİTESİ,,DÜZCE,Bahçeşehir Merkez Spor Kompleksi | ,,MUSTAFA TOPALOĞLU,MUSA ONUR SAVAŞ,ALİ KÜÇÜKERDEM,HALİL SERTDURAK,NAZİRE YİĞİTER,MERTCAN AKGÜL,GÜLNİHAL ERDEM,METEHAN AKGÜL,Bahçeşehir Merkez Spor Kompleksi
5.03.2025,18:00,BBA149,Playoff Çeyrek Final,TED ANKARA KOLEJLİLER,85 - 50,KASTAMONU İSTİKLAL YOLU,,ANKARA,TED Üniversitesi Prof. Dr. Rüştü Yüce S.S. | ,,SABRİ GÜNDÜZ,BORA ÇEVİK,YASİN ALKAN,ZAFER ÖZGÜN,ÖYKÜ BÖYÜKÇAKIR,NİHAN ÜNSAL,KORAY ÖZÇELİK,MİNE MİHRİCAN KANBUR,TED Üniversitesi Prof. Dr. Rüştü Yüce S.S.
5.03.2025,20:00,BBA151,Playoff Çeyrek Final,ŞERİFE BACI 37,61 - 56,CEYHAN BELEDİYE BASKETBOL AKADEMİ,,KASTAMONU,Kastamonu Atatürk Spor Salonu | ,,HALUK YAKIN,OSMAN CAN GÜNDOĞDU,İSMAİL ARSLAN,MUTLU  HİÇYILMAZ,SENA AYVADOĞLU,METİN GÖKGÖZ,SUDENUR KÖZ,İRFAN KÜTÜKOĞLU,Kastamonu Atatürk Spor Salonu
8.03.2025,15:00,BBA152,Playoff Çeyrek Final,MERSİN GENÇLERBİRLİĞİ,76 - 82,ROMATEM BURSA ULUDAĞ BASKETBOL GELİŞİM,,MERSİN,Edip Buran Spor Salonu | ,,ALİ CAN YILMAZ,DEYER AKÇAY,HASAN KORKMAZ,AHMET ÖZKAN,İLKNUR DABLAN,BERK MERT,SALİHA KUTLU,SABAHİTTİN KAZAN,Edip Buran Spor Salonu
9.03.2025,13:00,BBA153,Playoff Çeyrek Final,İSTANBUL ÜNİVERSİTESİ,64 - 77,UNIGEN DÜZCE ATLETİK,,İSTANBUL,Ahmet Cömert Spor Salonu | ,,SEDEF YARICI,NİHAT KARA,ŞEVKET KUTLUHAN KANBUROĞLU,DAĞHAN ÇELEBİ,CANAN EROĞUL,EMRAH RİFAİ,GÖKHAN ALTUNTAŞ,MEHMET NECATİ EROĞUL,Ahmet Cömert Spor Salonu
9.03.2025,16:00,BBA154,Playoff Çeyrek Final,KASTAMONU İSTİKLAL YOLU,63 - 79,TED ANKARA KOLEJLİLER,,KASTAMONU,Hüsnü Tandoğan Spor Salonu | ,,SONER TÜRKER,HÜSEYİN SÖYLEMEZOĞLU,TAYFUN KARAKUM,RAHMAN CANGÜL,CEREN ŞEN,METİN GÖKGÖZ,ESMA ÇİÇEK,İRFAN KÜTÜKOĞLU,Hüsnü Tandoğan Spor Salonu
9.03.2025,16:30,BBA155,Playoff Çeyrek Final,CEYHAN BELEDİYE BASKETBOL AKADEMİ,50 - 58,ŞERİFE BACI 37,,ADANA,Ceyhan Spor Salonu | ,,ERSEL BÜYÜKKARA,OSMAN KINCAL,YASEMİN KUNDAKÇI,MUSTAFA KEMAL ERSÖZ,CUMALİ BEKTAŞ,FERHAT ÜLGE,AHMET ARDA KARÇIĞA,MEHMET MURAT KÖMÜRHANLI,Ceyhan Spor Salonu
13.03.2025,16:00,BBA156,Playoff Çeyrek Final,UNIGEN DÜZCE ATLETİK,44 - 55,İSTANBUL ÜNİVERSİTESİ,,DÜZCE,Bahçeşehir Merkez Spor Kompleksi | ,,HASAN KAMİL TAKINYALIOĞLU,ERHAN ERDOĞAN,MELİK KAYA,VEYSEL PEKDOĞAN,GÜLNİHAL ERDEM,MERTCAN AKGÜL,METEHAN AKGÜL,EGEMEN ERGÜN,Bahçeşehir Merkez Spor Kompleksi
16.03.2025,17:00,BBA157,Playoff Yarı Final,ROMATEM BURSA ULUDAĞ BASKETBOL GELİŞİM,81 - 71,TED ANKARA KOLEJLİLER,,BURSA,Yıldırım Şahin Başol Spor Kompleksi | ,Youtube / TBF TV,UYGAR KURT,GÜRKAN DEMİR,ALPEREN BAŞER,NURSEL İSLAM,SEVİLAY ÖZDEMİR,EMEL ÖZTÜRK,MELTEM UĞURLU,TEOMAN ÖYLEK,Yıldırım Şahin Başol Spor Kompleksi
16.03.2025,20:00,BBA158,Playoff Yarı Final,ŞERİFE BACI 37,66 - 55,İSTANBUL ÜNİVERSİTESİ,,KASTAMONU,Kastamonu Atatürk Spor Salonu | ,,MURAT GENÇ,FATİH OĞUZHAN,KEREM ALTINTAŞ,ŞABAN KAYMAK,SENA AYVADOĞLU,METİN GÖKGÖZ,ŞENOL KARABALTAOĞLU,İRFAN KÜTÜKOĞLU,Kastamonu Atatürk Spor Salonu
19.03.2025,18:00,BBA159,Playoff Yarı Final,TED ANKARA KOLEJLİLER,98 - 68,ROMATEM BURSA ULUDAĞ BASKETBOL GELİŞİM,,ANKARA,TED Üniversitesi Prof. Dr. Rüştü Yüce S.S. | ,Youtube / TBF TV,SEYHAN TOPALOĞLU,KAMİL ALOK,EMİRHAN SERTOĞLU,ZEKERİYA ŞAHAN,ŞİLAN BERRA ATLI,FATİH DEMİRCİ,MİNE MİHRİCAN KANBUR,SİMAY ÇAKMAK,TED Üniversitesi Prof. Dr. Rüştü Yüce S.S.
19.03.2025,13:00,BBA160,Playoff Yarı Final,İSTANBUL ÜNİVERSİTESİ,53 - 48,ŞERİFE BACI 37,,İSTANBUL,Ahmet Cömert Spor Salonu | ,Youtube / TBF TV,SABRİ GÜNDÜZ,ANIL VEZİROĞLU,SALİH ACAR,YAŞAR SİNAN ÇELİKOĞLU,NEŞE KIRAN,MERT İĞDELİ,MURAT ÖZKAN,ERMAN YÜCEL,Ahmet Cömert Spor Salonu
22.03.2025,20:00,BBA161,Playoff Yarı Final,ŞERİFE BACI 37,72 - 47,İSTANBUL ÜNİVERSİTESİ,,KASTAMONU,Kastamonu Atatürk Spor Salonu | ,Youtube / TBF TV,SAMET TEKİN,DERYA ÇELİK,MUSA ONUR SAVAŞ,ZAFER ÖZGÜN,CEREN ŞEN,METİN GÖKGÖZ,ŞENOL KARABALTAOĞLU,İRFAN KÜTÜKOĞLU,Kastamonu Atatürk Spor Salonu
23.03.2025,17:00,BBA162,Playoff Yarı Final,ROMATEM BURSA ULUDAĞ BASKETBOL GELİŞİM,77 - 72,TED ANKARA KOLEJLİLER,,BURSA,Yıldırım Şahin Başol Spor Kompleksi | ,Youtube / TBF TV,HALUK YAKIN,SALİH ARDA UNUL,METİN ÜSTER,REŞAT ATAY,FATMA SARI,ESRA SOLAK,AHMET CAN ŞAPÇI,SERKAN ILGAR,Yıldırım Şahin Başol Spor Kompleksi
25.03.2025,15:00,BBA163,Final,ROMATEM BURSA ULUDAĞ BASKETBOL GELİŞİM,87 - 58,ŞERİFE BACI 37,,İSTANBUL,Basketbol Gelişim Merkezi (Milli Takımlar Salonu) | ,Youtube / TBF TV,KAMİL TALHA OLGUN,ONUR AÇIKYÜZ,CELAL GÖRMÜŞ,SERDAR İNAN,ELİF YEŞİLDAL,GÜL URASLI,AYBERK PARALI,YÜKSEL NAZLIGÜL,Basketbol Gelişim Merkezi (Milli Takımlar Salonu)
