Tarih,Saat,Maç No,Hafta,A Takım,Sonuç,B Takım,Grubu,Şehir,Salon,TV,Baş Hakem,1. Yrd. Hakem,2. Yrd. Hakem,Temsilci,1. Masa G.,2. Masa G.,3. Masa G.,4. Masa G.,Salon.1
19.02.2022,15:00,BBA1560,Playoff Eleme Turu,ÇAĞDAŞ KOLEJLİLER,38 - 70,EMLAK KONUT GELİŞİM,,ESKİŞEHİR,Eskişehir Teknik (Anadolu) Üniversitesi Spor Salonu  | ,,CAN YANAR,SONER ÖZAYDOĞAN,ÜNAL GÜNDOĞDU,BURAK TALHA DOĞAN,FİLİZ ÇOPUROĞLU,FATİH TAYSI,ZEYNEP TAYSI,EVREN ÖĞÜTVEREN,Eskişehir Teknik (Anadolu) Üniversitesi Spor Salonu
19.02.2022,15:00,BBA1561,Playoff Eleme Turu,GİRESUN BELEDİYE,61 - 78,ELAZIĞ BASKETBOL,,GİRESUN,19 Eylül S.S. | ,,HİKMET FEN,FURKAN KESERATAR,MUSTAFA ÇELTİKER,SEMİH KAYA,GÜLSÜN OKSAL,AYNUR KONAR BAVUK,MİHRİBAN ÇİĞDEM,TANSEL TOPŞİR,19 Eylül S.S.
20.02.2022,14:00,BBA1559,Playoff Eleme Turu,ISKUDER,41 - 89,İZMİR BÜYÜKŞEHİR BELEDİYESİ,,ISPARTA,6 Mart Spor Salonu | ,,CANER BAHADIR,ONUR AÇIKYÜZ,ENES DURAN,MERT ELMA,SEHER YÜRÜK,BURAK TATOĞLU,ÖZKAN ALTINÖRS,ÇAĞATAY KASIM KÜÇÜKOĞLU,6 Mart Spor Salonu
20.02.2022,18:00,BBA1564,Playoff Eleme Turu,ÇERKEZKÖY BELEDİYESİ,68 - 51,KASTAMONU İSTİKLAL YOLU,,TEKİRDAĞ,Çerkezköy Belediyesi 29 Ekim Spor Kompleksi | ,,HAVVA MİRHAN ATEŞER,FIRAT ATAR,OSMAN YETİŞKİN,ENİS GÜREL,BİLGİNAR KARABIYIK,MÜJDE ÖNGEL,ÖZLEM DELİCE,ATA UĞUR ÖNGEL,Çerkezköy Belediyesi 29 Ekim Spor Kompleksi
20.02.2022,18:30,BBA1563,Playoff Eleme Turu,KALAMIŞ KALKEDON,65 - 78,BURHANİYE BELEDİYESPOR,,İSTANBUL,Caferağa Spor Salonu | ,,SEDEF YARICI,OZAN GÜNDÜZ,MUHAMMED TURP,GÜNAY YAYLI,DUYGU USTAOĞLU,ECE DİKMENLİ,VEDAT SAVAŞ,ARZU KÖRKEN,Caferağa Spor Salonu
21.02.2022,18:00,BBA1562,Playoff Eleme Turu,DİBA,71 - 44,YENİ SİNCAN,,ANKARA,Ankara Spor Salonu (Küçük) | ,,MUSTAFA BAŞTÜRK,ALMİNA KOCABAŞ,AHMET MALİK ŞAN,VEYSEL PEKDOĞAN,HÜSEYİN ÖKMEN,İSMAİL FULSER,SİBEL FAZLIOĞLU,SİNA KÜÇÜKDİLEK,Ankara Spor Salonu (Küçük)
25.02.2022,16:00,BBA1566,Playoff Eleme Turu,EMLAK KONUT GELİŞİM,60 - 34,ÇAĞDAŞ KOLEJLİLER,,İSTANBUL,Şehit Mustafa Özel Spor Kompleksi | ,,ÖZKAN TALO,MUSTAFA SELÇUK,BARIŞ TURGUT,MELİH ERGENE,TUĞÇE KAYA,CEYDA KAPKAÇ,REMZİ KILIÇ,ESİN MÜEZZİNOĞLU,Şehit Mustafa Özel Spor Kompleksi
26.02.2022,14:00,BBA1565,Playoff Eleme Turu,İZMİR BÜYÜKŞEHİR BELEDİYESİ,92 - 25,ISKUDER,,İZMİR,Celal Atik Spor Salonu | ,,ESRA YILDIZ,ALPER CAN BOZYEL,YUNUS EMRE ALICI,OKAN KAHRAMAN,DİLEK DOĞAN KARACA,ELİF KALENDER,ZEYNEP GÖRÜMLÜ,ÖZGÜR TOPCU,Celal Atik Spor Salonu
27.02.2022,15:00,BBA1568,Playoff Eleme Turu,YENİ SİNCAN,58 - 51,DİBA,,ANKARA,Sinan Şamil Sam Spor Salonu | ,,BURAK KAAN TAN,DERYA ÇELİK,SAFA HALİT ÇAKIR,BÜLENT TANESEN,SERCAN YILDIRIM,MELTEM KOLÇAK,DOĞUKAN TOPRAK,YENER SALMAN,Sinan Şamil Sam Spor Salonu
27.02.2022,15:00,BBA1569,Playoff Eleme Turu,BURHANİYE BELEDİYESPOR,80 - 53,KALAMIŞ KALKEDON,,BALIKESİR,Burhaniye Spor Salonu | ,,ELİF İNCİ,NUR AKÇA,MUSTAFA TOPALOĞLU,SEYİT AHMET BECAN,ERCAN ÇAVUŞOĞLU,MERT TELLİBAYRAKTAR,GÜRBÜZ KOÇOĞLU,METİN IŞIK,Burhaniye Spor Salonu
27.02.2022,16:00,BBA1570,Playoff Eleme Turu,KASTAMONU İSTİKLAL YOLU,77 - 84,ÇERKEZKÖY BELEDİYESİ,,KASTAMONU,Hüsnü Tandoğan Spor Salonu | ,,SÜLEYMAN EREN PEKDOĞAN,KAMİL ALOK,SONER TÜRKER,UĞUR ERHAN DEDEŞAH,SEZER ÇALIŞGAN,İRFAN KÜTÜKOĞLU,ERCAN ÇİÇEK,ŞENOL KARABALTAOĞLU,Hüsnü Tandoğan Spor Salonu
27.02.2022,16:00,BBA1567,Playoff Eleme Turu,ELAZIĞ BASKETBOL,74 - 67,GİRESUN BELEDİYE,,ELAZIĞ,Elazığ İl Özel İdare S.S. | ,,ÖZKAN ÇAĞLAYAN,AYGÜN AKGÜL,MAHSUN ALANKO,YAŞAR ARIĞTEKİN,AYŞE GÜNHAN,DİDEM YAVUZ SÖYLER,HAYRULLAH IŞIK,TUNCAY DAĞDELEN,Elazığ İl Özel İdare S.S.
19.11.2021,13:00,BBA1449,01. Hafta,YENİ SİNCAN,57 - 71,KASTAMONU İSTİKLAL YOLU,B,ANKARA,Sinan Şamil Sam Spor Salonu | ,,YUSUF SARPER DAĞLI,MUSTAFA AKSOY,MEHMET BOZKURT,HASAN GÜNGÖR,SAMET CAN ALICI,VEYSEL SİNAN TUNCER,AHMET BUĞRAHAN TÜRKER,MURATCAN KOLÇAK,Sinan Şamil Sam Spor Salonu
19.11.2021,14:00,BBA1452,01. Hafta,BURSA AYYILDIZ,68 - 73,KALAMIŞ KALKEDON,D,BURSA,Yıldırım Şahin Başol Spor Kompleksi | ,,MUSTAFA ÇELTİKER,ÜNAL GÜNDOĞDU,ATAKAN KOLCU,GÜNAY YAYLI,AYÇA ÜNLÜ,ADEM ÇATALKAŞ,TAHSİN TİRYAKİ,ESRA AL,Yıldırım Şahin Başol Spor Kompleksi
20.11.2021,14:00,BBA1451,01. Hafta,ISKUDER,67 - 52,MUĞLA KARYA,C,ISPARTA,6 Mart Spor Salonu | ,,SEDEF YARICI,HAKAN YİĞİT,GÖKHAN EĞLENOĞLU,MUSTAFA BİÇER,SEHER YÜRÜK,BURAK TATOĞLU,ÖZKAN ALTINÖRS,,6 Mart Spor Salonu
20.11.2021,15:00,BBA1457,01. Hafta,GİRESUN BELEDİYE,61 - 49,BAŞKENT KARTALLARI,A,GİRESUN,19 Eylül S.S. | ,,ALPER TACETTİN,METİN SARIOĞLU,HAMZA ÇALIŞKAN,ZELİHA BAYRAKTAR,ÖZLEM ÖZKANLI BIÇAKCI,GÖRKEM UZUNALİOĞLU,MİHRİBAN ÇİĞDEM,,19 Eylül S.S.
20.11.2021,17:00,BBA1448,01. Hafta,ATLAS TIGERS,20 - 0,TOROSLAR BELEDİYE,A,ADANA,Menderes Spor Salonu | ,,KÜBRA KENDİRLİ,SALİH OCAKOĞLU,GÜNDOĞAN ALİ BALABAN,AHMET ÖZKAN,DENİZ ORGÜN,CUMALİ TOSUN,MEHMET MURAT KÖMÜRHANLI,BURAK SEZEN,Menderes Spor Salonu
21.11.2021,14:00,BBA1450,01. Hafta,ALTINEL,39 - 105,DÜZCE ATLETİK GENÇLİKSPOR,B,ANKARA,Ankara Spor Salonu (Küçük) | ,,BURAK MERT DEMİRTAŞ,ALİ CAN YILMAZ,RIDVAN CÖMERT,ERDEM EFE,KAMİL TOSUN,PELİN KUZU,SERCAN YILDIRIM,SİMAY ÇAKMAK,Ankara Spor Salonu (Küçük)
21.11.2021,14:00,BBA1456,01. Hafta,EMLAK KONUT GELİŞİM,63 - 43,EDİRNE DSİ SPOR,E,İSTANBUL,Bayrampaşa Spor Salonu | ,,CAN ÜTKÜR,NURİ DİLMEN,OZAN GÜNDÜZ,BURAK DEMİR,ÖZLEM TUNA,ALPKAN HACIYAKUPOĞLU,BERK MERT,ŞERMİN NAZLIGÜL,Bayrampaşa Spor Salonu
21.11.2021,14:30,BBA1453,01. Hafta,BANDIRMA BASKETBOL,66 - 48,İSTANBUL PANTERLERİ,D,BALIKESİR,Bandırma Basketbol Spor Salonu | ,,MUSTAFA TOPALOĞLU,OKAN MUHAMMET ANLATICI,GÜNEY BİRLİK,MURAT KARTAL,IŞIL ÖZKAN,MEHMET GÖKAY SEVİNÇ,HÜSEYİN GİRGİN,METİN IŞIK,Bandırma Basketbol Spor Salonu
21.11.2021,16:00,BBA1447,01. Hafta,ELAZIĞ BASKETBOL,76 - 67,DİBA,A,ELAZIĞ,Yakup Kılıç Spor Salonu | ,,RABİHA TANK,MEHMET BARUT,ABDURRAHMAN İNAL,ÖMER KAYMAZ,AYŞE GÜNHAN,DİDEM YAVUZ SÖYLER,TUNCAY DAĞDELEN,HAYRULLAH IŞIK,Yakup Kılıç Spor Salonu
21.11.2021,17:00,BBA1455,01. Hafta,KIRKLARELİ GENÇLİK,44 - 65,ÇERKEZKÖY BELEDİYESİ,E,KIRKLARELİ,ATATÜRK | ,,ALPER CAN BOZYEL,OSMAN YETİŞKİN,NUSRET BİLALOĞLU,YAŞAR TERZİOĞLU,ÖZGÜ YILAN,GÜLİZ ÖZALTAN DİLMEN,DERYA EVCEN,AYBİKE KURTULDU,ATATÜRK
22.11.2021,15:00,BBA1454,01. Hafta,İSTANBUL ÜNİVERSİTESİ,53 - 49,İSTANBUL BASKETBOL FENERİ,E,İSTANBUL,Şehit Mustafa Özel Spor Kompleksi | ,,ALMİNA KOCABAŞ,ASLI KOÇAK,BERK YÜCEL,ADNAN KIVANÇ,NEŞE KIRAN,HİLMİ CANKUT AYNAR,YEŞİM AKAN,ERMAN YÜCEL,Şehit Mustafa Özel Spor Kompleksi
26.11.2021,18:00,BBA1459,02. Hafta,DİBA,85 - 50,ATLAS TIGERS,A,ANKARA,Ankara Spor Salonu (Küçük) | ,,BATUHAN MERT GÜL,VEYSEL ASLAN,YILDIZ TURAN,ERDEM EFE,SİMAY ÇAKMAK,İSMAİL FULSER,FATİH ŞEN,SİBEL FAZLIOĞLU,Ankara Spor Salonu (Küçük)
27.11.2021,14:00,BBA1462,02. Hafta,İZMİR BÜYÜKŞEHİR BELEDİYESİ,76 - 23,ISKUDER,C,İZMİR,Celal Atik Spor Salonu | ,,GÖNENÇ ÇETİN,ENES DURAN,METİN ÜSTER,BÜLENT GÖKÇE,CEMRE ÇEKAL,EBRU AYDIN,SADIK ERGÜL,HAKAN DÖNMEZ,Celal Atik Spor Salonu
27.11.2021,14:00,BBA1468,02. Hafta,ÇERKEZKÖY BELEDİYESİ,48 - 68,EMLAK KONUT GELİŞİM,E,TEKİRDAĞ,Çorlu Spor Salonu | ,,AHMET TAYLAN ÖZTÜRK,UMUT MEMİŞ,GÖKHAN EĞLENOĞLU,ADNAN KIVANÇ,DERYA GÜLBAHAR,BİLGİNAR KARABIYIK,NAZMİYE ATAMAN,SİMRE NERMİN ERTETİK,Çorlu Spor Salonu
27.11.2021,17:00,BBA1464,02. Hafta,BURHANİYE BELEDİYESPOR,64 - 37,BURSA AYYILDIZ,D,BALIKESİR,Burhaniye Spor Salonu | ,,SERAY AK,FATİH ERDOĞAN,NUSRET BİLALOĞLU,ELA ONAT,GAMZE ATİLA,ESİN ÖZSÜRMELİ,IŞIL ÖZKAN,METİN IŞIK,Burhaniye Spor Salonu
27.11.2021,17:00,BBA1467,02. Hafta,EDİRNE DSİ SPOR,63 - 59,İSTANBUL ÜNİVERSİTESİ,E,EDİRNE,Mimar Sinan Spor Salonu | ,,CAN YANAR,NURİ DİLMEN,BARIŞ ÖZTÜRK,TAYFUN AY,GAMZE ERSOY,ELİF ÖÇAL,İREM TAVŞANTEPE,ENGİN SÜLEYMAN SİMOOĞLU,Mimar Sinan Spor Salonu
27.11.2021,18:00,BBA1460,02. Hafta,ÇAĞDAŞ KOLEJLİLER,40 - 67,YENİ SİNCAN,B,ESKİŞEHİR,Yenikent Şehit Anıl Gül Spor Salonu | ,,RAMAZAN SEZER BARAN,GÜNDOĞAN ALİ BALABAN,OZAN GÜNDÜZ,EREN KÜÇÜKSOLAKOĞLU,AZİZCAN COŞGEL,GİZEM AYDOĞDU,DUYGU YILDIZ HANLI,FİLİZ ÇOPUROĞLU,Yenikent Şehit Anıl Gül Spor Salonu
28.11.2021,12:00,BBA1466,02. Hafta,İSTANBUL BASKETBOL FENERİ,56 - 60,KIRKLARELİ GENÇLİK,E,İSTANBUL,İTO Yakacık Spor Salonu | ,,SAFA HALİT ÇAKIR,ÖMER SARI,ATAKAN KOLCU,HÜSEYİN OSMAN BÜYÜKGÖKSU,BÜŞRA ERKAN,ARZU KÖRKEN,MURAT GÜRKAN,ZEHRA AKAN,İTO Yakacık Spor Salonu
28.11.2021,13:00,BBA1461,02. Hafta,KASTAMONU İSTİKLAL YOLU,110 - 42,ALTINEL,B,KASTAMONU,Hüsnü Tandoğan Spor Salonu | ,,SÜLEYMAN EREN PEKDOĞAN,ÖMER KALAYDIN,BERK YÜCEL,ADNAN YAKUT,ALİ İHSAN ATAŞ,İRFAN KÜTÜKOĞLU,CEM KAPUCUOĞLU,SEZER ÇALIŞGAN,Hüsnü Tandoğan Spor Salonu
28.11.2021,16:00,BBA1463,02. Hafta,MUĞLA KARYA,67 - 64,KEPEZ BELEDİYE,C,MUĞLA,Muğla Atatürk Spor Salonu | ,,YUSUF SARPER DAĞLI,AHMET OĞUZHAN CİRİT,OKAN MUHAMMET ANLATICI,MEHMET KANER,BEYZA GÜLŞEN,ALİ BEŞİROĞLU,YAŞAR TOPUZ,EVREN ERTOY,Muğla Atatürk Spor Salonu
28.11.2021,18:00,BBA1469,02. Hafta,BAŞKENT KARTALLARI,42 - 76,ELAZIĞ BASKETBOL,A,ANKARA,Sinan Şamil Sam Spor Salonu | ,,RAMAZAN SEZER BARAN,KAMİL ALOK,FATİH OĞUZHAN,HASAN GÜNGÖR,SERCAN YILDIRIM,VEYSEL SİNAN TUNCER,VOLKAN DARCAN,FİKRET MERCAN,Sinan Şamil Sam Spor Salonu
28.11.2021,18:00,BBA1458,02. Hafta,TOROSLAR BELEDİYE,42 - 77,GİRESUN BELEDİYE,A,MERSİN,Toroslar 7.Bölge Spor Salonu | ,,HİKMET FEN,HÜSEYİN EMRE EROL,AHMET MALİK ŞAN,MUHAMMED DİYAÜDDİN SAĞIR,FATMA ITIR ÖNCEL,SABAHİTTİN KAZAN,SELÇUK TEMÜR,LEVENT YORULMAZ,Toroslar 7.Bölge Spor Salonu
28.11.2021,18:00,BBA1465,02. Hafta,KALAMIŞ KALKEDON,83 - 52,BANDIRMA BASKETBOL,D,İSTANBUL,Caferağa Spor Salonu | ,,ELİF İNCİ,SALİH OCAKOĞLU,MEHMET BARUT,FERHAT SUNA,BEGÜM SAVAŞ,GÖZDE BEGÜM AKÜZÜM,SEHER KAZANÇ,SEÇİL SILA KORALP,Caferağa Spor Salonu
3.12.2021,13:00,BBA1473,03. Hafta,YENİ SİNCAN,118 - 36,ALTINEL,B,ANKARA,Sinan Şamil Sam Spor Salonu | ,,SALİH SERKAN KOÇAK,MUSTAFA BAŞTÜRK,DERYA ÇELİK,HASAN GÜNGÖR,YASEMİN YILDIRIM,VEYSEL SİNAN TUNCER,RESUL GEÇER,SİMAY ÇAKMAK,Sinan Şamil Sam Spor Salonu
3.12.2021,14:00,BBA1476,03. Hafta,BURSA AYYILDIZ,63 - 42,BANDIRMA BASKETBOL,D,BURSA,Yıldırım Şahin Başol Spor Kompleksi | ,,ÇETİN ARTAN,BURAK MERT DEMİRTAŞ,ONUR AÇIKYÜZ,MUSTAFA DURGUT,NEBİYE SALLANTI,SEVDA USTA,ESRA AL,ADEM ÇATALKAŞ,Yıldırım Şahin Başol Spor Kompleksi
4.12.2021,14:00,BBA1474,03. Hafta,ISKUDER,27 - 70,KEPEZ BELEDİYE,C,ISPARTA,6 Mart Spor Salonu | ,,FIRAT ATAR,SAMET FIRAT SAVAŞ,ALPEREN BAŞER,MUSTAFA BİÇER,RAMAZAN ALKAN,ÇAĞATAY KASIM KÜÇÜKOĞLU,ÖZKAN ALTINÖRS,BURAK TATOĞLU,6 Mart Spor Salonu
4.12.2021,15:00,BBA1471,03. Hafta,GİRESUN BELEDİYE,67 - 54,DİBA,A,GİRESUN,19 Eylül S.S. | ,,KAMİL ALOK,MERİÇ BAYAZIT,FATİH OĞUZHAN,KAYA EREZ,GÜLSÜN OKSAL,AYNUR KONAR BAVUK,TANSEL TOPŞİR,AZİZE BİROL,19 Eylül S.S.
4.12.2021,17:00,BBA1475,03. Hafta,BURHANİYE BELEDİYESPOR,80 - 65,İSTANBUL PANTERLERİ,D,BALIKESİR,Edremit Spor Salonu | ,,ELİF İNCİ,MEHMET BOZKURT,GÖKHAN EĞLENOĞLU,İBRAHİM EMRE AYDEMİR,GÜRBÜZ KOÇOĞLU,MERT TELLİBAYRAKTAR,ERCAN ÇAVUŞOĞLU,METİN IŞIK,Edremit Spor Salonu
4.12.2021,18:00,BBA1472,03. Hafta,ÇAĞDAŞ KOLEJLİLER,72 - 68,DÜZCE ATLETİK GENÇLİKSPOR,B,ESKİŞEHİR,Yenikent Şehit Anıl Gül Spor Salonu | ,,ECEM BOZKURT,HALUK YAKIN,HÜSEYİN ÇAMCI,GÜLŞEN ÖZTÜRK,BURCU USTAER,FATİH TAYSI,ELVAN ÇELİK,EVREN ÖĞÜTVEREN,Yenikent Şehit Anıl Gül Spor Salonu
5.12.2021,15:00,BBA1479,03. Hafta,İSTANBUL ÜNİVERSİTESİ,55 - 71,ÇERKEZKÖY BELEDİYESİ,E,İSTANBUL,Şehit Mustafa Özel Spor Kompleksi | ,,BATUHAN MERT GÜL,BARIŞ ÖZTÜRK,HAMZA ÇALIŞKAN,FERHAT SUNA,MURAT SEVGİL,LAL DENİZ ÇELİKER,YEŞİM AKAN,SEMRA AKDUMAN,Şehit Mustafa Özel Spor Kompleksi
5.12.2021,16:30,BBA1477,03. Hafta,İSTANBUL BASKETBOL FENERİ,54 - 62,EDİRNE DSİ SPOR,E,İSTANBUL,İTO Yakacık Spor Salonu | ,,AHMET TAYLAN ÖZTÜRK,CAN ÜTKÜR,ASLI KOÇAK,BURAK DEMİR,MURAT SONER DURADEMİR,TOLGAY ÖZCAN,DEMET ULUCUTSOY,BÜŞRA ERKAN,İTO Yakacık Spor Salonu
5.12.2021,17:00,BBA1478,03. Hafta,KIRKLARELİ GENÇLİK,58 - 71,EMLAK KONUT GELİŞİM,E,KIRKLARELİ,ATATÜRK | ,,HAVVA MİRHAN ATEŞER,HÜSEYİN SÖYLEMEZOĞLU,MUSTAFA ÇELTİKER,YAŞAR TERZİOĞLU,BUSE NUR AK,AYBİKE KURTULDU,GÜLİZ ÖZALTAN DİLMEN,FATMA SARI,ATATÜRK
5.12.2021,18:00,BBA1480,03. Hafta,BAŞKENT KARTALLARI,74 - 64,TOROSLAR BELEDİYE,A,ANKARA,Sinan Şamil Sam Spor Salonu | ,,FATMA ÖZTÜRK,SALİH ARDA UNUL,YILDIZ TURAN,NİYAZİ ALİŞAN,YENER SALMAN,FATİH DEMİRCİ,VOLKAN DARCAN,FATMA ÇELİK,Sinan Şamil Sam Spor Salonu
5.12.2021,18:00,BBA1470,03. Hafta,ELAZIĞ BASKETBOL,76 - 52,ATLAS TIGERS,A,ELAZIĞ,Yakup Kılıç Spor Salonu | ,,SALİH OCAKOĞLU,MUSTAFA AKSOY,ALİ CAN YILMAZ,ÖMER KAYMAZ,AYŞE GÜNHAN,DİDEM YAVUZ SÖYLER,HAYRULLAH IŞIK,TUNCAY DAĞDELEN,Yakup Kılıç Spor Salonu
10.12.2021,12:15,BBA1481,04. Hafta,DİBA,88 - 38,TOROSLAR BELEDİYE,A,ANKARA,Ankara Spor Salonu (Küçük) | ,,ALPER TACETTİN,RIDVAN CÖMERT,SÜLEYMAN TEPE,BURAK TALHA DOĞAN,RESUL GEÇER,ONUR YEŞİLBAĞ,SÜMEYYE SENEKLİOĞLU,SİMAY ÇAKMAK,Ankara Spor Salonu (Küçük)
10.12.2021,15:15,BBA1483,04. Hafta,ALTINEL,38 - 76,ÇAĞDAŞ KOLEJLİLER,B,ANKARA,Ankara Spor Salonu (Küçük) | ,,UMUT MEMİŞ,METİN SARIOĞLU,HAKAN YİĞİT,MÜBERRA ÖZTÜRK,EREN UYGUN,ONUR YEŞİLBAĞ,SÜMEYYE SENEKLİOĞLU,FATMA ÇELİK,Ankara Spor Salonu (Küçük)
11.12.2021,16:30,BBA1491,04. Hafta,ATLAS TIGERS,48 - 59,BAŞKENT KARTALLARI,A,ADANA,Menderes Spor Salonu | ,,KÜBRA KENDİRLİ,ALİ BARAN TECİRLİ,ALİ CAN YILMAZ,YUSUF BÜYÜKFİDAN,MEHTAP TOSUN,DENİZ ORGÜN,SEVDA YAŞAR,İBRAHİM YALANCA,Menderes Spor Salonu
11.12.2021,18:00,BBA1489,04. Hafta,ÇERKEZKÖY BELEDİYESİ,78 - 50,EDİRNE DSİ SPOR,E,TEKİRDAĞ,Çorlu Spor Salonu | ,,ESRA YILDIZ,SADETTİN BAYCAN,GÜNEY BİRLİK,YAŞAR SİNAN ÇELİKOĞLU,DERYA GÜLBAHAR,BİLGİNAR KARABIYIK,GÜLCAN AYRIK,SERAP MAVİSU,Çorlu Spor Salonu
12.12.2021,13:00,BBA1484,04. Hafta,KASTAMONU İSTİKLAL YOLU,117 - 72,DÜZCE ATLETİK GENÇLİKSPOR,B,KASTAMONU,Hüsnü Tandoğan Spor Salonu | ,,MUSTAFA BAŞTÜRK,KAMİL ALOK,BARIŞ ÖZTÜRK,SİBEL KANIK,ALİ İHSAN ATAŞ,METİN GÖKGÖZ,ERCAN ÇİÇEK,İRFAN KÜTÜKOĞLU,Hüsnü Tandoğan Spor Salonu
12.12.2021,14:00,BBA1488,04. Hafta,EMLAK KONUT GELİŞİM,81 - 45,İSTANBUL BASKETBOL FENERİ,E,İSTANBUL,Başakşehir Spor Kompleksi | ,,MUSTAFA TOPALOĞLU,BATUHAN MERT GÜL,OSMAN YETİŞKİN,HÜSEYİN OSMAN BÜYÜKGÖKSU,MEHMET KAPUCU,BİROL ÖZDAL,FATİH DEMİR,MURAT ÖZKAN,Başakşehir Spor Kompleksi
12.12.2021,14:30,BBA1486,04. Hafta,BANDIRMA BASKETBOL,64 - 61,BURHANİYE BELEDİYESPOR,D,BALIKESİR,Bandırma Basketbol Spor Salonu | ,,GÖNENÇ ÇETİN,AHMET OĞUZHAN CİRİT,MUSTAFA ÇELTİKER,UMUT GEDİK,HÜSEYİN GİRGİN,MUSA ÇALIŞKAN,MAHMUT DEMİR,ESİN ÖZSÜRMELİ,Bandırma Basketbol Spor Salonu
12.12.2021,16:00,BBA1482,04. Hafta,ELAZIĞ BASKETBOL,74 - 64,GİRESUN BELEDİYE,A,ELAZIĞ,Yakup Kılıç Spor Salonu | ,,BUĞRA ÇAĞATAY SAVAŞ,MEHMET BARUT,HAMZA ÇALIŞKAN,SEDA ÇELİKYÜZ,AYŞE GÜNHAN,DİDEM YAVUZ SÖYLER,TUNCAY DAĞDELEN,HAYRULLAH IŞIK,Yakup Kılıç Spor Salonu
12.12.2021,16:00,BBA1485,04. Hafta,KEPEZ BELEDİYE,39 - 73,İZMİR BÜYÜKŞEHİR BELEDİYESİ,C,ANTALYA,Kepez Turgut Özal Spor Salonu | ,,BURAK MERT DEMİRTAŞ,MEHMET BOZKURT,ATAKAN KOLCU,METE BULUT,KEZİBAN KARTCA,SEVCAN CELİL,ELİF KÜBRA TÜRKCAN,PELİN TOPCU,Kepez Turgut Özal Spor Salonu
12.12.2021,17:00,BBA1490,04. Hafta,KIRKLARELİ GENÇLİK,68 - 65,İSTANBUL ÜNİVERSİTESİ,E,KIRKLARELİ,ATATÜRK | ,,CAN ÜTKÜR,AHMET TAYLAN ÖZTÜRK,ASLI KOÇAK,ENİS GÜREL,ÖZGÜ YILAN,GÜLİZ ÖZALTAN DİLMEN,DERYA EVCEN,AYBİKE KURTULDU,ATATÜRK
12.12.2021,18:00,BBA1487,04. Hafta,KALAMIŞ KALKEDON,101 - 54,İSTANBUL PANTERLERİ,D,İSTANBUL,Caferağa Spor Salonu | ,,SALİH ACAR,NURİ DİLMEN,NUSRET BİLALOĞLU,ÖMER KESKİN,ARZU KÖRKEN,TİMUR TOPUZ,FATMA GÖK,TOLGAY ÖZCAN,Caferağa Spor Salonu
17.12.2021,18:00,BBA1495,05. Hafta,DÜZCE ATLETİK GENÇLİKSPOR,49 - 75,YENİ SİNCAN,B,DÜZCE,Kalıcı Konutlar Merkez Spor Salonu | ,,HALUK YAKIN,BARAN AVŞAR,ENES DURAN,BÜLENT TANESEN,UFUK DOĞANAY,MURAT ORHAN,GÜLNİHAL ERDEM,EYÜP ESEN,Kalıcı Konutlar Merkez Spor Salonu
18.12.2021,15:00,BBA1492,05. Hafta,GİRESUN BELEDİYE,91 - 51,ATLAS TIGERS,A,GİRESUN,19 Eylül S.S. | ,,ALİHAN CİVELEK,METİN SARIOĞLU,OSMAN CAN GÜNDOĞDU,ZELİHA BAYRAKTAR,MİHRİBAN ÇİĞDEM,AYNUR KONAR BAVUK,TANSEL TOPŞİR,AZİZE BİROL,19 Eylül S.S.
18.12.2021,17:00,BBA1501,05. Hafta,EDİRNE DSİ SPOR,60 - 48,KIRKLARELİ GENÇLİK,E,EDİRNE,Mimar Sinan Spor Salonu | ,,SABRİ GÜNDÜZ,SALİH ACAR,ALPER CAN BOZYEL,YAŞAR SİNAN ÇELİKOĞLU,GAMZE ERSOY,ELİF ÖÇAL,BURAK TUNALI,ENGİN SÜLEYMAN SİMOOĞLU,Mimar Sinan Spor Salonu
18.12.2021,18:00,BBA1494,05. Hafta,ÇAĞDAŞ KOLEJLİLER,59 - 67,KASTAMONU İSTİKLAL YOLU,B,ESKİŞEHİR,Yenikent Şehit Anıl Gül Spor Salonu | ,,RECEP GÜRKAN ÖZKAN,ALİ BARAN TECİRLİ,GÜNEY BİRLİK,İHSAN KÜÇÜKAYCAN,KÜBRA ILGIN,DUYGU ÜLKÜCÜ SAB,ERSOY SAB,MURAT KÖSE,Yenikent Şehit Anıl Gül Spor Salonu
18.12.2021,18:00,BBA1499,05. Hafta,İSTANBUL BASKETBOL FENERİ,58 - 70,ÇERKEZKÖY BELEDİYESİ,E,İSTANBUL,İTO Yakacık Spor Salonu | ,,GÖNENÇ ÇETİN,AHMET MUHAMMET KURT,RIDVAN CÖMERT,BURCU KOCAOĞLU SANCAR,MURAT SONER DURADEMİR,BÜŞRA ERKAN,RAMAZAN KOÇ,SEHER KAZANÇ,İTO Yakacık Spor Salonu
18.12.2021,18:00,BBA1497,05. Hafta,BURHANİYE BELEDİYESPOR,69 - 66,KALAMIŞ KALKEDON,D,BALIKESİR,Edremit Spor Salonu | ,,HAVVA MİRHAN ATEŞER,SERAY AK,ÜNAL GÜNDOĞDU,HALİL VOLKAN ÇENELİ,GAMZE ATİLA,ESİN ÖZSÜRMELİ,IŞIL ÖZKAN,METİN IŞIK,Edremit Spor Salonu
19.12.2021,14:00,BBA1496,05. Hafta,İZMİR BÜYÜKŞEHİR BELEDİYESİ,72 - 39,MUĞLA KARYA,C,İZMİR,Celal Atik Spor Salonu | ,,ÖZKAN ÇAĞLAYAN,OKAN MUHAMMET ANLATICI,HAKAN YİĞİT,GÜLŞEN ÖZTÜRK,DİLEK KESGİN,GÜLTEKİN DAĞDEVİREN,HALİME ULUDAĞ,KEMAL AYPARS,Celal Atik Spor Salonu
19.12.2021,14:30,BBA1500,05. Hafta,İSTANBUL ÜNİVERSİTESİ,47 - 56,EMLAK KONUT GELİŞİM,E,İSTANBUL,Şehit Mustafa Özel Spor Kompleksi | ,,ALPEREN BAŞER,SADETTİN BAYCAN,METİN ÜSTER,RAHŞAN ŞEBNEM TÜMER,BURAK BÜKER,ZAFER RİFAİ,EROL TAHTAKESEN,GÜLİZ KONCA ADİLLER,Şehit Mustafa Özel Spor Kompleksi
19.12.2021,17:00,BBA1498,05. Hafta,İSTANBUL PANTERLERİ,48 - 83,BURSA AYYILDIZ,D,İSTANBUL,Caferağa Spor Salonu | ,,BATUHAN MERT GÜL,BARIŞ ÖZTÜRK,DEYER AKÇAY,BURAK DEMİR,DİLAN SARIBULAK,SERHAT LEVENT,FATMA GÖK,SİNAN ERSOY,Caferağa Spor Salonu
19.12.2021,18:00,BBA1502,05. Hafta,BAŞKENT KARTALLARI,43 - 69,DİBA,A,ANKARA,Sinan Şamil Sam Spor Salonu | ,,ECEM BOZKURT,HASAN MESUT DEMİR,FATİH ERDOĞAN,MÜBERRA ÖZTÜRK,YENER SALMAN,FATİH DEMİRCİ,VOLKAN DARCAN,SERCAN YILDIRIM,Sinan Şamil Sam Spor Salonu
19.12.2021,18:00,BBA1493,05. Hafta,TOROSLAR BELEDİYE,42 - 95,ELAZIĞ BASKETBOL,A,MERSİN,Toroslar 7.Bölge Spor Salonu | ,,SALİH OCAKOĞLU,AHMET MALİK ŞAN,MUSTAFA AKSOY,SERKAN SU,FATMA ITIR ÖNCEL,MELDA KÖKLÜER,BEYHAN  AYÜSTÜN,ZİYA ERTAŞ,Toroslar 7.Bölge Spor Salonu
7.01.2022,18:00,BBA1506,06. Hafta,DÜZCE ATLETİK GENÇLİKSPOR,70 - 36,ALTINEL,B,DÜZCE,Kalıcı Konutlar Merkez Spor Salonu | ,,SALİH ARDA UNUL,SALİH ACAR,OZAN GÜNDÜZ,BÜLENT TANESEN,UFUK DOĞANAY,MURAT ORHAN,GÜVEN AKSOY,MERT CAN YAZGELDİ,Kalıcı Konutlar Merkez Spor Salonu
8.01.2022,15:00,BBA1509,06. Hafta,İSTANBUL PANTERLERİ,47 - 69,BANDIRMA BASKETBOL,D,İSTANBUL,Caferağa Spor Salonu | ,,BUĞRA ÇAĞATAY SAVAŞ,KÜBRA KENDİRLİ,RIDVAN CÖMERT,BURCU KOCAOĞLU SANCAR,SEHER KAZANÇ,SEÇİL SILA KORALP,EDA ELFİDAN,ARZU KÖRKEN,Caferağa Spor Salonu
8.01.2022,17:00,BBA1512,06. Hafta,EDİRNE DSİ SPOR,59 - 71,EMLAK KONUT GELİŞİM,E,EDİRNE,Mimar Sinan Spor Salonu | ,,CAN YANAR,NURİ DİLMEN,GÜNEY BİRLİK,ENİS GÜREL,DENİZ AZAZ,ELİF ÖÇAL,MERVE GÜLDAŞ,ENGİN SÜLEYMAN SİMOOĞLU,Mimar Sinan Spor Salonu
9.01.2022,13:00,BBA1505,06. Hafta,KASTAMONU İSTİKLAL YOLU,69 - 72,YENİ SİNCAN,B,KASTAMONU,Hüsnü Tandoğan Spor Salonu | ,,UMUT MEMİŞ,KAMİL ALOK,OSMAN CAN GÜNDOĞDU,SİBEL KANIK,SEZER ÇALIŞGAN,METİN GÖKGÖZ,ERCAN ÇİÇEK,ALİ İHSAN ATAŞ,Hüsnü Tandoğan Spor Salonu
9.01.2022,14:00,BBA1503,06. Hafta,DİBA,62 - 67,ELAZIĞ BASKETBOL,A,ANKARA,Ankara Spor Salonu (Küçük) | ,,DEYER AKÇAY,BARIŞ TURGUT,AHMET MUHAMMET KURT,HASAN GÜNGÖR,YASEMİN YILDIRIM,SİMAY ÇAKMAK,SERCAN YILDIRIM,ALİ MURAT SUNGUR,Ankara Spor Salonu (Küçük)
9.01.2022,16:00,BBA1507,06. Hafta,MUĞLA KARYA,41 - 58,ISKUDER,C,MUĞLA,Muğla Atatürk Spor Salonu | ,,FATİH ERDOĞAN,AHMET OĞUZHAN CİRİT,GÖZDE KAFADAR,BÜLENT GÖKÇE,SEVGİ ÖZKAN,BUSE NUR KAHYAOĞULLARI,BERKAY GENÇ,EMRE TURAN,Muğla Atatürk Spor Salonu
9.01.2022,18:00,BBA1513,06. Hafta,BAŞKENT KARTALLARI,62 - 69,GİRESUN BELEDİYE,A,ANKARA,Sinan Şamil Sam Spor Salonu | ,,AHMET KÖSE,MUSTAFA SELÇUK,YILDIZ TURAN,LÜTFİYE TAŞPINAR,SAMET CAN ALICI,FATİH DEMİRCİ,YENER SALMAN,MURATCAN KOLÇAK,Sinan Şamil Sam Spor Salonu
9.01.2022,18:00,BBA1504,06. Hafta,TOROSLAR BELEDİYE,48 - 56,ATLAS TIGERS,A,MERSİN,Toroslar 7.Bölge Spor Salonu | ,,EREN KILINÇ,HÜSEYİN EMRE EROL,GÜNDOĞAN ALİ BALABAN,MUHAMMED DİYAÜDDİN SAĞIR,FATMA ITIR ÖNCEL,ZİYA ERTAŞ,BEYHAN  AYÜSTÜN,BETÜL ÖZCAN,Toroslar 7.Bölge Spor Salonu
9.01.2022,19:00,BBA1508,06. Hafta,KALAMIŞ KALKEDON,93 - 60,BURSA AYYILDIZ,D,İSTANBUL,Caferağa Spor Salonu | ,,RAMAZAN SEZER BARAN,MUSTAFA BAŞTÜRK,VEYSEL ASLAN,MEHMET İSMET BAYRİ,ALTAN CANDAN,TOLGAY ÖZCAN,SİNAN ERSOY,GÖRKEM GÖRGÜLÜ,Caferağa Spor Salonu
11.01.2022,18:00,BBA1511,06. Hafta,ÇERKEZKÖY BELEDİYESİ,68 - 50,KIRKLARELİ GENÇLİK,E,TEKİRDAĞ,Çerkezköy Belediyesi 29 Ekim Spor Kompleksi | ,,NİHAT KARA,ONUR AÇIKYÜZ,YUNUS EMRE ALICI,EMİN FAZIL KESERATAR,MELİKE AKGÜN,HİLAL TARIER,DERYA GÜLBAHAR,SERAP MAVİSU,Çerkezköy Belediyesi 29 Ekim Spor Kompleksi
19.01.2022,14:00,BBA1510,06. Hafta,İSTANBUL BASKETBOL FENERİ,44 - 49,İSTANBUL ÜNİVERSİTESİ,E,İSTANBUL,İTO Yakacık Spor Salonu | ,,SÜLEYMAN EREN PEKDOĞAN,SALİH ARDA UNUL,METİN ÜSTER,TUĞBA YURTSEVEN,NAZLI TUZCUOĞLU,ALTAN CANDAN,İREM KESKİN,ZEHRA AKAN,İTO Yakacık Spor Salonu
14.01.2022,13:00,BBA1516,07. Hafta,YENİ SİNCAN,94 - 55,ÇAĞDAŞ KOLEJLİLER,B,ANKARA,Sinan Şamil Sam Spor Salonu | ,,YUSUF SARPER DAĞLI,MERİÇ BAYAZIT,YILDIZ TURAN,MEHMET KAŞİF BATTAL,SAMET CAN ALICI,ONUR YEŞİLBAĞ,VOLKAN DARCAN,FİKRET MERCAN,Sinan Şamil Sam Spor Salonu
14.01.2022,13:00,BBA1517,07. Hafta,ALTINEL,22 - 75,KASTAMONU İSTİKLAL YOLU,B,ANKARA,Ankara Spor Salonu (Küçük) | ,,BATUHAN MERT GÜL,ALİ BARAN TECİRLİ,YUNUS EMRE ALICI,HALDUN KUNT,YASEMİN YILDIRIM,SİBEL FAZLIOĞLU,SENA NUR ÖKSÜZ,FATMA ÖZÇELİK,Ankara Spor Salonu (Küçük)
14.01.2022,14:00,BBA1520,07. Hafta,BURSA AYYILDIZ,66 - 87,BURHANİYE BELEDİYESPOR,D,BURSA,Yıldırım Şahin Başol Spor Kompleksi | ,,ONUR AÇIKYÜZ,OSMAN YETİŞKİN,METİN SARIOĞLU,MACİT ZEREN,SİNEM ERTEM,SEVDA USTA,ELİZ ŞEN,ŞAFAK IRMAK SARAÇOĞLU,Yıldırım Şahin Başol Spor Kompleksi
14.01.2022,17:30,BBA1524,07. Hafta,EMLAK KONUT GELİŞİM,61 - 46,ÇERKEZKÖY BELEDİYESİ,E,İSTANBUL,Başakşehir Spor Kompleksi | ,,MUSTAFA BAŞTÜRK,SALİH ACAR,OZAN GÜNDÜZ,HURŞİT CEM AKAN,BİROL ŞİMŞEK,GÖKHAN BAŞARAN,REMZİ KILIÇ,MEHMET KAPUCU,Başakşehir Spor Kompleksi
14.01.2022,18:00,BBA1519,07. Hafta,KEPEZ BELEDİYE,61 - 53,MUĞLA KARYA,C,ANTALYA,Kepez Turgut Özal Spor Salonu | ,,SERAY AK,ÜNAL GÜNDOĞDU,GÖKHAN EĞLENOĞLU,MERT ELMA,İLKAY ERDOĞAN,NİLÜFER GÖK AKDAĞ,NEŞE KARTAL,MERYEM PEHLİVAN,Kepez Turgut Özal Spor Salonu
14.01.2022,19:00,BBA1525,07. Hafta,ELAZIĞ BASKETBOL,97 - 64,BAŞKENT KARTALLARI,A,ELAZIĞ,Yakup Kılıç Spor Salonu | ,,CELAL GÖRMÜŞ,AHMET MALİK ŞAN,İBRAHİM BARIŞ ERDOLU,ÖMER KAYMAZ,AYŞE GÜNHAN,DİDEM YAVUZ SÖYLER,TUNCAY DAĞDELEN,HAYRULLAH IŞIK,Yakup Kılıç Spor Salonu
15.01.2022,14:00,BBA1518,07. Hafta,ISKUDER,34 - 98,İZMİR BÜYÜKŞEHİR BELEDİYESİ,C,ISPARTA,6 Mart Spor Salonu | ,,NUR AKÇA,HAKAN YİĞİT,ERKMEN KAYA,METE BULUT,RAMAZAN ALKAN,BURAK TATOĞLU,ÖZKAN ALTINÖRS,ÇAĞATAY KASIM KÜÇÜKOĞLU,6 Mart Spor Salonu
15.01.2022,15:00,BBA1514,07. Hafta,GİRESUN BELEDİYE,87 - 44,TOROSLAR BELEDİYE,A,GİRESUN,19 Eylül S.S. | ,,ALPER TACETTİN,FIRAT ATAR,KAMİL ALOK,MEHMET SERDAR ÇÖZELİ,MİHRİBAN ÇİĞDEM,AYNUR KONAR BAVUK,TANSEL TOPŞİR,AZİZE BİROL,19 Eylül S.S.
15.01.2022,19:00,BBA1515,07. Hafta,ATLAS TIGERS,52 - 70,DİBA,A,ADANA,Menderes Spor Salonu | ,,HİKMET FEN,MUSTAFA AKSOY,DEYER AKÇAY,MEYMİNE MİNE YAZGÖNÜL,DENİZ ORGÜN,GÜVEN AYDOĞAN,DİDEM YALANCA,HÜLYA ÖZKAN,Menderes Spor Salonu
16.01.2022,14:30,BBA1521,07. Hafta,BANDIRMA BASKETBOL,57 - 60,KALAMIŞ KALKEDON,D,BALIKESİR,Bandırma Basketbol Spor Salonu | ,,ELİF İNCİ,MEHMET BOZKURT,ASLI KOÇAK,ÇETİN ŞİMŞEK,IŞIL ÖZKAN,MUSA ÇALIŞKAN,ALEV GÜLAÇTI,ESİN ÖZSÜRMELİ,Bandırma Basketbol Spor Salonu
16.01.2022,14:30,BBA1523,07. Hafta,İSTANBUL ÜNİVERSİTESİ,72 - 55,EDİRNE DSİ SPOR,E,İSTANBUL,Şehit Mustafa Özel Spor Kompleksi | ,,HAKAN GEREY,UMUT MEMİŞ,SAFA HALİT ÇAKIR,BURAK DEMİR,TUĞÇE KAYA,OSMAN AŞIK,AYBERK PARALI,NİLAY YILMAZ,Şehit Mustafa Özel Spor Kompleksi
16.01.2022,17:00,BBA1522,07. Hafta,KIRKLARELİ GENÇLİK,78 - 53,İSTANBUL BASKETBOL FENERİ,E,KIRKLARELİ,ATATÜRK | ,,AHMET TAYLAN ÖZTÜRK,OZAN GÜNDÜZ,GÜNEY BİRLİK,YAŞAR TERZİOĞLU,ÖZGÜ YILAN,DERYA EVCEN,FATMA SARI,AYBİKE KURTULDU,ATATÜRK
21.01.2022,13:00,BBA1529,08. Hafta,ALTINEL,43 - 84,YENİ SİNCAN,B,ANKARA,Ankara Spor Salonu (Küçük) | ,,NURİ DİLMEN,SÜLEYMAN TEPE,OSMAN YETİŞKİN,MUSTAFA KOCAEREN,SÜMEYYE SENEKLİOĞLU,ONUR YEŞİLBAĞ,ALİ MURAT SUNGUR,NİHAN ÜNSAL,Ankara Spor Salonu (Küçük)
21.01.2022,17:30,BBA1534,08. Hafta,EMLAK KONUT GELİŞİM,78 - 68,KIRKLARELİ GENÇLİK,E,İSTANBUL,Başakşehir Spor Kompleksi | ,,SALİH SERKAN KOÇAK,KÜBRA KENDİRLİ,BERK YÜCEL,ÖMER KESKİN,MURAT SEVGİL,BİROL ŞİMŞEK,AYGÜN SEVGİL,BİROL ÖZDAL,Başakşehir Spor Kompleksi
21.01.2022,18:00,BBA1528,08. Hafta,DÜZCE ATLETİK GENÇLİKSPOR,55 - 63,ÇAĞDAŞ KOLEJLİLER,B,DÜZCE,Kalıcı Konutlar Merkez Spor Salonu | ,,SALİH ARDA UNUL,SÜLEYMAN EREN PEKDOĞAN,BARAN AVŞAR,ERDEM DEMİRSOY,UFUK DOĞANAY,MERTCAN AKGÜL,METEHAN AKGÜL,EYÜP ESEN,Kalıcı Konutlar Merkez Spor Salonu
22.01.2022,16:00,BBA1526,08. Hafta,ATLAS TIGERS,67 - 79,ELAZIĞ BASKETBOL,A,ADANA,Menderes Spor Salonu | ,,EMRE YELDAŞ,MEHMET BARUT,ALİ CAN YILMAZ,SERKAN SU,MEHTAP TOSUN,DENİZ ORGÜN,İBRAHİM YALANCA,SEVDA YAŞAR,Menderes Spor Salonu
22.01.2022,17:00,BBA1533,08. Hafta,EDİRNE DSİ SPOR,59 - 57,İSTANBUL BASKETBOL FENERİ,E,EDİRNE,Mimar Sinan Spor Salonu | ,,AHMET KÖSE,MUSTAFA SELÇUK,BERK YÜCEL,HAKAN ŞAHİN,DENİZ AZAZ,ELİF ÖÇAL,BURAK TUNALI,GAMZE ERSOY,Mimar Sinan Spor Salonu
22.01.2022,19:00,BBA1531,08. Hafta,İSTANBUL PANTERLERİ,44 - 86,BURHANİYE BELEDİYESPOR,D,İSTANBUL,Caferağa Spor Salonu | ,,ORÇUN AKGÜL,RABİHA TANK,İSMAİL BALPETEK,ADNAN KIVANÇ,SEHER KAZANÇ,PERİHAN GİZEM ÜNSAL,BEGÜM SAVAŞ,EBRU ULUDOĞAN,Caferağa Spor Salonu
23.01.2022,14:30,BBA1532,08. Hafta,BANDIRMA BASKETBOL,53 - 48,BURSA AYYILDIZ,D,BALIKESİR,Bandırma Basketbol Spor Salonu | ,,ECEM BOZKURT,SADETTİN BAYCAN,TARIK ARAZ,HAKAN BEŞTEPE,MAHMUT DEMİR,MERT TELLİBAYRAKTAR,HÜSEYİN GİRGİN,GAMZE ATİLA,Bandırma Basketbol Spor Salonu
23.01.2022,17:00,BBA1530,08. Hafta,KEPEZ BELEDİYE,47 - 58,ISKUDER,C,ANTALYA,Antalya Spor Salonu | ,,SONER ÖZAYDOĞAN,BURAK MERT DEMİRTAŞ,ALPEREN BAŞER,MERT ELMA,NERMİN İKİZ,NESLİHAN SÜTLÜ,MÜMÜNE YEŞİL,ELAY ARICAN,Antalya Spor Salonu
23.01.2022,18:00,BBA1535,08. Hafta,ÇERKEZKÖY BELEDİYESİ,82 - 61,İSTANBUL ÜNİVERSİTESİ,E,TEKİRDAĞ,Çerkezköy Belediyesi 29 Ekim Spor Kompleksi | ,,BARIŞ ÖZTÜRK,KADİR GİRAY ESEN,OKAN MUHAMMET ANLATICI,SEYİT AHMET BECAN,DERYA GÜLBAHAR,BİLGİNAR KARABIYIK,NAZMİYE ATAMAN,SERAP MAVİSU,Çerkezköy Belediyesi 29 Ekim Spor Kompleksi
23.01.2022,18:00,BBA1527,08. Hafta,DİBA,85 - 46,GİRESUN BELEDİYE,A,ANKARA,Ankara Spor Salonu (Küçük) | ,,SEZER BOR,ERKMEN KAYA,SÜLEYMAN TEPE,NİYAZİ ALİŞAN,SENA NUR ÖKSÜZ,FATİH ŞEN,SERCAN YILDIRIM,MUSA SAFA SARI,Ankara Spor Salonu (Küçük)
23.01.2022,18:00,BBA1536,08. Hafta,TOROSLAR BELEDİYE,36 - 79,BAŞKENT KARTALLARI,A,MERSİN,Toroslar 7.Bölge Spor Salonu | ,,HİKMET FEN,EMRE YELDAŞ,DEYER AKÇAY,YUSUF BÜYÜKFİDAN,FATMA ITIR ÖNCEL,ZEKİYE EZER,BETÜL ÖZCAN,ZİYA ERTAŞ,Toroslar 7.Bölge Spor Salonu
28.01.2022,14:00,BBA1546,09. Hafta,İSTANBUL ÜNİVERSİTESİ,47 - 64,KIRKLARELİ GENÇLİK,E,İSTANBUL,Şehit Mustafa Özel Spor Kompleksi | ,,ELİF İNCİ,MUSTAFA ÇELTİKER,ÜNAL GÜNDOĞDU,SEVGİNAZ DIRAHOR,MURAT SEVGİL,GÖKHAN BAŞARAN,NEHİR ULUDAĞ,GÜL URASLI,Şehit Mustafa Özel Spor Kompleksi
28.01.2022,14:00,BBA1547,09. Hafta,BAŞKENT KARTALLARI,51 - 64,ATLAS TIGERS,A,ANKARA,Ankara Taha Akgül Spor Salonu | ,,GÖKHAN EĞLENOĞLU,KÜBRA KENDİRLİ,GÜNDOĞAN ALİ BALABAN,FİLİZ ÖGET,HASAN BAŞKURT,SİMAY ÇAKMAK,SÜMEYYE SENEKLİOĞLU,ATAKAN EFE DEVECİ,Ankara Taha Akgül Spor Salonu
28.01.2022,15:00,BBA1540,09. Hafta,DÜZCE ATLETİK GENÇLİKSPOR,60 - 83,KASTAMONU İSTİKLAL YOLU,B,DÜZCE,18 Temmuz Spor Salonu | ,,MUSTAFA BAŞTÜRK,FATİH OĞUZHAN,BERK YÜCEL,ÖNDER ŞENEL,GÜLNİHAL ERDEM,MERT CAN YAZGELDİ,GÜVEN AKSOY,UFUK DOĞANAY,18 Temmuz Spor Salonu
29.01.2022,17:00,BBA1545,09. Hafta,EDİRNE DSİ SPOR,59 - 81,ÇERKEZKÖY BELEDİYESİ,E,EDİRNE,Mimar Sinan Spor Salonu | ,,ESRA YILDIZ,NURİ DİLMEN,MERT KAYALI,BURAK DEMİR,DENİZ AZAZ,ELİF ÖÇAL,İREM TAVŞANTEPE,BURAK TUNALI,Mimar Sinan Spor Salonu
29.01.2022,17:00,BBA1544,09. Hafta,İSTANBUL BASKETBOL FENERİ,47 - 68,EMLAK KONUT GELİŞİM,E,İSTANBUL,İTO Yakacık Spor Salonu | ,,ONUR AÇIKYÜZ,ALPEREN BAŞER,OSMAN YETİŞKİN,GÖZDE ERSÖZ,FATMA GÖK,BÜŞRA ERKAN,VEDAT SAVAŞ,TUĞBA DURNAOĞLU,İTO Yakacık Spor Salonu
29.01.2022,18:00,BBA1542,09. Hafta,BURHANİYE BELEDİYESPOR,81 - 62,BANDIRMA BASKETBOL,D,BALIKESİR,Edremit Spor Salonu | ,,YUSUF SARPER DAĞLI,SERAY AK,UĞUR YÜKSEL,HALİL VOLKAN ÇENELİ,ERCAN ÇAVUŞOĞLU,MERT TELLİBAYRAKTAR,MEHMET GÖKAY SEVİNÇ,METİN IŞIK,Edremit Spor Salonu
29.01.2022,18:00,BBA1539,09. Hafta,ÇAĞDAŞ KOLEJLİLER,87 - 37,ALTINEL,B,ESKİŞEHİR,Eskişehir Teknik (Anadolu) Üniversitesi Spor Salonu  | ,,BURAK AKTAŞ,NUR AKÇA,ASLI KOÇAK,ATİF AL,FİLİZ ÇOPUROĞLU,GİZEM AYDOĞDU,TANJU ÇAĞLAR,EVREN ÖĞÜTVEREN,Eskişehir Teknik (Anadolu) Üniversitesi Spor Salonu
30.01.2022,14:00,BBA1541,09. Hafta,İZMİR BÜYÜKŞEHİR BELEDİYESİ,48 - 42,KEPEZ BELEDİYE,C,İZMİR,Celal Atik Spor Salonu | ,,BARIŞ ÖZTÜRK,DERYA ÇELİK,OKAN MUHAMMET ANLATICI,MUSTAFA FIRAT,TUĞBA ERTE,ŞAHİN ŞANLI,AYŞE SELCEN ÜŞENMEZ,CEREN ARIKAN BAYKUŞ,Celal Atik Spor Salonu
30.01.2022,15:00,BBA1543,09. Hafta,İSTANBUL PANTERLERİ,39 - 81,KALAMIŞ KALKEDON,D,İSTANBUL,Caferağa Spor Salonu | ,,HALUK YAKIN,ALİHAN CİVELEK,MUHAMMED TURP,BURCU KOCAOĞLU SANCAR,BİRGÜL KALE,PERİHAN GİZEM ÜNSAL,EYLÜL DEDE,SERHAT LEVENT,Caferağa Spor Salonu
31.01.2022,18:00,BBA1537,09. Hafta,TOROSLAR BELEDİYE,45 - 92,DİBA,A,MERSİN,Toroslar 7.Bölge Spor Salonu | ,,AHMET MALİK ŞAN,ABDURRAHMAN İNAL,MEHMET BARUT,AHMET ÖZKAN,RAMAZAN ÖZYİĞİT,CANER SERTEL,BETÜL ÖZCAN,AYŞE AR,Toroslar 7.Bölge Spor Salonu
3.02.2022,14:00,BBA1538,09. Hafta,GİRESUN BELEDİYE,72 - 79,ELAZIĞ BASKETBOL,A,GİRESUN,19 Eylül S.S. | ,,METİN AKSOYAK,SALİH SERKAN KOÇAK,İSMAİL BALPETEK,KAYA EREZ,GÜLSÜN OKSAL,AYNUR KONAR BAVUK,MİHRİBAN ÇİĞDEM,AZİZE BİROL,19 Eylül S.S.
6.02.2022,13:00,BBA1551,10. Hafta,YENİ SİNCAN,94 - 59,DÜZCE ATLETİK GENÇLİKSPOR,B,ANKARA,Sinan Şamil Sam Spor Salonu | ,,BURAK AKTAŞ,GÖKHAN EĞLENOĞLU,METİN ÜSTER,MÜBERRA ÖZTÜRK,YENER SALMAN,VEYSEL SİNAN TUNCER,EREN UYGUN,FİKRET MERCAN,Sinan Şamil Sam Spor Salonu
6.02.2022,13:00,BBA1558,10. Hafta,DİBA,86 - 36,BAŞKENT KARTALLARI,A,ANKARA,Ankara Spor Salonu (Küçük) | ,,BARAN AVŞAR,CELAL GÖRMÜŞ,TARIK ARAZ,GÖKHAN ZEKERİYA ARSLAN,FATMA GÖK,GÜLTEKİN KABAŞ,NAZLI TUZCUOĞLU,MURAT GÜRKAN,Ankara Spor Salonu (Küçük)
6.02.2022,13:00,BBA1550,10. Hafta,KASTAMONU İSTİKLAL YOLU,72 - 78,ÇAĞDAŞ KOLEJLİLER,B,KASTAMONU,Hüsnü Tandoğan Spor Salonu | ,,ECEM BOZKURT,MERİÇ BAYAZIT,GÜNEY BİRLİK,SİBEL KANIK,SEZER ÇALIŞGAN,METİN GÖKGÖZ,ALİ İHSAN ATAŞ,İRFAN KÜTÜKOĞLU,Hüsnü Tandoğan Spor Salonu
6.02.2022,16:00,BBA1549,10. Hafta,ELAZIĞ BASKETBOL,93 - 46,TOROSLAR BELEDİYE,A,ELAZIĞ,Yakup Kılıç Spor Salonu | ,,SALİH OCAKOĞLU,MUHAMMED TURP,RABİHA TANK,SEDA ÇELİKYÜZ,AYŞE GÜNHAN,DİDEM YAVUZ SÖYLER,TUNCAY DAĞDELEN,HAYRULLAH IŞIK,Yakup Kılıç Spor Salonu
6.02.2022,16:00,BBA1552,10. Hafta,MUĞLA KARYA,46 - 91,İZMİR BÜYÜKŞEHİR BELEDİYESİ,C,MUĞLA,Muğla Atatürk Spor Salonu | ,,HAKAN YİĞİT,YUNUS EMRE ALICI,BERK YÜCEL,MEHMET DURU,BEYZA GÜLŞEN,EVREN ERTOY,İREM KARATAŞ,ALİ BEŞİROĞLU,Muğla Atatürk Spor Salonu
6.02.2022,16:00,BBA1554,10. Hafta,BURSA AYYILDIZ,64 - 61,İSTANBUL PANTERLERİ,D,BURSA,Yıldırım Şahin Başol Spor Kompleksi | ,,NURİ DİLMEN,SONER ÖZAYDOĞAN,MUSTAFA SELÇUK,ÇETİN ŞİMŞEK,ELİZ ŞEN,AYÇA ÜNLÜ,ÖZLEM ÖZKAN,BERNA EKBİÇ,Yıldırım Şahin Başol Spor Kompleksi
6.02.2022,17:00,BBA1557,10. Hafta,KIRKLARELİ GENÇLİK,68 - 64,EDİRNE DSİ SPOR,E,KIRKLARELİ,ATATÜRK | ,,CAN YANAR,ONUR AÇIKYÜZ,OSMAN YETİŞKİN,MELİH ERGENE,AYBİKE KURTULDU,GÜLİZ ÖZALTAN DİLMEN,MELAHAT BURCU BERKMEN,AYDIN YILDIZ,ATATÜRK
6.02.2022,18:00,BBA1553,10. Hafta,KALAMIŞ KALKEDON,58 - 79,BURHANİYE BELEDİYESPOR,D,İSTANBUL,Caferağa Spor Salonu | ,,ELİF İNCİ,BUĞRA ÇAĞATAY SAVAŞ,GÖZDE KAFADAR,UĞUR TÜRKEL,BÜŞRA ERKAN,GÜLTEKİN KABAŞ,DUYGU USTAOĞLU,MURAT GÜRKAN,Caferağa Spor Salonu
6.02.2022,18:00,BBA1555,10. Hafta,ÇERKEZKÖY BELEDİYESİ,71 - 51,İSTANBUL BASKETBOL FENERİ,E,TEKİRDAĞ,Çerkezköy Belediyesi 29 Ekim Spor Kompleksi | ,,SEDEF YARICI,AHMET OĞUZHAN CİRİT,RIDVAN CÖMERT,YAŞAR TERZİOĞLU,DERYA GÜLBAHAR,HİLAL TARIER,ÖZLEM DELİCE,ATA UĞUR ÖNGEL,Çerkezköy Belediyesi 29 Ekim Spor Kompleksi
7.02.2022,16:00,BBA1556,10. Hafta,EMLAK KONUT GELİŞİM,95 - 45,İSTANBUL ÜNİVERSİTESİ,E,İSTANBUL,Başakşehir Spor Kompleksi | ,,SÜLEYMAN EREN PEKDOĞAN,SALİH ARDA UNUL,ERKMEN KAYA,ADNAN KIVANÇ,YEŞİM AKAN,BİROL ŞİMŞEK,BARIŞ AKSAKAL,MERVE SAĞLAM,Başakşehir Spor Kompleksi
7.02.2022,16:00,BBA1548,10. Hafta,ATLAS TIGERS,58 - 83,GİRESUN BELEDİYE,A,ADANA,Menderes Spor Salonu | ,,HÜSEYİN EMRE EROL,ALİ BARAN TECİRLİ,GÜNDOĞAN ALİ BALABAN,BARIŞ KILIÇKAYA,MEHTAP TOSUN,CUMALİ BEKTAŞ,DİDEM YALANCA,MİRAY BULUT,Menderes Spor Salonu
14.03.2022,13:00,BBA1571,Final Grubu,ELAZIĞ BASKETBOL,64 - 52,DİBA,Final Grubu,GAZİANTEP,Hasan Kalyoncu Üniversitesi Gazikent Spor Salonu | ,Youtube / TBF TV,ÖZKAN TALO,FURKAN KESERATAR,HÜSEYİN ÇAMCI,YEŞİM ATUŞ KARAGÖZ,SELENAY ALKOÇAK,UĞUR ŞAHAN,ZEYNEP AKARKAMÇI,NURBANU BÜYÜKKARA,Hasan Kalyoncu Üniversitesi Gazikent Spor Salonu
14.03.2022,15:30,BBA1572,Final Grubu,ÇERKEZKÖY BELEDİYESİ,60 - 44,İZMİR BÜYÜKŞEHİR BELEDİYESİ,Final Grubu,GAZİANTEP,Hasan Kalyoncu Üniversitesi Gazikent Spor Salonu | ,Youtube / TBF TV,ÖMER SARI,SEZER BOR,ALMİNA KOCABAŞ,BARIŞ KILIÇKAYA,ZEYNEP AKARKAMÇI,UĞUR ŞAHAN,SELENAY ALKOÇAK,ABDURRAHMAN YALTIRIK,Hasan Kalyoncu Üniversitesi Gazikent Spor Salonu
14.03.2022,18:00,BBA1573,Final Grubu,BURHANİYE BELEDİYESPOR,47 - 57,EMLAK KONUT GELİŞİM,Final Grubu,GAZİANTEP,Hasan Kalyoncu Üniversitesi Gazikent Spor Salonu | ,Youtube / TBF TV,HAVVA MİRHAN ATEŞER,SABRİ GÜNDÜZ,SAFA HALİT ÇAKIR,ALİ ATICI,SELENAY ALKOÇAK,UĞUR ŞAHAN,NURBANU BÜYÜKKARA,ABDURRAHMAN YALTIRIK,Hasan Kalyoncu Üniversitesi Gazikent Spor Salonu
15.03.2022,13:00,BBA1574,Final Grubu,DİBA,73 - 52,ÇERKEZKÖY BELEDİYESİ,Final Grubu,GAZİANTEP,Hasan Kalyoncu Üniversitesi Gazikent Spor Salonu | ,Youtube / TBF TV,HAVVA MİRHAN ATEŞER,SABRİ GÜNDÜZ,FURKAN KESERATAR,ALİ ATICI,SELENAY ALKOÇAK,UĞUR ŞAHAN,SALİHA KUTLU,OSMAN KINCAL,Hasan Kalyoncu Üniversitesi Gazikent Spor Salonu
15.03.2022,15:30,BBA1575,Final Grubu,EMLAK KONUT GELİŞİM,58 - 43,ELAZIĞ BASKETBOL,Final Grubu,GAZİANTEP,Hasan Kalyoncu Üniversitesi Gazikent Spor Salonu | ,Youtube / TBF TV,ÖMER SARI,ALMİNA KOCABAŞ,HÜSEYİN ÇAMCI,BARIŞ KILIÇKAYA,OSMAN KINCAL,UĞUR ŞAHAN,SELENAY ALKOÇAK,ABDURRAHMAN YALTIRIK,Hasan Kalyoncu Üniversitesi Gazikent Spor Salonu
15.03.2022,18:00,BBA1576,Final Grubu,İZMİR BÜYÜKŞEHİR BELEDİYESİ,60 - 72,BURHANİYE BELEDİYESPOR,Final Grubu,GAZİANTEP,Hasan Kalyoncu Üniversitesi Gazikent Spor Salonu | ,Youtube / TBF TV,ÖZKAN TALO,SEZER BOR,SAFA HALİT ÇAKIR,YEŞİM ATUŞ KARAGÖZ,SALİHA KUTLU,UĞUR ŞAHAN,RECEP ÖZTÜRK,ABDURRAHMAN YALTIRIK,Hasan Kalyoncu Üniversitesi Gazikent Spor Salonu
16.03.2022,13:00,BBA1577,Final Grubu,ÇERKEZKÖY BELEDİYESİ,52 - 57,EMLAK KONUT GELİŞİM,Final Grubu,GAZİANTEP,Hasan Kalyoncu Üniversitesi Gazikent Spor Salonu | ,Youtube / TBF TV,SABRİ GÜNDÜZ,ALMİNA KOCABAŞ,SAFA HALİT ÇAKIR,YEŞİM ATUŞ KARAGÖZ,NURBANU BÜYÜKKARA,UĞUR ŞAHAN,SELENAY ALKOÇAK,OSMAN KINCAL,Hasan Kalyoncu Üniversitesi Gazikent Spor Salonu
16.03.2022,15:30,BBA1578,Final Grubu,BURHANİYE BELEDİYESPOR,48 - 55,ELAZIĞ BASKETBOL,Final Grubu,GAZİANTEP,Hasan Kalyoncu Üniversitesi Gazikent Spor Salonu | ,Youtube / TBF TV,HAVVA MİRHAN ATEŞER,ÖZKAN TALO,ÖMER SARI,BARIŞ KILIÇKAYA,SELENAY ALKOÇAK,UĞUR ŞAHAN,OSMAN KINCAL,ABDURRAHMAN YALTIRIK,Hasan Kalyoncu Üniversitesi Gazikent Spor Salonu
16.03.2022,18:00,BBA1579,Final Grubu,İZMİR BÜYÜKŞEHİR BELEDİYESİ,33 - 69,DİBA,Final Grubu,GAZİANTEP,Hasan Kalyoncu Üniversitesi Gazikent Spor Salonu | ,Youtube / TBF TV,SEZER BOR,FURKAN KESERATAR,HÜSEYİN ÇAMCI,ALİ ATICI,NURBANU BÜYÜKKARA,RECEP ÖZTÜRK,GÜLCAN KARABULUT,ABDURRAHMAN YALTIRIK,Hasan Kalyoncu Üniversitesi Gazikent Spor Salonu
18.03.2022,13:00,BBA1580,Final Grubu,ELAZIĞ BASKETBOL,63 - 53,İZMİR BÜYÜKŞEHİR BELEDİYESİ,Final Grubu,GAZİANTEP,Hasan Kalyoncu Üniversitesi Gazikent Spor Salonu | ,Youtube / TBF TV,ÖMER SARI,SABRİ GÜNDÜZ,SEZER BOR,BARIŞ KILIÇKAYA,NURBANU BÜYÜKKARA,UĞUR ŞAHAN,SELENAY ALKOÇAK,ABDURRAHMAN YALTIRIK,Hasan Kalyoncu Üniversitesi Gazikent Spor Salonu
18.03.2022,15:30,BBA1581,Final Grubu,BURHANİYE BELEDİYESPOR,64 - 62,ÇERKEZKÖY BELEDİYESİ,Final Grubu,GAZİANTEP,Hasan Kalyoncu Üniversitesi Gazikent Spor Salonu | ,Youtube / TBF TV,FURKAN KESERATAR,ALMİNA KOCABAŞ,SAFA HALİT ÇAKIR,MUSTAFA KEMAL ERSÖZ,SELENAY ALKOÇAK,UĞUR ŞAHAN,NURBANU BÜYÜKKARA,ABDURRAHMAN YALTIRIK,Hasan Kalyoncu Üniversitesi Gazikent Spor Salonu
18.03.2022,18:00,BBA1582,Final Grubu,EMLAK KONUT GELİŞİM,51 - 45,DİBA,Final Grubu,GAZİANTEP,Hasan Kalyoncu Üniversitesi Gazikent Spor Salonu | ,Youtube / TBF TV,HAVVA MİRHAN ATEŞER,ÖZKAN TALO,HÜSEYİN ÇAMCI,ALİ ATICI,GÜLCAN KARABULUT,RECEP ÖZTÜRK,UĞUR ŞAHAN,ABDURRAHMAN YALTIRIK,Hasan Kalyoncu Üniversitesi Gazikent Spor Salonu
19.03.2022,12:00,BBA1583,Final Grubu,ÇERKEZKÖY BELEDİYESİ,68 - 38,ELAZIĞ BASKETBOL,Final Grubu,GAZİANTEP,Hasan Kalyoncu Üniversitesi Gazikent Spor Salonu | ,Youtube / TBF TV,FURKAN KESERATAR,ALMİNA KOCABAŞ,SAFA HALİT ÇAKIR,ALİ ATICI,SAİT NEDİM ÇELİK,UĞUR ŞAHAN,ZEYNEP AKARKAMÇI,ABDURRAHMAN YALTIRIK,Hasan Kalyoncu Üniversitesi Gazikent Spor Salonu
19.03.2022,14:30,BBA1584,Final Grubu,DİBA,73 - 70,BURHANİYE BELEDİYESPOR,Final Grubu,GAZİANTEP,Hasan Kalyoncu Üniversitesi Gazikent Spor Salonu | ,Youtube / TBF TV,HAVVA MİRHAN ATEŞER,SABRİ GÜNDÜZ,HÜSEYİN ÇAMCI,BARIŞ KILIÇKAYA,SAİT NEDİM ÇELİK,UĞUR ŞAHAN,ZEYNEP AKARKAMÇI,OSMAN KINCAL,Hasan Kalyoncu Üniversitesi Gazikent Spor Salonu
19.03.2022,17:00,BBA1585,Final Grubu,İZMİR BÜYÜKŞEHİR BELEDİYESİ,33 - 58,EMLAK KONUT GELİŞİM,Final Grubu,GAZİANTEP,Hasan Kalyoncu Üniversitesi Gazikent Spor Salonu | ,Youtube / TBF TV,ÖZKAN TALO,ÖMER SARI,SEZER BOR,MUSTAFA KEMAL ERSÖZ,GÜLCAN KARABULUT,RECEP ÖZTÜRK,UĞUR ŞAHAN,SAİT NEDİM ÇELİK,Hasan Kalyoncu Üniversitesi Gazikent Spor Salonu
