{
  "league_acronym": "kbsl",
  "league_name": "Kadınlar Basketbol Süper Ligi",
  "gender": "Kadın",
  "season": "2023-2024",
  "sponsor": "ING",
  "scraped_at": "2025-06-22T23:44:34.621440",
  "rows": 226,
  "columns": 20,
  "column_names": [
    "Tarih",
    "Saat",
    "Maç No",
    "Hafta",
    "A Takım",
    "Sonuç",
    "B Takım",
    "Grubu",
    "Şehir",
    "Salon",
    "TV",
    "Baş Hakem",
    "1. Yrd. Hakem",
    "2. Yrd. Hakem",
    "Temsilci",
    "1. Masa G.",
    "2. Masa G.",
    "3. Masa G.",
    "4. Masa G.",
    "Salon.1"
  ],
  "excel_file": "kbsl_Kadın_2023-2024.xlsx",
  "csv_file": "kbsl_Kadın_2023-2024.csv"
}