{
  "league_acronym": "kbsl",
  "league_name": "Kadınlar Basketbol Süper Ligi",
  "gender": "Kadın",
  "season": "2018-2019",
  "sponsor": "ING",
  "scraped_at": "2025-06-22T23:46:15.361220",
  "rows": 204,
  "columns": 20,
  "column_names": [
    "Tarih",
    "Saat",
    "Maç No",
    "Hafta",
    "A Takım",
    "Sonuç",
    "B Takım",
    "Grubu",
    "Şehir",
    "Salon",
    "TV",
    "Baş Hakem",
    "1. Yrd. Hakem",
    "2. Yrd. Hakem",
    "Temsilci",
    "1. Masa G.",
    "2. Masa G.",
    "3. Masa G.",
    "4. Masa G.",
    "Salon.1"
  ],
  "excel_file": "kbsl_Kadın_2018-2019.xlsx",
  "csv_file": "kbsl_Kadın_2018-2019.csv"
}