Tarih,Saat,Maç No,Hafta,A Takım,Sonuç,B Takım,Grubu,Şehir,Salon,TV,Baş Hakem,1. Yrd. Hakem,2. Yrd. Hakem,Temsilci,1. Masa G.,2. Masa G.,3. Masa G.,4. Masa G.,Salon.1
7.10.2017,14:00,1BA1746,01. Hafta,ADANA ASKİ,44 - 57,HATAY BŞB.,,ADANA,Menderes Spor Salonu | ,,SERTAN KIRKLAR,GÖKSUN ÖZ,İSMAİL BİNBİR,,,,,,Menderes Spor Salonu
7.10.2017,14:00,1BA1748,01. Hafta,ÇUKUROVA BASKETBOL,78 - 69,BEŞİKTAŞ,,MERSİN,Edip Buran Spor Salonu | ,,ERGİN SARI,MUSA KAZIM ÇETİN,HALİL ERKOÇ,,,,,,Edip Buran Spor Salonu
7.10.2017,15:00,1BA1751,01. Hafta,GALATASARAY,82 - 73,MERSİN BŞB.,,İSTANBUL,Ahmet Cömert Spor Salonu | ,,AYDIN KARAÇAM,SEYHAN TOPALOĞLU,MEHMET ONUR SÖNMEZ,,,,,,Ahmet Cömert Spor Salonu
7.10.2017,15:30,1BA1747,01. Hafta,FENERBAHÇE,83 - 65,OGM ORMANSPOR,,İSTANBUL,Fenerbahçe Metro Enerji Spor Salonu | ,TRTSPOR,ORKUN YURTTAŞ,OGÜN CILIZ,HİKMET FEN,,,,,,Fenerbahçe Metro Enerji Spor Salonu
8.10.2017,14:00,1BA1752,01. Hafta,SAMSUN CANİK BLD.,84 - 72,İSTANBUL ÜNİVERSİTESİ,,SAMSUN,Canik Hasan Doğan Spor Kompleksi | ,,TURGUT IŞIK,SÜLEYMAN DAĞDER DAĞLI,AHMET MURAT ARIKANLI,,,,,,Canik Hasan Doğan Spor Kompleksi
8.10.2017,17:00,1BA1750,01. Hafta,BOTAŞ,48 - 51,YAKIN DOĞU ÜNİ.,,ANKARA,M. Sait Zarifoğlu Spor Salonu | ,TRT TÜRK,ÖNDER YILMAZ,FAZİLET HİSARKAYA,HALDUN ÇOBAN,,,,,,M. Sait Zarifoğlu Spor Salonu
14.10.2017,14:00,1BA1757,02. Hafta,OGM ORMANSPOR,71 - 47,ADANA ASKİ,,ANKARA,M. Sait Zarifoğlu Spor Salonu | ,,YÜCEL ÇİLİNGİR,UYGAR KURT,HANDE ÖZTÜRK,,,,,,M. Sait Zarifoğlu Spor Salonu
14.10.2017,14:00,1BA1755,02. Hafta,MERSİN BŞB.,55 - 64,FENERBAHÇE,,MERSİN,Edip Buran Spor Salonu | ,TRT TÜRK,UĞUR ÖZEN,MUSA KAZIM ÇETİN,İSMAİL BİNBİR,,,,,,Edip Buran Spor Salonu
14.10.2017,16:30,1BA1754,02. Hafta,YAKIN DOĞU ÜNİ.,93 - 83,ÇUKUROVA BASKETBOL,,İSTANBUL,Caferağa Spor Salonu | ,,MURAT CİNER,YİĞİT EMRE ŞİMŞEK,İZEL DENİZ PEHLİVAN ÇAKICI,,,,,,Caferağa Spor Salonu
15.10.2017,16:00,1BA1756,02. Hafta,İSTANBUL ÜNİVERSİTESİ,68 - 73,ABDULLAH GÜL ÜNİVERSİTESİ,,İSTANBUL,Prof. Dr. Turgay Atasü Spor Salonu | ,,AHMET TANER İBİN,ORHAN ÇAĞRI HEKİMOĞLU,ALPER ELÇİKOCA,,,,,,Prof. Dr. Turgay Atasü Spor Salonu
15.10.2017,16:30,1BA1753,02. Hafta,HATAY BŞB.,67 - 52,BOTAŞ,,HATAY,Antakya Spor Salonu | ,,TAHSİN KUZU,AYHAN BAYKARA,SEDA ESEN,,,,,,Antakya Spor Salonu
15.10.2017,17:00,1BA1758,02. Hafta,BEŞİKTAŞ,65 - 86,SAMSUN CANİK BLD.,,İSTANBUL,Akatlar Spor ve Kültür Kompleksi | ,TRT AVAZ,TUNÇTAN DURMUŞCAN,ALİ KÖSEOĞLU,FURKAN OZAN ÇÖVEN,,,,,,Akatlar Spor ve Kültür Kompleksi
21.10.2017,13:30,1BA1764,03. Hafta,OGM ORMANSPOR,61 - 68,MERSİN BŞB.,,ANKARA,M. Sait Zarifoğlu Spor Salonu | ,TRTSPOR,ÖNDER YILMAZ,ERHAN GÜRSEL,AHMET TUNCA EVCİL,,,,,,M. Sait Zarifoğlu Spor Salonu
21.10.2017,14:00,1BA1762,03. Hafta,ÇUKUROVA BASKETBOL,76 - 91,HATAY BŞB.,,MERSİN,Edip Buran Spor Salonu | ,,SAMİ ÖZEL,MUHAMMET MUSTAFA AKILLIOĞLU,MUZAFFER VARDARLI,,,,,,Edip Buran Spor Salonu
21.10.2017,14:00,1BA1760,03. Hafta,ADANA ASKİ,51 - 78,BOTAŞ,,ADANA,Menderes Spor Salonu | ,,TURGUT IŞIK,TOLGA EDİS,HİKMET FEN,,,,,,Menderes Spor Salonu
21.10.2017,14:00,1BA1765,03. Hafta,GALATASARAY,91 - 78,İSTANBUL ÜNİVERSİTESİ,,İSTANBUL,Ahmet Cömert Spor Salonu | ,,YÜCEL ÇİLİNGİR,SİNEM TETİK AKBAYRAK,MUHAMMED MURAT ZAFER,,,,,,Ahmet Cömert Spor Salonu
22.10.2017,13:30,1BA1763,03. Hafta,ABDULLAH GÜL ÜNİVERSİTESİ,64 - 50,BEŞİKTAŞ,,KAYSERİ,Kadir Has Kongre Merkezi Spor Salonu | ,TRTSPOR,AYDIN KARAÇAM,SEYHAN TOPALOĞLU,AHMET MURAT ARIKANLI,,,,,,Kadir Has Kongre Merkezi Spor Salonu
22.10.2017,14:00,1BA1766,03. Hafta,SAMSUN CANİK BLD.,47 - 65,YAKIN DOĞU ÜNİ.,,SAMSUN,Canik Hasan Doğan Spor Kompleksi | ,,TAHSİN KUZU,AHMET KEMAL DİGİLLİ,UMUT ÖZGÜN ERGÜN,,,,,,Canik Hasan Doğan Spor Kompleksi
27.10.2017,17:00,1BA1771,04. Hafta,BOTAŞ,71 - 70,ÇUKUROVA BASKETBOL,,ANKARA,Ankara Spor Salonu | ,,FATİH GÜLER,OGÜN CILIZ,HANDE ÖZTÜRK,,,,,,Ankara Spor Salonu
28.10.2017,15:00,1BA1768,04. Hafta,YAKIN DOĞU ÜNİ.,85 - 45,ABDULLAH GÜL ÜNİVERSİTESİ,,İSTANBUL,Caferağa Spor Salonu | ,TRT AVAZ,OZAN GÖNEN,SÜLEYMAN DAĞDER DAĞLI,BENHÜR İRCEL,,,,,,Caferağa Spor Salonu
29.10.2017,14:00,1BA1769,04. Hafta,MERSİN BŞB.,76 - 63,ADANA ASKİ,,MERSİN,Edip Buran Spor Salonu | ,,AHMET TANER İBİN,AHMET KEMAL DİGİLLİ,İZEL DENİZ PEHLİVAN ÇAKICI,,,,,,Edip Buran Spor Salonu
29.10.2017,14:00,1BA1772,04. Hafta,BEŞİKTAŞ,62 - 61,GALATASARAY,,İSTANBUL,Akatlar Spor ve Kültür Kompleksi | ,TRTSPOR,MURAT CİNER,ERHAN GÜRSEL,SEDA ESEN,,,,,,Akatlar Spor ve Kültür Kompleksi
29.10.2017,16:00,1BA1770,04. Hafta,İSTANBUL ÜNİVERSİTESİ,78 - 83,FENERBAHÇE,,İSTANBUL,Prof. Dr. Turgay Atasü Spor Salonu | ,Youtube / TBF TV,TUNÇTAN DURMUŞCAN,MURAT AMAÇ,TALAT MUSTAFA ÖZDEMİR,,,,,,Prof. Dr. Turgay Atasü Spor Salonu
29.10.2017,16:30,1BA1767,04. Hafta,HATAY BŞB.,90 - 82,SAMSUN CANİK BLD.,,HATAY,Antakya Spor Salonu | ,,UĞUR ÖZEN,SİNEM TETİK AKBAYRAK,HÜSEYİN ÇELİK,,,,,,Antakya Spor Salonu
4.11.2017,14:00,1BA1774,05. Hafta,ADANA ASKİ,62 - 67,ÇUKUROVA BASKETBOL,,ADANA,Menderes Spor Salonu | ,,AYDIN KARAÇAM,ALPER ELÇİKOCA,UMUT ÖZGÜN ERGÜN,,,,,,Menderes Spor Salonu
4.11.2017,14:00,1BA1778,05. Hafta,OGM ORMANSPOR,79 - 77,İSTANBUL ÜNİVERSİTESİ,,ANKARA,M. Sait Zarifoğlu Spor Salonu | ,,ERGİN SARI,MURAT TUNÇ,HALDUN ÇOBAN,,,,,,M. Sait Zarifoğlu Spor Salonu
4.11.2017,15:00,1BA1779,05. Hafta,GALATASARAY,71 - 77,YAKIN DOĞU ÜNİ.,,İSTANBUL,Ahmet Cömert Spor Salonu | ,TRTSPOR,SAMİ ÖZEL,GÖKSUN ÖZ,KEREM YILMAZ,,,,,,Ahmet Cömert Spor Salonu
5.11.2017,14:00,1BA1780,05. Hafta,SAMSUN CANİK BLD.,56 - 62,BOTAŞ,,SAMSUN,Canik Hasan Doğan Spor Kompleksi | ,,İBRAHİM ALTINTAŞ,SEYHAN TOPALOĞLU,NAZLI ÇİSİL GÜNGÖR,,,,,,Canik Hasan Doğan Spor Kompleksi
5.11.2017,16:00,1BA1777,05. Hafta,ABDULLAH GÜL ÜNİVERSİTESİ,71 - 82,HATAY BŞB.,,KAYSERİ,Kadir Has Kongre Merkezi Spor Salonu | ,,ÖNDER YILMAZ,ERHAN GÜRSEL,MEHMET ONUR SÖNMEZ,,,,,,Kadir Has Kongre Merkezi Spor Salonu
5.11.2017,17:15,1BA1775,05. Hafta,FENERBAHÇE,82 - 65,BEŞİKTAŞ,,İSTANBUL,Fenerbahçe Metro Enerji Spor Salonu | ,TRTSPOR,YÜCEL ÇİLİNGİR,EGEMEN ERCAN,İZEL DENİZ PEHLİVAN ÇAKICI,,,,,,Fenerbahçe Metro Enerji Spor Salonu
18.11.2017,14:00,1BA1783,06. Hafta,ÇUKUROVA BASKETBOL,63 - 61,SAMSUN CANİK BLD.,,MERSİN,Edip Buran Spor Salonu | ,,ÖNDER YILMAZ,GÖKSUN ÖZ,FATİH EVLİ,,MELDA KÖKLÜER,HATİCE GÜLER,CANER SERTEL,ŞÜKRÜ SITKI,Edip Buran Spor Salonu
18.11.2017,14:00,1BA1785,06. Hafta,BOTAŞ,54 - 56,ABDULLAH GÜL ÜNİVERSİTESİ,,ANKARA,Ankara Spor Salonu | ,,YÜCEL ÇİLİNGİR,MUHAMMET MUSTAFA AKILLIOĞLU,YİĞİT GÖNÜLTAŞ,,,,,,Ankara Spor Salonu
18.11.2017,16:00,1BA1784,06. Hafta,İSTANBUL ÜNİVERSİTESİ,66 - 86,MERSİN BŞB.,,İSTANBUL,Prof. Dr. Turgay Atasü Spor Salonu | ,,UĞUR ÖZEN,FATİH GÜLER,FURKAN OZAN ÇÖVEN,,,,,,Prof. Dr. Turgay Atasü Spor Salonu
18.11.2017,17:00,1BA1782,06. Hafta,YAKIN DOĞU ÜNİ.,65 - 78,FENERBAHÇE,,İSTANBUL,Caferağa Spor Salonu | ,TRTSPOR,TEKİN ÖZÜBİR,ORKUN YURTTAŞ,HÜSEYİN ÇELİK,,,,,,Caferağa Spor Salonu
18.11.2017,17:00,1BA1786,06. Hafta,BEŞİKTAŞ,88 - 58,OGM ORMANSPOR,,İSTANBUL,Akatlar Spor ve Kültür Kompleksi | ,Youtube / TBF TV,TURGUT IŞIK,FAZİLET HİSARKAYA,BENHÜR İRCEL,,,,,,Akatlar Spor ve Kültür Kompleksi
19.11.2017,14:00,1BA1781,06. Hafta,HATAY BŞB.,84 - 82,GALATASARAY,,HATAY,Antakya Spor Salonu | ,TRTSPOR,ABDULLAH KOPUTAN,OGÜN CILIZ,ORHAN ÇAĞRI HEKİMOĞLU,,,,,,Antakya Spor Salonu
25.11.2017,13:00,1BA1788,07. Hafta,ADANA ASKİ,75 - 84,SAMSUN CANİK BLD.,,ADANA,Menderes Spor Salonu | ,,ERGİN SARI,OGÜN CILIZ,MUHAMMED MURAT ZAFER,,,,,,Menderes Spor Salonu
25.11.2017,14:00,1BA1792,07. Hafta,OGM ORMANSPOR,45 - 78,YAKIN DOĞU ÜNİ.,,ANKARA,M. Sait Zarifoğlu Spor Salonu | ,,ABDULLAH KOPUTAN,AYHAN BAYKARA,CEMİL UYGÜL,,,,,,M. Sait Zarifoğlu Spor Salonu
25.11.2017,14:00,1BA1790,07. Hafta,MERSİN BŞB.,75 - 82,BEŞİKTAŞ,,MERSİN,Edip Buran Spor Salonu | ,,TEKİN ÖZÜBİR,MUHAMMET MUSTAFA AKILLIOĞLU,YİĞİT GÖNÜLTAŞ,,,,,,Edip Buran Spor Salonu
25.11.2017,15:00,1BA1793,07. Hafta,GALATASARAY,70 - 63,BOTAŞ,,İSTANBUL,Ahmet Cömert Spor Salonu | ,TRT AVAZ,SERTAN KIRKLAR,ORKUN YURTTAŞ,İSMAİL BİNBİR,,,,,,Ahmet Cömert Spor Salonu
25.11.2017,16:00,1BA1791,07. Hafta,ABDULLAH GÜL ÜNİVERSİTESİ,78 - 81,ÇUKUROVA BASKETBOL,,KAYSERİ,Kadir Has Kongre Merkezi Spor Salonu | ,,TAHSİN KUZU,FAZİLET HİSARKAYA,HALDUN ÇOBAN,,,,,,Kadir Has Kongre Merkezi Spor Salonu
26.11.2017,14:30,1BA1789,07. Hafta,FENERBAHÇE,86 - 84,HATAY BŞB.,,İSTANBUL,Fenerbahçe Metro Enerji Spor Salonu | ,TRTSPOR,İBRAHİM ALTINTAŞ,AHMET KEMAL DİGİLLİ,ALİ KÖSEOĞLU,,,,,,Fenerbahçe Metro Enerji Spor Salonu
2.12.2017,13:30,1BA1799,08. Hafta,BOTAŞ,78 - 69,FENERBAHÇE,,ANKARA,Ankara Spor Salonu | ,TRTSPOR,MURAT CİNER,SÜLEYMAN DAĞDER DAĞLI,DORUKHAN KALYONCU,,,,,,Ankara Spor Salonu
2.12.2017,14:00,1BA1797,08. Hafta,ÇUKUROVA BASKETBOL,78 - 79,GALATASARAY,,MERSİN,Edip Buran Spor Salonu | ,,UĞUR ÖZEN,AHMET KEMAL DİGİLLİ,AHMET MURAT ARIKANLI,,,,,,Edip Buran Spor Salonu
3.12.2017,14:00,1BA1801,08. Hafta,SAMSUN CANİK BLD.,65 - 67,ABDULLAH GÜL ÜNİVERSİTESİ,,SAMSUN,Canik Hasan Doğan Spor Kompleksi | ,,TEKİN ÖZÜBİR,ABDULLAH KOPUTAN,MURAT DANIŞAN,,,,,,Canik Hasan Doğan Spor Kompleksi
3.12.2017,15:00,1BA1796,08. Hafta,YAKIN DOĞU ÜNİ.,89 - 75,MERSİN BŞB.,,İSTANBUL,Caferağa Spor Salonu | ,TRTSPOR,AHMET TANER İBİN,SERTAN KIRKLAR,NİHAT ÇETİN,,,,,,Caferağa Spor Salonu
3.12.2017,16:00,1BA1798,08. Hafta,İSTANBUL ÜNİVERSİTESİ,83 - 94,ADANA ASKİ,,İSTANBUL,Prof. Dr. Turgay Atasü Spor Salonu | ,,ORKUN YURTTAŞ,FAZİLET HİSARKAYA,YİĞİT EMRE ŞİMŞEK,,,,,,Prof. Dr. Turgay Atasü Spor Salonu
3.12.2017,16:30,1BA1795,08. Hafta,HATAY BŞB.,100 - 70,OGM ORMANSPOR,,HATAY,Antakya Spor Salonu | ,,FATİH GÜLER,MUHAMMET MUSTAFA AKILLIOĞLU,HANDE ÖZTÜRK,,,,,,Antakya Spor Salonu
9.12.2017,14:00,1BA1802,09. Hafta,ADANA ASKİ,56 - 72,ABDULLAH GÜL ÜNİVERSİTESİ,,ADANA,Menderes Spor Salonu | ,,MURAT CİNER,MURAT AMAÇ,NAZLI ÇİSİL GÜNGÖR,,,,,,Menderes Spor Salonu
9.12.2017,15:00,1BA1806,09. Hafta,OGM ORMANSPOR,67 - 72,BOTAŞ,,ANKARA,M. Sait Zarifoğlu Spor Salonu | ,TRTSPOR,SAMİ ÖZEL,SİNEM TETİK AKBAYRAK,HİKMET FEN,,,,,,M. Sait Zarifoğlu Spor Salonu
9.12.2017,15:00,1BA1807,09. Hafta,GALATASARAY,78 - 86,SAMSUN CANİK BLD.,,İSTANBUL,Ahmet Cömert Spor Salonu | ,,TURGUT IŞIK,FAZİLET HİSARKAYA,ALPER ELÇİKOCA,,,,,,Ahmet Cömert Spor Salonu
9.12.2017,16:00,1BA1805,09. Hafta,İSTANBUL ÜNİVERSİTESİ,62 - 92,BEŞİKTAŞ,,İSTANBUL,Prof. Dr. Turgay Atasü Spor Salonu | ,,İBRAHİM ALTINTAŞ,KEREM YILMAZ,MUZAFFER VARDARLI,,,,,,Prof. Dr. Turgay Atasü Spor Salonu
10.12.2017,14:00,1BA1804,09. Hafta,MERSİN BŞB.,69 - 81,HATAY BŞB.,,MERSİN,Edip Buran Spor Salonu | ,,YÜCEL ÇİLİNGİR,EGEMEN ERCAN,MUHAMMED MURAT ZAFER,,,,,,Edip Buran Spor Salonu
10.12.2017,16:00,1BA1803,09. Hafta,FENERBAHÇE,78 - 73,ÇUKUROVA BASKETBOL,,İSTANBUL,Fenerbahçe Metro Enerji Spor Salonu | ,TRTSPOR,SERTAN KIRKLAR,MUSA KAZIM ÇETİN,ABDULLAH İLİK,,,,,,Fenerbahçe Metro Enerji Spor Salonu
16.12.2017,15:00,1BA1812,10. Hafta,ABDULLAH GÜL ÜNİVERSİTESİ,72 - 71,GALATASARAY,,KAYSERİ,Kadir Has Kongre Merkezi Spor Salonu | ,TRTSPOR,TUNÇTAN DURMUŞCAN,AYHAN BAYKARA,HÜSEYİN ÇELİK,,,,,,Kadir Has Kongre Merkezi Spor Salonu
16.12.2017,17:00,1BA1814,10. Hafta,BEŞİKTAŞ,98 - 59,ADANA ASKİ,,İSTANBUL,Akatlar Spor ve Kültür Kompleksi | ,,SERTAN KIRKLAR,SEYHAN TOPALOĞLU,İSMAİL BİNBİR,,,,,,Akatlar Spor ve Kültür Kompleksi
17.12.2017,13:00,1BA1815,10. Hafta,SAMSUN CANİK BLD.,61 - 82,FENERBAHÇE,,SAMSUN,Canik Belediye Mehmet Can ÖZTÜRK Spor Salonu | ,TRT TÜRK,TAHSİN KUZU,MUHAMMET MUSTAFA AKILLIOĞLU,MEHMET ONUR SÖNMEZ,,,,,,Canik Belediye Mehmet Can ÖZTÜRK Spor Salonu
17.12.2017,14:00,1BA1811,10. Hafta,ÇUKUROVA BASKETBOL,88 - 84,OGM ORMANSPOR,,MERSİN,Edip Buran Spor Salonu | ,,AHMET TANER İBİN,MURAT AMAÇ,FURKAN OZAN ÇÖVEN,,,,,,Edip Buran Spor Salonu
17.12.2017,14:00,1BA1813,10. Hafta,BOTAŞ,87 - 80,MERSİN BŞB.,,ANKARA,Ankara Spor Salonu | ,,İBRAHİM ALTINTAŞ,FAZİLET HİSARKAYA,YİĞİT EMRE ŞİMŞEK,,,,,,Ankara Spor Salonu
17.12.2017,16:30,1BA1810,10. Hafta,YAKIN DOĞU ÜNİ.,88 - 45,İSTANBUL ÜNİVERSİTESİ,,İSTANBUL,Caferağa Spor Salonu | ,,ERHAN GÜRSEL,UYGAR KURT,HANDE ÖZTÜRK,,,,,,Caferağa Spor Salonu
23.12.2017,13:00,1BA1816,11. Hafta,ADANA ASKİ,0 - 20,GALATASARAY,,ADANA,Menderes Spor Salonu | ,TRTSPOR,TAHSİN KUZU,EGEMEN ERCAN,AHMET TUNCA EVCİL,,,,,,Menderes Spor Salonu
23.12.2017,14:00,1BA1820,11. Hafta,OGM ORMANSPOR,53 - 62,SAMSUN CANİK BLD.,,ANKARA,M. Sait Zarifoğlu Spor Salonu | ,,ORKUN YURTTAŞ,UYGAR KURT,HALİL ERKOÇ,,,,,,M. Sait Zarifoğlu Spor Salonu
23.12.2017,16:00,1BA1819,11. Hafta,İSTANBUL ÜNİVERSİTESİ,64 - 100,HATAY BŞB.,,İSTANBUL,Prof. Dr. Turgay Atasü Spor Salonu | ,,SEYHAN TOPALOĞLU,AYHAN BAYKARA,AHMET MURAT ARIKANLI,,,,,,Prof. Dr. Turgay Atasü Spor Salonu
23.12.2017,17:00,1BA1821,11. Hafta,BEŞİKTAŞ,68 - 82,YAKIN DOĞU ÜNİ.,,İSTANBUL,Akatlar Spor ve Kültür Kompleksi | ,,YÜCEL ÇİLİNGİR,FAZİLET HİSARKAYA,ABDULLAH İLİK,,,,,,Akatlar Spor ve Kültür Kompleksi
24.12.2017,14:00,1BA1818,11. Hafta,MERSİN BŞB.,73 - 66,ÇUKUROVA BASKETBOL,,MERSİN,Edip Buran Spor Salonu | ,,SAMİ ÖZEL,ORHAN ÇAĞRI HEKİMOĞLU,SEDA ESEN,,,,,,Edip Buran Spor Salonu
24.12.2017,16:00,1BA1817,11. Hafta,FENERBAHÇE,78 - 60,ABDULLAH GÜL ÜNİVERSİTESİ,,İSTANBUL,Fenerbahçe Metro Enerji Spor Salonu | ,TRT TÜRK,TURGUT IŞIK,OGÜN CILIZ,İSMAİL BİNBİR,,,,,,Fenerbahçe Metro Enerji Spor Salonu
30.12.2017,13:30,1BA1823,12. Hafta,HATAY BŞB.,74 - 71,BEŞİKTAŞ,,HATAY,Antakya Spor Salonu | ,TRTSPOR,TURGUT IŞIK,MURAT TUNÇ,HALDUN ÇOBAN,,,,,,Antakya Spor Salonu
30.12.2017,14:00,1BA1827,12. Hafta,BOTAŞ,66 - 50,İSTANBUL ÜNİVERSİTESİ,,ANKARA,Ankara Spor Salonu | ,,EGEMEN ERCAN,ALİ KÖSEOĞLU,ABDULLAH İLİK,,,,,,Ankara Spor Salonu
30.12.2017,14:00,1BA1829,12. Hafta,SAMSUN CANİK BLD.,70 - 76,MERSİN BŞB.,,SAMSUN,Canik Belediye Mehmet Can ÖZTÜRK Spor Salonu | ,,MURAT CİNER,ERHAN GÜRSEL,HANDE ÖZTÜRK,,,,,,Canik Belediye Mehmet Can ÖZTÜRK Spor Salonu
30.12.2017,16:00,1BA1826,12. Hafta,ABDULLAH GÜL ÜNİVERSİTESİ,56 - 70,OGM ORMANSPOR,,KAYSERİ,Kadir Has Kongre Merkezi Spor Salonu | ,,ERGİN SARI,GÖKSUN ÖZ,NAZLI ÇİSİL GÜNGÖR,,,,,,Kadir Has Kongre Merkezi Spor Salonu
30.12.2017,16:30,1BA1824,12. Hafta,YAKIN DOĞU ÜNİ.,84 - 69,ADANA ASKİ,,İSTANBUL,Caferağa Spor Salonu | ,,SÜLEYMAN DAĞDER DAĞLI,YİĞİT EMRE ŞİMŞEK,İZEL DENİZ PEHLİVAN ÇAKICI,,,,,,Caferağa Spor Salonu
30.12.2017,19:00,1BA1828,12. Hafta,GALATASARAY,67 - 79,FENERBAHÇE,,İSTANBUL,Ahmet Cömert Spor Salonu | ,TRTSPOR,AYDIN KARAÇAM,OZAN GÖNEN,YİĞİT GÖNÜLTAŞ,,,,,,Ahmet Cömert Spor Salonu
6.01.2018,14:00,1BA1830,13. Hafta,ADANA ASKİ,64 - 77,FENERBAHÇE,,ADANA,Atatürk Spor Salonu | ,,UĞUR ÖZEN,AYHAN BAYKARA,FURKAN OZAN ÇÖVEN,,,,,,Atatürk Spor Salonu
6.01.2018,14:00,1BA1834,13. Hafta,OGM ORMANSPOR,95 - 85,GALATASARAY,,ANKARA,M. Sait Zarifoğlu Spor Salonu | ,,TEKİN ÖZÜBİR,MURAT TUNÇ,NİHAT ÇETİN,,,,,,M. Sait Zarifoğlu Spor Salonu
6.01.2018,16:00,1BA1833,13. Hafta,İSTANBUL ÜNİVERSİTESİ,66 - 85,ÇUKUROVA BASKETBOL,,İSTANBUL,Prof. Dr. Turgay Atasü Spor Salonu | ,,MURAT CİNER,DORUKHAN KALYONCU,CEMİL UYGÜL,,,,,,Prof. Dr. Turgay Atasü Spor Salonu
6.01.2018,16:30,1BA1835,13. Hafta,BEŞİKTAŞ,68 - 66,BOTAŞ,,İSTANBUL,Akatlar Spor ve Kültür Kompleksi | ,TRTSPOR,ÖNDER YILMAZ,ALPER ELÇİKOCA,ORHAN ÇAĞRI HEKİMOĞLU,,,,,,Akatlar Spor ve Kültür Kompleksi
7.01.2018,15:00,1BA1831,13. Hafta,YAKIN DOĞU ÜNİ.,96 - 78,HATAY BŞB.,,İSTANBUL,Caferağa Spor Salonu | ,,AYDIN KARAÇAM,ALİ KÖSEOĞLU,UMUT ÖZGÜN ERGÜN,,,,,,Caferağa Spor Salonu
7.01.2018,16:30,1BA1832,13. Hafta,MERSİN BŞB.,74 - 68,ABDULLAH GÜL ÜNİVERSİTESİ,,MERSİN,Edip Buran Spor Salonu | ,TRTSPOR,SAMİ ÖZEL,TOLGA EDİS,HALİL ERKOÇ,,,,,,Edip Buran Spor Salonu
13.01.2018,14:00,1BA1838,14. Hafta,OGM ORMANSPOR,54 - 57,FENERBAHÇE,,ANKARA,M. Sait Zarifoğlu Spor Salonu | ,,SERTAN KIRKLAR,SÜLEYMAN DAĞDER DAĞLI,ORHAN ÇAĞRI HEKİMOĞLU,,,,,,M. Sait Zarifoğlu Spor Salonu
13.01.2018,14:00,1BA1839,14. Hafta,BEŞİKTAŞ,57 - 62,ÇUKUROVA BASKETBOL,,İSTANBUL,Akatlar Spor ve Kültür Kompleksi | ,,İBRAHİM ALTINTAŞ,AHMET TANER İBİN,YİĞİT EMRE ŞİMŞEK,,,,,,Akatlar Spor ve Kültür Kompleksi
13.01.2018,16:00,1BA1843,14. Hafta,İSTANBUL ÜNİVERSİTESİ,56 - 73,SAMSUN CANİK BLD.,,İSTANBUL,Prof. Dr. Turgay Atasü Spor Salonu | ,,SAMİ ÖZEL,FAZİLET HİSARKAYA,İZEL DENİZ PEHLİVAN ÇAKICI,,,,,,Prof. Dr. Turgay Atasü Spor Salonu
13.01.2018,16:30,1BA1841,14. Hafta,YAKIN DOĞU ÜNİ.,85 - 81,BOTAŞ,,İSTANBUL,Caferağa Spor Salonu | ,TRTSPOR,ERGİN SARI,MUSA KAZIM ÇETİN,YİĞİT GÖNÜLTAŞ,,,,,,Caferağa Spor Salonu
14.01.2018,14:00,1BA1842,14. Hafta,MERSİN BŞB.,87 - 77,GALATASARAY,,MERSİN,Edip Buran Spor Salonu | ,,ÖNDER YILMAZ,ALİ KÖSEOĞLU,UMUT ÖZGÜN ERGÜN,,,,,,Edip Buran Spor Salonu
14.01.2018,16:30,1BA1837,14. Hafta,HATAY BŞB.,81 - 72,ADANA ASKİ,,HATAY,Antakya Spor Salonu | ,TRTSPOR,ORKUN YURTTAŞ,UYGAR KURT,FATİH EVLİ,,,,,,Antakya Spor Salonu
20.01.2018,14:00,1BA1848,15. Hafta,ADANA ASKİ,61 - 64,OGM ORMANSPOR,,ADANA,Atatürk Spor Salonu | ,,ÖNDER YILMAZ,MUSA KAZIM ÇETİN,MUHAMMED MURAT ZAFER,,,,,,Atatürk Spor Salonu
20.01.2018,14:00,1BA1845,15. Hafta,ÇUKUROVA BASKETBOL,69 - 91,YAKIN DOĞU ÜNİ.,,MERSİN,Edip Buran Spor Salonu | ,,OZAN GÖNEN,OGÜN CILIZ,MEHMET ONUR SÖNMEZ,,,,,,Edip Buran Spor Salonu
20.01.2018,14:00,1BA1844,15. Hafta,BOTAŞ,58 - 67,HATAY BŞB.,,ANKARA,Ankara Spor Salonu | ,TRT AVAZ,TEKİN ÖZÜBİR,GÖKSUN ÖZ,MURAT DANIŞAN,,,,,,Ankara Spor Salonu
20.01.2018,16:00,1BA1847,15. Hafta,ABDULLAH GÜL ÜNİVERSİTESİ,69 - 63,İSTANBUL ÜNİVERSİTESİ,,KAYSERİ,Kadir Has Kongre Merkezi Spor Salonu | ,,UĞUR ÖZEN,MUHAMMET MUSTAFA AKILLIOĞLU,UMUT ÖZGÜN ERGÜN,,,,,,Kadir Has Kongre Merkezi Spor Salonu
21.01.2018,14:00,1BA1849,15. Hafta,SAMSUN CANİK BLD.,66 - 70,BEŞİKTAŞ,,SAMSUN,Canik Belediye Mehmet Can ÖZTÜRK Spor Salonu | ,,ERGİN SARI,SÜLEYMAN DAĞDER DAĞLI,DORUKHAN KALYONCU,,,,,,Canik Belediye Mehmet Can ÖZTÜRK Spor Salonu
21.01.2018,14:00,1BA1846,15. Hafta,FENERBAHÇE,73 - 78,MERSİN BŞB.,,İSTANBUL,Fenerbahçe Metro Enerji Spor Salonu | ,TRTSPOR,FATİH GÜLER,SEYHAN TOPALOĞLU,ALPER ELÇİKOCA,,,,,,Fenerbahçe Metro Enerji Spor Salonu
27.01.2018,13:30,1BA1854,16. Hafta,BEŞİKTAŞ,79 - 56,ABDULLAH GÜL ÜNİVERSİTESİ,,İSTANBUL,Akatlar Spor ve Kültür Kompleksi | ,Youtube / TBF TV,ORKUN YURTTAŞ,FATİH GÜLER,ALİ KÖSEOĞLU,,,,,,Akatlar Spor ve Kültür Kompleksi
27.01.2018,14:00,1BA1851,16. Hafta,BOTAŞ,77 - 57,ADANA ASKİ,,ANKARA,Ankara Spor Salonu | ,,AHMET TANER İBİN,OZAN GÖNEN,MURAT TUNÇ,,,,,,Ankara Spor Salonu
27.01.2018,14:00,1BA1856,16. Hafta,İSTANBUL ÜNİVERSİTESİ,75 - 87,GALATASARAY,,İSTANBUL,Prof. Dr. Turgay Atasü Spor Salonu | ,TRTSPOR,ERGİN SARI,MURAT AMAÇ,ERHAN GÜRSEL,,,,,,Prof. Dr. Turgay Atasü Spor Salonu
27.01.2018,16:00,1BA1857,16. Hafta,YAKIN DOĞU ÜNİ.,90 - 40,SAMSUN CANİK BLD.,,İSTANBUL,Caferağa Spor Salonu | ,,TUNÇTAN DURMUŞCAN,SEYHAN TOPALOĞLU,ORHAN ÇAĞRI HEKİMOĞLU,,,,,,Caferağa Spor Salonu
28.01.2018,14:00,1BA1855,16. Hafta,MERSİN BŞB.,84 - 77,OGM ORMANSPOR,,MERSİN,Edip Buran Spor Salonu | ,TRT AVAZ,TURGUT IŞIK,SİNEM TETİK AKBAYRAK,ABDULLAH İLİK,,,,,,Edip Buran Spor Salonu
28.01.2018,16:30,1BA1853,16. Hafta,HATAY BŞB.,67 - 56,ÇUKUROVA BASKETBOL,,HATAY,Antakya Spor Salonu | ,,UĞUR ÖZEN,EGEMEN ERCAN,TOLGA EDİS,,,,,,Antakya Spor Salonu
3.02.2018,14:00,1BA1863,17. Hafta,GALATASARAY,80 - 81,BEŞİKTAŞ,,İSTANBUL,Ahmet Cömert Spor Salonu | ,TRTSPOR,TAHSİN KUZU,OGÜN CILIZ,MUSA KAZIM ÇETİN,,,,,,Ahmet Cömert Spor Salonu
3.02.2018,14:00,1BA1858,17. Hafta,SAMSUN CANİK BLD.,62 - 79,HATAY BŞB.,,SAMSUN,Canik Belediye Mehmet Can ÖZTÜRK Spor Salonu | ,,YÜCEL ÇİLİNGİR,OZAN GÖNEN,İSMAİL BİNBİR,,,,,,Canik Belediye Mehmet Can ÖZTÜRK Spor Salonu
3.02.2018,16:00,1BA1859,17. Hafta,ABDULLAH GÜL ÜNİVERSİTESİ,72 - 84,YAKIN DOĞU ÜNİ.,,KAYSERİ,Kadir Has Kongre Merkezi Spor Salonu | ,,SERTAN KIRKLAR,AHMET KEMAL DİGİLLİ,ALPER ELÇİKOCA,,,,,,Kadir Has Kongre Merkezi Spor Salonu
3.02.2018,16:30,1BA1862,17. Hafta,ÇUKUROVA BASKETBOL,78 - 83,BOTAŞ,,MERSİN,Edip Buran Spor Salonu | ,TRTSPOR,TURGUT IŞIK,SEYHAN TOPALOĞLU,KEREM YILMAZ,,,,,,Edip Buran Spor Salonu
3.02.2018,20:00,1BA1861,17. Hafta,FENERBAHÇE,75 - 63,İSTANBUL ÜNİVERSİTESİ,,İSTANBUL,Fenerbahçe Metro Enerji Spor Salonu | ,Youtube / TBF TV,SİNEM TETİK AKBAYRAK,UYGAR KURT,MUHAMMED MURAT ZAFER,,,,,,Fenerbahçe Metro Enerji Spor Salonu
4.02.2018,13:00,1BA1860,17. Hafta,ADANA ASKİ,67 - 84,MERSİN BŞB.,,ADANA,Atatürk Spor Salonu | ,Youtube / TBF TV,ERGİN SARI,ABDULLAH KOPUTAN,NAZLI ÇİSİL GÜNGÖR,,,,,,Atatürk Spor Salonu
17.02.2018,14:00,1BA1871,18. Hafta,BOTAŞ,67 - 51,SAMSUN CANİK BLD.,,ANKARA,Mamak Belediyesi Spor Salonu | ,,SERTAN KIRKLAR,MURAT AMAÇ,CEMİL UYGÜL,,,,,,Mamak Belediyesi Spor Salonu
17.02.2018,16:00,1BA1869,18. Hafta,İSTANBUL ÜNİVERSİTESİ,69 - 77,OGM ORMANSPOR,,İSTANBUL,Prof. Dr. Turgay Atasü Spor Salonu | ,,TUNÇTAN DURMUŞCAN,OZAN GÖNEN,BENHÜR İRCEL,,,,,,Prof. Dr. Turgay Atasü Spor Salonu
17.02.2018,17:30,1BA1870,18. Hafta,YAKIN DOĞU ÜNİ.,70 - 54,GALATASARAY,,İSTANBUL,Caferağa Spor Salonu | ,TRTSPOR,YÜCEL ÇİLİNGİR,UYGAR KURT,SEDA ESEN,,,,,,Caferağa Spor Salonu
18.02.2018,14:00,1BA1866,18. Hafta,BEŞİKTAŞ,71 - 62,FENERBAHÇE,,İSTANBUL,Akatlar Spor ve Kültür Kompleksi | ,TRT AVAZ,AYDIN KARAÇAM,GÖKSUN ÖZ,NAZLI ÇİSİL GÜNGÖR,,,,,,Akatlar Spor ve Kültür Kompleksi
18.02.2018,14:00,1BA1868,18. Hafta,HATAY BŞB.,82 - 61,ABDULLAH GÜL ÜNİVERSİTESİ,,HATAY,Antakya Spor Salonu | ,Youtube / TBF TV,TAHSİN KUZU,FAZİLET HİSARKAYA,ABDULLAH İLİK,,,,,,Antakya Spor Salonu
18.02.2018,14:00,1BA1865,18. Hafta,ÇUKUROVA BASKETBOL,84 - 63,ADANA ASKİ,,MERSİN,Edip Buran Spor Salonu | ,,TEKİN ÖZÜBİR,ERHAN GÜRSEL,İZEL DENİZ PEHLİVAN ÇAKICI,,,,,,Edip Buran Spor Salonu
3.03.2018,14:00,1BA1877,19. Hafta,OGM ORMANSPOR,84 - 87,BEŞİKTAŞ,,ANKARA,M. Sait Zarifoğlu Spor Salonu | ,,AHMET TANER İBİN,EGEMEN ERCAN,NİHAT ÇETİN,,,,,,M. Sait Zarifoğlu Spor Salonu
3.03.2018,14:00,1BA1876,19. Hafta,ABDULLAH GÜL ÜNİVERSİTESİ,66 - 76,BOTAŞ,,KAYSERİ,Kadir Has Kongre Merkezi Spor Salonu | ,TRT AVAZ,TURGUT IŞIK,ERHAN GÜRSEL,SEDA ESEN,,,,,,Kadir Has Kongre Merkezi Spor Salonu
4.03.2018,14:00,1BA1875,19. Hafta,MERSİN BŞB.,72 - 78,İSTANBUL ÜNİVERSİTESİ,,MERSİN,Edip Buran Spor Salonu | ,,İBRAHİM ALTINTAŞ,MUSA KAZIM ÇETİN,İZEL DENİZ PEHLİVAN ÇAKICI,,,,,,Edip Buran Spor Salonu
4.03.2018,14:00,1BA1874,19. Hafta,SAMSUN CANİK BLD.,60 - 68,ÇUKUROVA BASKETBOL,,SAMSUN,Canik Belediye Mehmet Can ÖZTÜRK Spor Salonu | ,,AYDIN KARAÇAM,UYGAR KURT,NAZLI ÇİSİL GÜNGÖR,,,,,,Canik Belediye Mehmet Can ÖZTÜRK Spor Salonu
4.03.2018,15:00,1BA1872,19. Hafta,GALATASARAY,72 - 67,HATAY BŞB.,,İSTANBUL,Ahmet Cömert Spor Salonu | ,Youtube / TBF TV,TUNÇTAN DURMUŞCAN,AHMET KEMAL DİGİLLİ,BENHÜR İRCEL,,,,,,Ahmet Cömert Spor Salonu
4.03.2018,15:30,1BA1873,19. Hafta,FENERBAHÇE,66 - 65,YAKIN DOĞU ÜNİ.,,İSTANBUL,Fenerbahçe Metro Enerji Spor Salonu | ,TRT TÜRK,ÖNDER YILMAZ,ABDULLAH KOPUTAN,MURAT AMAÇ,,,,,,Fenerbahçe Metro Enerji Spor Salonu
10.03.2018,14:00,1BA1882,20. Hafta,ÇUKUROVA BASKETBOL,68 - 58,ABDULLAH GÜL ÜNİVERSİTESİ,,MERSİN,Edip Buran Spor Salonu | ,,YÜCEL ÇİLİNGİR,SİNEM TETİK AKBAYRAK,HİKMET FEN,,,,,,Edip Buran Spor Salonu
10.03.2018,14:00,1BA1884,20. Hafta,BOTAŞ,79 - 72,GALATASARAY,,ANKARA,Ankara Spor Salonu | ,TRTSPOR,EGEMEN ERCAN,AYHAN BAYKARA,FURKAN OZAN ÇÖVEN,,,,,,Ankara Spor Salonu
10.03.2018,16:30,1BA1883,20. Hafta,YAKIN DOĞU ÜNİ.,103 - 79,OGM ORMANSPOR,,İSTANBUL,Caferağa Spor Salonu | ,,ORKUN YURTTAŞ,MURAT TUNÇ,İSMAİL BİNBİR,,,,,,Caferağa Spor Salonu
11.03.2018,14:00,1BA1879,20. Hafta,SAMSUN CANİK BLD.,54 - 66,ADANA ASKİ,,SAMSUN,Canik Belediye Mehmet Can ÖZTÜRK Spor Salonu | ,,SAMİ ÖZEL,FATİH GÜLER,SEDA ESEN,,,,,,Canik Belediye Mehmet Can ÖZTÜRK Spor Salonu
11.03.2018,14:00,1BA1880,20. Hafta,HATAY BŞB.,77 - 72,FENERBAHÇE,,HATAY,Antakya Spor Salonu | ,TRTSPOR,ERGİN SARI,MURAT CİNER,YİĞİT EMRE ŞİMŞEK,,,,,,Antakya Spor Salonu
11.03.2018,17:00,1BA1881,20. Hafta,BEŞİKTAŞ,65 - 70,MERSİN BŞB.,,İSTANBUL,Akatlar Spor ve Kültür Kompleksi | ,Youtube / TBF TV,ORKUN YURTTAŞ,OZAN GÖNEN,MURAT DANIŞAN,,,,,,Akatlar Spor ve Kültür Kompleksi
17.03.2018,14:00,1BA1889,21. Hafta,ADANA ASKİ,62 - 71,İSTANBUL ÜNİVERSİTESİ,,ADANA,Atatürk Spor Salonu | ,,TAHSİN KUZU,MURAT TUNÇ,NİHAT ÇETİN,,,,,,Atatürk Spor Salonu
17.03.2018,14:00,1BA1886,21. Hafta,OGM ORMANSPOR,75 - 85,HATAY BŞB.,,ANKARA,M. Sait Zarifoğlu Spor Salonu | ,TRT AVAZ,TURGUT IŞIK,SÜLEYMAN DAĞDER DAĞLI,CEMİL UYGÜL,,,,,,M. Sait Zarifoğlu Spor Salonu
17.03.2018,15:00,1BA1888,21. Hafta,GALATASARAY,54 - 75,ÇUKUROVA BASKETBOL,,İSTANBUL,Ahmet Cömert Spor Salonu | ,Youtube / TBF TV,SERTAN KIRKLAR,MUHAMMET MUSTAFA AKILLIOĞLU,HALDUN ÇOBAN,,,,,,Ahmet Cömert Spor Salonu
17.03.2018,16:00,1BA1892,21. Hafta,ABDULLAH GÜL ÜNİVERSİTESİ,74 - 63,SAMSUN CANİK BLD.,,KAYSERİ,Kadir Has Kongre Merkezi Spor Salonu | ,,ORKUN YURTTAŞ,MUSA KAZIM ÇETİN,İZEL DENİZ PEHLİVAN ÇAKICI,,,,,,Kadir Has Kongre Merkezi Spor Salonu
18.03.2018,14:00,1BA1887,21. Hafta,MERSİN BŞB.,56 - 58,YAKIN DOĞU ÜNİ.,,MERSİN,Edip Buran Spor Salonu | ,TRT TÜRK,AYDIN KARAÇAM,EGEMEN ERCAN,AHMET TUNCA EVCİL,,,,,,Edip Buran Spor Salonu
18.03.2018,16:00,1BA1890,21. Hafta,FENERBAHÇE,86 - 56,BOTAŞ,,İSTANBUL,Fenerbahçe Metro Enerji Spor Salonu | ,Youtube / TBF TV,TEKİN ÖZÜBİR,FAZİLET HİSARKAYA,BENHÜR İRCEL,,,,,,Fenerbahçe Metro Enerji Spor Salonu
24.03.2018,14:00,1BA1894,22. Hafta,ÇUKUROVA BASKETBOL,81 - 80,FENERBAHÇE,,MERSİN,Edip Buran Spor Salonu | ,Youtube / TBF TV,ORKUN YURTTAŞ,ALİ KÖSEOĞLU,HALİL ERKOÇ,,,,,,Edip Buran Spor Salonu
24.03.2018,14:00,1BA1897,22. Hafta,BOTAŞ,84 - 79,OGM ORMANSPOR,,ANKARA,Ankara Spor Salonu | ,TRTSPOR,YÜCEL ÇİLİNGİR,MUHAMMET MUSTAFA AKILLIOĞLU,İZEL DENİZ PEHLİVAN ÇAKICI,,,,,,Ankara Spor Salonu
24.03.2018,16:00,1BA1893,22. Hafta,ABDULLAH GÜL ÜNİVERSİTESİ,67 - 70,ADANA ASKİ,,KAYSERİ,Kadir Has Kongre Merkezi Spor Salonu | ,,İBRAHİM ALTINTAŞ,FAZİLET HİSARKAYA,AHMET MURAT ARIKANLI,,,,,,Kadir Has Kongre Merkezi Spor Salonu
24.03.2018,17:00,1BA1896,22. Hafta,BEŞİKTAŞ,74 - 63,İSTANBUL ÜNİVERSİTESİ,,İSTANBUL,Akatlar Spor ve Kültür Kompleksi | ,Youtube / TBF TV,TEKİN ÖZÜBİR,UYGAR KURT,HANDE ÖZTÜRK,,,,,,Akatlar Spor ve Kültür Kompleksi
24.03.2018,18:00,1BA1898,22. Hafta,SAMSUN CANİK BLD.,55 - 86,GALATASARAY,,SAMSUN,Canik Belediye Mehmet Can ÖZTÜRK Spor Salonu | ,,SÜLEYMAN DAĞDER DAĞLI,YİĞİT EMRE ŞİMŞEK,ABDULLAH İLİK,,,,,,Canik Belediye Mehmet Can ÖZTÜRK Spor Salonu
25.03.2018,14:00,1BA1895,22. Hafta,HATAY BŞB.,87 - 76,MERSİN BŞB.,,HATAY,Antakya Spor Salonu | ,TRTSPOR,ÖNDER YILMAZ,SİNEM TETİK AKBAYRAK,MEHMET ONUR SÖNMEZ,,,,,,Antakya Spor Salonu
31.03.2018,14:00,1BA1905,23. Hafta,ADANA ASKİ,72 - 79,BEŞİKTAŞ,,ADANA,Atatürk Spor Salonu | ,TRTSPOR,UĞUR ÖZEN,AHMET KEMAL DİGİLLİ,HİKMET FEN,,,,,,Atatürk Spor Salonu
31.03.2018,14:00,1BA1904,23. Hafta,MERSİN BŞB.,63 - 71,BOTAŞ,,MERSİN,Edip Buran Spor Salonu | ,,ERGİN SARI,ALPER ELÇİKOCA,HÜSEYİN ÇELİK,,,,,,Edip Buran Spor Salonu
31.03.2018,15:00,1BA1903,23. Hafta,GALATASARAY,86 - 58,ABDULLAH GÜL ÜNİVERSİTESİ,,İSTANBUL,Ahmet Cömert Spor Salonu | ,,SAMİ ÖZEL,ORHAN ÇAĞRI HEKİMOĞLU,AHMET TUNCA EVCİL,,,,,,Ahmet Cömert Spor Salonu
31.03.2018,16:00,1BA1901,23. Hafta,İSTANBUL ÜNİVERSİTESİ,42 - 98,YAKIN DOĞU ÜNİ.,,İSTANBUL,Prof. Dr. Turgay Atasü Spor Salonu | ,,SİNEM TETİK AKBAYRAK,YİĞİT EMRE ŞİMŞEK,NAZLI ÇİSİL GÜNGÖR,,,,,,Prof. Dr. Turgay Atasü Spor Salonu
1.04.2018,14:00,1BA1902,23. Hafta,OGM ORMANSPOR,72 - 66,ÇUKUROVA BASKETBOL,,ANKARA,M. Sait Zarifoğlu Spor Salonu | ,TRTSPOR,FATİH GÜLER,MUSA KAZIM ÇETİN,SEDA ESEN,,,,,,M. Sait Zarifoğlu Spor Salonu
1.04.2018,16:00,1BA1906,23. Hafta,FENERBAHÇE,76 - 51,SAMSUN CANİK BLD.,,İSTANBUL,Fenerbahçe Metro Enerji Spor Salonu | ,,TURGUT IŞIK,AYHAN BAYKARA,FURKAN OZAN ÇÖVEN,,,,,,Fenerbahçe Metro Enerji Spor Salonu
4.04.2018,15:00,1BA1910,24. Hafta,HATAY BŞB.,95 - 71,İSTANBUL ÜNİVERSİTESİ,,HATAY,Antakya Spor Salonu | ,Youtube / TBF TV,SAMİ ÖZEL,FATİH GÜLER,UMUT ÖZGÜN ERGÜN,,,,,,Antakya Spor Salonu
4.04.2018,17:00,1BA1908,24. Hafta,ABDULLAH GÜL ÜNİVERSİTESİ,57 - 71,FENERBAHÇE,,KAYSERİ,Kadir Has Kongre Merkezi Spor Salonu | ,TRTSPOR,UĞUR ÖZEN,SEYHAN TOPALOĞLU,YİĞİT GÖNÜLTAŞ,,,,,,Kadir Has Kongre Merkezi Spor Salonu
4.04.2018,18:00,1BA1911,24. Hafta,SAMSUN CANİK BLD.,66 - 77,OGM ORMANSPOR,,SAMSUN,Canik Belediye Mehmet Can ÖZTÜRK Spor Salonu | ,,MURAT CİNER,SİNEM TETİK AKBAYRAK,KEREM YILMAZ,,,,,,Canik Belediye Mehmet Can ÖZTÜRK Spor Salonu
4.04.2018,19:00,1BA1912,24. Hafta,YAKIN DOĞU ÜNİ.,72 - 59,BEŞİKTAŞ,,İSTANBUL,Caferağa Spor Salonu | ,Youtube / TBF TV,TURGUT IŞIK,ERHAN GÜRSEL,MUHAMMED MURAT ZAFER,,,,,,Caferağa Spor Salonu
4.04.2018,19:00,1BA1907,24. Hafta,GALATASARAY,73 - 62,ADANA ASKİ,,İSTANBUL,Sinan Erdem Spor Salonu | ,Youtube / TBF TV,ÖNDER YILMAZ,ALİ KÖSEOĞLU,MURAT DANIŞAN,,,,,,Sinan Erdem Spor Salonu
5.04.2018,18:30,1BA1909,24. Hafta,ÇUKUROVA BASKETBOL,74 - 67,MERSİN BŞB.,,MERSİN,Edip Buran Spor Salonu | ,TRTSPOR,TAHSİN KUZU,SÜLEYMAN DAĞDER DAĞLI,GÖKSUN ÖZ,,,,,,Edip Buran Spor Salonu
7.04.2018,14:00,1BA1915,25. Hafta,ADANA ASKİ,76 - 83,YAKIN DOĞU ÜNİ.,,ADANA,Atatürk Spor Salonu | ,,TEKİN ÖZÜBİR,MUSA KAZIM ÇETİN,YİĞİT GÖNÜLTAŞ,,,,,,Atatürk Spor Salonu
7.04.2018,14:00,1BA1917,25. Hafta,OGM ORMANSPOR,69 - 67,ABDULLAH GÜL ÜNİVERSİTESİ,,ANKARA,M. Sait Zarifoğlu Spor Salonu | ,,ÖNDER YILMAZ,OZAN GÖNEN,HALİL ERKOÇ,,,,,,M. Sait Zarifoğlu Spor Salonu
7.04.2018,14:00,1BA1914,25. Hafta,BEŞİKTAŞ,60 - 73,HATAY BŞB.,,İSTANBUL,Akatlar Spor ve Kültür Kompleksi | ,TRTSPOR,AYDIN KARAÇAM,FAZİLET HİSARKAYA,İZEL DENİZ PEHLİVAN ÇAKICI,,,,,,Akatlar Spor ve Kültür Kompleksi
7.04.2018,16:00,1BA1918,25. Hafta,İSTANBUL ÜNİVERSİTESİ,74 - 66,BOTAŞ,,İSTANBUL,Prof. Dr. Turgay Atasü Spor Salonu | ,Youtube / TBF TV,ABDULLAH KOPUTAN,ORHAN ÇAĞRI HEKİMOĞLU,CEMİL UYGÜL,,,,,,Prof. Dr. Turgay Atasü Spor Salonu
8.04.2018,14:00,1BA1920,25. Hafta,MERSİN BŞB.,102 - 62,SAMSUN CANİK BLD.,,MERSİN,Edip Buran Spor Salonu | ,,SAMİ ÖZEL,OGÜN CILIZ,AHMET MURAT ARIKANLI,,,,,,Edip Buran Spor Salonu
8.04.2018,14:00,1BA1919,25. Hafta,FENERBAHÇE,75 - 68,GALATASARAY,,İSTANBUL,Fenerbahçe Metro Enerji Spor Salonu | ,TRTSPOR,TAHSİN KUZU,ERHAN GÜRSEL,NAZLI ÇİSİL GÜNGÖR,,,,,,Fenerbahçe Metro Enerji Spor Salonu
14.04.2018,14:00,1BA1926,26. Hafta,BOTAŞ,59 - 48,BEŞİKTAŞ,,ANKARA,Ankara Spor Salonu | ,,SERTAN KIRKLAR,ALİ KÖSEOĞLU,YİĞİT GÖNÜLTAŞ,,,,,,Ankara Spor Salonu
14.04.2018,14:00,1BA1922,26. Hafta,HATAY BŞB.,65 - 68,YAKIN DOĞU ÜNİ.,,HATAY,Antakya Spor Salonu | ,TRTSPOR,UĞUR ÖZEN,ABDULLAH KOPUTAN,HÜSEYİN ÇELİK,,,,,,Antakya Spor Salonu
14.04.2018,14:00,1BA1921,26. Hafta,FENERBAHÇE,76 - 55,ADANA ASKİ,,İSTANBUL,Fenerbahçe Metro Enerji Spor Salonu | ,Youtube / TBF TV,AHMET TANER İBİN,FATİH GÜLER,DORUKHAN KALYONCU,,,,,,Fenerbahçe Metro Enerji Spor Salonu
14.04.2018,14:00,1BA1925,26. Hafta,GALATASARAY,101 - 69,OGM ORMANSPOR,,İSTANBUL,Ahmet Cömert Spor Salonu | ,Youtube / TBF TV,TUNÇTAN DURMUŞCAN,SEYHAN TOPALOĞLU,ALPER ELÇİKOCA,,,,,,Ahmet Cömert Spor Salonu
14.04.2018,14:00,1BA1923,26. Hafta,ABDULLAH GÜL ÜNİVERSİTESİ,40 - 79,MERSİN BŞB.,,KAYSERİ,Kadir Has Kongre Merkezi Spor Salonu | ,,TURGUT IŞIK,AHMET KEMAL DİGİLLİ,FATİH EVLİ,,,,,,Kadir Has Kongre Merkezi Spor Salonu
14.04.2018,14:00,1BA1924,26. Hafta,ÇUKUROVA BASKETBOL,73 - 72,İSTANBUL ÜNİVERSİTESİ,,MERSİN,Edip Buran Spor Salonu | ,Youtube / TBF TV,ORKUN YURTTAŞ,FAZİLET HİSARKAYA,NİHAT ÇETİN,,,,,,Edip Buran Spor Salonu
24.04.2018,18:00,1BA1937,Playoff Çeyrek Final,HATAY BŞB.,75 - 78,MERSİN BŞB.,,HATAY,Antakya Spor Salonu | ,Youtube / TBF TV,TEKİN ÖZÜBİR,GÖKSUN ÖZ,ALİ KÖSEOĞLU,,,,,,Antakya Spor Salonu
24.04.2018,19:00,1BA1938,Playoff Çeyrek Final,FENERBAHÇE,79 - 45,BEŞİKTAŞ,,İSTANBUL,Fenerbahçe Metro Enerji Spor Salonu | ,TRT TÜRK,ORKUN YURTTAŞ,SEYHAN TOPALOĞLU,KEREM YILMAZ,,,,,,Fenerbahçe Metro Enerji Spor Salonu
25.04.2018,18:00,1BA1939,Playoff Çeyrek Final,BOTAŞ,61 - 67,ÇUKUROVA BASKETBOL,,ANKARA,Ankara Spor Salonu | ,Youtube / TBF TV,YÜCEL ÇİLİNGİR,ERHAN GÜRSEL,MUSA KAZIM ÇETİN,,,,,,Ankara Spor Salonu
25.04.2018,19:00,1BA1936,Playoff Çeyrek Final,YAKIN DOĞU ÜNİ.,90 - 53,GALATASARAY,,İSTANBUL,Caferağa Spor Salonu | ,TRTSPOR,MURAT CİNER,SİNEM TETİK AKBAYRAK,DORUKHAN KALYONCU,,,,,,Caferağa Spor Salonu
27.04.2018,18:00,1BA1941,Playoff Çeyrek Final,MERSİN BŞB.,64 - 72,HATAY BŞB.,,MERSİN,Edip Buran Spor Salonu | ,Youtube / TBF TV,TURGUT IŞIK,AHMET TANER İBİN,YİĞİT EMRE ŞİMŞEK,,,,,,Edip Buran Spor Salonu
27.04.2018,19:00,1BA1942,Playoff Çeyrek Final,BEŞİKTAŞ,64 - 79,FENERBAHÇE,,İSTANBUL,Akatlar Spor ve Kültür Kompleksi | ,TRTSPOR,TUNÇTAN DURMUŞCAN,AYHAN BAYKARA,ALPER ELÇİKOCA,,,,,,Akatlar Spor ve Kültür Kompleksi
28.04.2018,16:00,1BA1940,Playoff Çeyrek Final,GALATASARAY,81 - 87,YAKIN DOĞU ÜNİ.,,İSTANBUL,Ahmet Cömert Spor Salonu | ,TRTSPOR,TAHSİN KUZU,SÜLEYMAN DAĞDER DAĞLI,MURAT DANIŞAN,,,,,,Ahmet Cömert Spor Salonu
28.04.2018,18:00,1BA1943,Playoff Çeyrek Final,ÇUKUROVA BASKETBOL,61 - 59,BOTAŞ,,MERSİN,Edip Buran Spor Salonu | ,Youtube / TBF TV,ERGİN SARI,EGEMEN ERCAN,NAZLI ÇİSİL GÜNGÖR,,,,,,Edip Buran Spor Salonu
30.04.2018,18:00,1BA1944,Playoff Çeyrek Final,HATAY BŞB.,64 - 56,MERSİN BŞB.,,HATAY,Antakya Spor Salonu | ,Youtube / TBF TV,SAMİ ÖZEL,MUSA KAZIM ÇETİN,KEREM YILMAZ,,,,,,Antakya Spor Salonu
2.05.2018,19:00,1BA1945,Playoff Yarı Final,YAKIN DOĞU ÜNİ.,78 - 76,ÇUKUROVA BASKETBOL,,İSTANBUL,Caferağa Spor Salonu | ,Youtube / TBF TV,DUHAN KÖYİÇİ,ÖNDER YILMAZ,OZAN GÖNEN,,,,,,Caferağa Spor Salonu
3.05.2018,19:00,1BA1948,Playoff Yarı Final,HATAY BŞB.,58 - 73,FENERBAHÇE,,HATAY,Antakya Spor Salonu | ,Youtube / TBF TV,ALPER ALTUĞ KÖSELERLİ,TAHSİN KUZU,HÜSEYİN ÇELİK,,,,,,Antakya Spor Salonu
5.05.2018,14:00,1BA1946,Playoff Yarı Final,YAKIN DOĞU ÜNİ.,55 - 59,ÇUKUROVA BASKETBOL,,İSTANBUL,Caferağa Spor Salonu | ,TRT AVAZ,OSMAN SİNAN İŞGÜDER,İBRAHİM ALTINTAŞ,FATİH GÜLER,,,,,,Caferağa Spor Salonu
6.05.2018,14:00,1BA1949,Playoff Yarı Final,HATAY BŞB.,59 - 68,FENERBAHÇE,,HATAY,Antakya Spor Salonu | ,TRTSPOR,MEHMET SERDAR ÜNAL,ORKUN YURTTAŞ,AHMET KEMAL DİGİLLİ,,,,,,Antakya Spor Salonu
8.05.2018,19:00,1BA1947,Playoff Yarı Final,ÇUKUROVA BASKETBOL,64 - 76,YAKIN DOĞU ÜNİ.,,MERSİN,Edip Buran Spor Salonu | ,TRTSPOR,AHMET ERSAN ERGÜLER,AYDIN KARAÇAM,SERTAN KIRKLAR,,,,,,Edip Buran Spor Salonu
9.05.2018,19:00,1BA1950,Playoff Yarı Final,FENERBAHÇE,77 - 74,HATAY BŞB.,,İSTANBUL,Fenerbahçe Metro Enerji Spor Salonu | ,TRTSPOR,ÖZLEM YALMAN,ABDULLAH KOPUTAN,SEYHAN TOPALOĞLU,,,,,,Fenerbahçe Metro Enerji Spor Salonu
11.05.2018,19:00,1BA1951,Playoff Yarı Final,ÇUKUROVA BASKETBOL,66 - 76,YAKIN DOĞU ÜNİ.,,MERSİN,Edip Buran Spor Salonu | ,TRTSPOR,MEHMET ŞAHİN,MURAT CİNER,TAHSİN KUZU,,,,,,Edip Buran Spor Salonu
14.05.2018,18:00,1BA1952,Playoff Final,YAKIN DOĞU ÜNİ.,76 - 83,FENERBAHÇE,,İSTANBUL,Caferağa Spor Salonu | ,TRT TÜRK,İSMAİL AYDIN,TUNÇTAN DURMUŞCAN,SİNEM TETİK AKBAYRAK,,,,,,Caferağa Spor Salonu
16.05.2018,18:00,1BA1953,Playoff Final,YAKIN DOĞU ÜNİ.,68 - 61,FENERBAHÇE,,İSTANBUL,Caferağa Spor Salonu | ,TRTSPOR,ALİ SERKAN EMLEK,İBRAHİM ALTINTAŞ,MUSA KAZIM ÇETİN,,,,,,Caferağa Spor Salonu
19.05.2018,14:00,1BA1954,Playoff Final,FENERBAHÇE,81 - 68,YAKIN DOĞU ÜNİ.,,İSTANBUL,Fenerbahçe Metro Enerji Spor Salonu | ,TRTSPOR,ZİYA ÖZORHON,TEKİN ÖZÜBİR,ALİ KÖSEOĞLU,,,,,,Fenerbahçe Metro Enerji Spor Salonu
21.05.2018,18:00,1BA1955,Playoff Final,FENERBAHÇE,62 - 53,YAKIN DOĞU ÜNİ.,,İSTANBUL,Fenerbahçe Metro Enerji Spor Salonu | ,TRTSPOR,EMİN MOĞULKOÇ,ORKUN YURTTAŞ,SÜLEYMAN DAĞDER DAĞLI,,,,,,Fenerbahçe Metro Enerji Spor Salonu
