Tarih,Saat,Maç No,Hafta,A Takım,Sonuç,B Takım,Grubu,Şehir,Salon,TV,Baş Hakem,1. Yrd. Hakem,2. Yrd. Hakem,Temsilci,1. Masa G.,2. Masa G.,3. Masa G.,4. Masa G.,Salon.1
3.10.2020,14:00,1BA2365,01. Hafta,BİREVİM ELAZIĞ İL ÖZEL İDARE,102 - 105,ÇANKAYA ÜNİVERSİTESİ,,ELAZIĞ,Elazığ İl Özel İdare S.S.,Youtube / TBF TV,MEHMET KARABİLECEN,ABDULLAH İLİK,EYYÜP AYHAN,ÖMER KAYMAZ,AYŞE GÜNHAN,SEMANUR BOZKURT,ERDAL KALEM,FATMA SELCEN HATİPOĞLU,Elazığ İl Özel İdare S.S.
3.10.2020,14:00,1BA2366,01. Hafta,OGM ORMANSPOR,91 - 63,HATAY BÜYÜKŞEHİR BELEDİYESPOR,,ANKARA,M. Sait Zarifoğlu Spor Salonu,,ALİ KÖSEOĞLU,BENHÜR İRCEL,MUZAFFER VARDARLI,MEHMET KAŞİF BATTAL,SİMAY ÇAKMAK,SİNA KÜÇÜKDİLEK,SİBEL FAZLIOĞLU,OGÜN KURTULUŞ,M. Sait Zarifoğlu Spor Salonu
3.10.2020,15:15,1BA2367,01. Hafta,ÇBK MERSİN YENİŞEHİR BELEDİYESİ,81 - 63,BOTAŞ,,MERSİN,Servet Tazegül Spor Salonu,TİVİBU Spor,ZİYA ÖZORHON,HALİL ERKOÇ,SEDEF YARICI,MUHAMMED DİYAÜDDİN SAĞIR,SÜREYYA KANALICI,MELDA KÖKLÜER,ŞÜKRÜ SITKI,SABAHİTTİN KAZAN,Servet Tazegül Spor Salonu
3.10.2020,16:30,1BA2368,01. Hafta,NESİBE AYDIN,79 - 60,BÜYÜKŞEHİR BELEDİYESİ ADANA BASKETBOL,,ANKARA,TOBB ETÜ Spor Salonu,Youtube / TBF TV,DUHAN KÖYİÇİ,ALİCAN ALICI,MUSTAFA CANDEMİR TABAK,ERDEM EFE,GÖZDE ÖZBEK,İSMAİL FULSER,ALİ MURAT SUNGUR,FUNDA KONCA,TOBB ETÜ Spor Salonu
4.10.2020,14:00,1BA2369,01. Hafta,SAMSUN CANİK BELEDİYE,49 - 112,BEŞİKTAŞ HDI SİGORTA,,SAMSUN,Mustafa Dağıstanlı Spor Salonu,,SİNEM TETİK AKBAYRAK,UĞUR ÖZEN,AHMET MURAT ARIKANLI,ERHAN ELBİR,ESRA BAYZAT,MERVE SERDAR,HAKAN ÖNEN,MURAT ŞENDERE,Mustafa Dağıstanlı Spor Salonu
4.10.2020,14:00,1BA2371,01. Hafta,FENERBAHÇE ÖZNUR KABLO,64 - 61,GALATASARAY,,İSTANBUL,Fenerbahçe Metro Enerji Spor Salonu,TİVİBU Spor,ÖZLEM YALMAN,KEREM YILMAZ,MUHAMMED MURAT ZAFER,FİRDEVS EBRU ONARAN,ECE DİKMENLİ,GÖZDE BEGÜM AKÜZÜM,ELİF ERGÜÇ,BEGÜM SAVAŞ,Fenerbahçe Metro Enerji Spor Salonu
4.10.2020,15:00,1BA2370,01. Hafta,BELLONA KAYSERİ BASKETBOL,68 - 69,İZMİT BELEDİYESPOR,,KAYSERİ,Kadir Has Kongre Merkezi Spor Salonu,,MEHMET OZAN ÇAKAR,TUNÇTAN DURMUŞCAN,MEHMET ONUR SÖNMEZ,ABDULLAH ÖZSUVEREN,SEVİM VURAL,GÖZDE ÇULFACI,EMRE KARAKAYA,FATMA AŞILI,Kadir Has Kongre Merkezi Spor Salonu
7.10.2020,14:00,1BA2373,02. Hafta,ÇANKAYA ÜNİVERSİTESİ,121 - 63,SAMSUN CANİK BELEDİYE,,ANKARA,Ankara Spor Salonu,Youtube / TBF TV,HALİL BALDEMİR,AHMET KEMAL DİGİLLİ,HANDE ÖZTÜRK,MUSTAFA KOCAEREN,SERDAR KARAGÜÇ,PELİN KUZU,AKIN AYTEKİN,ELİF CAN,Ankara Spor Salonu
7.10.2020,15:00,1BA2372,02. Hafta,NESİBE AYDIN,69 - 58,ÇBK MERSİN YENİŞEHİR BELEDİYESİ,,ANKARA,TOBB ETÜ Spor Salonu,Youtube / TBF TV,ALİ KÖSEOĞLU,AHMET TANER İBİN,NİHAT ÇETİN,NİYAZİ ALİŞAN,ALİ MURAT SUNGUR,SİNA KÜÇÜKDİLEK,ARZU ÖKSÜZ,FATİH DEMİRCİ,TOBB ETÜ Spor Salonu
7.10.2020,15:00,1BA2376,02. Hafta,İZMİT BELEDİYESPOR,103 - 64,BİREVİM ELAZIĞ İL ÖZEL İDARE,,KOCAELİ,Şehit Polis Recep Topaloglu S.S,Youtube / TBF TV,ZİYA ÖZORHON,ALPER ELÇİKOCA,SEDA ESEN,MEHMET İSMET BAYRİ,BERFU BARUT,GAMZE KURT,MUHAMMET YASİN KARABAŞ,UĞUR TÜRKYILMAZ,Şehit Polis Recep Topaloglu S.S
7.10.2020,16:00,1BA2375,02. Hafta,HATAY BÜYÜKŞEHİR BELEDİYESPOR,90 - 88,BELLONA KAYSERİ BASKETBOL,,HATAY,Antakya Spor Salonu,Youtube / TBF TV,HÜSEYİN ÇELİK,SERTAN KIRKLAR,BATUHAN KÜMÜKOĞLU,NAMIK KEMAL ERGÜVEN,GAMZE İNAL,ŞEYMA ÖZ TUZLUOĞLU,MÜFİT ARSLAN,YÜSRA BAKIRCI,Antakya Spor Salonu
7.10.2020,17:30,1BA2374,02. Hafta,BÜYÜKŞEHİR BELEDİYESİ ADANA BASKETBOL,55 - 83,FENERBAHÇE ÖZNUR KABLO,,ADANA,Atatürk Spor Salonu,TİVİBU Spor,MEHMET SERDAR ÜNAL,YİĞİT EMRE ŞİMŞEK,ANIL VEZİROĞLU,YEŞİM ATUŞ KARAGÖZ,ERTUĞRUL BÜYÜKCE,CUMALİ TOSUN,MUSTAFA ERDİNÇ,CANSU DİKİLİTAŞ,Atatürk Spor Salonu
7.10.2020,20:00,1BA2377,02. Hafta,GALATASARAY,82 - 76,OGM ORMANSPOR,,İSTANBUL,Ahmet Cömert Spor Salonu,TİVİBU Spor,YENER YILMAZ,OZAN GÖNEN,CEMİL UYGÜL,BURCU KOCAOĞLU SANCAR,BİROL ŞİMŞEK,ALİ MALÇOK,GÖKHAN BAŞARAN,BEKİR SEVİMLİ,Ahmet Cömert Spor Salonu
8.10.2020,18:00,1BA2378,02. Hafta,BEŞİKTAŞ HDI SİGORTA,46 - 71,BOTAŞ,,İSTANBUL,Akatlar Spor ve Kültür Kompleksi,Youtube / TBF TV,MEHMET KESERATAR,SEYHAN TOPALOĞLU,YİĞİT GÖNÜLTAŞ,RAHŞAN ŞEBNEM TÜMER,BÜŞRA KIRIKCI,YÜKSEL NAZLIGÜL,GÜLİZ KONCA ADİLLER,EDA ELFİDAN,Akatlar Spor ve Kültür Kompleksi
10.10.2020,14:00,1BA2379,03. Hafta,BİREVİM ELAZIĞ İL ÖZEL İDARE,70 - 81,HATAY BÜYÜKŞEHİR BELEDİYESPOR,,ELAZIĞ,Elazığ İl Özel İdare S.S.,Youtube / TBF TV,SERHAT BÜKER,TUNÇTAN DURMUŞCAN,HALİL ERKOÇ,ÖMER KAYMAZ,AYŞE GÜNHAN,SEMANUR BOZKURT,ERDAL KALEM,FATMA SELCEN HATİPOĞLU,Elazığ İl Özel İdare S.S.
11.10.2020,14:00,1BA2380,03. Hafta,OGM ORMANSPOR,86 - 66,BÜYÜKŞEHİR BELEDİYESİ ADANA BASKETBOL,,ANKARA,M. Sait Zarifoğlu Spor Salonu,Youtube / TBF TV,ALPER ALTUĞ KÖSELERLİ,KEREM YILMAZ,HANDE ÖZTÜRK,MEHMET KAŞİF BATTAL,GÖZDE ÖZBEK,İSMAİL FULSER,SÜMEYYE SENEKLİOĞLU,HAKAN ÜNAL,M. Sait Zarifoğlu Spor Salonu
11.10.2020,14:00,1BA2381,03. Hafta,BOTAŞ,66 - 77,ÇANKAYA ÜNİVERSİTESİ,,ANKARA,Ankara Dsi Etlik Spor Salonu,Youtube / TBF TV,MEHMET ŞAHİN,OZAN GÖNEN,UYGAR KURT,HALDUN KUNT,PELİN KUZU,AKIN AYTEKİN,FATİH DEMİRCİ,SİMAY ÇAKMAK,Ankara Dsi Etlik Spor Salonu
11.10.2020,14:00,1BA2382,03. Hafta,SAMSUN CANİK BELEDİYE,59 - 102,İZMİT BELEDİYESPOR,,SAMSUN,Mustafa Dağıstanlı Spor Salonu,Youtube / TBF TV,ÖZGE ŞENTÜRK BAYRAKTAR,MUHAMMED MURAT ZAFER,SEDEF YARICI,ERHAN ELBİR,ESRA BAYZAT,TAYFUN KARAKUM,MURAT ŞENDERE,HAKAN ÖNEN,Mustafa Dağıstanlı Spor Salonu
11.10.2020,15:00,1BA2383,03. Hafta,BELLONA KAYSERİ BASKETBOL,74 - 79,GALATASARAY,,KAYSERİ,Kadir Has Kongre Merkezi Spor Salonu,Youtube / TBF TV,KEREM BAKİ,UĞUR ÖZEN,AHMET MURAT ARIKANLI,ABDULLAH ÖZSUVEREN,SEVGİ ÖZÇELİK GÜNDÜZ,FATİH SAVAŞKAN,İDRİS KARATAŞ,MELİKE DENİZ BAYRAM,Kadir Has Kongre Merkezi Spor Salonu
11.10.2020,15:15,1BA2384,03. Hafta,ÇBK MERSİN YENİŞEHİR BELEDİYESİ,81 - 89,BEŞİKTAŞ HDI SİGORTA,,MERSİN,Servet Tazegül Spor Salonu,TİVİBU Spor,CAN MAVİSU,AHMET KEMAL DİGİLLİ,MUHAMMET MUSTAFA AKILLIOĞLU,SERKAN SU,RABİA YILDIZ ÖZTÜRK,LEVENT YORULMAZ,ŞÜKRÜ SITKI,BETÜL ÖZCAN,Servet Tazegül Spor Salonu
11.10.2020,17:30,1BA2385,03. Hafta,FENERBAHÇE ÖZNUR KABLO,91 - 85,NESİBE AYDIN,,İSTANBUL,Fenerbahçe Metro Enerji Spor Salonu,TİVİBU Spor,AHMET TATLICI,SEYHAN TOPALOĞLU,SEDA ESEN,HURŞİT CEM AKAN,BUKET ÖZDEMİR,GÖRKEM GÖRGÜLÜ,ESER FIRIL,ZEHRA AKAN,Fenerbahçe Metro Enerji Spor Salonu
17.10.2020,14:00,1BA2386,04. Hafta,ÇANKAYA ÜNİVERSİTESİ,98 - 94,BEŞİKTAŞ HDI SİGORTA,,ANKARA,Ankara Spor Salonu,Youtube / TBF TV,DUHAN KÖYİÇİ,TEKİN ÖZÜBİR,MESUT ÖZTÜRK,ERDEM EFE,ARZU ÖKSÜZ,SİNA KÜÇÜKDİLEK,OGÜN KURTULUŞ,ALİ MURAT SUNGUR,Ankara Spor Salonu
17.10.2020,14:00,1BA2387,04. Hafta,GALATASARAY,75 - 57,BİREVİM ELAZIĞ İL ÖZEL İDARE,,İSTANBUL,Ahmet Cömert Spor Salonu,TİVİBU Spor,OSMAN SİNAN İŞGÜDER,ORKUN YURTTAŞ,MUSTAFA CANDEMİR TABAK,BURCU KOCAOĞLU SANCAR,TUĞBA DURNAOĞLU,EMRAH RİFAİ,MURAT SEVGİL,SERDAR ERHAN,Ahmet Cömert Spor Salonu
17.10.2020,14:00,1BA2388,04. Hafta,BÜYÜKŞEHİR BELEDİYESİ ADANA BASKETBOL,83 - 70,BELLONA KAYSERİ BASKETBOL,,ADANA,Atatürk Spor Salonu,Youtube / TBF TV,MEHMET KESERATAR,AHMET KEMAL DİGİLLİ,UMUT ÖZGÜN ERGÜN,AHMET ÖZKAN,MEHTAP TOSUN,ERTUĞRUL BÜYÜKCE,CANSU DİKİLİTAŞ,MUSTAFA ERDİNÇ,Atatürk Spor Salonu
17.10.2020,16:00,1BA2389,04. Hafta,NESİBE AYDIN,75 - 58,OGM ORMANSPOR,,ANKARA,TOBB ETÜ Spor Salonu,Youtube / TBF TV,AYTUĞ EKTİ,SAMİ ÖZEL,SERDAR SARAÇ,BURAK DEDE,FUNDA KONCA,ONUR YEŞİLBAĞ,MEHMET AKİF CUMHURLU,SÜLEYMAN YALÇIN TORUNOĞLU,TOBB ETÜ Spor Salonu
18.10.2020,15:00,1BA2390,04. Hafta,İZMİT BELEDİYESPOR,57 - 72,BOTAŞ,,KOCAELİ,Şehit Polis Recep Topaloglu S.S,Youtube / TBF TV,SEMİH VURAL,MURAT CİNER,CEMİL UYGÜL,MEHMET İSMET BAYRİ,SÜLEYMAN SIRRI YÜKSEL,GAMZE KURT,KÜBRA AYDOĞAN,BURAK ŞANCI,Şehit Polis Recep Topaloglu S.S
18.10.2020,17:30,1BA2391,04. Hafta,FENERBAHÇE ÖZNUR KABLO,79 - 55,ÇBK MERSİN YENİŞEHİR BELEDİYESİ,,İSTANBUL,Fenerbahçe Metro Enerji Spor Salonu,TİVİBU Spor,EMİN MOĞULKOÇ,MÜNEVVER ÖZEMRE,BURAK YILMAZ,MELİH SABRİ KAZMAZ,ARZU KÖRKEN,BÜŞRA ERKAN,EDA ELFİDAN,İREM KESKİN,Fenerbahçe Metro Enerji Spor Salonu
18.11.2020,16:00,1BA2392,04. Hafta,HATAY BÜYÜKŞEHİR BELEDİYESPOR,121 - 70,SAMSUN CANİK BELEDİYE,,HATAY,Antakya Spor Salonu,Youtube / TBF TV,AHMET TATLICI,İSMAİL BİNBİR,SEDA ESEN,AHMET ÖZKAN,SONGÜL ÖZSOY,YUSUF GÜMÜŞ,MÜFİT ARSLAN,CUMA KARA,Antakya Spor Salonu
20.10.2020,16:00,1BA2396,05. Hafta,BELLONA KAYSERİ BASKETBOL,62 - 70,NESİBE AYDIN,,KAYSERİ,Kadir Has Kongre Merkezi Spor Salonu,TİVİBU Spor,MEHMET ŞAHİN,MUHAMMET MUSTAFA AKILLIOĞLU,HALİL ERKOÇ,BAHA KAÇIN,MELİKE DENİZ BAYRAM,İDRİS KARATAŞ,SEVİM VURAL,EMRE KARAKAYA,Kadir Has Kongre Merkezi Spor Salonu
21.10.2020,14:00,1BA2395,05. Hafta,OGM ORMANSPOR,64 - 72,FENERBAHÇE ÖZNUR KABLO,,ANKARA,M. Sait Zarifoğlu Spor Salonu,TİVİBU Spor,KEREM BAKİ,SERTAN KIRKLAR,YİĞİT GÖNÜLTAŞ,ERDEM EFE,MEHMET AKİF CUMHURLU,AKIN AYTEKİN,SERDAR KARAGÜÇ,TUNCER ULUŞEKER,M. Sait Zarifoğlu Spor Salonu
21.10.2020,14:00,1BA2398,05. Hafta,SAMSUN CANİK BELEDİYE,45 - 102,GALATASARAY,,SAMSUN,Mustafa Dağıstanlı Spor Salonu,Youtube / TBF TV,ALİ ŞAKACI,SERDAR SARAÇ,BATUHAN SÖYLEMEZOĞLU,NAZLI AYYILDIZ TURAN,ESRA BAYZAT,TAYFUN KARAKUM,MURAT ŞENDERE,HAKAN ÖNEN,Mustafa Dağıstanlı Spor Salonu
21.10.2020,14:00,1BA2393,05. Hafta,BİREVİM ELAZIĞ İL ÖZEL İDARE,68 - 56,BÜYÜKŞEHİR BELEDİYESİ ADANA BASKETBOL,,ELAZIĞ,Elazığ İl Özel İdare S.S.,Youtube / TBF TV,SEMİH VURAL,YÜCEL ÇİLİNGİR,NAZLI ÇİSİL GÜNGÖR,ÖMER KAYMAZ,AYŞE GÜNHAN,SEMANUR BOZKURT,FATMA SELCEN HATİPOĞLU,ERDAL KALEM,Elazığ İl Özel İdare S.S.
21.10.2020,16:00,1BA2394,05. Hafta,ÇBK MERSİN YENİŞEHİR BELEDİYESİ,76 - 67,ÇANKAYA ÜNİVERSİTESİ,,MERSİN,Servet Tazegül Spor Salonu,Youtube / TBF TV,KAAN BÜYÜKÇİL,YİĞİT EMRE ŞİMŞEK,ANIL VEZİROĞLU,MUHAMMED DİYAÜDDİN SAĞIR,MEHMET ALİ ÖNCÜ,CANER SERTEL,FATMA ITIR ÖNCEL,ŞÜKRÜ SITKI,Servet Tazegül Spor Salonu
21.10.2020,16:00,1BA2399,05. Hafta,BEŞİKTAŞ HDI SİGORTA,74 - 95,İZMİT BELEDİYESPOR,,İSTANBUL,Akatlar Spor ve Kültür Kompleksi,Youtube / TBF TV,SEHER AYŞE NUR YAZICIOĞLU,İBRAHİM ALTINTAŞ,HAKAN GEREY,FİRDEVS EBRU ONARAN,NEŞE KIRAN,LAL DENİZ ÇELİKER,RAMAZAN KOÇ,GÜLTEKİN KABAŞ,Akatlar Spor ve Kültür Kompleksi
18.12.2020,14:00,1BA2397,05. Hafta,BOTAŞ,72 - 64,HATAY BÜYÜKŞEHİR BELEDİYESPOR,,ANKARA,Ankara Dsi Etlik Spor Salonu,Youtube / TBF TV,MEHMET ŞAHİN,TEKİN ÖZÜBİR,HANDE ÖZTÜRK,NİYAZİ ALİŞAN,ŞERİFE YILMAZ,SİNA KÜÇÜKDİLEK,NİHAN ÜNSAL,FATMA ÇELİK,Ankara Dsi Etlik Spor Salonu
24.10.2020,14:00,1BA2401,06. Hafta,OGM ORMANSPOR,100 - 101,ÇBK MERSİN YENİŞEHİR BELEDİYESİ,,ANKARA,M. Sait Zarifoğlu Spor Salonu,Youtube / TBF TV,HÜSEYİN ÇELİK,ABDULLAH KOPUTAN,EYYÜP AYHAN,MEHMET KAŞİF BATTAL,GÖZDE ÖZBEK,SİBEL FAZLIOĞLU,ANIL ENDER DURGUN,MEHMET AKİF CUMHURLU,M. Sait Zarifoğlu Spor Salonu
24.10.2020,14:00,1BA2402,06. Hafta,BÜYÜKŞEHİR BELEDİYESİ ADANA BASKETBOL,96 - 47,SAMSUN CANİK BELEDİYE,,ADANA,Atatürk Spor Salonu,Youtube / TBF TV,MEHMET ŞAHİN,TUNÇTAN DURMUŞCAN,BATUHAN KÜMÜKOĞLU,YEŞİM ATUŞ KARAGÖZ,MEHTAP TOSUN,CUMALİ TOSUN,BETÜL AĞAR,MUSTAFA ERDİNÇ,Atatürk Spor Salonu
24.10.2020,16:00,1BA2403,06. Hafta,NESİBE AYDIN,90 - 74,BİREVİM ELAZIĞ İL ÖZEL İDARE,,ANKARA,TOBB ETÜ Spor Salonu,Youtube / TBF TV,MUSA KAZIM ÇETİN,TEKİN ÖZÜBİR,NİYAZİ YASİN KAHRAMAN,HALDUN KUNT,FUNDA KONCA,FATİH DEMİRCİ,TUNCER ULUŞEKER,FATİH ŞEN,TOBB ETÜ Spor Salonu
24.10.2020,16:00,1BA2404,06. Hafta,İZMİT BELEDİYESPOR,64 - 72,ÇANKAYA ÜNİVERSİTESİ,,KOCAELİ,Şehit Polis Recep Topaloglu S.S,Youtube / TBF TV,YENER YILMAZ,SEYHAN TOPALOĞLU,MUSTAFA CANDEMİR TABAK,MEHMET İSMET BAYRİ,SUDENUR DUMAN,HANDE DEMİRKOL,ALEV KÖROĞLU,YELDA ÇETİNTAŞ,Şehit Polis Recep Topaloglu S.S
24.10.2020,16:00,1BA2400,06. Hafta,GALATASARAY,75 - 60,BOTAŞ,,İSTANBUL,Ahmet Cömert Spor Salonu,TİVİBU Spor,ALİ KÖSEOĞLU,MÜNEVVER ÖZEMRE,BURAK YILMAZ,BURCU KOCAOĞLU SANCAR,GÖZDE TUNA YILDIZ,EMRAH RİFAİ,BURHAN DEMİR,GÖKHAN BAŞARAN,Ahmet Cömert Spor Salonu
25.10.2020,16:00,1BA2405,06. Hafta,FENERBAHÇE ÖZNUR KABLO,91 - 69,BELLONA KAYSERİ BASKETBOL,,İSTANBUL,Fenerbahçe Metro Enerji Spor Salonu,TİVİBU Spor,ZAFER YILMAZ,FATİH GÜLER,SAMET ERDOĞAN,RAHŞAN ŞEBNEM TÜMER,BEGÜM SAVAŞ,ELİF ERGÜÇ,SEHER KAZANÇ,FATMA GÖK,Fenerbahçe Metro Enerji Spor Salonu
24.12.2020,16:00,1BA2406,06. Hafta,HATAY BÜYÜKŞEHİR BELEDİYESPOR,57 - 69,BEŞİKTAŞ HDI SİGORTA,,HATAY,Antakya Spor Salonu,Youtube / TBF TV,CAN MAVİSU,HALİL ERKOÇ,EYYÜP AYHAN,NAMIK KEMAL ERGÜVEN,YUSUF GÜMÜŞ,GAMZE İNAL,ELİF BUKET DEMİR,MÜFİT ARSLAN,Antakya Spor Salonu
31.10.2020,14:00,1BA2407,07. Hafta,BİREVİM ELAZIĞ İL ÖZEL İDARE,60 - 82,FENERBAHÇE ÖZNUR KABLO,,ELAZIĞ,Elazığ İl Özel İdare S.S.,Youtube / TBF TV,MEHMET SERDAR ÜNAL,ABDULLAH İLİK,EYYÜP AYHAN,ÖMER KAYMAZ,AYŞE GÜNHAN,SEMANUR BOZKURT,FATMA SELCEN HATİPOĞLU,ERDAL KALEM,Elazığ İl Özel İdare S.S.
31.10.2020,14:00,1BA2411,07. Hafta,BOTAŞ,78 - 50,BÜYÜKŞEHİR BELEDİYESİ ADANA BASKETBOL,,ANKARA,Ankara Dsi Etlik Spor Salonu,Youtube / TBF TV,MUSA KAZIM ÇETİN,YİĞİT EMRE ŞİMŞEK,SEDEF YARICI,DERYA ANTAŞ,MURATCAN KOLÇAK,SİNA KÜÇÜKDİLEK,SÜLEYMAN YALÇIN TORUNOĞLU,OGÜN KURTULUŞ,Ankara Dsi Etlik Spor Salonu
31.10.2020,14:00,1BA2412,07. Hafta,SAMSUN CANİK BELEDİYE,57 - 100,NESİBE AYDIN,,SAMSUN,Mustafa Dağıstanlı Spor Salonu,Youtube / TBF TV,SERHAT BÜKER,NAZLI ÇİSİL GÜNGÖR,HANDE ÖZTÜRK,NAZLI AYYILDIZ TURAN,ESRA BAYZAT,MERVE SERDAR,MURAT ŞENDERE,HAKAN ÖNEN,Mustafa Dağıstanlı Spor Salonu
31.10.2020,16:00,1BA2410,07. Hafta,BELLONA KAYSERİ BASKETBOL,80 - 79,OGM ORMANSPOR,,KAYSERİ,Kadir Has Kongre Merkezi Spor Salonu,Youtube / TBF TV,SEMİH VURAL,ÖNDER YILMAZ,NİHAT ÇETİN,ABDULLAH ÖZSUVEREN,BÜŞRA ALAN,ÇİĞDEM  ÖZKAN,YÜCEL KARAFİL,FATİH SAVAŞKAN,Kadir Has Kongre Merkezi Spor Salonu
31.10.2020,17:30,1BA2413,07. Hafta,BEŞİKTAŞ HDI SİGORTA,73 - 84,GALATASARAY,,İSTANBUL,Akatlar Spor ve Kültür Kompleksi,TİVİBU Spor,ZAFER YILMAZ,AYDIN KARAÇAM,ALİCAN ALICI,BURCU KOCAOĞLU SANCAR,FATMA GÖK,GÜLTEKİN KABAŞ,DEMET ULUCUTSOY,MUSTAFA BURAK SİNOPLUOĞLU,Akatlar Spor ve Kültür Kompleksi
1.11.2020,14:00,1BA2409,07. Hafta,ÇBK MERSİN YENİŞEHİR BELEDİYESİ,72 - 67,İZMİT BELEDİYESPOR,,MERSİN,Servet Tazegül Spor Salonu,Youtube / TBF TV,ZAFER YILMAZ,SAMİ ÖZEL,SEDA ESEN,TURGAY KÖROĞLU,VİLDAN KÖROĞLU EZER,LEVENT YORULMAZ,MELDA KÖKLÜER,ŞÜKRÜ SITKI,Servet Tazegül Spor Salonu
16.12.2020,14:00,1BA2408,07. Hafta,ÇANKAYA ÜNİVERSİTESİ,91 - 59,HATAY BÜYÜKŞEHİR BELEDİYESPOR,,ANKARA,Ankara Spor Salonu,TİVİBU Spor,AYTUĞ EKTİ,YİĞİT EMRE ŞİMŞEK,NİYAZİ YASİN KAHRAMAN,BURAK DEDE,NİHAN ÜNSAL,SİNA KÜÇÜKDİLEK,SİBEL FAZLIOĞLU,SİMAY ÇAKMAK,Ankara Spor Salonu
3.11.2020,15:00,1BA2419,08. Hafta,FENERBAHÇE ÖZNUR KABLO,110 - 54,SAMSUN CANİK BELEDİYE,,İSTANBUL,Fenerbahçe Metro Enerji Spor Salonu,"Youtube / TBF TV,FB TV",SEMİH VURAL,MÜNEVVER ÖZEMRE,BURAK YILMAZ,ÖMER KESKİN,EDA ELFİDAN,YEŞİM ÖZCAN ÖZTÜRK,İREM KESKİN,ZEHRA AKAN,Fenerbahçe Metro Enerji Spor Salonu
3.11.2020,16:00,1BA2418,08. Hafta,NESİBE AYDIN,69 - 68,BOTAŞ,,ANKARA,TOBB ETÜ Spor Salonu,TİVİBU Spor,HALİL BALDEMİR,YİĞİT GÖNÜLTAŞ,AHMET MURAT ARIKANLI,ERDEM EFE,SİMAY ÇAKMAK,SİNA KÜÇÜKDİLEK,SİBEL FAZLIOĞLU,AKIN AYTEKİN,TOBB ETÜ Spor Salonu
4.11.2020,14:00,1BA2415,08. Hafta,OGM ORMANSPOR,92 - 77,BİREVİM ELAZIĞ İL ÖZEL İDARE,,ANKARA,M. Sait Zarifoğlu Spor Salonu,Youtube / TBF TV,ERŞAN KARTAL,TOLGA EDİS,HAKAN GEREY,MEHMET KAŞİF BATTAL,ELİF CAN,FATİH DEMİRCİ,FATMA ÇELİK,MEHMET AKİF CUMHURLU,M. Sait Zarifoğlu Spor Salonu
4.11.2020,14:00,1BA2420,08. Hafta,HATAY BÜYÜKŞEHİR BELEDİYESPOR,71 - 65,İZMİT BELEDİYESPOR,,HATAY,Antakya Spor Salonu,Youtube / TBF TV,MEHMET SERDAR ÜNAL,MUHAMMET MUSTAFA AKILLIOĞLU,HALİL ERKOÇ,YEŞİM ATUŞ KARAGÖZ,YUSUF GÜMÜŞ,MÜFİT ARSLAN,YÜSRA BAKIRCI,GAMZE İNAL,Antakya Spor Salonu
4.11.2020,16:00,1BA2417,08. Hafta,BELLONA KAYSERİ BASKETBOL,82 - 96,ÇBK MERSİN YENİŞEHİR BELEDİYESİ,,KAYSERİ,Kadir Has Kongre Merkezi Spor Salonu,Youtube / TBF TV,AYTUĞ EKTİ,ERHAN GÜRSEL,AHMET KEMAL DİGİLLİ,BAHA KAÇIN,FATMA ÖZÇELİK,ÇİĞDEM  ÖZKAN,MELİKE DENİZ BAYRAM,EMRE KARAKAYA,Kadir Has Kongre Merkezi Spor Salonu
4.11.2020,17:00,1BA2416,08. Hafta,BÜYÜKŞEHİR BELEDİYESİ ADANA BASKETBOL,66 - 77,BEŞİKTAŞ HDI SİGORTA,,ADANA,Atatürk Spor Salonu,Youtube / TBF TV,ÖZLEM YALMAN,SERTAN KIRKLAR,ANIL VEZİROĞLU,YUSUF BÜYÜKFİDAN,MEHTAP TOSUN,ERTUĞRUL BÜYÜKCE,HÜLYA ÖZKAN,DENİZ ORGÜN,Atatürk Spor Salonu
4.11.2020,17:00,1BA2414,08. Hafta,GALATASARAY,95 - 90,ÇANKAYA ÜNİVERSİTESİ,,İSTANBUL,Ahmet Cömert Spor Salonu,TİVİBU Spor,MEHMET KESERATAR,ÖNDER YILMAZ,MEHMET ONUR SÖNMEZ,HURŞİT CEM AKAN,ALTAN CANDAN,MERT İĞDELİ,NEŞE KIRAN,HİLMİ CANKUT AYNAR,Ahmet Cömert Spor Salonu
21.11.2020,13:00,1BA2426,09. Hafta,SAMSUN CANİK BELEDİYE,62 - 117,OGM ORMANSPOR,,SAMSUN,Mustafa Dağıstanlı Spor Salonu,Youtube / TBF TV,ALPER ÖZGÖK,UYGAR KURT,SEDA ESEN,NAZLI AYYILDIZ TURAN,ESRA BAYZAT,MERVE SERDAR,HAKAN ÖNEN,MURAT ŞENDERE,Mustafa Dağıstanlı Spor Salonu
21.11.2020,15:00,1BA2423,09. Hafta,ÇBK MERSİN YENİŞEHİR BELEDİYESİ,86 - 67,HATAY BÜYÜKŞEHİR BELEDİYESPOR,,MERSİN,Servet Tazegül Spor Salonu,Youtube / TBF TV,SERHAT BÜKER,GÖKSUN ÖZ,HANDE ÖZTÜRK,SERKAN SU,SÜREYYA KANALICI,VİLDAN KÖROĞLU EZER,ŞÜKRÜ SITKI,RABİA YILDIZ ÖZTÜRK,Servet Tazegül Spor Salonu
21.11.2020,15:15,1BA2425,09. Hafta,İZMİT BELEDİYESPOR,62 - 80,GALATASARAY,,KOCAELİ,Şehit Polis Recep Topaloglu S.S,TİVİBU Spor,AYTUĞ EKTİ,SERTAN KIRKLAR,MESUT ÖZTÜRK,MEHMET İSMET BAYRİ,BERFU BARUT,MELTEM KISA,OSMAN TUNAHAN TUNCER,İSMET MUHAMMED DEMİRER,Şehit Polis Recep Topaloglu S.S
21.11.2020,17:30,1BA2424,09. Hafta,FENERBAHÇE ÖZNUR KABLO,79 - 51,BOTAŞ,,İSTANBUL,Fenerbahçe Metro Enerji Spor Salonu,TİVİBU Spor,ERŞAN KARTAL,BENHÜR İRCEL,MUSTAFA CANDEMİR TABAK,ÖMER KESKİN,BÜŞRA ERKAN,BERK MERT,TOLGAY ÖZCAN,GÖRKEM GÖRGÜLÜ,Fenerbahçe Metro Enerji Spor Salonu
22.11.2020,13:00,1BA2427,09. Hafta,BEŞİKTAŞ HDI SİGORTA,60 - 76,NESİBE AYDIN,,İSTANBUL,Akatlar Spor ve Kültür Kompleksi,Youtube / TBF TV,EMİN MOĞULKOÇ,TEKİN ÖZÜBİR,SEDEF YARICI,FİRDEVS EBRU ONARAN,ESER FIRIL,ŞERMİN NAZLIGÜL,ŞAZİYE SİMSAR YAKIN,RAMAZAN KOÇ,Akatlar Spor ve Kültür Kompleksi
22.11.2020,14:00,1BA2422,09. Hafta,ÇANKAYA ÜNİVERSİTESİ,75 - 59,BÜYÜKŞEHİR BELEDİYESİ ADANA BASKETBOL,,ANKARA,Ankara Spor Salonu,Youtube / TBF TV,MEHMET KARABİLECEN,ERHAN GÜRSEL,MUZAFFER VARDARLI,FİLİZ ÖGET,NİHAN ÜNSAL,AKIN AYTEKİN,OGÜN KURTULUŞ,ELİF CAN,Ankara Spor Salonu
16.12.2020,16:00,1BA2421,09. Hafta,BİREVİM ELAZIĞ İL ÖZEL İDARE,89 - 76,BELLONA KAYSERİ BASKETBOL,,ELAZIĞ,Elazığ İl Özel İdare S.S.,Youtube / TBF TV,SİNEM TETİK AKBAYRAK,ABDULLAH KOPUTAN,HANDE ÖZTÜRK,ÖMER KAYMAZ,AYŞE GÜNHAN,SEMANUR BOZKURT,DİDEM YAVUZ SÖYLER,FATMA SELCEN HATİPOĞLU,Elazığ İl Özel İdare S.S.
25.11.2020,15:00,1BA2434,10. Hafta,FENERBAHÇE ÖZNUR KABLO,84 - 76,BEŞİKTAŞ HDI SİGORTA,,İSTANBUL,Fenerbahçe Metro Enerji Spor Salonu,TİVİBU Spor,FATİH ARSLANOĞLU,KEREM YILMAZ,SAMET ERDOĞAN,ERKAN URASLI,FATMA GÖK,GÜLTEKİN KABAŞ,ALTAN CANDAN,SEDA İŞLER,Fenerbahçe Metro Enerji Spor Salonu
25.11.2020,17:15,1BA2429,10. Hafta,GALATASARAY,85 - 61,HATAY BÜYÜKŞEHİR BELEDİYESPOR,,İSTANBUL,Ahmet Cömert Spor Salonu,TİVİBU Spor,ALİ ŞAKACI,CEMİL UYGÜL,HAKAN GEREY,BURCU KOCAOĞLU SANCAR,YUNUS EMRE SEVER,SEMRA AKDUMAN,GÖZDE TUNA YILDIZ,DEMET ULUCUTSOY,Ahmet Cömert Spor Salonu
26.11.2020,16:00,1BA2431,10. Hafta,BÜYÜKŞEHİR BELEDİYESİ ADANA BASKETBOL,78 - 91,İZMİT BELEDİYESPOR,,ADANA,Atatürk Spor Salonu,Youtube / TBF TV,POLAT PARLAK,AHMET KEMAL DİGİLLİ,BATUHAN KÜMÜKOĞLU,YUSUF BÜYÜKFİDAN,ERTUĞRUL BÜYÜKCE,CUMALİ TOSUN,BETÜL AĞAR,GÜLŞAH GÜLER SEZEN,Atatürk Spor Salonu
28.11.2020,14:00,1BA2428,10. Hafta,BİREVİM ELAZIĞ İL ÖZEL İDARE,73 - 92,ÇBK MERSİN YENİŞEHİR BELEDİYESİ,,ELAZIĞ,Elazığ İl Özel İdare S.S.,Youtube / TBF TV,AYTUĞ EKTİ,UĞUR ÖZEN,MUZAFFER VARDARLI,ÖMER KAYMAZ,AYŞE GÜNHAN,SEMANUR BOZKURT,DİDEM YAVUZ SÖYLER,FATMA SELCEN HATİPOĞLU,Elazığ İl Özel İdare S.S.
28.11.2020,15:00,1BA2430,10. Hafta,OGM ORMANSPOR,60 - 64,BOTAŞ,,ANKARA,M. Sait Zarifoğlu Spor Salonu,Youtube / TBF TV,ALİ SERKAN EMLEK,SEYHAN TOPALOĞLU,ABDULLAH İLİK,DERYA ANTAŞ,FUNDA KONCA,ONUR YEŞİLBAĞ,OGÜN KURTULUŞ,TUNCER ULUŞEKER,M. Sait Zarifoğlu Spor Salonu
28.11.2020,16:00,1BA2432,10. Hafta,BELLONA KAYSERİ BASKETBOL,107 - 54,SAMSUN CANİK BELEDİYE,,KAYSERİ,Kadir Has Kongre Merkezi Spor Salonu,Youtube / TBF TV,ERŞAN KARTAL,SERDAR SARAÇ,BATUHAN SÖYLEMEZOĞLU,ABDULLAH ÖZSUVEREN,SEVGİ ÖZÇELİK GÜNDÜZ,İDRİS KARATAŞ,FATMA AŞILI,CELAL AKSOY,Kadir Has Kongre Merkezi Spor Salonu
28.11.2020,17:00,1BA2433,10. Hafta,NESİBE AYDIN,91 - 80,ÇANKAYA ÜNİVERSİTESİ,,ANKARA,TOBB ETÜ Spor Salonu,Youtube / TBF TV,ORHAN ÇAĞRI HEKİMOĞLU,SERTAN KIRKLAR,MÜNEVVER ÖZEMRE,ERDEM EFE,ŞERİFE YILMAZ,SİNA KÜÇÜKDİLEK,SERDAR KARAGÜÇ,ARDA GÜRBÜZ,TOBB ETÜ Spor Salonu
5.12.2020,13:00,1BA2439,11. Hafta,SAMSUN CANİK BELEDİYE,48 - 82,BİREVİM ELAZIĞ İL ÖZEL İDARE,,SAMSUN,Mustafa Dağıstanlı Spor Salonu,Youtube / TBF TV,ÖZLEM YALMAN,GÖKSUN ÖZ,AHMET MURAT ARIKANLI,SEMİH KAYA,ESRA BAYZAT,MERVE SERDAR,MURAT ŞENDERE,HAKAN ÖNEN,Mustafa Dağıstanlı Spor Salonu
6.12.2020,14:00,1BA2437,11. Hafta,BOTAŞ,79 - 60,BELLONA KAYSERİ BASKETBOL,,ANKARA,Ankara Dsi Etlik Spor Salonu,Youtube / TBF TV,AHMET TATLICI,TUNÇTAN DURMUŞCAN,SEDEF YARICI,MEHMET KAŞİF BATTAL,FATMA ÇELİK,ONUR YEŞİLBAĞ,SERDAR KARAGÜÇ,BİLAL UZGÖREN,Ankara Dsi Etlik Spor Salonu
6.12.2020,15:15,1BA2440,11. Hafta,BEŞİKTAŞ HDI SİGORTA,73 - 81,OGM ORMANSPOR,,İSTANBUL,Akatlar Spor ve Kültür Kompleksi,TİVİBU Spor,SERHAT BÜKER,İBRAHİM ALTINTAŞ,MÜNEVVER ÖZEMRE,FİRDEVS EBRU ONARAN,SELCAN TUĞÇE ALKAYA,ZAFER RİFAİ,ALTAN CANDAN,ŞERMİN NAZLIGÜL,Akatlar Spor ve Kültür Kompleksi
9.12.2020,14:00,1BA2435,11. Hafta,ÇANKAYA ÜNİVERSİTESİ,71 - 86,FENERBAHÇE ÖZNUR KABLO,,ANKARA,Ankara Spor Salonu,Youtube / TBF TV,MUSA KAZIM ÇETİN,AHMET TANER İBİN,ABDULLAH İLİK,BURAK DEDE,ARZU ÖKSÜZ,FATİH ŞEN,TUNCER ULUŞEKER,NİHAN ÜNSAL,Ankara Spor Salonu
9.12.2020,16:00,1BA2436,11. Hafta,ÇBK MERSİN YENİŞEHİR BELEDİYESİ,95 - 97,GALATASARAY,,MERSİN,Servet Tazegül Spor Salonu,TİVİBU Spor,ZİYA ÖZORHON,HALİL ERKOÇ,YİĞİT EMRE ŞİMŞEK,MUHAMMED DİYAÜDDİN SAĞIR,MELDA KÖKLÜER,CANER SERTEL,ŞÜKRÜ SITKI,SABAHİTTİN KAZAN,Servet Tazegül Spor Salonu
21.12.2020,16:00,1BA2441,11. Hafta,HATAY BÜYÜKŞEHİR BELEDİYESPOR,68 - 58,BÜYÜKŞEHİR BELEDİYESİ ADANA BASKETBOL,,HATAY,Antakya Spor Salonu,Youtube / TBF TV,MEHMET SERDAR ÜNAL,TOLGA EDİS,SEDA ESEN,VEYSİ ORUK,DERYA CUM,GAMZE İNAL,SEMİRE AKKAN,MÜFİT ARSLAN,Antakya Spor Salonu
23.12.2020,16:00,1BA2438,11. Hafta,İZMİT BELEDİYESPOR,70 - 75,NESİBE AYDIN,,KOCAELİ,Şehit Polis Recep Topaloglu S.S,Youtube / TBF TV,MEHMET KESERATAR,MUHAMMED MURAT ZAFER,HAKAN GEREY,MEHMET İSMET BAYRİ,SÜLEYMAN SIRRI YÜKSEL,BURAK ŞANCI,İSMET MUHAMMED DEMİRER,MUSTAFA SALMAN,Şehit Polis Recep Topaloglu S.S
12.12.2020,13:00,1BA2447,12. Hafta,SAMSUN CANİK BELEDİYE,50 - 124,ÇBK MERSİN YENİŞEHİR BELEDİYESİ,,SAMSUN,Mustafa Dağıstanlı Spor Salonu,Youtube / TBF TV,HALİL BALDEMİR,UYGAR KURT,MUHAMMED MURAT ZAFER,MEHMET SERDAR ÇÖZELİ,ESRA BAYZAT,MERVE SERDAR,MURAT ŞENDERE,HAKAN ÖNEN,Mustafa Dağıstanlı Spor Salonu
12.12.2020,14:00,1BA2445,12. Hafta,BİREVİM ELAZIĞ İL ÖZEL İDARE,82 - 95,BOTAŞ,,ELAZIĞ,Elazığ İl Özel İdare S.S.,Youtube / TBF TV,HÜSEYİN ÇELİK,TOLGA EDİS,SEDA ESEN,ÖMER KAYMAZ,AYŞE GÜNHAN,SEMANUR BOZKURT,FATMA SELCEN HATİPOĞLU,ERDAL KALEM,Elazığ İl Özel İdare S.S.
12.12.2020,14:00,1BA2446,12. Hafta,BÜYÜKŞEHİR BELEDİYESİ ADANA BASKETBOL,61 - 92,GALATASARAY,,ADANA,Atatürk Spor Salonu,TİVİBU Spor,AYTUĞ EKTİ,İSMAİL BİNBİR,BATUHAN SÖYLEMEZOĞLU,AHMET ÖZKAN,ERTUĞRUL BÜYÜKCE,MUSTAFA ERDİNÇ,SEVDA YAŞAR,DENİZ ORGÜN,Atatürk Spor Salonu
12.12.2020,15:00,1BA2443,12. Hafta,OGM ORMANSPOR,88 - 68,ÇANKAYA ÜNİVERSİTESİ,,ANKARA,M. Sait Zarifoğlu Spor Salonu,Youtube / TBF TV,MEHMET SERDAR ÜNAL,YİĞİT GÖNÜLTAŞ,EYYÜP AYHAN,HALDUN KUNT,GÖZDE ÖZBEK,SİNA KÜÇÜKDİLEK,BİLAL UZGÖREN,SERDAR KARAGÜÇ,M. Sait Zarifoğlu Spor Salonu
13.12.2020,15:30,1BA2444,12. Hafta,BELLONA KAYSERİ BASKETBOL,91 - 87,BEŞİKTAŞ HDI SİGORTA,,KAYSERİ,Kadir Has Kongre Merkezi Spor Salonu,Youtube / TBF TV,SEMİH VURAL,SERTAN KIRKLAR,NİHAT ÇETİN,ABDULLAH ÖZSUVEREN,MELİKE DENİZ BAYRAM,ÇİĞDEM  ÖZKAN,İSMAİL DULDA,İDRİS KARATAŞ,Kadir Has Kongre Merkezi Spor Salonu
13.12.2020,16:00,1BA2448,12. Hafta,FENERBAHÇE ÖZNUR KABLO,101 - 64,İZMİT BELEDİYESPOR,,İSTANBUL,Fenerbahçe Metro Enerji Spor Salonu,TİVİBU Spor,KAAN BÜYÜKÇİL,TEKİN ÖZÜBİR,CEMİL UYGÜL,EMİN FAZIL KESERATAR,EDA ELFİDAN,ALTAN CANDAN,İREM KESKİN,RAMAZAN KOÇ,Fenerbahçe Metro Enerji Spor Salonu
6.01.2021,16:00,1BA2442,12. Hafta,NESİBE AYDIN,81 - 53,HATAY BÜYÜKŞEHİR BELEDİYESPOR,,ANKARA,TOBB ETÜ Spor Salonu,Youtube / TBF TV,KAAN BÜYÜKÇİL,SERTAN KIRKLAR,ABDULLAH İLİK,NİYAZİ ALİŞAN,ŞERİFE YILMAZ,SİNA KÜÇÜKDİLEK,ALİ MURAT SUNGUR,RESUL GEÇER,TOBB ETÜ Spor Salonu
26.12.2020,13:00,1BA2452,13. Hafta,BOTAŞ,70 - 48,SAMSUN CANİK BELEDİYE,,ANKARA,Ankara Dsi Etlik Spor Salonu,Youtube / TBF TV,SİNEM TETİK AKBAYRAK,ABDULLAH İLİK,SAMET ERDOĞAN,NİYAZİ ALİŞAN,BORA AĞBULUT,SİNA KÜÇÜKDİLEK,KAMİL TOSUN,BİLAL UZGÖREN,Ankara Dsi Etlik Spor Salonu
26.12.2020,13:30,1BA2449,13. Hafta,ÇANKAYA ÜNİVERSİTESİ,86 - 75,BELLONA KAYSERİ BASKETBOL,,ANKARA,Ankara Spor Salonu,Youtube / TBF TV,ZİYA ÖZORHON,FATİH GÜLER,İSMAİL BİNBİR,HALDUN KUNT,ARZU ÖKSÜZ,SİBEL FAZLIOĞLU,SERDAR KARAGÜÇ,TUNCER ULUŞEKER,Ankara Spor Salonu
26.12.2020,14:00,1BA2451,13. Hafta,GALATASARAY,85 - 56,NESİBE AYDIN,,İSTANBUL,Ahmet Cömert Spor Salonu,Youtube / TBF TV,ALPER ÖZGÖK,TUNÇTAN DURMUŞCAN,NİHAT ÇETİN,ÖMER KESKİN,TUĞÇE KAYA,GÖKHAN BAŞARAN,GÖZDE TUNA YILDIZ,EMRECAN ÇAKIRCA,Ahmet Cömert Spor Salonu
26.12.2020,15:00,1BA2450,13. Hafta,ÇBK MERSİN YENİŞEHİR BELEDİYESİ,102 - 74,BÜYÜKŞEHİR BELEDİYESİ ADANA BASKETBOL,,MERSİN,Servet Tazegül Spor Salonu,Youtube / TBF TV,KEREM BAKİ,SERDAR SARAÇ,ANIL VEZİROĞLU,SERKAN SU,RABİA YILDIZ ÖZTÜRK,SÜREYYA KANALICI,SABAHİTTİN KAZAN,ŞÜKRÜ SITKI,Servet Tazegül Spor Salonu
26.12.2020,16:00,1BA2453,13. Hafta,İZMİT BELEDİYESPOR,91 - 89,OGM ORMANSPOR,,KOCAELİ,Şehit Polis Recep Topaloglu S.S,Youtube / TBF TV,ALİ KÖSEOĞLU,SEYHAN TOPALOĞLU,SEDEF YARICI,HAKAN BEŞTEPE,SÜLEYMAN SIRRI YÜKSEL,EBRU ÖZMEN,YILDIZ BUĞDACI,BURAK ŞANCI,Şehit Polis Recep Topaloglu S.S
27.12.2020,13:00,1BA2454,13. Hafta,BEŞİKTAŞ HDI SİGORTA,76 - 86,BİREVİM ELAZIĞ İL ÖZEL İDARE,,İSTANBUL,Akatlar Spor ve Kültür Kompleksi,TİVİBU Spor,ALİ SERKAN EMLEK,UMUT ÖZGÜN ERGÜN,MUSTAFA CANDEMİR TABAK,RAHŞAN ŞEBNEM TÜMER,SEHER KAZANÇ,MUSTAFA GÖKMEN DEMİRAY,BURHAN DEMİR,ESER FIRIL,Akatlar Spor ve Kültür Kompleksi
27.12.2020,15:30,1BA2455,13. Hafta,HATAY BÜYÜKŞEHİR BELEDİYESPOR,42 - 75,FENERBAHÇE ÖZNUR KABLO,,HATAY,Antakya Spor Salonu,TİVİBU Spor,HALİL BALDEMİR,SERTAN KIRKLAR,AHMET KEMAL DİGİLLİ,VEYSİ ORUK,YUSUF GÜMÜŞ,SEMRA UĞRAŞAN,ELA YAKŞİ,MÜFİT ARSLAN,Antakya Spor Salonu
30.12.2020,14:00,1BA2456,14. Hafta,ÇANKAYA ÜNİVERSİTESİ,78 - 67,BİREVİM ELAZIĞ İL ÖZEL İDARE,,ANKARA,Ankara Spor Salonu,Youtube / TBF TV,ALPER ÖZGÖK,AHMET TANER İBİN,HAKAN GEREY,ERDEM EFE,SERDAR KARAGÜÇ,AKIN AYTEKİN,BORA AĞBULUT,TUNCER ULUŞEKER,Ankara Spor Salonu
30.12.2020,14:00,1BA2458,14. Hafta,BÜYÜKŞEHİR BELEDİYESİ ADANA BASKETBOL,70 - 84,NESİBE AYDIN,,ADANA,Atatürk Spor Salonu,Youtube / TBF TV,ALİ SERKAN EMLEK,YİĞİT EMRE ŞİMŞEK,HANDE ÖZTÜRK,YUSUF BÜYÜKFİDAN,MEHTAP TOSUN,DENİZ ORGÜN,BETÜL AĞAR,HÜLYA ÖZKAN,Atatürk Spor Salonu
30.12.2020,14:00,1BA2459,14. Hafta,BOTAŞ,72 - 59,ÇBK MERSİN YENİŞEHİR BELEDİYESİ,,ANKARA,Ankara Dsi Etlik Spor Salonu,Youtube / TBF TV,MEHMET KESERATAR,MUHAMMET MUSTAFA AKILLIOĞLU,NİYAZİ YASİN KAHRAMAN,BURAK DEDE,FATMA ÇELİK,PELİN KUZU,MEHMET AKİF CUMHURLU,BİLAL UZGÖREN,Ankara Dsi Etlik Spor Salonu
30.12.2020,14:00,1BA2462,14. Hafta,HATAY BÜYÜKŞEHİR BELEDİYESPOR,69 - 91,OGM ORMANSPOR,,HATAY,Antakya Spor Salonu,Youtube / TBF TV,FATİH ARSLANOĞLU,MUHAMMED MURAT ZAFER,BATUHAN KÜMÜKOĞLU,NAMIK KEMAL ERGÜVEN,GAMZE İNAL,MÜFİT ARSLAN,YUSUF GÜMÜŞ,BUSE ÖZKAN,Antakya Spor Salonu
30.12.2020,14:30,1BA2460,14. Hafta,İZMİT BELEDİYESPOR,84 - 72,BELLONA KAYSERİ BASKETBOL,,KOCAELİ,Şehit Polis Recep Topaloglu S.S,TİVİBU Spor,AYTUĞ EKTİ,AHMET MURAT ARIKANLI,SEDA ESEN,MEHMET İSMET BAYRİ,İSMET MUHAMMED DEMİRER,OSMAN TUNAHAN TUNCER,YILDIZ BUĞDACI,SEVGİ CANDAZ,Şehit Polis Recep Topaloglu S.S
30.12.2020,16:00,1BA2461,14. Hafta,BEŞİKTAŞ HDI SİGORTA,89 - 59,SAMSUN CANİK BELEDİYE,,İSTANBUL,Akatlar Spor ve Kültür Kompleksi,Youtube / TBF TV,ÖZGE ŞENTÜRK BAYRAKTAR,MESUT ÖZTÜRK,EYYÜP AYHAN,ERKAN URASLI,ZEHRA AKAN,SEDA İŞLER,NEŞE KIRAN,ESER FIRIL,Akatlar Spor ve Kültür Kompleksi
30.12.2020,17:00,1BA2457,14. Hafta,GALATASARAY,60 - 74,FENERBAHÇE ÖZNUR KABLO,,İSTANBUL,Ahmet Cömert Spor Salonu,TİVİBU Spor,MEHMET KARABİLECEN,NAZLI ÇİSİL GÜNGÖR,HALİL ERKOÇ,EMİN FAZIL KESERATAR,YUNUS EMRE SEVER,GÜL URASLI,HİLMİ CANKUT AYNAR,CEYDA KAPKAÇ,Ahmet Cömert Spor Salonu
3.01.2021,13:00,1BA2468,15. Hafta,SAMSUN CANİK BELEDİYE,64 - 119,ÇANKAYA ÜNİVERSİTESİ,,SAMSUN,Mustafa Dağıstanlı Spor Salonu,Youtube / TBF TV,KAAN BÜYÜKÇİL,KEREM YILMAZ,SEDA ESEN,SEMİH KAYA,ESRA BAYZAT,HAKAN ÖNEN,MURAT ŞENDERE,MERVE SERDAR,Mustafa Dağıstanlı Spor Salonu
3.01.2021,14:00,1BA2469,15. Hafta,FENERBAHÇE ÖZNUR KABLO,106 - 71,BÜYÜKŞEHİR BELEDİYESİ ADANA BASKETBOL,,İSTANBUL,Fenerbahçe Metro Enerji Spor Salonu,TİVİBU Spor,CAN MAVİSU,SEDEF YARICI,MUSTAFA CANDEMİR TABAK,BURCU KOCAOĞLU SANCAR,SEHER KAZANÇ,SEÇİL SILA KORALP,BÜŞRA ERKAN,GÜLTEKİN KABAŞ,Fenerbahçe Metro Enerji Spor Salonu
3.01.2021,14:00,1BA2465,15. Hafta,OGM ORMANSPOR,56 - 67,GALATASARAY,,ANKARA,M. Sait Zarifoğlu Spor Salonu,Youtube / TBF TV,MUSA KAZIM ÇETİN,MURAT CİNER,YİĞİT GÖNÜLTAŞ,HASAN GÜNGÖR,NİHAN ÜNSAL,ARDA GÜRBÜZ,SİMAY ÇAKMAK,FATİH DEMİRCİ,M. Sait Zarifoğlu Spor Salonu
3.01.2021,14:30,1BA2467,15. Hafta,BOTAŞ,82 - 68,BEŞİKTAŞ HDI SİGORTA,,ANKARA,Ankara Dsi Etlik Spor Salonu,Youtube / TBF TV,ERŞAN KARTAL,AHMET TANER İBİN,NİHAT ÇETİN,BURAK DEDE,FUNDA KONCA,FATİH ŞEN,FATMA ÇELİK,SERDAR KARAGÜÇ,Ankara Dsi Etlik Spor Salonu
3.01.2021,15:30,1BA2466,15. Hafta,BELLONA KAYSERİ BASKETBOL,80 - 75,HATAY BÜYÜKŞEHİR BELEDİYESPOR,,KAYSERİ,Kadir Has Kongre Merkezi Spor Salonu,Youtube / TBF TV,MEHMET OZAN ÇAKAR,UĞUR ÖZEN,YİĞİT EMRE ŞİMŞEK,EFKAN ASLAN,BÜŞRA ALAN,YÜCEL KARAFİL,BETÜL MUTLU,FATİH SAVAŞKAN,Kadir Has Kongre Merkezi Spor Salonu
3.01.2021,16:00,1BA2463,15. Hafta,BİREVİM ELAZIĞ İL ÖZEL İDARE,91 - 82,İZMİT BELEDİYESPOR,,ELAZIĞ,Elazığ İl Özel İdare S.S.,Youtube / TBF TV,ORHAN ÇAĞRI HEKİMOĞLU,ERHAN GÜRSEL,HANDE ÖZTÜRK,ÖMER KAYMAZ,AYŞE GÜNHAN,SEMANUR BOZKURT,FATMA SELCEN HATİPOĞLU,ERDAL KALEM,Elazığ İl Özel İdare S.S.
3.01.2021,16:30,1BA2464,15. Hafta,ÇBK MERSİN YENİŞEHİR BELEDİYESİ,91 - 84,NESİBE AYDIN,,MERSİN,Servet Tazegül Spor Salonu,TİVİBU Spor,MEHMET KARABİLECEN,ABDULLAH KOPUTAN,UYGAR KURT,TURGAY KÖROĞLU,VİLDAN KÖROĞLU EZER,CANER SERTEL,SABAHİTTİN KAZAN,ŞÜKRÜ SITKI,Servet Tazegül Spor Salonu
9.01.2021,14:00,1BA2471,16. Hafta,GALATASARAY,100 - 92,BELLONA KAYSERİ BASKETBOL,,İSTANBUL,Ahmet Cömert Spor Salonu,Youtube / TBF TV,SEHER AYŞE NUR YAZICIOĞLU,TURGUT IŞIK,MUHAMMET MUSTAFA AKILLIOĞLU,BURCU KOCAOĞLU SANCAR,TUĞÇE KAYA,CEYDA KAPKAÇ,MİHRİBAN İBEK,GÜL URASLI,Ahmet Cömert Spor Salonu
9.01.2021,14:30,1BA2472,16. Hafta,BÜYÜKŞEHİR BELEDİYESİ ADANA BASKETBOL,75 - 89,OGM ORMANSPOR,,ADANA,Atatürk Spor Salonu,Youtube / TBF TV,MEHMET SERDAR ÜNAL,UYGAR KURT,MUZAFFER VARDARLI,YEŞİM ATUŞ KARAGÖZ,CUMALİ TOSUN,MUSTAFA ERDİNÇ,EMİNE NUR ÖNCÜ,BURAK SEZEN,Atatürk Spor Salonu
9.01.2021,15:00,1BA2474,16. Hafta,İZMİT BELEDİYESPOR,113 - 47,SAMSUN CANİK BELEDİYE,,KOCAELİ,Şehit Polis Recep Topaloglu S.S,Youtube / TBF TV,SİNEM TETİK AKBAYRAK,MÜNEVVER ÖZEMRE,BURAK YILMAZ,MEHMET İSMET BAYRİ,İSMET MUHAMMED DEMİRER,OSMAN TUNAHAN TUNCER,BERFU BARUT,ALEV KÖROĞLU,Şehit Polis Recep Topaloglu S.S
9.01.2021,15:30,1BA2475,16. Hafta,BEŞİKTAŞ HDI SİGORTA,77 - 85,ÇBK MERSİN YENİŞEHİR BELEDİYESİ,,İSTANBUL,Akatlar Spor ve Kültür Kompleksi,Youtube / TBF TV,KAAN BÜYÜKÇİL,MURAT CİNER,BENHÜR İRCEL,MELİH SABRİ KAZMAZ,EDA ELFİDAN,LAL DENİZ ÇELİKER,ECE DİKMENLİ,SEÇİL SILA KORALP,Akatlar Spor ve Kültür Kompleksi
9.01.2021,15:30,1BA2476,16. Hafta,HATAY BÜYÜKŞEHİR BELEDİYESPOR,87 - 60,BİREVİM ELAZIĞ İL ÖZEL İDARE,,HATAY,Antakya Spor Salonu,Youtube / TBF TV,AYTUĞ EKTİ,TOLGA EDİS,SEDA ESEN,VEYSİ ORUK,GAMZE İNAL,SEMRA UĞRAŞAN,ELA YAKŞİ,MÜFİT ARSLAN,Antakya Spor Salonu
9.01.2021,16:00,1BA2473,16. Hafta,NESİBE AYDIN,61 - 71,FENERBAHÇE ÖZNUR KABLO,,ANKARA,TOBB ETÜ Spor Salonu,TİVİBU Spor,HÜSEYİN ÇELİK,TUNÇTAN DURMUŞCAN,AHMET TANER İBİN,DERYA ANTAŞ,NİHAN ÜNSAL,FATİH ŞEN,OGÜN KURTULUŞ,BİLAL UZGÖREN,TOBB ETÜ Spor Salonu
10.01.2021,13:00,1BA2470,16. Hafta,ÇANKAYA ÜNİVERSİTESİ,80 - 75,BOTAŞ,,ANKARA,Ankara Spor Salonu,TİVİBU Spor,AHMET TATLICI,HALİL ERKOÇ,YİĞİT GÖNÜLTAŞ,MEHMET KAŞİF BATTAL,FEVZİ CAN ÜRESİN,SİNA KÜÇÜKDİLEK,MURATCAN KOLÇAK,SERDAR KARAGÜÇ,Ankara Spor Salonu
11.01.2021,15:00,1BA2478,17. Hafta,ÇBK MERSİN YENİŞEHİR BELEDİYESİ,64 - 71,FENERBAHÇE ÖZNUR KABLO,,MERSİN,Servet Tazegül Spor Salonu,TİVİBU Spor,AYTUĞ EKTİ,SAMİ ÖZEL,AHMET MURAT ARIKANLI,MUHAMMED DİYAÜDDİN SAĞIR,VİLDAN KÖROĞLU EZER,MELDA KÖKLÜER,RABİA YILDIZ ÖZTÜRK,ŞÜKRÜ SITKI,Servet Tazegül Spor Salonu
12.01.2021,13:00,1BA2482,17. Hafta,SAMSUN CANİK BELEDİYE,56 - 112,HATAY BÜYÜKŞEHİR BELEDİYESPOR,,SAMSUN,Mustafa Dağıstanlı Spor Salonu,Youtube / TBF TV,ALPER ÖZGÖK,GÖKSUN ÖZ,MUHAMMED MURAT ZAFER,NAZLI AYYILDIZ TURAN,ESRA BAYZAT,MERVE SERDAR,ÇAĞRI TEMUR,HAKAN ÖNEN,Mustafa Dağıstanlı Spor Salonu
12.01.2021,15:30,1BA2480,17. Hafta,BELLONA KAYSERİ BASKETBOL,96 - 73,BÜYÜKŞEHİR BELEDİYESİ ADANA BASKETBOL,,KAYSERİ,Kadir Has Kongre Merkezi Spor Salonu,Youtube / TBF TV,MEHMET ŞAHİN,KEREM YILMAZ,HANDE ÖZTÜRK,BAHA KAÇIN,MELİKE DENİZ BAYRAM,MELİKE ÜLKÜ,FATİH SAVAŞKAN,SALİH KAPUCU,Kadir Has Kongre Merkezi Spor Salonu
12.01.2021,17:15,1BA2477,17. Hafta,BİREVİM ELAZIĞ İL ÖZEL İDARE,79 - 87,GALATASARAY,,ELAZIĞ,Elazığ İl Özel İdare S.S.,TİVİBU Spor,KEREM BAKİ,SERDAR SARAÇ,UMUT ÖZGÜN ERGÜN,ÖMER KAYMAZ,AYŞE GÜNHAN,FATMA SELCEN HATİPOĞLU,ERDAL KALEM,SEMANUR BOZKURT,Elazığ İl Özel İdare S.S.
13.01.2021,14:00,1BA2479,17. Hafta,OGM ORMANSPOR,88 - 58,NESİBE AYDIN,,ANKARA,M. Sait Zarifoğlu Spor Salonu,Youtube / TBF TV,ZAFER YILMAZ,YÜCEL ÇİLİNGİR,ANIL VEZİROĞLU,ERDEM EFE,SİMAY ÇAKMAK,ONUR YEŞİLBAĞ,ALİ MURAT SUNGUR,SERDAR KARAGÜÇ,M. Sait Zarifoğlu Spor Salonu
13.01.2021,15:00,1BA2481,17. Hafta,BOTAŞ,59 - 70,İZMİT BELEDİYESPOR,,ANKARA,Ankara Dsi Etlik Spor Salonu,Youtube / TBF TV,ALİ ŞAKACI,ORKUN YURTTAŞ,İSMAİL BİNBİR,FİLİZ ÖGET,SİBEL FAZLIOĞLU,TUNCER ULUŞEKER,BİLAL UZGÖREN,RESUL GEÇER,Ankara Dsi Etlik Spor Salonu
16.01.2021,15:00,1BA2483,17. Hafta,BEŞİKTAŞ HDI SİGORTA,75 - 68,ÇANKAYA ÜNİVERSİTESİ,,İSTANBUL,Akatlar Spor ve Kültür Kompleksi,Youtube / TBF TV,MEHMET KESERATAR,ÖNDER YILMAZ,SEDEF YARICI,SAVAŞ BAYRAM ERTÜRK,ZEHRA AKAN,YÜKSEL NAZLIGÜL,ECE DİKMENLİ,ŞERMİN NAZLIGÜL,Akatlar Spor ve Kültür Kompleksi
24.01.2021,14:00,1BA2485,18. Hafta,ÇANKAYA ÜNİVERSİTESİ,93 - 61,ÇBK MERSİN YENİŞEHİR BELEDİYESİ,,ANKARA,Ankara Spor Salonu,Youtube / TBF TV,ALİ SERKAN EMLEK,SERTAN KIRKLAR,EYYÜP AYHAN,ERDEM EFE,ARZU ÖKSÜZ,FATİH ŞEN,MEHMET AKİF CUMHURLU,TUNCER ULUŞEKER,Ankara Spor Salonu
27.01.2021,14:00,1BA2486,18. Hafta,BÜYÜKŞEHİR BELEDİYESİ ADANA BASKETBOL,54 - 84,BİREVİM ELAZIĞ İL ÖZEL İDARE,,ADANA,Atatürk Spor Salonu,TİVİBU Spor,HALİL BALDEMİR,AHMET KEMAL DİGİLLİ,İSMAİL BİNBİR,YEŞİM ATUŞ KARAGÖZ,CUMALİ TOSUN,HÜLYA ÖZKAN,GÜLŞAH GÜLER SEZEN,AYKUT KÖROĞLU,Atatürk Spor Salonu
27.01.2021,14:30,1BA2488,18. Hafta,HATAY BÜYÜKŞEHİR BELEDİYESPOR,72 - 67,BOTAŞ,,HATAY,Antakya Spor Salonu,Youtube / TBF TV,MEHMET SERDAR ÜNAL,KEREM YILMAZ,HANDE ÖZTÜRK,NAMIK KEMAL ERGÜVEN,DERYA CUM,YUSUF GÜMÜŞ,SONGÜL ÖZSOY,MÜFİT ARSLAN,Antakya Spor Salonu
27.01.2021,15:30,1BA2484,18. Hafta,NESİBE AYDIN,70 - 67,BELLONA KAYSERİ BASKETBOL,,ANKARA,TOBB ETÜ Spor Salonu,Youtube / TBF TV,ERŞAN KARTAL,YİĞİT GÖNÜLTAŞ,SEDA ESEN,MEHMET KAŞİF BATTAL,NİHAN ÜNSAL,TUNCER ULUŞEKER,ŞERİFE YILMAZ,BİLAL UZGÖREN,TOBB ETÜ Spor Salonu
27.01.2021,16:30,1BA2487,18. Hafta,FENERBAHÇE ÖZNUR KABLO,88 - 85,OGM ORMANSPOR,,İSTANBUL,Fenerbahçe Metro Enerji Spor Salonu,TİVİBU Spor,SİNEM TETİK AKBAYRAK,MURAT CİNER,MESUT ÖZTÜRK,RAHŞAN ŞEBNEM TÜMER,NAZLI TUZCUOĞLU,SEDA İŞLER,DEMET ULUCUTSOY,FATMA GÖK,Fenerbahçe Metro Enerji Spor Salonu
27.01.2021,17:00,1BA2490,18. Hafta,GALATASARAY,123 - 41,SAMSUN CANİK BELEDİYE,,İSTANBUL,Ahmet Cömert Spor Salonu,Youtube / TBF TV,ALİ KÖSEOĞLU,MUSTAFA CANDEMİR TABAK,BATUHAN KÜMÜKOĞLU,ELHAN ÜLGENER,ALTAN CANDAN,SEMRA AKDUMAN,GÜLTEKİN KABAŞ,ERMAN YÜCEL,Ahmet Cömert Spor Salonu
29.01.2021,15:00,1BA2489,18. Hafta,İZMİT BELEDİYESPOR,74 - 68,BEŞİKTAŞ HDI SİGORTA,,KOCAELİ,Şehit Polis Recep Topaloglu S.S,Youtube / TBF TV,MEHMET ŞAHİN,SEYHAN TOPALOĞLU,HAKAN GEREY,MEHMET İSMET BAYRİ,HANDE DEMİRKOL,ALEV KÖROĞLU,SEVGİ CANDAZ,GAMZE KURT,Şehit Polis Recep Topaloglu S.S
12.02.2021,14:00,1BA2492,19. Hafta,ÇANKAYA ÜNİVERSİTESİ,86 - 64,İZMİT BELEDİYESPOR,,ANKARA,Ankara Spor Salonu,Youtube / TBF TV,EMİN MOĞULKOÇ,NAZLI ÇİSİL GÜNGÖR,MESUT ÖZTÜRK,ERDEM EFE,FATMA ÇELİK,FATİH ŞEN,BİLAL UZGÖREN,İSMAİL FULSER,Ankara Spor Salonu
13.02.2021,13:00,1BA2497,19. Hafta,BEŞİKTAŞ HDI SİGORTA,76 - 82,HATAY BÜYÜKŞEHİR BELEDİYESPOR,,İSTANBUL,Akatlar Spor ve Kültür Kompleksi,TİVİBU Spor,ÖZLEM YALMAN,YİĞİT GÖNÜLTAŞ,MÜNEVVER ÖZEMRE,RAHŞAN ŞEBNEM TÜMER,ALTAN CANDAN,AHMET ERKASAP,GÜLTEKİN KABAŞ,ŞAZİYE SİMSAR YAKIN,Akatlar Spor ve Kültür Kompleksi
13.02.2021,14:00,1BA2496,19. Hafta,SAMSUN CANİK BELEDİYE,79 - 55,BÜYÜKŞEHİR BELEDİYESİ ADANA BASKETBOL,,SAMSUN,Mustafa Dağıstanlı Spor Salonu,Youtube / TBF TV,YENER YILMAZ,MUZAFFER VARDARLI,BATUHAN SÖYLEMEZOĞLU,ERHAN ELBİR,MİHRİBAN PEKER,MURAT ŞENDERE,ESRA BAYZAT,ZEYNEP EFSANUR KOYUN,Mustafa Dağıstanlı Spor Salonu
13.02.2021,15:00,1BA2495,19. Hafta,BOTAŞ,55 - 74,GALATASARAY,,ANKARA,Ankara Dsi Etlik Spor Salonu,Youtube / TBF TV,ZAFER YILMAZ,BENHÜR İRCEL,ALİCAN ALICI,DERYA ANTAŞ,GÖZDE ÖZBEK,FATİH ŞEN,FUNDA KONCA,NİHAN ÜNSAL,Ankara Dsi Etlik Spor Salonu
13.02.2021,15:15,1BA2494,19. Hafta,BELLONA KAYSERİ BASKETBOL,50 - 71,FENERBAHÇE ÖZNUR KABLO,,KAYSERİ,Kadir Has Kongre Merkezi Spor Salonu,TİVİBU Spor,MEHMET ŞAHİN,AHMET MURAT ARIKANLI,İSMAİL BİNBİR,EFKAN ASLAN,BÜŞRA ALAN,FATİH SAVAŞKAN,BETÜL MUTLU,İDRİS KARATAŞ,Kadir Has Kongre Merkezi Spor Salonu
13.02.2021,16:00,1BA2493,19. Hafta,ÇBK MERSİN YENİŞEHİR BELEDİYESİ,86 - 89,OGM ORMANSPOR,,MERSİN,Servet Tazegül Spor Salonu,Youtube / TBF TV,MEHMET KESERATAR,TOLGA EDİS,BURAK YILMAZ,MUHAMMED DİYAÜDDİN SAĞIR,MELDA KÖKLÜER,LEVENT YORULMAZ,AYŞE AR,ŞÜKRÜ SITKI,Servet Tazegül Spor Salonu
14.02.2021,14:00,1BA2491,19. Hafta,BİREVİM ELAZIĞ İL ÖZEL İDARE,69 - 64,NESİBE AYDIN,,ELAZIĞ,Elazığ İl Özel İdare S.S.,Youtube / TBF TV,MEHMET KARABİLECEN,KEREM YILMAZ,MUHAMMED MURAT ZAFER,ÖMER KAYMAZ,DİDEM YAVUZ SÖYLER,SEMANUR BOZKURT,YASEMİN TAŞKIN KAPLAN,ERDAL KALEM,Elazığ İl Özel İdare S.S.
17.02.2021,14:00,1BA2499,20. Hafta,OGM ORMANSPOR,87 - 63,BELLONA KAYSERİ BASKETBOL,,ANKARA,M. Sait Zarifoğlu Spor Salonu,Youtube / TBF TV,EMİN MOĞULKOÇ,SEYHAN TOPALOĞLU,SAMET ERDOĞAN,MEHMET KAŞİF BATTAL,FATMA ÇELİK,FATİH ŞEN,SERDAR KARAGÜÇ,HÜSEYİN ÖKMEN,M. Sait Zarifoğlu Spor Salonu
17.02.2021,14:30,1BA2500,20. Hafta,BÜYÜKŞEHİR BELEDİYESİ ADANA BASKETBOL,57 - 85,BOTAŞ,,ADANA,Atatürk Spor Salonu,Youtube / TBF TV,ALİ KÖSEOĞLU,YİĞİT EMRE ŞİMŞEK,ANIL VEZİROĞLU,YEŞİM ATUŞ KARAGÖZ,CUMALİ TOSUN,AZİZ KAAN KARAT,GÜLŞAH GÜLER SEZEN,BETÜL AĞAR,Atatürk Spor Salonu
17.02.2021,15:00,1BA2503,20. Hafta,FENERBAHÇE ÖZNUR KABLO,72 - 48,BİREVİM ELAZIĞ İL ÖZEL İDARE,,İSTANBUL,Fenerbahçe Metro Enerji Spor Salonu,TİVİBU Spor,ÖZGE ŞENTÜRK BAYRAKTAR,ÖNDER YILMAZ,BATUHAN KÜMÜKOĞLU,EMİN FAZIL KESERATAR,FATMA GÖK,SEDA İŞLER,NAZLI TUZCUOĞLU,ZEHRA AKAN,Fenerbahçe Metro Enerji Spor Salonu
17.02.2021,16:00,1BA2501,20. Hafta,NESİBE AYDIN,108 - 55,SAMSUN CANİK BELEDİYE,,ANKARA,TOBB ETÜ Spor Salonu,Youtube / TBF TV,HALİL BALDEMİR,HANDE ÖZTÜRK,EYYÜP AYHAN,HALDUN KUNT,SÜMEYYE SENEKLİOĞLU,SİNA KÜÇÜKDİLEK,BİLAL UZGÖREN,ALİ MURAT SUNGUR,TOBB ETÜ Spor Salonu
17.02.2021,18:30,1BA2498,20. Hafta,GALATASARAY,83 - 65,BEŞİKTAŞ HDI SİGORTA,,İSTANBUL,Sinan Erdem Spor Salonu,TİVİBU Spor,OSMAN SİNAN İŞGÜDER,TEKİN ÖZÜBİR,HALİL ERKOÇ,BURCU KOCAOĞLU SANCAR,LAL DENİZ ÇELİKER,YÜKSEL NAZLIGÜL,ALPER LAÇİNKAYA,ALPKAN HACIYAKUPOĞLU,Sinan Erdem Spor Salonu
18.02.2021,14:00,1BA2504,20. Hafta,HATAY BÜYÜKŞEHİR BELEDİYESPOR,109 - 108,ÇANKAYA ÜNİVERSİTESİ,,HATAY,Antakya Spor Salonu,Youtube / TBF TV,KAAN BÜYÜKÇİL,AHMET KEMAL DİGİLLİ,SEDA ESEN,NAMIK KEMAL ERGÜVEN,YUSUF GÜMÜŞ,GAMZE İNAL,SEMİRE AKKAN,MÜFİT ARSLAN,Antakya Spor Salonu
25.02.2021,14:00,1BA2502,20. Hafta,İZMİT BELEDİYESPOR,58 - 60,ÇBK MERSİN YENİŞEHİR BELEDİYESİ,,KOCAELİ,Şehit Polis Recep Topaloglu S.S,Youtube / TBF TV,SEMİH VURAL,MUHAMMED MURAT ZAFER,MÜNEVVER ÖZEMRE,MEHMET İSMET BAYRİ,SEVGİ CANDAZ,GAMZE KURT,TARIK ERDOĞAN,ALEV KÖROĞLU,Şehit Polis Recep Topaloglu S.S
19.02.2021,13:00,1BA2510,21. Hafta,SAMSUN CANİK BELEDİYE,58 - 105,FENERBAHÇE ÖZNUR KABLO,,SAMSUN,Mustafa Dağıstanlı Spor Salonu,Youtube / TBF TV,ALPER ÖZGÖK,SERDAR SARAÇ,AHMET MURAT ARIKANLI,NAZLI AYYILDIZ TURAN,ÇAĞRI TEMUR,AHMET BARIŞ YAZICI,MURAT ŞENDERE,ZEYNEP EFSANUR KOYUN,Mustafa Dağıstanlı Spor Salonu
21.02.2021,14:00,1BA2507,21. Hafta,ÇBK MERSİN YENİŞEHİR BELEDİYESİ,73 - 91,BELLONA KAYSERİ BASKETBOL,,MERSİN,Servet Tazegül Spor Salonu,Youtube / TBF TV,OSMAN SİNAN İŞGÜDER,AHMET KEMAL DİGİLLİ,HANDE ÖZTÜRK,SİBEL KANIK,MELDA KÖKLÜER,LEVENT YORULMAZ,ŞÜKRÜ SITKI,SELÇUK TEMÜR,Servet Tazegül Spor Salonu
21.02.2021,15:15,1BA2505,21. Hafta,BİREVİM ELAZIĞ İL ÖZEL İDARE,62 - 79,OGM ORMANSPOR,,ELAZIĞ,Elazığ İl Özel İdare S.S.,TİVİBU Spor,MEHMET KESERATAR,UYGAR KURT,NAZLI ÇİSİL GÜNGÖR,ÖMER KAYMAZ,AYŞE GÜNHAN,FATMA SELCEN HATİPOĞLU,ERDAL KALEM,TUNCAY DAĞDELEN,Elazığ İl Özel İdare S.S.
22.02.2021,14:00,1BA2506,21. Hafta,ÇANKAYA ÜNİVERSİTESİ,66 - 65,GALATASARAY,,ANKARA,Ankara Spor Salonu,TİVİBU Spor,ERŞAN KARTAL,SERTAN KIRKLAR,MUSTAFA CANDEMİR TABAK,ERDEM EFE,NİHAN ÜNSAL,İSMAİL FULSER,RESUL GEÇER,SİMAY ÇAKMAK,Ankara Spor Salonu
22.02.2021,16:00,1BA2508,21. Hafta,BOTAŞ,58 - 60,NESİBE AYDIN,,ANKARA,Ankara Dsi Etlik Spor Salonu,Youtube / TBF TV,EMİN MOĞULKOÇ,AHMET TANER İBİN,SEDEF YARICI,MEHMET KAŞİF BATTAL,SİBEL FAZLIOĞLU,SİNA KÜÇÜKDİLEK,ONUR YEŞİLBAĞ,BİLAL UZGÖREN,Ankara Dsi Etlik Spor Salonu
22.02.2021,17:00,1BA2509,21. Hafta,İZMİT BELEDİYESPOR,96 - 97,HATAY BÜYÜKŞEHİR BELEDİYESPOR,,KOCAELİ,Şehit Polis Recep Topaloglu S.S,Youtube / TBF TV,ZİYA ÖZORHON,İBRAHİM ALTINTAŞ,ABDULLAH İLİK,RAHŞAN ŞEBNEM TÜMER,SUDENUR DUMAN,OSMAN TUNAHAN TUNCER,BURAK ŞANCI,YILDIZ BUĞDACI,Şehit Polis Recep Topaloglu S.S
24.02.2021,15:00,1BA2511,21. Hafta,BEŞİKTAŞ HDI SİGORTA,80 - 69,BÜYÜKŞEHİR BELEDİYESİ ADANA BASKETBOL,,İSTANBUL,Akatlar Spor ve Kültür Kompleksi,Youtube / TBF TV,MEHMET OZAN ÇAKAR,UĞUR ÖZEN,BATUHAN KÜMÜKOĞLU,ELHAN ÜLGENER,GÜLİZ KONCA ADİLLER,ALPKAN HACIYAKUPOĞLU,ECE DİKMENLİ,ŞERMİN NAZLIGÜL,Akatlar Spor ve Kültür Kompleksi
27.02.2021,14:00,1BA2513,22. Hafta,OGM ORMANSPOR,120 - 65,SAMSUN CANİK BELEDİYE,,ANKARA,M. Sait Zarifoğlu Spor Salonu,Youtube / TBF TV,DUHAN KÖYİÇİ,MUZAFFER VARDARLI,SEDA ESEN,BURAK DEDE,SÜMEYYE SENEKLİOĞLU,SİNA KÜÇÜKDİLEK,HÜSEYİN ÖKMEN,SERDAR KARAGÜÇ,M. Sait Zarifoğlu Spor Salonu
27.02.2021,14:30,1BA2514,22. Hafta,BÜYÜKŞEHİR BELEDİYESİ ADANA BASKETBOL,53 - 97,ÇANKAYA ÜNİVERSİTESİ,,ADANA,Atatürk Spor Salonu,Youtube / TBF TV,MEHMET SERDAR ÜNAL,TUNÇTAN DURMUŞCAN,HANDE ÖZTÜRK,YUSUF BÜYÜKFİDAN,CANSU DİKİLİTAŞ,MUSTAFA ERDİNÇ,DİDEM YALANCA,HÜLYA ÖZKAN,Atatürk Spor Salonu
27.02.2021,15:00,1BA2517,22. Hafta,BOTAŞ,55 - 107,FENERBAHÇE ÖZNUR KABLO,,ANKARA,Ankara Dsi Etlik Spor Salonu,Youtube / TBF TV,OSMAN SİNAN İŞGÜDER,SERTAN KIRKLAR,MÜNEVVER ÖZEMRE,DERYA ANTAŞ,SİMAY ÇAKMAK,SİBEL FAZLIOĞLU,BETÜL BÜLBÜL,TUNCER ULUŞEKER,Ankara Dsi Etlik Spor Salonu
27.02.2021,15:15,1BA2516,22. Hafta,NESİBE AYDIN,67 - 58,BEŞİKTAŞ HDI SİGORTA,,ANKARA,TOBB ETÜ Spor Salonu,TİVİBU Spor,HÜSEYİN ÇELİK,YİĞİT EMRE ŞİMŞEK,YİĞİT GÖNÜLTAŞ,MEHMET KAŞİF BATTAL,FUNDA KONCA,PELİN KUZU,BİLAL UZGÖREN,MURATCAN KOLÇAK,TOBB ETÜ Spor Salonu
27.02.2021,16:00,1BA2515,22. Hafta,BELLONA KAYSERİ BASKETBOL,92 - 74,BİREVİM ELAZIĞ İL ÖZEL İDARE,,KAYSERİ,Kadir Has Kongre Merkezi Spor Salonu,Youtube / TBF TV,CAN MAVİSU,MUHAMMET MUSTAFA AKILLIOĞLU,SERDAR SARAÇ,ABDULLAH ÖZSUVEREN,FATMA AŞILI,FATİH SAVAŞKAN,SEVİM VURAL,CELAL AKSOY,Kadir Has Kongre Merkezi Spor Salonu
28.02.2021,15:15,1BA2512,22. Hafta,GALATASARAY,89 - 57,İZMİT BELEDİYESPOR,,İSTANBUL,Şehit Mustafa Özel Spor Kompleksi,TİVİBU Spor,KAAN BÜYÜKÇİL,AHMET TANER İBİN,SEDEF YARICI,TUĞBA YURTSEVEN,TUĞÇE KAYA,ERMAN YÜCEL,LAL DENİZ ÇELİKER,OSMAN AŞIK,Şehit Mustafa Özel Spor Kompleksi
28.02.2021,16:00,1BA2518,22. Hafta,HATAY BÜYÜKŞEHİR BELEDİYESPOR,86 - 72,ÇBK MERSİN YENİŞEHİR BELEDİYESİ,,HATAY,Antakya Spor Salonu,Youtube / TBF TV,MUSA KAZIM ÇETİN,HALİL ERKOÇ,ANIL VEZİROĞLU,NAMIK KEMAL ERGÜVEN,SEMRA UĞRAŞAN,YUSUF GÜMÜŞ,SONGÜL ÖZSOY,MÜFİT ARSLAN,Antakya Spor Salonu
3.03.2021,14:00,1BA2519,23. Hafta,ÇANKAYA ÜNİVERSİTESİ,67 - 76,NESİBE AYDIN,,ANKARA,Ankara Spor Salonu,Youtube / TBF TV,ALİ SERKAN EMLEK,AHMET MURAT ARIKANLI,MÜNEVVER ÖZEMRE,ERDEM EFE,FATMA ÇELİK,AKIN AYTEKİN,ELİF CAN,SİBEL FAZLIOĞLU,Ankara Spor Salonu
3.03.2021,14:00,1BA2523,23. Hafta,SAMSUN CANİK BELEDİYE,50 - 119,BELLONA KAYSERİ BASKETBOL,,SAMSUN,Mustafa Dağıstanlı Spor Salonu,Youtube / TBF TV,ALİ ŞAKACI,KEREM YILMAZ,NAZLI ÇİSİL GÜNGÖR,ERHAN ELBİR,ÇAĞRI TEMUR,AHMET BARIŞ YAZICI,MURAT ŞENDERE,ZEYNEP EFSANUR KOYUN,Mustafa Dağıstanlı Spor Salonu
3.03.2021,14:30,1BA2521,23. Hafta,BOTAŞ,68 - 66,OGM ORMANSPOR,,ANKARA,Ankara Dsi Etlik Spor Salonu,TİVİBU Spor,AYTUĞ EKTİ,TEKİN ÖZÜBİR,HANDE ÖZTÜRK,MUSTAFA KOCAEREN,NİHAN ÜNSAL,SİNA KÜÇÜKDİLEK,ŞERİFE YILMAZ,FATİH DEMİRCİ,Ankara Dsi Etlik Spor Salonu
3.03.2021,15:00,1BA2525,23. Hafta,HATAY BÜYÜKŞEHİR BELEDİYESPOR,63 - 74,GALATASARAY,,HATAY,Antakya Spor Salonu,Youtube / TBF TV,MEHMET SERDAR ÜNAL,İSMAİL BİNBİR,BATUHAN SÖYLEMEZOĞLU,VEYSİ ORUK,DERYA CUM,GAMZE İNAL,SEMİRE AKKAN,MÜFİT ARSLAN,Antakya Spor Salonu
3.03.2021,15:30,1BA2522,23. Hafta,İZMİT BELEDİYESPOR,100 - 59,BÜYÜKŞEHİR BELEDİYESİ ADANA BASKETBOL,,KOCAELİ,Şehit Polis Recep Topaloglu S.S,Youtube / TBF TV,SİNEM TETİK AKBAYRAK,NİYAZİ YASİN KAHRAMAN,EYYÜP AYHAN,MEHMET İSMET BAYRİ,BERFU BARUT,GAMZE KURT,SEDA KARA,BURAK ŞANCI,Şehit Polis Recep Topaloglu S.S
3.03.2021,16:00,1BA2520,23. Hafta,ÇBK MERSİN YENİŞEHİR BELEDİYESİ,79 - 86,BİREVİM ELAZIĞ İL ÖZEL İDARE,,MERSİN,Servet Tazegül Spor Salonu,Youtube / TBF TV,KAAN BÜYÜKÇİL,TOLGA EDİS,SEDA ESEN,SERKAN SU,RABİA YILDIZ ÖZTÜRK,LEVENT YORULMAZ,ZİYA ERTAŞ,ŞÜKRÜ SITKI,Servet Tazegül Spor Salonu
3.03.2021,17:30,1BA2524,23. Hafta,BEŞİKTAŞ HDI SİGORTA,64 - 96,FENERBAHÇE ÖZNUR KABLO,,İSTANBUL,Akatlar Spor ve Kültür Kompleksi,TİVİBU Spor,SERHAT BÜKER,ORKUN YURTTAŞ,NİHAT ÇETİN,BURCU KOCAOĞLU SANCAR,NEŞE KIRAN,YÜKSEL NAZLIGÜL,ESER FIRIL,SEDA İŞLER,Akatlar Spor ve Kültür Kompleksi
6.03.2021,13:00,1BA2528,24. Hafta,OGM ORMANSPOR,94 - 90,BEŞİKTAŞ HDI SİGORTA,,ANKARA,M. Sait Zarifoğlu Spor Salonu,Youtube / TBF TV,ALİ ŞAKACI,AHMET TANER İBİN,SEDEF YARICI,HALDUN KUNT,FUNDA KONCA,AKIN AYTEKİN,FATMA ÇELİK,TUNCER ULUŞEKER,M. Sait Zarifoğlu Spor Salonu
6.03.2021,13:00,1BA2526,24. Hafta,BİREVİM ELAZIĞ İL ÖZEL İDARE,83 - 34,SAMSUN CANİK BELEDİYE,,ELAZIĞ,Elazığ İl Özel İdare S.S.,Youtube / TBF TV,MEHMET ŞAHİN,HANDE ÖZTÜRK,EYYÜP AYHAN,ÖMER KAYMAZ,AYŞE GÜNHAN,SEMANUR BOZKURT,FATMA SELCEN HATİPOĞLU,ERDAL KALEM,Elazığ İl Özel İdare S.S.
6.03.2021,14:30,1BA2529,24. Hafta,BÜYÜKŞEHİR BELEDİYESİ ADANA BASKETBOL,70 - 119,HATAY BÜYÜKŞEHİR BELEDİYESPOR,,ADANA,Atatürk Spor Salonu,Youtube / TBF TV,MUSA KAZIM ÇETİN,AHMET MURAT ARIKANLI,SERDAR SARAÇ,YEŞİM ATUŞ KARAGÖZ,MEHTAP TOSUN,BURAK SEZEN,İBRAHİM YALANCA,SEVDA YAŞAR,Atatürk Spor Salonu
6.03.2021,15:15,1BA2532,24. Hafta,FENERBAHÇE ÖZNUR KABLO,90 - 55,ÇANKAYA ÜNİVERSİTESİ,,İSTANBUL,Fenerbahçe Metro Enerji Spor Salonu,TİVİBU Spor,POLAT PARLAK,HALİL ERKOÇ,ALİCAN ALICI,HURŞİT CEM AKAN,ZEHRA AKAN,SEDA İŞLER,İREM KESKİN,ECE DİKMENLİ,Fenerbahçe Metro Enerji Spor Salonu
6.03.2021,16:00,1BA2530,24. Hafta,BELLONA KAYSERİ BASKETBOL,70 - 55,BOTAŞ,,KAYSERİ,Kadir Has Kongre Merkezi Spor Salonu,Youtube / TBF TV,MEHMET KESERATAR,GÖKSUN ÖZ,SEDA ESEN,EFKAN ASLAN,MELİKE DENİZ BAYRAM,İSMAİL DULDA,BERNA PİŞGİNEL,CELAL AKSOY,Kadir Has Kongre Merkezi Spor Salonu
6.03.2021,16:30,1BA2531,24. Hafta,NESİBE AYDIN,101 - 57,İZMİT BELEDİYESPOR,,ANKARA,TOBB ETÜ Spor Salonu,Youtube / TBF TV,AHMET TATLICI,TEKİN ÖZÜBİR,MUSTAFA CANDEMİR TABAK,MEHMET KAŞİF BATTAL,GÖZDE ÖZBEK,AKIN AYTEKİN,ALİ MURAT SUNGUR,MEHMET AKİF CUMHURLU,TOBB ETÜ Spor Salonu
7.03.2021,13:00,1BA2527,24. Hafta,GALATASARAY,73 - 52,ÇBK MERSİN YENİŞEHİR BELEDİYESİ,,İSTANBUL,Şehit Mustafa Özel Spor Kompleksi,TİVİBU Spor,POLAT PARLAK,YİĞİT GÖNÜLTAŞ,MÜNEVVER ÖZEMRE,RAHŞAN ŞEBNEM TÜMER,TUĞÇE KAYA,ESİN MÜEZZİNOĞLU,ŞERMİN NAZLIGÜL,GÜL URASLI,Şehit Mustafa Özel Spor Kompleksi
9.03.2021,14:00,1BA2535,25. Hafta,GALATASARAY,117 - 37,BÜYÜKŞEHİR BELEDİYESİ ADANA BASKETBOL,,İSTANBUL,Şehit Mustafa Özel Spor Kompleksi,Youtube / TBF TV,SEMİH VURAL,NİHAT ÇETİN,HAKAN GEREY,ELHAN ÜLGENER,TUTKU MELİS AYGÜN,GÜL URASLI,FURKAN ATALAY,CEYDA KAPKAÇ,Şehit Mustafa Özel Spor Kompleksi
9.03.2021,17:00,1BA2537,25. Hafta,İZMİT BELEDİYESPOR,52 - 96,FENERBAHÇE ÖZNUR KABLO,,KOCAELİ,Şehit Polis Recep Topaloglu S.S,TİVİBU Spor,HALİL BALDEMİR,SAMİ ÖZEL,CEMİL UYGÜL,MEHMET İSMET BAYRİ,SUDENUR DUMAN,GAMZE KURT,SEDA KARA,BURAK ŞANCI,Şehit Polis Recep Topaloglu S.S
10.03.2021,14:00,1BA2536,25. Hafta,BOTAŞ,75 - 68,BİREVİM ELAZIĞ İL ÖZEL İDARE,,ANKARA,Ankara Dsi Etlik Spor Salonu,Youtube / TBF TV,ALİ ŞAKACI,YÜCEL ÇİLİNGİR,SAMET ERDOĞAN,BURAK DEDE,NİHAN ÜNSAL,SİBEL FAZLIOĞLU,FATİH ŞEN,TUNCER ULUŞEKER,Ankara Dsi Etlik Spor Salonu
10.03.2021,15:00,1BA2538,25. Hafta,BEŞİKTAŞ HDI SİGORTA,79 - 70,BELLONA KAYSERİ BASKETBOL,,İSTANBUL,Akatlar Spor ve Kültür Kompleksi,TİVİBU Spor,AYTUĞ EKTİ,FATİH GÜLER,BATUHAN SÖYLEMEZOĞLU,EMİN FAZIL KESERATAR,ESER FIRIL,ALPKAN HACIYAKUPOĞLU,GÜLTEKİN KABAŞ,YÜKSEL NAZLIGÜL,Akatlar Spor ve Kültür Kompleksi
11.03.2021,13:00,1BA2533,25. Hafta,ÇANKAYA ÜNİVERSİTESİ,69 - 71,OGM ORMANSPOR,,ANKARA,Ankara Spor Salonu,Youtube / TBF TV,MEHMET ŞAHİN,UYGAR KURT,ABDULLAH İLİK,ERDEM EFE,SİMAY ÇAKMAK,SİNA KÜÇÜKDİLEK,FATMA ÇELİK,İSMAİL FULSER,Ankara Spor Salonu
13.03.2021,14:00,1BA2534,25. Hafta,ÇBK MERSİN YENİŞEHİR BELEDİYESİ,91 - 46,SAMSUN CANİK BELEDİYE,,MERSİN,Servet Tazegül Spor Salonu,Youtube / TBF TV,MEHMET SERDAR ÜNAL,YİĞİT EMRE ŞİMŞEK,ANIL VEZİROĞLU,SİBEL KANIK,MELDA KÖKLÜER,LEVENT YORULMAZ,VİLDAN KÖROĞLU EZER,ŞÜKRÜ SITKI,Servet Tazegül Spor Salonu
14.03.2021,16:00,1BA2539,25. Hafta,HATAY BÜYÜKŞEHİR BELEDİYESPOR,74 - 76,NESİBE AYDIN,,HATAY,Antakya Spor Salonu,Youtube / TBF TV,ZAFER YILMAZ,GÖKSUN ÖZ,BATUHAN KÜMÜKOĞLU,NAMIK KEMAL ERGÜVEN,SEMRA UĞRAŞAN,YUSUF GÜMÜŞ,EZGİ DAĞ,MÜFİT ARSLAN,Antakya Spor Salonu
22.03.2021,16:00,1BA2540,26. Hafta,BİREVİM ELAZIĞ İL ÖZEL İDARE,88 - 82,BEŞİKTAŞ HDI SİGORTA,,ELAZIĞ,Elazığ İl Özel İdare S.S.,Youtube / TBF TV,KEREM BAKİ,UMUT ÖZGÜN ERGÜN,YİĞİT GÖNÜLTAŞ,ÖMER KAYMAZ,YASEMİN TAŞKIN KAPLAN,DİDEM YAVUZ SÖYLER,TUNCAY DAĞDELEN,ERDAL KALEM,Elazığ İl Özel İdare S.S.
24.03.2021,14:00,1BA2541,26. Hafta,OGM ORMANSPOR,107 - 68,İZMİT BELEDİYESPOR,,ANKARA,M. Sait Zarifoğlu Spor Salonu,Youtube / TBF TV,ALİ SERKAN EMLEK,ÖNDER YILMAZ,HANDE ÖZTÜRK,BURAK DEDE,ŞERİFE YILMAZ,ONUR YEŞİLBAĞ,RESUL GEÇER,BİLAL UZGÖREN,M. Sait Zarifoğlu Spor Salonu
24.03.2021,14:00,1BA2542,26. Hafta,BÜYÜKŞEHİR BELEDİYESİ ADANA BASKETBOL,51 - 90,ÇBK MERSİN YENİŞEHİR BELEDİYESİ,,ADANA,Atatürk Spor Salonu,Youtube / TBF TV,HÜSEYİN ÇELİK,AHMET KEMAL DİGİLLİ,SEDA ESEN,AHMET ÖZKAN,CANSU DİKİLİTAŞ,AZİZ KAAN KARAT,BETÜL AĞAR,DENİZ ORGÜN,Atatürk Spor Salonu
24.03.2021,14:00,1BA2543,26. Hafta,BELLONA KAYSERİ BASKETBOL,103 - 66,ÇANKAYA ÜNİVERSİTESİ,,KAYSERİ,Kadir Has Kongre Merkezi Spor Salonu,Youtube / TBF TV,SEMİH VURAL,ERHAN GÜRSEL,EYYÜP AYHAN,BAHA KAÇIN,SEVGİ ÖZÇELİK GÜNDÜZ,İSMAİL DULDA,BÜLENT TOSUN,İDRİS KARATAŞ,Kadir Has Kongre Merkezi Spor Salonu
24.03.2021,14:00,1BA2545,26. Hafta,SAMSUN CANİK BELEDİYE,37 - 81,BOTAŞ,,SAMSUN,Mustafa Dağıstanlı Spor Salonu,Youtube / TBF TV,ALPER ÖZGÖK,NAZLI ÇİSİL GÜNGÖR,UYGAR KURT,ERHAN ELBİR,ESRA BAYZAT,AHMET BARIŞ YAZICI,ÇAĞRI TEMUR,ZEYNEP EFSANUR KOYUN,Mustafa Dağıstanlı Spor Salonu
24.03.2021,14:00,1BA2546,26. Hafta,FENERBAHÇE ÖZNUR KABLO,92 - 62,HATAY BÜYÜKŞEHİR BELEDİYESPOR,,İSTANBUL,Fenerbahçe Metro Enerji Spor Salonu,TİVİBU Spor,MEHMET KESERATAR,MUSTAFA CANDEMİR TABAK,MÜNEVVER ÖZEMRE,RAHŞAN ŞEBNEM TÜMER,YEŞİM ÖZCAN ÖZTÜRK,EBRU ULUDOĞAN,FATMA GÖK,OSMAN OKUDAN,Fenerbahçe Metro Enerji Spor Salonu
24.03.2021,17:00,1BA2544,26. Hafta,NESİBE AYDIN,74 - 76,GALATASARAY,,ANKARA,TOBB ETÜ Spor Salonu,TİVİBU Spor,AYTUĞ EKTİ,MURAT CİNER,MESUT ÖZTÜRK,MUSTAFA KOCAEREN,SİMAY ÇAKMAK,SİNA KÜÇÜKDİLEK,ULVİYE DEMİRÖRS,SERDAR KARAGÜÇ,TOBB ETÜ Spor Salonu
27.03.2021,14:00,1BA2547,Playoff Çeyrek Final,FENERBAHÇE ÖZNUR KABLO,85 - 64,HATAY BÜYÜKŞEHİR BELEDİYESPOR,,İSTANBUL,Fenerbahçe Metro Enerji Spor Salonu,TİVİBU Spor,SEMİH VURAL,BENHÜR İRCEL,SEDEF YARICI,SAVAŞ BAYRAM ERTÜRK,BEGÜM SAVAŞ,SEDA İŞLER,TUĞBA DURNAOĞLU,BÜŞRA ERKAN,Fenerbahçe Metro Enerji Spor Salonu
27.03.2021,16:30,1BA2548,Playoff Çeyrek Final,OGM ORMANSPOR,68 - 71,ÇANKAYA ÜNİVERSİTESİ,,ANKARA,M. Sait Zarifoğlu Spor Salonu,TİVİBU Spor,ALPER ALTUĞ KÖSELERLİ,AYDIN KARAÇAM,SEDA ESEN,HALDUN KUNT,NİHAN ÜNSAL,FATİH ŞEN,FUNDA KONCA,TUNCER ULUŞEKER,M. Sait Zarifoğlu Spor Salonu
28.03.2021,14:00,1BA2549,Playoff Çeyrek Final,GALATASARAY,64 - 51,BOTAŞ,,İSTANBUL,Sinan Erdem Spor Salonu,TİVİBU Spor,CAN MAVİSU,İBRAHİM ALTINTAŞ,MÜNEVVER ÖZEMRE,ERKAN URASLI,TUĞÇE KAYA,YUSUF YELESDAĞ,BERK MERT,SELCAN TUĞÇE ALKAYA,Sinan Erdem Spor Salonu
28.03.2021,17:30,1BA2550,Playoff Çeyrek Final,NESİBE AYDIN,76 - 61,ÇBK MERSİN YENİŞEHİR BELEDİYESİ,,ANKARA,TOBB ETÜ Spor Salonu,TİVİBU Spor,OSMAN SİNAN İŞGÜDER,ÖNDER YILMAZ,HANDE ÖZTÜRK,DERYA ANTAŞ,SİMAY ÇAKMAK,FATİH ŞEN,MEHMET AKİF CUMHURLU,FATİH DEMİRCİ,TOBB ETÜ Spor Salonu
30.03.2021,13:30,1BA2551,Playoff Çeyrek Final,ÇANKAYA ÜNİVERSİTESİ,82 - 74,OGM ORMANSPOR,,ANKARA,Ankara Spor Salonu,TİVİBU Spor,AYTUĞ EKTİ,MURAT CİNER,BATUHAN SÖYLEMEZOĞLU,MEHMET KAŞİF BATTAL,NİHAN ÜNSAL,FATİH ŞEN,RESUL GEÇER,TUNCER ULUŞEKER,Ankara Spor Salonu
30.03.2021,16:00,1BA2552,Playoff Çeyrek Final,HATAY BÜYÜKŞEHİR BELEDİYESPOR,70 - 91,FENERBAHÇE ÖZNUR KABLO,,HATAY,Antakya Spor Salonu,TİVİBU Spor,MEHMET SERDAR ÜNAL,SAMİ ÖZEL,HALİL ERKOÇ,NAMIK KEMAL ERGÜVEN,DERYA CUM,GAMZE İNAL,ELİF BUKET DEMİR,MÜFİT ARSLAN,Antakya Spor Salonu
31.03.2021,14:00,1BA2553,Playoff Çeyrek Final,BOTAŞ,50 - 67,GALATASARAY,,ANKARA,Ankara Dsi Etlik Spor Salonu,TİVİBU Spor,DUHAN KÖYİÇİ,TURGUT IŞIK,BATUHAN KÜMÜKOĞLU,BURAK DEDE,SİMAY ÇAKMAK,SİNA KÜÇÜKDİLEK,SİBEL FAZLIOĞLU,FATMA ÇELİK,Ankara Dsi Etlik Spor Salonu
31.03.2021,16:30,1BA2554,Playoff Çeyrek Final,ÇBK MERSİN YENİŞEHİR BELEDİYESİ,53 - 79,NESİBE AYDIN,,MERSİN,Servet Tazegül Spor Salonu,TİVİBU Spor,MEHMET KESERATAR,TEKİN ÖZÜBİR,NAZLI ÇİSİL GÜNGÖR,MUHAMMED DİYAÜDDİN SAĞIR,RABİA YILDIZ ÖZTÜRK,LEVENT YORULMAZ,SABAHİTTİN KAZAN,ŞÜKRÜ SITKI,Servet Tazegül Spor Salonu
2.04.2021,16:00,1BA2555,Playoff Yarı Final,FENERBAHÇE ÖZNUR KABLO,86 - 61,ÇANKAYA ÜNİVERSİTESİ,,İSTANBUL,Fenerbahçe Metro Enerji Spor Salonu,TİVİBU Spor,SERHAT BÜKER,ORKUN YURTTAŞ,MÜNEVVER ÖZEMRE,HURŞİT CEM AKAN,GÜLTEKİN KABAŞ,EBRU ULUDOĞAN,EDA ELFİDAN,SEDA İŞLER,Fenerbahçe Metro Enerji Spor Salonu
4.04.2021,16:00,1BA2557,Playoff Yarı Final,FENERBAHÇE ÖZNUR KABLO,83 - 61,ÇANKAYA ÜNİVERSİTESİ,,İSTANBUL,Fenerbahçe Metro Enerji Spor Salonu,TİVİBU Spor,EMİN MOĞULKOÇ,İBRAHİM ALTINTAŞ,BENHÜR İRCEL,RAHŞAN ŞEBNEM TÜMER,BÜŞRA ERKAN,ALTAN CANDAN,ZEHRA AKAN,DEMET ULUCUTSOY,Fenerbahçe Metro Enerji Spor Salonu
7.04.2021,16:00,1BA2559,Playoff Yarı Final,ÇANKAYA ÜNİVERSİTESİ,46 - 60,FENERBAHÇE ÖZNUR KABLO,,ANKARA,Ankara Spor Salonu,TİVİBU Spor,ALİ ŞAKACI,TURGUT IŞIK,MESUT ÖZTÜRK,HALDUN KUNT,SİMAY ÇAKMAK,SİNA KÜÇÜKDİLEK,VEYSEL SİNAN TUNCER,RESUL GEÇER,Ankara Spor Salonu
23.04.2021,16:00,1BA2556,Playoff Yarı Final,GALATASARAY,68 - 71,NESİBE AYDIN,,İSTANBUL,Sinan Erdem Spor Salonu,TİVİBU Spor,SİNEM TETİK AKBAYRAK,TEKİN ÖZÜBİR,FATİH GÜLER,HURŞİT CEM AKAN,NEŞE KIRAN,CEYDA KAPKAÇ,HİLMİ CANKUT AYNAR,ŞERMİN NAZLIGÜL,Sinan Erdem Spor Salonu
25.04.2021,16:00,1BA2558,Playoff Yarı Final,GALATASARAY,70 - 68,NESİBE AYDIN,,İSTANBUL,Sinan Erdem Spor Salonu,TİVİBU Spor,AHMET TATLICI,TUNÇTAN DURMUŞCAN,HALİL ERKOÇ,RAHŞAN ŞEBNEM TÜMER,TUĞÇE KAYA,GÜL URASLI,ALPER LAÇİNKAYA,ESER FIRIL,Sinan Erdem Spor Salonu
28.04.2021,15:00,1BA2560,Playoff Yarı Final,NESİBE AYDIN,73 - 81,GALATASARAY,,ANKARA,TOBB ETÜ Spor Salonu,TİVİBU Spor,ERŞAN KARTAL,MURAT CİNER,OZAN GÖNEN,BURAK DEDE,FATMA ÇELİK,BİLAL UZGÖREN,SİBEL FAZLIOĞLU,TUNCER ULUŞEKER,TOBB ETÜ Spor Salonu
30.04.2021,15:00,1BA2561,Playoff Yarı Final,NESİBE AYDIN,68 - 58,GALATASARAY,,ANKARA,TOBB ETÜ Spor Salonu,TİVİBU Spor,EMİN MOĞULKOÇ,TURGUT IŞIK,YİĞİT GÖNÜLTAŞ,BURAK DEDE,NİHAN ÜNSAL,PELİN KUZU,SİBEL FAZLIOĞLU,SERDAR KARAGÜÇ,TOBB ETÜ Spor Salonu
3.05.2021,14:00,1BA2562,Playoff Yarı Final,GALATASARAY,70 - 58,NESİBE AYDIN,,İSTANBUL,Sinan Erdem Spor Salonu,TİVİBU Spor,MEHMET KESERATAR,ORKUN YURTTAŞ,SEYHAN TOPALOĞLU,HURŞİT CEM AKAN,TUĞÇE KAYA,GÜL URASLI,CEYDA KAPKAÇ,SEMRA AKDUMAN,Sinan Erdem Spor Salonu
6.05.2021,16:00,1BA2563,Playoff Final,FENERBAHÇE ÖZNUR KABLO,73 - 66,GALATASARAY,,İSTANBUL,Fenerbahçe Metro Enerji Spor Salonu,TİVİBU Spor,OSMAN SİNAN İŞGÜDER,ERHAN GÜRSEL,GÖKSUN ÖZ,RAHŞAN ŞEBNEM TÜMER,ZEHRA AKAN,ELİF ERGÜÇ,ESER FIRIL,SEDA İŞLER,Fenerbahçe Metro Enerji Spor Salonu
8.05.2021,16:00,1BA2564,Playoff Final,FENERBAHÇE ÖZNUR KABLO,70 - 57,GALATASARAY,,İSTANBUL,Fenerbahçe Metro Enerji Spor Salonu,TİVİBU Spor,FATİH ARSLANOĞLU,YÜCEL ÇİLİNGİR,KEREM YILMAZ,ERKAN URASLI,EBRU ULUDOĞAN,DEMET ULUCUTSOY,SEÇİL SILA KORALP,YEŞİM ÖZCAN ÖZTÜRK,Fenerbahçe Metro Enerji Spor Salonu
11.05.2021,15:00,1BA2565,Playoff Final,GALATASARAY,56 - 71,FENERBAHÇE ÖZNUR KABLO,,İSTANBUL,Sinan Erdem Spor Salonu,TİVİBU Spor,MEHMET KARABİLECEN,AYDIN KARAÇAM,TOLGA EDİS,EMİN FAZIL KESERATAR,CEYDA KAPKAÇ,SEMRA AKDUMAN,GÜL URASLI,HİLMİ CANKUT AYNAR,Sinan Erdem Spor Salonu
