{
  "league_acronym": "tb2l",
  "league_name": "Türkiye Basketbol 2. Ligi",
  "gender": "Erkek",
  "season": "2024-2025",
  "sponsor": "",
  "scraped_at": "2025-06-23T00:02:07.778017",
  "rows": 243,
  "columns": 20,
  "column_names": [
    "Tarih",
    "Saat",
    "Maç No",
    "Hafta",
    "A Takım",
    "Sonuç",
    "B Takım",
    "Grubu",
    "Şehir",
    "Salon",
    "TV",
    "Baş Hakem",
    "1. Yrd. Hakem",
    "2. Yrd. Hakem",
    "Temsilci",
    "1. Masa G.",
    "2. Masa G.",
    "3. Masa G.",
    "4. Masa G.",
    "Salon.1"
  ],
  "excel_file": "tb2l_Erkek_2024-2025.xlsx",
  "csv_file": "tb2l_Erkek_2024-2025.csv"
}