Tarih,Saat,Maç No,Hafta,A Takım,Sonuç,B Takım,Grubu,Şehir,Salon,TV,Baş Hakem,1. Yrd. Hakem,2. Yrd. Hakem,Temsilci,1. Masa G.,2. Masa G.,3. Masa G.,4. Masa G.,Salon.1
26.10.2018,15:30,3EA1199,01. Hafta,TENİS ESKRİM DAĞCILIK,75 - 55,BORNOVA BOSSAN,A,İSTANBUL,Caferağa Spor Salonu | ,,MUSTAFA TOPALOĞLU,NİYAZİ YASİN KAHRAMAN,OKAN BERK TUNÇEL,ADNAN KIVANÇ,BEGÜM SAVAŞ,EBRU ULUDOĞAN,ESER FIRIL,VEDAT SAVAŞ,Caferağa Spor Salonu
27.10.2018,16:00,3EA1201,01. Hafta,SAMSUN BŞB. ANAKENT,56 - 76,MERKEZEFENDİ BELEDİYESİ DENİZLİ BASKET,A,SAMSUN,Mustafa Dağıstanlı Spor Salonu | ,,ÇETİN ARTAN,HALUK YAKIN,BATUHAN SÖYLEMEZOĞLU,RAFET DEMİR,ZEYNEP TEKER KORKMAZ,UĞURCAN MEMİŞ,MERTCAN AKGÜL,KÜBRA YILDIZ,Mustafa Dağıstanlı Spor Salonu
27.10.2018,18:00,3EA1200,01. Hafta,EFE SPOR,65 - 80,BORNOVA BELEDİYESİ,A,AYDIN,Aydın Atatürk Spor Salonu | ,,BURAK YILMAZ,DOĞU BERK İNNAL,SERCAN SİNİRLİOĞLU,MEHMET AKİF KARAGÖZ,SÜLEYMAN DURMUŞ,MELTEM ARGUN,ŞERİF ÇAKIN,YONCA DEMİRBİLEK,Aydın Atatürk Spor Salonu
28.10.2018,15:00,3EA1202,01. Hafta,UPS SPOR,81 - 63,SÖGÜTSEN SERAMİK,A,İSTANBUL,Ahmet Cömert Spor Salonu | ,,MEHMET BURAK ANLATICI,FIRAT ATAR,MUSTAFA AKSOY,BURAK DEMİR,AYŞE SERVER SEZER,CEYDA KAPKAÇ,ALİ MALÇOK,BÜŞRA KIRIKCI,Ahmet Cömert Spor Salonu
28.10.2018,16:00,3EA1203,01. Hafta,HALİLİYE BELEDİYE,83 - 70,KOCAELİ BŞB. KAĞITSPOR,A,ŞANLIURFA,11 Nisan Spor Salonu | ,,AHMET BASRİ YILDIZ,KAMİL TALHA OLGUN,GÜRKAN DEMİR,ABDURRAHMAN ALTUN,TUĞÇE ÇİFÇİ,MEHMET KÜÇÜK,İBRAHİM HALİL ÖZGELİŞ,HÜSEYİN ÇİFTÇİ,11 Nisan Spor Salonu
9.11.2018,17:00,3EA1210,01. Hafta,HALK ENERJİ TED ANKARA KOLEJLİLER,73 - 63,NAZİLLİ BELEDİYE,B,ANKARA,TED Üniversitesi Prof. Dr. Rüştü Yüce S.S. | ,,FATİH EVLİ,FIRAT ATAR,ANIL HAMİT SAYAR,HALDUN KUNT,SEÇİL ÇAPKINOĞLU,VEYSEL SİNAN TUNCER,SİBEL FAZLIOĞLU,CESARİ EMRE YILDIRIM,TED Üniversitesi Prof. Dr. Rüştü Yüce S.S.
10.11.2018,14:00,3EA1216,01. Hafta,ROTA KOLEJİ,69 - 78,BOLU SPOR,B,İZMİR,Halkapınar Spor Salonu | ,,MEHMET BURAK ANLATICI,HALUK YAKIN,KAĞAN SÖNMEZ,MUSTAFA SAİT BATTALGAZİ,BURÇİN DURAN,ZEYNEP GÖRÜMLÜ,SEVERCAN GÜVEN,ERKAN TURAN,Halkapınar Spor Salonu
10.11.2018,16:00,3EA1215,01. Hafta,İTÜ,60 - 123,MAVİŞEHİR SPOR,B,İSTANBUL,Caferağa Spor Salonu | ,,BATUHAN MERT GÜL,OKAN BERK TUNÇEL,ALPER CAN BOZYEL,ADNAN KIVANÇ,DEMET ULUCUTSOY,GÖRKEM GÖRGÜLÜ,MUSTAFA GÖKMEN DEMİRAY,BURCU DEMİRAY,Caferağa Spor Salonu
10.11.2018,16:00,3EA1211,01. Hafta,KEPEZ BELEDİYE,58 - 72,ERZURUM BŞB GENÇLİK,B,ANTALYA,Kepez Turgut Özal Spor Salonu | ,,ÇETİN ARTAN,NİYAZİ YASİN KAHRAMAN,ALMİNA KOCABAŞ,METE BULUT,FATMA MAFACAN,MERYEM PEHLİVAN,ERKAN BÜDÜN,SEVCAN CELİL,Kepez Turgut Özal Spor Salonu
10.11.2018,17:00,3EA1218,01. Hafta,LOKMAN HEKİM FETHİYE BELEDİYE SPOR,77 - 73,BEYLİKDÜZÜ BASKET,B,MUĞLA,Fethiye Beşkaza Spor Salonu | ,,BURAK YILMAZ,SABRİ GÜNDÜZ,SİNAN ERTEKİN,EMRE BAŞA,GÜLCAN KARABULUT,NEVİN YAVAŞ ERTUĞRUL,DUYGU ÇİMEN,TUNCER FİKRİ ERTUĞRUL,Fethiye Beşkaza Spor Salonu
2.11.2018,18:00,3EA1204,02. Hafta,MERKEZEFENDİ BELEDİYESİ DENİZLİ BASKET,82 - 71,HALİLİYE BELEDİYE,A,DENİZLİ,Pamukkale Üniversitesi Spor Salonu | ,,GÖNENÇ ÇETİN,UĞUR AKYILDIZ,BERKAN YILMAZ,AHMET ÖZTÜRK,SEHER GEZER,MELEK ERYÜRÜK,BURAK MAY,ZEHRA NUR TÜRK,Pamukkale Üniversitesi Spor Salonu
3.11.2018,15:00,3EA1207,02. Hafta,BORNOVA BELEDİYESİ,80 - 68,GEMLİK BASKETBOL,A,İZMİR,Altındağ Atatürk Spor Kompleksi | ,,FATİH EVLİ,ALİ OSMAN KANIK,FURKAN KESERATAR,BURAK BABAOĞLU,TUĞBERK TOPLU,ÖMER DURSUN,KEMAL AYPARS,ERKAN TURAN,Altındağ Atatürk Spor Kompleksi
3.11.2018,16:00,3EA1208,02. Hafta,SÖGÜTSEN SERAMİK,76 - 82,TENİS ESKRİM DAĞCILIK,A,ANKARA,MEB Beşevler Spor Salonu | ,,BATUHAN MERT GÜL,BATUHAN KÜMÜKOĞLU,MELİKŞAH MERCAN,ADNAN YAKUT,GÖZDE ÖZBEK,İBRAHİM BULUT,FUNDA KONCA,TUĞÇE YILDIRIM,MEB Beşevler Spor Salonu
3.11.2018,17:00,3EA1206,02. Hafta,KOCAELİ BŞB. KAĞITSPOR,86 - 91,EFE SPOR,A,KOCAELİ,Kocaeli Atatürk Spor Salonu | ,,EMRAH ŞATIR,MUSTAFA BAŞTÜRK,BURAK PEHLİVAN,UĞUR AYDEMİR,HANDE DEMİRKOL,ALEV KÖROĞLU,OZAN GÜNDÜZ,SEVGİ CANDAZ,Kocaeli Atatürk Spor Salonu
3.11.2018,18:00,3EA1205,02. Hafta,BORNOVA BOSSAN,65 - 71,SAMSUN BŞB. ANAKENT,A,İZMİR,Altındağ Atatürk Spor Kompleksi | ,,ORÇUN AKGÜL,CAN YANAR,SABRİ GÜNDÜZ,İSMET GÜNEŞ,AYÇA ZEYBEK KUYUCU,CEREN BARAN,GÖZDE ONAN,DİLEK GEDİK HANGÜL,Altındağ Atatürk Spor Kompleksi
17.11.2018,13:00,3EA1221,02. Hafta,BOLU SPOR,91 - 66,KEPEZ BELEDİYE,B,BOLU,Karaçayır Spor Salonu | ,,CAN YANAR,MUSTAFA AKSOY,BERKİ PEKER,UĞUR ERHAN DEDEŞAH,AHSEL ÖZGÜ GÜREL,YASEMİN NUR GÜREL,BAHADIR YILDIZ,EREN KARABACAKOĞLU,Karaçayır Spor Salonu
17.11.2018,16:00,3EA1224,02. Hafta,ERZURUM BŞB GENÇLİK,72 - 58,LOKMAN HEKİM FETHİYE BELEDİYE SPOR,B,ERZURUM,Erzurum Kapalı Spor Salonu | ,,FURKAN KESERATAR,YUSUF SARPER DAĞLI,EMRE CAN ÇAKIR,YAŞAR ARIĞTEKİN,İLKNUR ÖZGÜNEY,DİDAR BUSE ÖZKORUCUKLU,ŞERMİN BOZOĞLU,FURKAN EMİR SEFA KAYA,Erzurum Kapalı Spor Salonu
17.11.2018,17:00,3EA1225,02. Hafta,MAVİŞEHİR SPOR,64 - 76,HALK ENERJİ TED ANKARA KOLEJLİLER,B,İZMİR,Zübeyde Hanım Spor Salonu | ,,SÜLEYMAN EREN PEKDOĞAN,ECE AKMAN,KEMAL AFŞİN,BURAK BABAOĞLU,DİLEK GEDİK HANGÜL,BURÇİN DURAN,KEMAL AYPARS,TUĞBERK TOPLU,Zübeyde Hanım Spor Salonu
18.11.2018,17:00,3EA1228,02. Hafta,NAZİLLİ BELEDİYE,78 - 75,ROTA KOLEJİ,B,AYDIN,Nazilli Spor Salonu | ,,GÖNENÇ ÇETİN,MESUT ÇINAR,MELİKŞAH MERCAN,TURAN CAN OCAKOĞLU,SÜLEYMAN DURMUŞ,SALİH ALTIN,LÜTFİYE ÖZDÖVENCİ,YONCA DEMİRBİLEK,Nazilli Spor Salonu
28.11.2018,18:00,3EA1223,02. Hafta,BEYLİKDÜZÜ BASKET,100 - 55,İTÜ,B,İSTANBUL,Beylikdüzü Spor Salonu | ,,FURKAN OZAN ÇÖVEN,KAMİL TALHA OLGUN,MEHMET BATIKAN TEKER,ENİS GÜREL,DERYA ÖZTÜRK,SEMRA AKDUMAN,YÜCEL FIRAT,MURAT ÖZKAN,Beylikdüzü Spor Salonu
9.11.2018,15:30,3EA1209,03. Hafta,TENİS ESKRİM DAĞCILIK,76 - 68,UPS SPOR,A,İSTANBUL,Caferağa Spor Salonu | ,,AHMET BASRİ YILDIZ,CAN YANAR,ABDURRAHMAN AYDOĞDU,ZEYNEP BALCI,AHMET ERKASAP,SEDA İŞLER,DEMET ULUCUTSOY,GÜLTEKİN KABAŞ,Caferağa Spor Salonu
10.11.2018,16:00,3EA1214,03. Hafta,SAMSUN BŞB. ANAKENT,90 - 65,SÖGÜTSEN SERAMİK,A,SAMSUN,Mustafa Dağıstanlı Spor Salonu | ,,GÖNENÇ ÇETİN,METİN EROL,HÜSEYİN DALMAN,CUMHUR ARSLAN,BERNA ÇOLAK,ZEYNEP TEKER KORKMAZ,UĞURCAN MEMİŞ,ESRA BAYZAT,Mustafa Dağıstanlı Spor Salonu
10.11.2018,17:00,3EA1213,03. Hafta,GEMLİK BASKETBOL,68 - 63,KOCAELİ BŞB. KAĞITSPOR,A,BURSA,Gemlik Spor Salonu | ,,FURKAN OZAN ÇÖVEN,ORÇUN AKGÜL,YUSUF SARPER DAĞLI,UĞUR AYDEMİR,ELİF MUTLU,ŞAFAK IRMAK SARAÇOĞLU,TAMER DENİZ,GAMZE BİÇER,Gemlik Spor Salonu
10.11.2018,18:00,3EA1212,03. Hafta,EFE SPOR,64 - 70,MERKEZEFENDİ BELEDİYESİ DENİZLİ BASKET,A,AYDIN,Aydın Atatürk Spor Salonu | ,,MUSTAFA TOPALOĞLU,MESUT ÇINAR,OKAN MUHAMMET ANLATICI,MURAT MISIRLI,MEHMET KARADENİZ,MUSTAFA NARGIZ,SEDEF PARLAK,TUTKU BAKI,Aydın Atatürk Spor Salonu
11.11.2018,16:00,3EA1217,03. Hafta,HALİLİYE BELEDİYE,76 - 88,BORNOVA BOSSAN,A,ŞANLIURFA,11 Nisan Spor Salonu | ,,BATUHAN KÜMÜKOĞLU,EYYÜP AYHAN,DOĞU BERK İNNAL,MURAT MERCAN,MEHMET KÜÇÜK,FETHİYE BAKİKOL,İBRAHİM HALİL ÖZGELİŞ,HÜSEYİN ÇİFTÇİ,11 Nisan Spor Salonu
23.11.2018,17:00,3EA1230,03. Hafta,HALK ENERJİ TED ANKARA KOLEJLİLER,98 - 86,ROTA KOLEJİ,B,ANKARA,TED Üniversitesi Prof. Dr. Rüştü Yüce S.S. | ,,GÜRKAN DEMİR,FURKAN KESERATAR,BERKİ PEKER,HASAN GÜNGÖR,ONUR YEŞİLBAĞ,SİBEL FAZLIOĞLU,TUNCER ULUŞEKER,SERDAR KARAGÜÇ,TED Üniversitesi Prof. Dr. Rüştü Yüce S.S.
24.11.2018,16:00,3EA1231,03. Hafta,KEPEZ BELEDİYE,76 - 64,NAZİLLİ BELEDİYE,B,ANTALYA,Kepez Turgut Özal Spor Salonu | ,,SÜLEYMAN EREN PEKDOĞAN,SERCAN SİNİRLİOĞLU,HÜSEYİN DALMAN,METE BULUT,TEVFİK SÖZER,BURHAN ÇİÇEK,ERKAN BÜDÜN,MERVE SEVİYE ASTARCIOĞLU,Kepez Turgut Özal Spor Salonu
24.11.2018,16:00,3EA1235,03. Hafta,İTÜ,58 - 137,ERZURUM BŞB GENÇLİK,B,İSTANBUL,Caferağa Spor Salonu | ,,SABRİ GÜNDÜZ,ABDURRAHMAN AYDOĞDU,EMRE CAN ÇAKIR,GENÇ OSMAN KOCAEREN,BEGÜM SAVAŞ,SERHAT LEVENT,GÖRKEM GÖRGÜLÜ,MUSTAFA BURAK SİNOPLUOĞLU,Caferağa Spor Salonu
24.11.2018,17:00,3EA1236,03. Hafta,MAVİŞEHİR SPOR,69 - 65,BEYLİKDÜZÜ BASKET,B,İZMİR,Zübeyde Hanım Spor Salonu | ,,FIRAT ATAR,ALİ OSMAN KANIK,OKAN BERK TUNÇEL,MURAT MISIRLI,BURÇİN DURAN,MERAL DURMAZ,İLAYDA DİNÇEL,DİLEK GEDİK HANGÜL,Zübeyde Hanım Spor Salonu
24.11.2018,17:00,3EA1238,03. Hafta,LOKMAN HEKİM FETHİYE BELEDİYE SPOR,73 - 71,BOLU SPOR,B,MUĞLA,Fethiye Beşkaza Spor Salonu | ,,HALUK YAKIN,ECE AKMAN,KEMAL AFŞİN,EMRE BAŞA,SEVGİ ÖZKAN,DUYGU ÇİMEN,ORHAN SELÇUK,FİGEN DEMİRCİ,Fethiye Beşkaza Spor Salonu
16.11.2018,18:00,3EA1219,04. Hafta,MERKEZEFENDİ BELEDİYESİ DENİZLİ BASKET,81 - 75,GEMLİK BASKETBOL,A,DENİZLİ,Pamukkale Üniversitesi Spor Salonu | ,,MEHMET BURAK ANLATICI,NİYAZİ YASİN KAHRAMAN,SERCAN SİNİRLİOĞLU,MEHMET DURU,AYŞE ERİŞ,MELEK ERYÜRÜK,MEHMET CAN MAY,SEHER GEZER,Pamukkale Üniversitesi Spor Salonu
17.11.2018,16:00,3EA1226,04. Hafta,SÖGÜTSEN SERAMİK,65 - 70,HALİLİYE BELEDİYE,A,ANKARA,MEB Beşevler Spor Salonu | ,,ORÇUN AKGÜL,GÜRKAN DEMİR,AHMET MALİK ŞAN,DERYA ANTAŞ,GÖZDE ÖZBEK,SERKAN ÇADIR,YUNUS KAHRAMAN,CESARİ EMRE YILDIRIM,MEB Beşevler Spor Salonu
17.11.2018,17:00,3EA1222,04. Hafta,KOCAELİ BŞB. KAĞITSPOR,76 - 79,BORNOVA BELEDİYESİ,A,KOCAELİ,Kocaeli Atatürk Spor Salonu | ,,BATUHAN KÜMÜKOĞLU,UĞUR AKYILDIZ,RABİHA TANK,ALPER ERİN,SEVGİ CANDAZ,MAHMUT CAYLAN,GAMZE KURT,BAŞAK KAÇAN,Kocaeli Atatürk Spor Salonu
17.11.2018,18:00,3EA1220,04. Hafta,BORNOVA BOSSAN,89 - 94,EFE SPOR,A,İZMİR,Altındağ Atatürk Spor Kompleksi | ,,FATİH EVLİ,FIRAT ATAR,METİN EROL,BÜLENT GÖKÇE,GÖZDE ONAN,HALİDE KAYA,GÜNAY ALPUĞUZ,MURAT GEDİK,Altındağ Atatürk Spor Kompleksi
18.11.2018,15:30,3EA1227,04. Hafta,UPS SPOR,56 - 87,SAMSUN BŞB. ANAKENT,A,İSTANBUL,Ahmet Cömert Spor Salonu | ,,BURAK YILMAZ,OKAN GÜNGÖR,BERKAN YILMAZ,EMRAH CAN TATLI,MURAT ÖZKAN,YÜKSEL NAZLIGÜL,ESİN MÜEZZİNOĞLU,TUTKU MELİS AYGÜN,Ahmet Cömert Spor Salonu
1.12.2018,13:00,3EA1242,04. Hafta,BOLU SPOR,126 - 66,İTÜ,B,BOLU,Karaçayır Spor Salonu | ,,EMRAH ŞATIR,EYYÜP AYHAN,ALMİNA KOCABAŞ,UĞUR ERHAN DEDEŞAH,YASEMİN NUR GÜREL,SEVİM AKTAŞ,BAHADIR YILDIZ,EREN KARABACAKOĞLU,Karaçayır Spor Salonu
1.12.2018,14:00,3EA1247,04. Hafta,ROTA KOLEJİ,51 - 64,KEPEZ BELEDİYE,B,İZMİR,Halkapınar Spor Salonu | ,,GÜRKAN DEMİR,BATUHAN SÖYLEMEZOĞLU,KEMAL AFŞİN,DİDEM SÜER,GÖZDE ONAN,ALİ DEVECİ,TUĞBERK TOPLU,ERKAN TURAN,Halkapınar Spor Salonu
1.12.2018,15:00,3EA1243,04. Hafta,BEYLİKDÜZÜ BASKET,64 - 84,HALK ENERJİ TED ANKARA KOLEJLİLER,B,İSTANBUL,Gazanfer Bilge | ,,BATUHAN KÜMÜKOĞLU,YUSUF SARPER DAĞLI,MUSTAFA BAŞTÜRK,ALİ RIZA YILMAZ,BEKİR SEVİMLİ,DİNÇER ADİLLER,SEMRA AKDUMAN,YÜCEL FIRAT,Gazanfer Bilge
1.12.2018,16:00,3EA1244,04. Hafta,ERZURUM BŞB GENÇLİK,80 - 66,MAVİŞEHİR SPOR,B,ERZURUM,Erzurum Kapalı Spor Salonu | ,,FATİH EVLİ,SERCAN SİNİRLİOĞLU,SİNAN ERTEKİN,ÖMER KAYMAZ,İLKNUR ÖZGÜNEY,DİDAR BUSE ÖZKORUCUKLU,ERAY BİRBEN,FATİH KÖSEOĞLU,Erzurum Kapalı Spor Salonu
2.12.2018,17:00,3EA1248,04. Hafta,NAZİLLİ BELEDİYE,60 - 78,LOKMAN HEKİM FETHİYE BELEDİYE SPOR,B,AYDIN,Nazilli Spor Salonu | ,,MUSTAFA TOPALOĞLU,BERKAN YILMAZ,ANIL HAMİT SAYAR,EMRE BAŞA,ŞERİF ÇAKIN,SEDEF PARLAK,SÜLEYMAN DURMUŞ,TUTKU BAKI,Nazilli Spor Salonu
24.11.2018,15:00,3EA1229,05. Hafta,BORNOVA BELEDİYESİ,51 - 72,MERKEZEFENDİ BELEDİYESİ DENİZLİ BASKET,A,İZMİR,Altındağ Atatürk Spor Kompleksi | ,,FURKAN OZAN ÇÖVEN,BATUHAN MERT GÜL,DOĞU BERK İNNAL,İSMAİL ATLAYAN,GÖZDE ONAN,ÖMER DURSUN,GÜNAY ALPUĞUZ,TUĞBERK TOPLU,Altındağ Atatürk Spor Kompleksi
24.11.2018,16:00,3EA1234,05. Hafta,SAMSUN BŞB. ANAKENT,76 - 72,TENİS ESKRİM DAĞCILIK,A,SAMSUN,Mustafa Dağıstanlı Spor Salonu | ,,MEHMET BURAK ANLATICI,MUSTAFA AKSOY,MEHMET BATIKAN TEKER,MEHMET SERDAR ÇÖZELİ,ESRA BAYZAT,ZEYNEP TEKER KORKMAZ,MERVE SERDAR,BİLGE SANCAR,Mustafa Dağıstanlı Spor Salonu
24.11.2018,17:00,3EA1233,05. Hafta,GEMLİK BASKETBOL,60 - 58,BORNOVA BOSSAN,A,BURSA,Gemlik Spor Salonu | ,,ÇETİN ARTAN,KAMİL TALHA OLGUN,ANIL HAMİT SAYAR,GÜNAY YAYLI,ÇİGDEM AKYILDIZ,TEOMAN ÖYLEK,TAMER DENİZ,EMEL ÖZTÜRK,Gemlik Spor Salonu
24.11.2018,18:00,3EA1232,05. Hafta,EFE SPOR,79 - 68,SÖGÜTSEN SERAMİK,A,AYDIN,Aydın Atatürk Spor Salonu | ,,AHMET BASRİ YILDIZ,UĞUR AKYILDIZ,SİNAN ERTEKİN,ZAFER ENÜŞTÜLÜ,MUSTAFA NARGIZ,MEHMET METE ZERMAN,GÖKHAN KILIÇ,LÜTFİYE ÖZDÖVENCİ,Aydın Atatürk Spor Salonu
25.11.2018,16:00,3EA1237,05. Hafta,HALİLİYE BELEDİYE,87 - 69,UPS SPOR,A,ŞANLIURFA,11 Nisan Spor Salonu | ,,MESUT ÇINAR,METİN EROL,GÖRKEM SÜZEN,BESTAMİ GÜL,FETHİYE BAKİKOL,MEHMET KÜÇÜK,İBRAHİM HALİL ÖZGELİŞ,EYYÜP BAKİKOL,11 Nisan Spor Salonu
7.12.2018,17:00,3EA1252,05. Hafta,HALK ENERJİ TED ANKARA KOLEJLİLER,92 - 51,KEPEZ BELEDİYE,B,ANKARA,TED Üniversitesi Prof. Dr. Rüştü Yüce S.S. | ,,MEHMET BURAK ANLATICI,EYYÜP AYHAN,MEHMET BATIKAN TEKER,BÜLENT TANESEN,HAKAN ÜNAL,SERKAN ÇADIR,CESARİ EMRE YILDIRIM,VOLKAN PEHLİVANLI,TED Üniversitesi Prof. Dr. Rüştü Yüce S.S.
8.12.2018,15:00,3EA1250,05. Hafta,BEYLİKDÜZÜ BASKET,60 - 63,ERZURUM BŞB GENÇLİK,B,İSTANBUL,Beylikdüzü Spor Salonu | ,,MUSTAFA TOPALOĞLU,BATUHAN MERT GÜL,GÖRKEM SÜZEN,YAŞAR TERZİOĞLU,BÜŞRA KIRIKCI,YÜCEL FIRAT,ALPKAN HACIYAKUPOĞLU,YEŞİM AKAN,Beylikdüzü Spor Salonu
8.12.2018,16:00,3EA1255,05. Hafta,İTÜ,74 - 109,NAZİLLİ BELEDİYE,B,İSTANBUL,Caferağa Spor Salonu | ,,METİN EROL,KAĞAN SÖNMEZ,AHMET MALİK ŞAN,NEJAT YENİATAKAN,YEŞİM ÖZCAN ÖZTÜRK,PERİHAN GİZEM ÜNSAL,ECE DİKMENLİ,GÖRKEM GÖRGÜLÜ,Caferağa Spor Salonu
8.12.2018,17:00,3EA1256,05. Hafta,MAVİŞEHİR SPOR,57 - 70,BOLU SPOR,B,İZMİR,Zübeyde Hanım Spor Salonu | ,,ÇETİN ARTAN,UĞUR AKYILDIZ,ALPER CAN BOZYEL,İSMET GÜNEŞ,EBRU DIVRAK,FATMA DÖNMEZ,DİLEK GEDİK HANGÜL,MURAT GEDİK,Zübeyde Hanım Spor Salonu
8.12.2018,17:00,3EA1258,05. Hafta,LOKMAN HEKİM FETHİYE BELEDİYE SPOR,66 - 54,ROTA KOLEJİ,B,MUĞLA,Fethiye Beşkaza Spor Salonu | ,,FIRAT ATAR,OKAN GÜNGÖR,ALMİNA KOCABAŞ,MEHMET DURU,DİLEK SAZAK,NEVİN YAVAŞ ERTUĞRUL,HÜSEYİN CENGİZ,MİNE ALPASLAN,Fethiye Beşkaza Spor Salonu
30.11.2018,15:30,3EA1239,06. Hafta,TENİS ESKRİM DAĞCILIK,69 - 64,HALİLİYE BELEDİYE,A,İSTANBUL,Caferağa Spor Salonu | ,,CAN YANAR,DOĞU BERK İNNAL,OKAN MUHAMMET ANLATICI,BURAK DEMİR,ALTAN CANDAN,ESER FIRIL,MUSTAFA GÖKMEN DEMİRAY,AHMET ERKASAP,Caferağa Spor Salonu
30.11.2018,18:00,3EA1240,06. Hafta,MERKEZEFENDİ BELEDİYESİ DENİZLİ BASKET,73 - 53,KOCAELİ BŞB. KAĞITSPOR,A,DENİZLİ,Pamukkale Üniversitesi Spor Salonu | ,,SÜLEYMAN EREN PEKDOĞAN,GÖRKEM SÜZEN,KAĞAN SÖNMEZ,MUSTAFA BİÇER,BURAK MAY,MELEK ERYÜRÜK,RAMAZAN ERİŞ,ZEHRA NUR TÜRK,Pamukkale Üniversitesi Spor Salonu
1.12.2018,16:00,3EA1246,06. Hafta,SÖGÜTSEN SERAMİK,65 - 72,GEMLİK BASKETBOL,A,ANKARA,MEB Beşevler Spor Salonu | ,,BURAK YILMAZ,ALİ OSMAN KANIK,MELİKŞAH MERCAN,BAHA KAÇIN,MEHTAP ADIGÜZEL,FUNDA KONCA,MEHMET AKİF CUMHURLU,PELİN KUZU,MEB Beşevler Spor Salonu
1.12.2018,18:00,3EA1241,06. Hafta,BORNOVA BOSSAN,56 - 88,BORNOVA BELEDİYESİ,A,İZMİR,Altındağ Atatürk Spor Kompleksi | ,,NİYAZİ YASİN KAHRAMAN,BURAK PEHLİVAN,ALPER CAN BOZYEL,BURAK BABAOĞLU,BURÇİN DURAN,ÖMER DURSUN,KEMAL AYPARS,MEHMET AYDIN,Altındağ Atatürk Spor Kompleksi
2.12.2018,15:30,3EA1245,06. Hafta,UPS SPOR,58 - 86,EFE SPOR,A,İSTANBUL,Ahmet Cömert Spor Salonu | ,,GÖNENÇ ÇETİN,EMRE CAN ÇAKIR,ABDURRAHMAN AYDOĞDU,HÜSEYİN OSMAN BÜYÜKGÖKSU,BÜŞRA KIRIKCI,ESİN MÜEZZİNOĞLU,NİLAY YILMAZ,YEŞİM AKAN,Ahmet Cömert Spor Salonu
15.12.2018,13:00,3EA1261,06. Hafta,BOLU SPOR,76 - 67,BEYLİKDÜZÜ BASKET,B,BOLU,Karaçayır Spor Salonu | ,,GÖNENÇ ÇETİN,ALİ OSMAN KANIK,BATUHAN SÖYLEMEZOĞLU,MUSTAFA KOCAEREN,AHSEL ÖZGÜ GÜREL,SEVİM AKTAŞ,BAHADIR YILDIZ,EREN KARABACAKOĞLU,Karaçayır Spor Salonu
15.12.2018,14:00,3EA1267,06. Hafta,ROTA KOLEJİ,84 - 72,İTÜ,B,İZMİR,Halkapınar Spor Salonu | ,,DOĞU BERK İNNAL,SİNAN ERTEKİN,RABİHA TANK,AHMET ÖZTÜRK,HALİDE KAYA,ALİ DEVECİ,GÜLTEKİN DAĞDEVİREN,ERKAN TURAN,Halkapınar Spor Salonu
15.12.2018,16:00,3EA1262,06. Hafta,KEPEZ BELEDİYE,46 - 82,LOKMAN HEKİM FETHİYE BELEDİYE SPOR,B,ANTALYA,Kepez Turgut Özal Spor Salonu | ,,FATİH EVLİ,YUSUF SARPER DAĞLI,OKAN BERK TUNÇEL,METE BULUT,BURHAN ÇİÇEK,SEVCAN CELİL,ERKAN BÜDÜN,PELİN TOPCU,Kepez Turgut Özal Spor Salonu
15.12.2018,16:00,3EA1263,06. Hafta,ERZURUM BŞB GENÇLİK,81 - 83,HALK ENERJİ TED ANKARA KOLEJLİLER,B,ERZURUM,Erzurum Kapalı Spor Salonu | ,,ÇETİN ARTAN,BURAK YILMAZ,NİYAZİ YASİN KAHRAMAN,METİN GÜRBÜZ,İLKNUR ÖZGÜNEY,FURKAN EMİR SEFA KAYA,ŞERMİN BOZOĞLU,ERAY BİRBEN,Erzurum Kapalı Spor Salonu
16.12.2018,17:00,3EA1268,06. Hafta,NAZİLLİ BELEDİYE,86 - 74,MAVİŞEHİR SPOR,B,AYDIN,Nazilli Spor Salonu | ,,BATUHAN KÜMÜKOĞLU,BURAK PEHLİVAN,AHMET MALİK ŞAN,MEHMET KANER,MEHMET KARADENİZ,RABİA TOPRAK,ŞERİF ÇAKIN,CEREN SAĞEL,Nazilli Spor Salonu
8.12.2018,15:00,3EA1251,07. Hafta,BORNOVA BELEDİYESİ,96 - 65,SÖGÜTSEN SERAMİK,A,İZMİR,Altındağ Atatürk Spor Kompleksi | ,,MESUT ÇINAR,ECE AKMAN,OKAN MUHAMMET ANLATICI,İLKE ORTAÇ ALATAN,GÖZDE ONAN,BERRİN TURAN,GÜNAY ALPUĞUZ,ERKAN TURAN,Altındağ Atatürk Spor Kompleksi
8.12.2018,17:00,3EA1249,07. Hafta,KOCAELİ BŞB. KAĞITSPOR,67 - 61,BORNOVA BOSSAN,A,KOCAELİ,Kocaeli Atatürk Spor Salonu | ,,AHMET BASRİ YILDIZ,FURKAN KESERATAR,BERKİ PEKER,ALPER ERİN,SEVGİ CANDAZ,ALEV KÖROĞLU,GAMZE KURT,BAYRAM TARIK TAŞKIN,Kocaeli Atatürk Spor Salonu
8.12.2018,17:00,3EA1254,07. Hafta,GEMLİK BASKETBOL,71 - 53,UPS SPOR,A,BURSA,Gemlik Spor Salonu | ,,FURKAN OZAN ÇÖVEN,MUSTAFA AKSOY,HÜSEYİN DALMAN,MACİT ZEREN,GAMZE BİÇER,CEREN YAVUZ,BERNA EKBİÇ,FATİH DURGUT,Gemlik Spor Salonu
8.12.2018,18:00,3EA1253,07. Hafta,EFE SPOR,83 - 92,TENİS ESKRİM DAĞCILIK,A,AYDIN,Aydın Atatürk Spor Salonu | ,,ORÇUN AKGÜL,BATUHAN SÖYLEMEZOĞLU,MUSTAFA BAŞTÜRK,OKAN KAHRAMAN,MEHMET KARADENİZ,TUĞBA MUT,SÜLEYMAN DURMUŞ,NECİP DERELİ,Aydın Atatürk Spor Salonu
9.12.2018,16:00,3EA1257,07. Hafta,HALİLİYE BELEDİYE,70 - 76,SAMSUN BŞB. ANAKENT,A,ŞANLIURFA,11 Nisan Spor Salonu | ,,EMRAH ŞATIR,HALUK YAKIN,BURAK PEHLİVAN,ABDURRAHMAN ALTUN,TUĞÇE ÇİFÇİ,MEHMET KÜÇÜK,İBRAHİM HALİL ÖZGELİŞ,HÜSEYİN ÇİFTÇİ,11 Nisan Spor Salonu
21.12.2018,17:00,3EA1274,07. Hafta,HALK ENERJİ TED ANKARA KOLEJLİLER,75 - 66,LOKMAN HEKİM FETHİYE BELEDİYE SPOR,B,ANKARA,TED Üniversitesi Prof. Dr. Rüştü Yüce S.S. | ,,MUSTAFA TOPALOĞLU,GÖNENÇ ÇETİN,ABDURRAHMAN AYDOĞDU,ABDULKADİR BIYIKLI,SELDA UZUN,İBRAHİM BULUT,VEYSEL SİNAN TUNCER,SERDAR KARAGÜÇ,TED Üniversitesi Prof. Dr. Rüştü Yüce S.S.
22.12.2018,15:00,3EA1271,07. Hafta,BEYLİKDÜZÜ BASKET,67 - 69,NAZİLLİ BELEDİYE,B,İSTANBUL,Beylikdüzü Spor Salonu | ,,SABRİ GÜNDÜZ,METİN EROL,MEHMET BATIKAN TEKER,BURHAN ERTETİK,TUTKU MELİS AYGÜN,SEMRA AKDUMAN,NAZLI TUZCUOĞLU,GÜLTEKİN KABAŞ,Beylikdüzü Spor Salonu
22.12.2018,16:00,3EA1277,07. Hafta,İTÜ,79 - 94,KEPEZ BELEDİYE,B,İSTANBUL,Caferağa Spor Salonu | ,,GÜRKAN DEMİR,ANIL HAMİT SAYAR,HÜSEYİN DALMAN,ADNAN KIVANÇ,BÜŞRA ERKAN,SERHAT LEVENT,EDA ELFİDAN,VEDAT SAVAŞ,Caferağa Spor Salonu
22.12.2018,16:00,3EA1273,07. Hafta,ERZURUM BŞB GENÇLİK,80 - 74,BOLU SPOR,B,ERZURUM,Erzurum Kapalı Spor Salonu | ,,MEHMET BURAK ANLATICI,RAMAZAN SEZER BARAN,MUSTAFA AKSOY,YAŞAR ARIĞTEKİN,DİDAR BUSE ÖZKORUCUKLU,FURKAN EMİR SEFA KAYA,ŞERMİN BOZOĞLU,ERAY BİRBEN,Erzurum Kapalı Spor Salonu
22.12.2018,17:00,3EA1278,07. Hafta,MAVİŞEHİR SPOR,68 - 48,ROTA KOLEJİ,B,İZMİR,Zübeyde Hanım Spor Salonu | ,,HALUK YAKIN,ECE AKMAN,BERKİ PEKER,İSMET GÜNEŞ,DİLEK GEDİK HANGÜL,GÜNAY ALPUĞUZ,BURÇİN DURAN,MEHMET AYDIN,Zübeyde Hanım Spor Salonu
14.12.2018,15:30,3EA1259,08. Hafta,TENİS ESKRİM DAĞCILIK,79 - 72,GEMLİK BASKETBOL,A,İSTANBUL,Caferağa Spor Salonu | ,,AHMET BASRİ YILDIZ,ORÇUN AKGÜL,BERKAN YILMAZ,MEHMET İSMET BAYRİ,ELA ZÜLEYHA ÖZER,EBRU ULUDOĞAN,MUSTAFA GÖKMEN DEMİRAY,GÜLTEKİN KABAŞ,Caferağa Spor Salonu
15.12.2018,16:00,3EA1264,08. Hafta,SAMSUN BŞB. ANAKENT,86 - 67,EFE SPOR,A,SAMSUN,Mustafa Dağıstanlı Spor Salonu | ,,CAN YANAR,SÜLEYMAN EREN PEKDOĞAN,BATUHAN MERT GÜL,NAZLI AYYILDIZ TURAN,ZEYNEP TEKER KORKMAZ,UMUT BERK ARSLAN,TAYFUN KARAKUM,ESRA BAYZAT,Mustafa Dağıstanlı Spor Salonu
15.12.2018,16:00,3EA1266,08. Hafta,SÖGÜTSEN SERAMİK,84 - 92,KOCAELİ BŞB. KAĞITSPOR,A,ANKARA,MEB Beşevler Spor Salonu | ,,EMRAH ŞATIR,OKAN GÜNGÖR,KEMAL AFŞİN,BAHA KAÇIN,YUNUS KAHRAMAN,BİLAL UZGÖREN,SİNA KÜÇÜKDİLEK,MEHMET AKİF CUMHURLU,MEB Beşevler Spor Salonu
15.12.2018,18:00,3EA1260,08. Hafta,BORNOVA BOSSAN,61 - 81,MERKEZEFENDİ BELEDİYESİ DENİZLİ BASKET,A,İZMİR,Altındağ Atatürk Spor Kompleksi | ,,SABRİ GÜNDÜZ,SERCAN SİNİRLİOĞLU,EMRE CAN ÇAKIR,OKAN KAHRAMAN,MURAT GEDİK,İRFAN TEMELLİ,BURÇİN DURAN,SÜLEYMAN YALÇIN TORUNOĞLU,Altındağ Atatürk Spor Kompleksi
16.12.2018,15:30,3EA1265,08. Hafta,UPS SPOR,56 - 98,BORNOVA BELEDİYESİ,A,İSTANBUL,Ahmet Cömert Spor Salonu | ,,GÜRKAN DEMİR,MELİKŞAH MERCAN,KAMİL TALHA OLGUN,BURAK DEMİR,MERVE SAĞLAM,YÜKSEL NAZLIGÜL,ŞAZİYE SİMSAR YAKIN,YEŞİM AKAN,Ahmet Cömert Spor Salonu
29.12.2018,13:00,3EA1280,08. Hafta,BOLU SPOR,65 - 66,HALK ENERJİ TED ANKARA KOLEJLİLER,B,BOLU,Karaçayır Spor Salonu | ,,AHMET BASRİ YILDIZ,AHMET KÖSE,SAMET BİNER,UĞUR ERHAN DEDEŞAH,AHSEL ÖZGÜ GÜREL,SEVİM AKTAŞ,BAHADIR YILDIZ,EREN KARABACAKOĞLU,Karaçayır Spor Salonu
29.12.2018,14:00,3EA1285,08. Hafta,ROTA KOLEJİ,64 - 78,BEYLİKDÜZÜ BASKET,B,İZMİR,Halkapınar Spor Salonu | ,,MEHMET BURAK ANLATICI,CAN ÜTKÜR,EMRE CAN ÇAKIR,MEHMET AKİF KARAGÖZ,HALİDE KAYA,ALİ DEVECİ,ELİF KALENDER,MURAT GEDİK,Halkapınar Spor Salonu
29.12.2018,16:00,3EA1281,08. Hafta,KEPEZ BELEDİYE,51 - 45,MAVİŞEHİR SPOR,B,ANTALYA,Kepez Turgut Özal Spor Salonu | ,,EMRAH ŞATIR,FURKAN OZAN ÇÖVEN,KAMİL TALHA OLGUN,ÖZGÜR NALBANT,FATMA MAFACAN,ERKAN BÜDÜN,NASUH ÜZER,SEZEN AKSU,Kepez Turgut Özal Spor Salonu
29.12.2018,17:00,3EA1286,08. Hafta,NAZİLLİ BELEDİYE,73 - 67,ERZURUM BŞB GENÇLİK,B,AYDIN,Nazilli Spor Salonu | ,,ÖMER SARI,BATUHAN MERT GÜL,UMUT MEMİŞ,MUSTAFA BİÇER,MELTEM ARGUN,ŞERİF ÇAKIN,MURAT AKTEPE,CEREN SAĞEL,Nazilli Spor Salonu
29.12.2018,17:00,3EA1288,08. Hafta,LOKMAN HEKİM FETHİYE BELEDİYE SPOR,123 - 53,İTÜ,B,MUĞLA,Fethiye Beşkaza Spor Salonu | ,,MUSTAFA BAŞTÜRK,MELİKŞAH MERCAN,ALİ BARAN TECİRLİ,MEHMET DURU,SEVGİ ÖZKAN,NEVİN YAVAŞ ERTUĞRUL,ORHAN SELÇUK,HÜSEYİN CENGİZ,Fethiye Beşkaza Spor Salonu
21.12.2018,18:00,3EA1269,09. Hafta,MERKEZEFENDİ BELEDİYESİ DENİZLİ BASKET,102 - 63,SÖGÜTSEN SERAMİK,A,DENİZLİ,Pamukkale Üniversitesi Spor Salonu | ,,SERCAN SİNİRLİOĞLU,AHMET MALİK ŞAN,RABİHA TANK,MERT ELMA,AYŞE ERİŞ,MELEK ERYÜRÜK,ZEHRA NUR TÜRK,SEHER GEZER,Pamukkale Üniversitesi Spor Salonu
21.12.2018,18:00,3EA1270,09. Hafta,KOCAELİ BŞB. KAĞITSPOR,60 - 77,UPS SPOR,A,KOCAELİ,Kocaeli Atatürk Spor Salonu | ,,FIRAT ATAR,GÖRKEM SÜZEN,KAĞAN SÖNMEZ,SELMA YILMAZ SARIOĞLU,HANDE DEMİRKOL,ALEV KÖROĞLU,GAMZE KURT,SEDA KARA,Kocaeli Atatürk Spor Salonu
22.12.2018,15:00,3EA1272,09. Hafta,BORNOVA BELEDİYESİ,78 - 40,TENİS ESKRİM DAĞCILIK,A,İZMİR,Altındağ Atatürk Spor Kompleksi | ,,FURKAN OZAN ÇÖVEN,BURAK YILMAZ,ALMİNA KOCABAŞ,İSMAİL ATLAYAN,GÖZDE ONAN,BERRİN TURAN,ZEYNEP GÖRÜMLÜ,KEMAL AYPARS,Altındağ Atatürk Spor Kompleksi
22.12.2018,17:00,3EA1275,09. Hafta,EFE SPOR,68 - 75,HALİLİYE BELEDİYE,A,AYDIN,Aydın Atatürk Spor Salonu | ,,NİYAZİ YASİN KAHRAMAN,FURKAN KESERATAR,ALPER CAN BOZYEL,TURAN CAN OCAKOĞLU,LÜTFİYE ÖZDÖVENCİ,SÜLEYMAN DURMUŞ,TUTKU BAKI,SEDEF PARLAK,Aydın Atatürk Spor Salonu
22.12.2018,17:00,3EA1276,09. Hafta,GEMLİK BASKETBOL,66 - 67,SAMSUN BŞB. ANAKENT,A,BURSA,Gemlik Spor Salonu | ,,ORÇUN AKGÜL,OKAN GÜNGÖR,UĞUR AKYILDIZ,ALPER ERİN,SİNEM DUR,NİDA ECE TÜZÜK,TEOMAN ÖYLEK,TAMER DENİZ,Gemlik Spor Salonu
4.01.2019,17:00,3EA1296,09. Hafta,HALK ENERJİ TED ANKARA KOLEJLİLER,134 - 59,İTÜ,B,ANKARA,TED Üniversitesi Prof. Dr. Rüştü Yüce S.S. | ,,MUSTAFA AKSOY,EREN KILINÇ,UMUT MEMİŞ,HALDUN KUNT,SELDA UZUN,NİHAN ÜNSAL,VOLKAN PEHLİVANLI,ARZU ÖKSÜZ,TED Üniversitesi Prof. Dr. Rüştü Yüce S.S.
5.01.2019,13:00,3EA1292,09. Hafta,BOLU SPOR,91 - 64,NAZİLLİ BELEDİYE,B,BOLU,Karaçayır Spor Salonu | ,,METİN AKSOYAK,SERCAN SİNİRLİOĞLU,FURKAN KESERATAR,ÖNDER ŞENEL,AHSEL ÖZGÜ GÜREL,SEVİM AKTAŞ,BAHADIR YILDIZ,EREN KARABACAKOĞLU,Karaçayır Spor Salonu
5.01.2019,15:00,3EA1293,09. Hafta,BEYLİKDÜZÜ BASKET,86 - 67,KEPEZ BELEDİYE,B,İSTANBUL,Beylikdüzü Spor Salonu | ,,AHMET BASRİ YILDIZ,RAMAZAN SEZER BARAN,ABDURRAHMAN AYDOĞDU,ÖMER KESKİN,TUTKU MELİS AYGÜN,SEMRA AKDUMAN,OSMAN AŞIK,YÜCEL FIRAT,Beylikdüzü Spor Salonu
5.01.2019,16:00,3EA1295,09. Hafta,ERZURUM BŞB GENÇLİK,94 - 90,ROTA KOLEJİ,B,ERZURUM,Erzurum Kapalı Spor Salonu | ,,SAMET BİNER,MEHMET BATIKAN TEKER,GÖRKEM SÜZEN,SEMAHATTİN YILDIZ,EMİNE NUR TÜRK,DİDAR BUSE ÖZKORUCUKLU,ŞERMİN BOZOĞLU,ERAY BİRBEN,Erzurum Kapalı Spor Salonu
5.01.2019,17:00,3EA1298,09. Hafta,MAVİŞEHİR SPOR,70 - 59,LOKMAN HEKİM FETHİYE BELEDİYE SPOR,B,İZMİR,Zübeyde Hanım Spor Salonu | ,,ÇETİN ARTAN,MESUT ÇINAR,BERKİ PEKER,BURAK BABAOĞLU,SİBEL DÖŞEMECİ,FATMA DÖNMEZ,DİLEK GEDİK HANGÜL,MEHMET AYDIN,Zübeyde Hanım Spor Salonu
28.12.2018,15:30,3EA1279,10. Hafta,TENİS ESKRİM DAĞCILIK,78 - 55,KOCAELİ BŞB. KAĞITSPOR,A,İSTANBUL,Caferağa Spor Salonu | ,,METİN AKSOYAK,MESUT ÇINAR,SİNAN ERTEKİN,AHMET MÜNİR GÖKMEN,AHMET ERKASAP,SEDA İŞLER,ESER FIRIL,VEDAT SAVAŞ,Caferağa Spor Salonu
29.12.2018,16:00,3EA1282,10. Hafta,SAMSUN BŞB. ANAKENT,67 - 64,BORNOVA BELEDİYESİ,A,SAMSUN,Mustafa Dağıstanlı Spor Salonu | ,,ÇETİN ARTAN,AHMET TUNCA EVCİL,SERCAN SİNİRLİOĞLU,UMUT GÜVEN,BERNA ÇOLAK,MERVE SERDAR,UĞUR YÜKSEL,KÜBRA YILDIZ,Mustafa Dağıstanlı Spor Salonu
29.12.2018,16:00,3EA1283,10. Hafta,SÖGÜTSEN SERAMİK,83 - 58,BORNOVA BOSSAN,A,ANKARA,MEB Beşevler Spor Salonu | ,,FATİH EVLİ,NİYAZİ YASİN KAHRAMAN,CİHAN CEYLAN,RAFET DEMİR,ŞERİFE KÜBRA ÇELİK,BİLAL UZGÖREN,FATİH ŞEN,İSMAİL FULSER,MEB Beşevler Spor Salonu
30.12.2018,14:00,3EA1287,10. Hafta,HALİLİYE BELEDİYE,62 - 54,GEMLİK BASKETBOL,A,ŞANLIURFA,11 Nisan Spor Salonu | ,,CAN YANAR,BATUHAN KÜMÜKOĞLU,FIRAT ATAR,ABDURRAHMAN ALTUN,TUĞÇE ÇİFÇİ,PEREN NUR SEVAL,İBRAHİM HALİL ÖZGELİŞ,AYFER ÖZKİRİŞÇİ,11 Nisan Spor Salonu
30.12.2018,15:30,3EA1284,10. Hafta,UPS SPOR,67 - 92,MERKEZEFENDİ BELEDİYESİ DENİZLİ BASKET,A,İSTANBUL,Ahmet Cömert Spor Salonu | ,,MUSTAFA TOPALOĞLU,BURAK YILMAZ,ALPER CAN BOZYEL,EMRAH CAN TATLI,GÜLCAN TANKURT,ESİN MÜEZZİNOĞLU,MELDA ÇAKIRCA,SAMET AKYÜREK,Ahmet Cömert Spor Salonu
26.01.2019,13:00,3EA1312,10. Hafta,BOLU SPOR,80 - 71,ROTA KOLEJİ,B,BOLU,Karaçayır Spor Salonu | ,,AHMET TUNCA EVCİL,BURAK YILMAZ,SERCAN SİNİRLİOĞLU,ERDEM DEMİRSOY,AHSEL ÖZGÜ GÜREL,SEVİM AKTAŞ,BAHADIR YILDIZ,YASEMİN NUR GÜREL,Karaçayır Spor Salonu
26.01.2019,15:00,3EA1313,10. Hafta,BEYLİKDÜZÜ BASKET,46 - 67,LOKMAN HEKİM FETHİYE BELEDİYE SPOR,B,İSTANBUL,Beylikdüzü Spor Salonu | ,,FURKAN OZAN ÇÖVEN,MUSTAFA AKSOY,ALPER CAN BOZYEL,MELİH ERGENE,TUĞÇE KAYA,YUSUF YELESDAĞ,ŞERMİN NAZLIGÜL,AYGÜN SEVGİL,Beylikdüzü Spor Salonu
26.01.2019,16:00,3EA1314,10. Hafta,ERZURUM BŞB GENÇLİK,123 - 62,KEPEZ BELEDİYE,B,ERZURUM,Erzurum Kapalı Spor Salonu | ,,FIRAT ATAR,AHMET BİLAL ÖZTÜRK,AHMET MALİK ŞAN,SEMAHATTİN YILDIZ,İLKNUR ÖZGÜNEY,DİDAR BUSE ÖZKORUCUKLU,ŞERMİN BOZOĞLU,FATİH KÖSEOĞLU,Erzurum Kapalı Spor Salonu
26.01.2019,16:00,3EA1318,10. Hafta,NAZİLLİ BELEDİYE,62 - 60,HALK ENERJİ TED ANKARA KOLEJLİLER,B,AYDIN,Nazilli Spor Salonu | ,,GÖNENÇ ÇETİN,MESUT ÇINAR,MUSTAFA BAŞTÜRK,MEHMET KANER,CANSU EROL,NECİP DERELİ,GÖKHAN KILIÇ,ÖZLEM CAN,Nazilli Spor Salonu
26.01.2019,17:00,3EA1315,10. Hafta,MAVİŞEHİR SPOR,76 - 55,İTÜ,B,İZMİR,Zübeyde Hanım Spor Salonu | ,,BATUHAN KÜMÜKOĞLU,GÖRKEM SÜZEN,CAN ÜTKÜR,MEHMET AKİF KARAGÖZ,GİZEM ÖZAYDIN,CEREN BARAN,HALİDE KAYA,ERKAN TURAN,Zübeyde Hanım Spor Salonu
4.01.2019,18:00,3EA1289,11. Hafta,MERKEZEFENDİ BELEDİYESİ DENİZLİ BASKET,83 - 55,TENİS ESKRİM DAĞCILIK,A,DENİZLİ,Pamukkale Üniversitesi Spor Salonu | ,,AHMET TUNCA EVCİL,NİYAZİ YASİN KAHRAMAN,MELİKŞAH MERCAN,MEHMET KANER,AYŞE ERİŞ,MELEK ERYÜRÜK,RAMAZAN ERİŞ,AHMET ERYÜRÜK,Pamukkale Üniversitesi Spor Salonu
5.01.2019,15:00,3EA1294,11. Hafta,BORNOVA BELEDİYESİ,86 - 57,HALİLİYE BELEDİYE,A,İZMİR,Altındağ Atatürk Spor Kompleksi | ,,ÖMER SARI,FIRAT ATAR,SAMET FIRAT SAVAŞ,FAYSAL AYDEMİR,GÖZDE ONAN,MESUT KARABULUT,GÜLTEKİN DAĞDEVİREN,KEMAL AYPARS,Altındağ Atatürk Spor Kompleksi
5.01.2019,17:00,3EA1291,11. Hafta,KOCAELİ BŞB. KAĞITSPOR,79 - 87,SAMSUN BŞB. ANAKENT,A,KOCAELİ,Kocaeli Atatürk Spor Salonu | ,,MEHMET BURAK ANLATICI,FURKAN OZAN ÇÖVEN,OKAN MUHAMMET ANLATICI,ALPER ERİN,EBRU ÖZMEN,GAMZE KURT,ALEV KÖROĞLU,VEYSEL ERDOĞAN,Kocaeli Atatürk Spor Salonu
5.01.2019,17:00,3EA1297,11. Hafta,GEMLİK BASKETBOL,74 - 66,EFE SPOR,A,BURSA,Gemlik Spor Salonu | ,,GÖNENÇ ÇETİN,AHMET KÖSE,BURAK YILMAZ,ÇETİN ŞİMŞEK,GÜLŞEN MÜGE KAHRAMAN,SEVDA USTA,ABDULLAH KURT,TEOMAN ÖYLEK,Gemlik Spor Salonu
5.01.2019,18:00,3EA1290,11. Hafta,BORNOVA BOSSAN,69 - 59,UPS SPOR,A,İZMİR,Altındağ Atatürk Spor Kompleksi | ,,BATUHAN KÜMÜKOĞLU,BATUHAN MERT GÜL,AHMET MALİK ŞAN,MURAT MISIRLI,CEREN BARAN,İRFAN TEMELLİ,ELİF KALENDER,MURAT GEDİK,Altındağ Atatürk Spor Kompleksi
1.02.2019,17:00,3EA1320,11. Hafta,HALK ENERJİ TED ANKARA KOLEJLİLER,80 - 69,MAVİŞEHİR SPOR,B,ANKARA,TED Üniversitesi Prof. Dr. Rüştü Yüce S.S. | ,,METİN AKSOYAK,NİYAZİ YASİN KAHRAMAN,HÜSEYİN DALMAN,BAHA KAÇIN,FATİH DEMİRCİ,İBRAHİM BULUT,SERKAN ÇADIR,ANIL ENDER DURGUN,TED Üniversitesi Prof. Dr. Rüştü Yüce S.S.
2.02.2019,14:00,3EA1326,11. Hafta,ROTA KOLEJİ,82 - 65,NAZİLLİ BELEDİYE,B,İZMİR,Halkapınar Spor Salonu | ,,ÇETİN ARTAN,ORÇUN AKGÜL,EREN KILINÇ,FAYSAL AYDEMİR,GÖZDE ONAN,ŞAHİN ŞANLI,ELİF KALENDER,ERKAN TURAN,Halkapınar Spor Salonu
2.02.2019,16:00,3EA1321,11. Hafta,KEPEZ BELEDİYE,59 - 69,BOLU SPOR,B,ANTALYA,Kepez Turgut Özal Spor Salonu | ,,MUSTAFA TOPALOĞLU,MESUT ÇINAR,OKAN GÜNGÖR,METE BULUT,PELİN TOPCU,ERKAN BÜDÜN,NASUH ÜZER,BURÇİN ALBAYRAKOĞLU,Kepez Turgut Özal Spor Salonu
2.02.2019,16:00,3EA1325,11. Hafta,İTÜ,62 - 68,BEYLİKDÜZÜ BASKET,B,İSTANBUL,Caferağa Spor Salonu | ,,SÜLEYMAN EREN PEKDOĞAN,SAMET FIRAT SAVAŞ,FURKAN KESERATAR,HÜSEYİN OSMAN BÜYÜKGÖKSU,BEGÜM SAVAŞ,MUSTAFA GÖKMEN DEMİRAY,ALTAN CANDAN,BURCU DEMİRAY,Caferağa Spor Salonu
2.02.2019,17:00,3EA1328,11. Hafta,LOKMAN HEKİM FETHİYE BELEDİYE SPOR,64 - 43,ERZURUM BŞB GENÇLİK,B,MUĞLA,Fethiye Beşkaza Spor Salonu | ,,BURAK YILMAZ,GÖNENÇ ÇETİN,BATUHAN KÜMÜKOĞLU,MEHMET DURU,SEVGİ ÖZKAN,NEVİN YAVAŞ ERTUĞRUL,ORHAN SELÇUK,DUYGU ÇİMEN,Fethiye Beşkaza Spor Salonu
11.01.2019,18:00,3EA1299,12. Hafta,MERKEZEFENDİ BELEDİYESİ DENİZLİ BASKET,66 - 63,SAMSUN BŞB. ANAKENT,A,DENİZLİ,Pamukkale Üniversitesi Spor Salonu | ,,ÖMER SARI,BATUHAN KÜMÜKOĞLU,EMRE CAN ÇAKIR,MUSTAFA BİÇER,ZEHRA NUR TÜRK,MELEK ERYÜRÜK,SEHER GEZER,AYŞE ERİŞ,Pamukkale Üniversitesi Spor Salonu
11.01.2019,18:00,3EA1302,12. Hafta,BORNOVA BELEDİYESİ,80 - 37,EFE SPOR,A,İZMİR,Altındağ Atatürk Spor Kompleksi | ,,FATİH EVLİ,ALİ OSMAN KANIK,UĞUR AKYILDIZ,İLKE ORTAÇ ALATAN,CEREN BARAN,ALİ DEVECİ,MESUT KARABULUT,EBRU DIVRAK,Altındağ Atatürk Spor Kompleksi
12.01.2019,16:00,3EA1303,12. Hafta,SÖGÜTSEN SERAMİK,76 - 73,UPS SPOR,A,ANKARA,MEB Beşevler Spor Salonu | ,,ORÇUN AKGÜL,SAMET BİNER,HÜSEYİN DALMAN,AHMET ÖZKAN KÜRTÜNCÜOĞLU,FEVZİ CAN ÜRESİN,ŞERİFE KÜBRA ÇELİK,FATİH ŞEN,DENİZ AYSEVER,MEB Beşevler Spor Salonu
12.01.2019,17:00,3EA1301,12. Hafta,KOCAELİ BŞB. KAĞITSPOR,67 - 78,HALİLİYE BELEDİYE,A,KOCAELİ,Kocaeli Atatürk Spor Salonu | ,,MUSTAFA TOPALOĞLU,ABDULLAH UYANIK,SÜLEYMAN EREN PEKDOĞAN,SELMA YILMAZ SARIOĞLU,SEVGİ CANDAZ,BAYRAM TARIK TAŞKIN,ALEV KÖROĞLU,VEYSEL ERDOĞAN,Kocaeli Atatürk Spor Salonu
12.01.2019,18:00,3EA1300,12. Hafta,BORNOVA BOSSAN,72 - 81,TENİS ESKRİM DAĞCILIK,A,İZMİR,Altındağ Atatürk Spor Kompleksi | ,,EMRAH ŞATIR,OKAN MUHAMMET ANLATICI,ALİ BARAN TECİRLİ,OKAN KAHRAMAN,GÖZDE ONAN,ÖMER DURSUN,GÜNAY ALPUĞUZ,SEMRA UĞRAŞAN,Altındağ Atatürk Spor Kompleksi
9.02.2019,13:00,3EA1332,12. Hafta,BOLU SPOR,69 - 76,LOKMAN HEKİM FETHİYE BELEDİYE SPOR,B,BOLU,17 Temmuz Spor Salonu | ,,ÇETİN ARTAN,AHMET TUNCA EVCİL,ÖMER SARI,UĞUR ERHAN DEDEŞAH,YASEMİN NUR GÜREL,SEVİM AKTAŞ,AHSEL ÖZGÜ GÜREL,EREN KARABACAKOĞLU,17 Temmuz Spor Salonu
9.02.2019,14:00,3EA1335,12. Hafta,ROTA KOLEJİ,79 - 64,HALK ENERJİ TED ANKARA KOLEJLİLER,B,İZMİR,Halkapınar Spor Salonu | ,,AHMET BASRİ YILDIZ,MELİKŞAH MERCAN,EMRE CAN ÇAKIR,YÜKSEL ÇAKIR,SİBEL DÖŞEMECİ,GÖZDE ONAN,ELİF KALENDER,İSMAİL AKGÜL,Halkapınar Spor Salonu
9.02.2019,15:00,3EA1333,12. Hafta,BEYLİKDÜZÜ BASKET,74 - 71,MAVİŞEHİR SPOR,B,İSTANBUL,Beylikdüzü Spor Salonu | ,,MEHMET BURAK ANLATICI,CİHAN CEYLAN,KAĞAN SÖNMEZ,YAŞAR SİNAN ÇELİKOĞLU,FURKAN ATALAY,SEMRA AKDUMAN,YUSUF YELESDAĞ,MELDA ÇAKIRCA,Beylikdüzü Spor Salonu
9.02.2019,16:00,3EA1334,12. Hafta,ERZURUM BŞB GENÇLİK,78 - 76,İTÜ,B,ERZURUM,Erzurum Kapalı Spor Salonu | ,,GÜRKAN DEMİR,HÜSEYİN DALMAN,ALİ BARAN TECİRLİ,YAŞAR ARIĞTEKİN,DİDAR BUSE ÖZKORUCUKLU,EMİRCAN ARAÇ,ŞERMİN BOZOĞLU,,Erzurum Kapalı Spor Salonu
10.02.2019,17:00,3EA1338,12. Hafta,NAZİLLİ BELEDİYE,108 - 58,KEPEZ BELEDİYE,B,AYDIN,Nazilli Spor Salonu | ,,AHMET KÖSE,MUSTAFA AKSOY,UĞUR AKYILDIZ,FAYSAL AYDEMİR,TUTKU BAKI,ŞERİF ÇAKIN,YONCA DEMİRBİLEK,MURAT AKTEPE,Nazilli Spor Salonu
18.01.2019,15:00,3EA1304,13. Hafta,TENİS ESKRİM DAĞCILIK,73 - 66,SÖGÜTSEN SERAMİK,A,İSTANBUL,Ahmet Cömert Spor Salonu | ,,GÖNENÇ ÇETİN,OKAN GÜNGÖR,EREN KILINÇ,BURAK DEMİR,TUTKU MELİS AYGÜN,GÜL URASLI,ALTAN CANDAN,ECE DİKMENLİ,Ahmet Cömert Spor Salonu
19.01.2019,16:00,3EA1307,13. Hafta,SAMSUN BŞB. ANAKENT,76 - 69,BORNOVA BOSSAN,A,SAMSUN,Mustafa Dağıstanlı Spor Salonu | ,,BURAK YILMAZ,SAMET FIRAT SAVAŞ,ANIL HAMİT SAYAR,MEHMET SERDAR ÇÖZELİ,YEŞİM YILDIZ COŞKUN,MERVE SERDAR,AHMET BARIŞ YAZICI,BATUHAN BERK DEMİR,Mustafa Dağıstanlı Spor Salonu
19.01.2019,16:00,3EA1308,13. Hafta,HALİLİYE BELEDİYE,73 - 85,MERKEZEFENDİ BELEDİYESİ DENİZLİ BASKET,A,ŞANLIURFA,Harran Üniversitesi Osmanbey Kampüsü Spor Salonu | ,,MEHMET BURAK ANLATICI,CİHAN CEYLAN,SİNAN ERTEKİN,METİN GÜRBÜZ,FUAT DEMİR,HÜSEYİN ÇİFTÇİ,İBRAHİM HALİL ÖZGELİŞ,SERPİL ÇİFTÇİ,Harran Üniversitesi Osmanbey Kampüsü Spor Salonu
19.01.2019,17:00,3EA1306,13. Hafta,GEMLİK BASKETBOL,44 - 53,BORNOVA BELEDİYESİ,A,BURSA,Gemlik Spor Salonu | ,,ÇETİN ARTAN,ABDULLAH UYANIK,GÜRKAN DEMİR,ZİYNİŞ ORUÇ,BÜŞRA SAVUÇ,ABDULLAH KURT,CEREN YAVUZ,FATİH DURGUT,Gemlik Spor Salonu
19.01.2019,18:00,3EA1305,13. Hafta,EFE SPOR,96 - 72,KOCAELİ BŞB. KAĞITSPOR,A,AYDIN,Aydın Atatürk Spor Salonu | ,,METİN AKSOYAK,AHMET TUNCA EVCİL,AHMET BİLAL ÖZTÜRK,İSMET GÜNEŞ,MELTEM ARGUN,TUTKU BAKI,CANSU EROL,SEVCAN AKGÜL,Aydın Atatürk Spor Salonu
15.02.2019,15:00,3EA1345,13. Hafta,İTÜ,61 - 70,BOLU SPOR,B,İSTANBUL,Caferağa Spor Salonu | ,,FIRAT ATAR,NİYAZİ YASİN KAHRAMAN,UMUT MEMİŞ,EREN KÜÇÜKSOLAKOĞLU,ALTAN CANDAN,ESER FIRIL,VEDAT SAVAŞ,ELA ZÜLEYHA ÖZER,Caferağa Spor Salonu
15.02.2019,17:00,3EA1341,13. Hafta,HALK ENERJİ TED ANKARA KOLEJLİLER,95 - 81,BEYLİKDÜZÜ BASKET,B,ANKARA,TED Üniversitesi Prof. Dr. Rüştü Yüce S.S. | ,,EMRAH ŞATIR,MUSTAFA BAŞTÜRK,OKAN GÜNGÖR,BÜLENT TANESEN,SİMAY ÇAKMAK,VEYSEL SİNAN TUNCER,ARZU ÖKSÜZ,BERKSU ÖZBEY,TED Üniversitesi Prof. Dr. Rüştü Yüce S.S.
16.02.2019,16:00,3EA1342,13. Hafta,KEPEZ BELEDİYE,57 - 58,ROTA KOLEJİ,B,ANTALYA,Kepez Turgut Özal Spor Salonu | ,,BATUHAN KÜMÜKOĞLU,GÖNENÇ ÇETİN,FURKAN KESERATAR,MEHMET KANER,TANSU BOZOK,BURHAN ÇİÇEK,ELAY ARICAN,FATMA MAFACAN,Kepez Turgut Özal Spor Salonu
16.02.2019,17:00,3EA1346,13. Hafta,MAVİŞEHİR SPOR,61 - 67,ERZURUM BŞB GENÇLİK,B,İZMİR,Zübeyde Hanım Spor Salonu | ,,ABDULLAH UYANIK,FURKAN OZAN ÇÖVEN,ABDURRAHMAN AYDOĞDU,EMRE BAŞA,SİBEL DÖŞEMECİ,TUĞBERK TOPLU,MURAT GEDİK,HALDUN TAŞKAVAK,Zübeyde Hanım Spor Salonu
16.02.2019,17:00,3EA1348,13. Hafta,LOKMAN HEKİM FETHİYE BELEDİYE SPOR,90 - 64,NAZİLLİ BELEDİYE,B,MUĞLA,Fethiye Beşkaza Spor Salonu | ,,MEHMET BURAK ANLATICI,SERCAN SİNİRLİOĞLU,ALPER CAN BOZYEL,FAYSAL AYDEMİR,SEVGİ ÖZKAN,NEVİN YAVAŞ ERTUĞRUL,SÜLEYMAN ALPER YILDIZ,EMRE TURAN,Fethiye Beşkaza Spor Salonu
25.01.2019,18:00,3EA1309,14. Hafta,MERKEZEFENDİ BELEDİYESİ DENİZLİ BASKET,100 - 68,EFE SPOR,A,DENİZLİ,Pamukkale Üniversitesi Spor Salonu | ,,ORÇUN AKGÜL,BATUHAN MERT GÜL,UMUT MEMİŞ,MUSTAFA BİÇER,SEHER GEZER,MELEK ERYÜRÜK,AYŞE ERİŞ,ZEHRA NUR TÜRK,Pamukkale Üniversitesi Spor Salonu
26.01.2019,16:00,3EA1316,14. Hafta,SÖGÜTSEN SERAMİK,61 - 107,SAMSUN BŞB. ANAKENT,A,ANKARA,MEB Beşevler Spor Salonu | ,,FATİH EVLİ,YUSUF SARPER DAĞLI,FURKAN KESERATAR,AHMET ÖZKAN KÜRTÜNCÜOĞLU,TUĞÇE YILDIRIM,AKIN AYTEKİN,FATMA ÇELİK,RESUL GEÇER,MEB Beşevler Spor Salonu
26.01.2019,17:00,3EA1311,14. Hafta,KOCAELİ BŞB. KAĞITSPOR,75 - 80,GEMLİK BASKETBOL,A,KOCAELİ,Kocaeli Atatürk Spor Salonu | ,,NİYAZİ YASİN KAHRAMAN,SAMET BİNER,CİHAN CEYLAN,İBRAHİM EMRE AYDEMİR,ALEV KÖROĞLU,SEVGİ CANDAZ,MUSTAFA SALMAN,BAYRAM TARIK TAŞKIN,Kocaeli Atatürk Spor Salonu
26.01.2019,18:00,3EA1310,14. Hafta,BORNOVA BOSSAN,76 - 77,HALİLİYE BELEDİYE,A,İZMİR,Altındağ Atatürk Spor Kompleksi | ,,AHMET KÖSE,MELİKŞAH MERCAN,UĞUR AKYILDIZ,MURAT MISIRLI,GÖZDE ONAN,MESUT KARABULUT,ELİF KALENDER,DİLEK GEDİK HANGÜL,Altındağ Atatürk Spor Kompleksi
27.01.2019,13:00,3EA1317,14. Hafta,UPS SPOR,61 - 63,TENİS ESKRİM DAĞCILIK,A,İSTANBUL,Ahmet Cömert Spor Salonu | ,,CAN YANAR,ÖMER SARI,KAĞAN SÖNMEZ,NEJAT YENİATAKAN,BİRGÜL KALE,DEMET ULUCUTSOY,GÖRKEM GÖRGÜLÜ,ECE DİKMENLİ,Ahmet Cömert Spor Salonu
23.02.2019,13:00,3EA1351,14. Hafta,BOLU SPOR,58 - 60,MAVİŞEHİR SPOR,B,BOLU,Karaçayır Spor Salonu | ,,ORÇUN AKGÜL,MELİKŞAH MERCAN,FURKAN KESERATAR,HALDUN KUNT,SEVİM AKTAŞ,AHSEL ÖZGÜ GÜREL,BAHADIR YILDIZ,EREN KARABACAKOĞLU,Karaçayır Spor Salonu
23.02.2019,16:00,3EA1352,14. Hafta,ERZURUM BŞB GENÇLİK,78 - 60,BEYLİKDÜZÜ BASKET,B,ERZURUM,Erzurum Kapalı Spor Salonu | ,,SALİH SERKAN KOÇAK,ALİ OSMAN KANIK,BATUHAN SÖYLEMEZOĞLU,ZELİHA BAYRAKTAR,İLKNUR ÖZGÜNEY,DİDAR BUSE ÖZKORUCUKLU,ŞERMİN BOZOĞLU,BERKHAN BUĞRA USTA,Erzurum Kapalı Spor Salonu
23.02.2019,16:00,3EA1353,14. Hafta,KEPEZ BELEDİYE,47 - 93,HALK ENERJİ TED ANKARA KOLEJLİLER,B,ANTALYA,Antalya Spor Salonu | ,,ÇETİN ARTAN,GÜRKAN DEMİR,SERCAN SİNİRLİOĞLU,MUSTAFA BİÇER,ELAY ARICAN,TEVFİK SÖZER,HALİL ERDOĞAN,SEZEN AKSU,Antalya Spor Salonu
23.02.2019,18:00,3EA1357,14. Hafta,ROTA KOLEJİ,75 - 80,LOKMAN HEKİM FETHİYE BELEDİYE SPOR,B,İZMİR,Halkapınar Spor Salonu | ,,AHMET KÖSE,SAMET BİNER,UĞUR AKYILDIZ,MEHMET KANER,SİBEL DÖŞEMECİ,İRFAN TEMELLİ,CEREN BARAN,SERCAN DEMİRÖREN,Halkapınar Spor Salonu
24.02.2019,17:00,3EA1358,14. Hafta,NAZİLLİ BELEDİYE,70 - 71,İTÜ,B,AYDIN,Nazilli Spor Salonu | ,,MUSTAFA TOPALOĞLU,FURKAN OZAN ÇÖVEN,EMRE CAN ÇAKIR,MEHMET DURU,YONCA DEMİRBİLEK,TUĞBA MUT,MURAT AKTEPE,ÖZLEM CAN,Nazilli Spor Salonu
1.02.2019,18:00,3EA1319,15. Hafta,BORNOVA BELEDİYESİ,80 - 40,KOCAELİ BŞB. KAĞITSPOR,A,İZMİR,Altındağ Atatürk Spor Kompleksi | ,,AHMET KÖSE,CAN YANAR,ABDURRAHMAN AYDOĞDU,DİDEM SÜER,EBRU DIVRAK,ONUR BURAK,FATMA DÖNMEZ,SİBEL DÖŞEMECİ,Altındağ Atatürk Spor Kompleksi
2.02.2019,16:00,3EA1324,15. Hafta,SAMSUN BŞB. ANAKENT,84 - 63,UPS SPOR,A,SAMSUN,Mustafa Dağıstanlı Spor Salonu | ,,AHMET TUNCA EVCİL,GÜRKAN DEMİR,SİNAN ERTEKİN,SEMİH KAYA,YEŞİM YILDIZ COŞKUN,UĞUR YÜKSEL,MERVE SERDAR,ESRA BAYZAT,Mustafa Dağıstanlı Spor Salonu
2.02.2019,17:00,3EA1323,15. Hafta,GEMLİK BASKETBOL,60 - 68,MERKEZEFENDİ BELEDİYESİ DENİZLİ BASKET,A,BURSA,Gemlik Spor Salonu | ,,AHMET BASRİ YILDIZ,FURKAN OZAN ÇÖVEN,FIRAT ATAR,RAMAZAN ÖYLEK,CEREN YAVUZ,ADEM ÇATALKAŞ,TAMER DENİZ,ÇİGDEM AKYILDIZ,Gemlik Spor Salonu
2.02.2019,18:00,3EA1322,15. Hafta,EFE SPOR,85 - 81,BORNOVA BOSSAN,A,AYDIN,Aydın Atatürk Spor Salonu | ,,MEHMET BURAK ANLATICI,ÖMER SARI,BERKİ PEKER,MEHMET KANER,LÜTFİYE ÖZDÖVENCİ,TUĞBA MUT,MEHMET KARADENİZ,RABİA TOPRAK,Aydın Atatürk Spor Salonu
3.02.2019,14:00,3EA1327,15. Hafta,HALİLİYE BELEDİYE,96 - 88,SÖGÜTSEN SERAMİK,A,ŞANLIURFA,11 Nisan Spor Salonu | ,,AHMET BİLAL ÖZTÜRK,SAMET BİNER,MEHMET BATIKAN TEKER,BESTAMİ GÜL,TUBA ÇİFTÇİ,SERPİL ÇİFTÇİ,HÜSEYİN ÇİFTÇİ,İBRAHİM HALİL ÖZGELİŞ,11 Nisan Spor Salonu
1.03.2019,17:00,3EA1363,15. Hafta,HALK ENERJİ TED ANKARA KOLEJLİLER,71 - 83,ERZURUM BŞB GENÇLİK,B,ANKARA,TED Üniversitesi Prof. Dr. Rüştü Yüce S.S. | ,,ÖMER SARI,FIRAT ATAR,UĞUR AKYILDIZ,RAFET DEMİR,ELİF CAN,FATİH ŞEN,VEYSEL SİNAN TUNCER,ARZU ÖKSÜZ,TED Üniversitesi Prof. Dr. Rüştü Yüce S.S.
2.03.2019,15:00,3EA1362,15. Hafta,BEYLİKDÜZÜ BASKET,62 - 59,BOLU SPOR,B,İSTANBUL,Beylikdüzü Spor Salonu | ,,AHMET BASRİ YILDIZ,KAĞAN SÖNMEZ,ABDURRAHMAN AYDOĞDU,MELİH ERGENE,TUTKU MELİS AYGÜN,SEMRA AKDUMAN,MELDA ÇAKIRCA,AYGÜN SEVGİL,Beylikdüzü Spor Salonu
2.03.2019,16:00,3EA1366,15. Hafta,İTÜ,72 - 64,ROTA KOLEJİ,B,İSTANBUL,Caferağa Spor Salonu | ,,MEHMET BURAK ANLATICI,MESUT ÇINAR,MUSTAFA BAŞTÜRK,EREN KÜÇÜKSOLAKOĞLU,ARZU KÖRKEN,ESER FIRIL,DEMET ULUCUTSOY,SELİN AVNAMAK,Caferağa Spor Salonu
2.03.2019,17:00,3EA1367,15. Hafta,MAVİŞEHİR SPOR,73 - 75,NAZİLLİ BELEDİYE,B,İZMİR,Zübeyde Hanım Spor Salonu | ,,BURAK YILMAZ,AHMET BİLAL ÖZTÜRK,AHMET MALİK ŞAN,SERKAN İNCE,DİLEK GEDİK HANGÜL,ÖMER DURSUN,BURÇİN DURAN,SONER AKARSU,Zübeyde Hanım Spor Salonu
2.03.2019,17:00,3EA1368,15. Hafta,LOKMAN HEKİM FETHİYE BELEDİYE SPOR,87 - 38,KEPEZ BELEDİYE,B,MUĞLA,Fethiye Beşkaza Spor Salonu | ,,ORÇUN AKGÜL,DOĞU BERK İNNAL,ALPER CAN BOZYEL,AHMET ÖZTÜRK,DİLEK SAZAK,FERİDE BAHTINUR AĞIOĞLU,HÜSEYİN CENGİZ,OZAN BOZKURT,Fethiye Beşkaza Spor Salonu
8.02.2019,15:30,3EA1329,16. Hafta,TENİS ESKRİM DAĞCILIK,56 - 66,SAMSUN BŞB. ANAKENT,A,İSTANBUL,Caferağa Spor Salonu | ,,ORÇUN AKGÜL,CAN ÜTKÜR,AHMET MALİK ŞAN,MEHMET İSMET BAYRİ,ECE DİKMENLİ,ESER FIRIL,SEDA İŞLER,ELA ZÜLEYHA ÖZER,Caferağa Spor Salonu
8.02.2019,16:00,3EA1336,16. Hafta,SÖGÜTSEN SERAMİK,84 - 97,EFE SPOR,A,ANKARA,MEB Beşevler Spor Salonu | ,,MUSTAFA TOPALOĞLU,FIRAT ATAR,SERCAN SİNİRLİOĞLU,LÜTFİYE TAŞPINAR,FATMA ÇELİK,İBRAHİM BULUT,PELİN KUZU,SEÇİL ÇAPKINOĞLU,MEB Beşevler Spor Salonu
8.02.2019,18:00,3EA1330,16. Hafta,MERKEZEFENDİ BELEDİYESİ DENİZLİ BASKET,65 - 57,BORNOVA BELEDİYESİ,A,DENİZLİ,Pamukkale Üniversitesi Spor Salonu | ,,METİN AKSOYAK,GÖNENÇ ÇETİN,SAMET BİNER,MERT ELMA,AYŞE ERİŞ,MELEK ERYÜRÜK,AHMET ERYÜRÜK,ZEHRA NUR TÜRK,Pamukkale Üniversitesi Spor Salonu
9.02.2019,18:00,3EA1331,16. Hafta,BORNOVA BOSSAN,63 - 65,GEMLİK BASKETBOL,A,İZMİR,Altındağ Atatürk Spor Kompleksi | ,,CAN YANAR,AHMET BİLAL ÖZTÜRK,ALİ OSMAN KANIK,OKAN KAHRAMAN,DİLEK GEDİK HANGÜL,GÜNAY ALPUĞUZ,TUĞBERK TOPLU,MURAT GEDİK,Altındağ Atatürk Spor Kompleksi
9.02.2019,18:30,3EA1337,16. Hafta,UPS SPOR,62 - 72,HALİLİYE BELEDİYE,A,İSTANBUL,Ahmet Cömert Spor Salonu | ,,BURAK YILMAZ,BATUHAN KÜMÜKOĞLU,NİYAZİ YASİN KAHRAMAN,MELİH ERGENE,GÜL URASLI,ESİN MÜEZZİNOĞLU,DİNÇER ADİLLER,OSMAN AŞIK,Ahmet Cömert Spor Salonu
9.03.2019,13:00,3EA1370,16. Hafta,BOLU SPOR,80 - 79,ERZURUM BŞB GENÇLİK,B,BOLU,Karaçayır Spor Salonu | ,,MEHMET BURAK ANLATICI,SERCAN SİNİRLİOĞLU,FURKAN KESERATAR,HASAN GÜNGÖR,YASEMİN NUR GÜREL,SEVİM AKTAŞ,EREN KARABACAKOĞLU,MEHMET EMİN GÜNGÖR,Karaçayır Spor Salonu
9.03.2019,16:00,3EA1371,16. Hafta,KEPEZ BELEDİYE,50 - 77,İTÜ,B,ANTALYA,Kepez Turgut Özal Spor Salonu | ,,AHMET BASRİ YILDIZ,SAMET BİNER,SİNAN ERTEKİN,MERT ELMA,TANSU BOZOK,ERKAN BÜDÜN,BURHAN ÇİÇEK,FATMA MAFACAN,Kepez Turgut Özal Spor Salonu
9.03.2019,17:00,3EA1378,16. Hafta,LOKMAN HEKİM FETHİYE BELEDİYE SPOR,77 - 69,HALK ENERJİ TED ANKARA KOLEJLİLER,B,MUĞLA,Fethiye Beşkaza Spor Salonu | ,,ÖZKAN TALO,BURAK YILMAZ,ALİ OSMAN KANIK,EMRE BAŞA,SEVGİ ÖZKAN,MİNE ALPASLAN,HÜSEYİN CENGİZ,DİLEK SAZAK,Fethiye Beşkaza Spor Salonu
10.03.2019,14:00,3EA1375,16. Hafta,ROTA KOLEJİ,88 - 64,MAVİŞEHİR SPOR,B,İZMİR,Celal Atik Spor Salonu | ,,ÖMER SARI,CAN YANAR,FIRAT ATAR,İLKE ORTAÇ ALATAN,GİZEM ÖZAYDIN,İLAYDA DİNÇEL,DİLEK GEDİK HANGÜL,SERCAN DEMİRÖREN,Celal Atik Spor Salonu
10.03.2019,17:00,3EA1376,16. Hafta,NAZİLLİ BELEDİYE,73 - 70,BEYLİKDÜZÜ BASKET,B,AYDIN,Nazilli Spor Salonu | ,,BATUHAN KÜMÜKOĞLU,NİYAZİ YASİN KAHRAMAN,UMUT MEMİŞ,YÜKSEL ÇAKIR,TUTKU BAKI,TUĞBA MUT,YONCA DEMİRBİLEK,ÖZLEM CAN,Nazilli Spor Salonu
15.02.2019,18:00,3EA1339,17. Hafta,KOCAELİ BŞB. KAĞITSPOR,67 - 83,MERKEZEFENDİ BELEDİYESİ DENİZLİ BASKET,A,KOCAELİ,Kocaeli Atatürk Spor Salonu | ,,ÇETİN ARTAN,UĞUR AKYILDIZ,AHMET MALİK ŞAN,İHSAN KÜÇÜKAYCAN,ALEV KÖROĞLU,EBRU ÖZMEN,SEVGİ CANDAZ,BAYRAM TARIK TAŞKIN,Kocaeli Atatürk Spor Salonu
15.02.2019,18:00,3EA1340,17. Hafta,BORNOVA BELEDİYESİ,75 - 59,BORNOVA BOSSAN,A,İZMİR,Altındağ Atatürk Spor Kompleksi | ,,SÜLEYMAN EREN PEKDOĞAN,SİNAN ERTEKİN,BERKİ PEKER,İLKE ORTAÇ ALATAN,BURÇİN DURAN,ALİ DEVECİ,MESUT KARABULUT,KEMAL AYPARS,Altındağ Atatürk Spor Kompleksi
16.02.2019,17:00,3EA1344,17. Hafta,GEMLİK BASKETBOL,88 - 42,SÖGÜTSEN SERAMİK,A,BURSA,Gemlik Spor Salonu | ,,MESUT ÇINAR,KAĞAN SÖNMEZ,ANIL HAMİT SAYAR,SAVAŞ BAYRAM ERTÜRK,NİDA ECE TÜZÜK,ABDULLAH KURT,CEREN YAVUZ,ÖZLEM ÖZKAN,Gemlik Spor Salonu
16.02.2019,18:00,3EA1343,17. Hafta,EFE SPOR,78 - 81,UPS SPOR,A,AYDIN,Aydın Atatürk Spor Salonu | ,,AHMET KÖSE,SAMET BİNER,OKAN MUHAMMET ANLATICI,BURAK BABAOĞLU,ŞERİF ÇAKIN,NECİP DERELİ,SÜLEYMAN DURMUŞ,PELİN ALA,Aydın Atatürk Spor Salonu
17.02.2019,15:00,3EA1347,17. Hafta,HALİLİYE BELEDİYE,66 - 53,TENİS ESKRİM DAĞCILIK,A,ŞANLIURFA,Harran Üniversitesi Osmanbey Kampüsü Spor Salonu | ,,GÜRKAN DEMİR,ALİ OSMAN KANIK,MUSTAFA AKSOY,ABDURRAHMAN ALTUN,FETHİYE BAKİKOL,İBRAHİM HALİL ÖZGELİŞ,EYYÜP BAKİKOL,TUĞÇE ÇİFÇİ,Harran Üniversitesi Osmanbey Kampüsü Spor Salonu
15.03.2019,17:00,3EA1385,17. Hafta,HALK ENERJİ TED ANKARA KOLEJLİLER,79 - 68,BOLU SPOR,B,ANKARA,TED Üniversitesi Prof. Dr. Rüştü Yüce S.S. | ,,FATİH EVLİ,MESUT ÇINAR,BATUHAN MERT GÜL,LÜTFİYE TAŞPINAR,ELİF CAN,SİBEL FAZLIOĞLU,TUNCER ULUŞEKER,FATİH DEMİRCİ,TED Üniversitesi Prof. Dr. Rüştü Yüce S.S.
16.03.2019,13:00,3EA1384,17. Hafta,ERZURUM BŞB GENÇLİK,80 - 68,NAZİLLİ BELEDİYE,B,ERZURUM,Erzurum Kapalı Spor Salonu | ,,AHMET BASRİ YILDIZ,SAMET FIRAT SAVAŞ,MELİKŞAH MERCAN,MEHMET KAŞİF BATTAL,GÖKŞEN KÜNİ,DİDAR BUSE ÖZKORUCUKLU,ŞERMİN BOZOĞLU,ERAY BİRBEN,Erzurum Kapalı Spor Salonu
16.03.2019,15:00,3EA1383,17. Hafta,BEYLİKDÜZÜ BASKET,56 - 68,ROTA KOLEJİ,B,İSTANBUL,Beylikdüzü Spor Salonu | ,,METİN AKSOYAK,MUSTAFA TOPALOĞLU,GÜRKAN DEMİR,YAŞAR SİNAN ÇELİKOĞLU,MURAT ÖZKAN,YUSUF YELESDAĞ,SEMRA AKDUMAN,OSMAN AŞIK,Beylikdüzü Spor Salonu
16.03.2019,16:00,3EA1387,17. Hafta,İTÜ,73 - 75,LOKMAN HEKİM FETHİYE BELEDİYE SPOR,B,İSTANBUL,Caferağa Spor Salonu | ,,CAN YANAR,GÖNENÇ ÇETİN,ABDURRAHMAN AYDOĞDU,MEHMET İSMET BAYRİ,ŞÜKRÜ ALOĞLU,DEMET ULUCUTSOY,YEŞİM ÖZCAN ÖZTÜRK,SEÇİL SILA KORALP,Caferağa Spor Salonu
16.03.2019,17:00,3EA1388,17. Hafta,MAVİŞEHİR SPOR,72 - 57,KEPEZ BELEDİYE,B,İZMİR,Zübeyde Hanım Spor Salonu | ,,HALDUN ÇOBAN,AHMET TUNCA EVCİL,NİYAZİ YASİN KAHRAMAN,EMRE BAŞA,DİLEK GEDİK HANGÜL,CEM ÖZALP,SÜLEYMAN YALÇIN TORUNOĞLU,MEHMET AKINCI,Zübeyde Hanım Spor Salonu
22.02.2019,15:30,3EA1349,18. Hafta,TENİS ESKRİM DAĞCILIK,73 - 77,EFE SPOR,A,İSTANBUL,Caferağa Spor Salonu | ,,BURAK YILMAZ,AHMET TUNCA EVCİL,SİNAN ERTEKİN,FİRDEVS EBRU ONARAN,ALTAN CANDAN,ELA ZÜLEYHA ÖZER,VEDAT SAVAŞ,SEDA İŞLER,Caferağa Spor Salonu
22.02.2019,16:00,3EA1355,18. Hafta,SÖGÜTSEN SERAMİK,68 - 85,BORNOVA BELEDİYESİ,A,ANKARA,MEB Beşevler Spor Salonu | ,,AHMET BASRİ YILDIZ,CİHAN CEYLAN,MUSTAFA AKSOY,VEYSEL PEKDOĞAN,TUNCER ULUŞEKER,ONUR YEŞİLBAĞ,VEYSEL SİNAN TUNCER,ARDA GÜRBÜZ,MEB Beşevler Spor Salonu
23.02.2019,16:00,3EA1354,18. Hafta,SAMSUN BŞB. ANAKENT,73 - 65,HALİLİYE BELEDİYE,A,SAMSUN,Mustafa Dağıstanlı Spor Salonu | ,,ÖMER SARI,SONER ÖZAYDOĞAN,ANIL HAMİT SAYAR,CUMHUR ARSLAN,YEŞİM YILDIZ COŞKUN,MERVE SERDAR,AHMET BARIŞ YAZICI,ESRA BAYZAT,Mustafa Dağıstanlı Spor Salonu
23.02.2019,18:00,3EA1350,18. Hafta,BORNOVA BOSSAN,80 - 73,KOCAELİ BŞB. KAĞITSPOR,A,İZMİR,Altındağ Atatürk Spor Kompleksi | ,,GÖNENÇ ÇETİN,MESUT ÇINAR,NİYAZİ YASİN KAHRAMAN,İSMET GÜNEŞ,TUĞBERK TOPLU,BERRİN TURAN,ELİF KALENDER,YEŞİM KOÇ,Altındağ Atatürk Spor Kompleksi
24.02.2019,16:30,3EA1356,18. Hafta,UPS SPOR,61 - 63,GEMLİK BASKETBOL,A,İSTANBUL,Ahmet Cömert Spor Salonu | ,,MEHMET BURAK ANLATICI,CAN ÜTKÜR,MEHMET BATIKAN TEKER,MEHMET ZAFER MİLLİ,ŞERMİN NAZLIGÜL,DİNÇER ADİLLER,CEYDA KAPKAÇ,GÜLİZ KONCA ADİLLER,Ahmet Cömert Spor Salonu
23.03.2019,14:00,3EA1394,18. Hafta,İTÜ,65 - 62,HALK ENERJİ TED ANKARA KOLEJLİLER,B,İSTANBUL,Caferağa Spor Salonu | ,,METİN AKSOYAK,ABDULLAH UYANIK,ORÇUN AKGÜL,HÜSEYİN OSMAN BÜYÜKGÖKSU,BEGÜM SAVAŞ,MUSTAFA GÖKMEN DEMİRAY,SEÇİL SILA KORALP,MUSTAFA GÖKMEN DEMİRAY,Caferağa Spor Salonu
23.03.2019,14:00,3EA1395,18. Hafta,NAZİLLİ BELEDİYE,64 - 69,BOLU SPOR,B,AYDIN,Nazilli Spor Salonu | ,,EMRAH ŞATIR,SÜLEYMAN EREN PEKDOĞAN,AHMET BİLAL ÖZTÜRK,İSMET GÜNEŞ,ŞERİF ÇAKIN,RECEP DAĞDELEN,MELTEM ARGUN,CANSU EROL,Nazilli Spor Salonu
23.03.2019,14:00,3EA1396,18. Hafta,ROTA KOLEJİ,73 - 66,ERZURUM BŞB GENÇLİK,B,İZMİR,Halkapınar Spor Salonu | ,,ÇETİN ARTAN,AHMET TUNCA EVCİL,MUSTAFA AKSOY,MURAT KARTAL,SİBEL DÖŞEMECİ,ONUR BURAK,ERKAN TURAN,MEHMET AKINCI,Halkapınar Spor Salonu
23.03.2019,14:00,3EA1397,18. Hafta,KEPEZ BELEDİYE,62 - 52,BEYLİKDÜZÜ BASKET,B,ANTALYA,Kepez Turgut Özal Spor Salonu | ,,MEHMET BURAK ANLATICI,AHMET KÖSE,ÖMER SARI,METE BULUT,SEZEN AKSU,NİLÜFER GÖK AKDAĞ,NASUH ÜZER,FATMA MAFACAN,Kepez Turgut Özal Spor Salonu
23.03.2019,14:00,3EA1398,18. Hafta,LOKMAN HEKİM FETHİYE BELEDİYE SPOR,72 - 51,MAVİŞEHİR SPOR,B,MUĞLA,Fethiye Beşkaza Spor Salonu | ,,MUSTAFA TOPALOĞLU,MURAT GENÇ,EMRE CAN ÇAKIR,ÖZGÜR NALBANT,OZAN BOZKURT,NEVİN YAVAŞ ERTUĞRUL,SEVGİ ÖZKAN,EMRE TURAN,Fethiye Beşkaza Spor Salonu
1.03.2019,18:00,3EA1359,19. Hafta,MERKEZEFENDİ BELEDİYESİ DENİZLİ BASKET,69 - 42,BORNOVA BOSSAN,A,DENİZLİ,Pamukkale Üniversitesi Spor Salonu | ,,MUSTAFA TOPALOĞLU,CAN ÜTKÜR,SAMET FIRAT SAVAŞ,EMRE BAŞA,AYŞE ERİŞ,MELEK ERYÜRÜK,AHMET ERYÜRÜK,RAMAZAN ERİŞ,Pamukkale Üniversitesi Spor Salonu
1.03.2019,18:00,3EA1361,19. Hafta,BORNOVA BELEDİYESİ,72 - 54,UPS SPOR,A,İZMİR,Altındağ Atatürk Spor Kompleksi | ,,EMRAH ŞATIR,MELİKŞAH MERCAN,EMRE CAN ÇAKIR,BÜLENT GÖKÇE,SÜLEYMAN YALÇIN TORUNOĞLU,ONUR BURAK,FATMA DÖNMEZ,HASAN ÖZTÜRK,Altındağ Atatürk Spor Kompleksi
2.03.2019,17:00,3EA1360,19. Hafta,KOCAELİ BŞB. KAĞITSPOR,87 - 60,SÖGÜTSEN SERAMİK,A,KOCAELİ,Kocaeli Atatürk Spor Salonu | ,,SÜLEYMAN EREN PEKDOĞAN,GÜRKAN DEMİR,BARAN AVŞAR,MUSTAFA DURGUT,ALEV KÖROĞLU,BAYRAM TARIK TAŞKIN,KÜBRA AYDOĞAN,YILDIZ BUĞDACI,Kocaeli Atatürk Spor Salonu
2.03.2019,17:00,3EA1365,19. Hafta,GEMLİK BASKETBOL,68 - 65,TENİS ESKRİM DAĞCILIK,A,BURSA,Gemlik Spor Salonu | ,,AHMET KÖSE,BATUHAN KÜMÜKOĞLU,CANER BAHADIR,SELMA YILMAZ SARIOĞLU,HANDE NUR DOĞAN,SEVDA USTA,ABDULLAH KURT,TEOMAN ÖYLEK,Gemlik Spor Salonu
2.03.2019,18:00,3EA1364,19. Hafta,EFE SPOR,61 - 69,SAMSUN BŞB. ANAKENT,A,AYDIN,Aydın Atatürk Spor Salonu | ,,HALDUN ÇOBAN,ALİ OSMAN KANIK,FURKAN OZAN ÇÖVEN,MURAT MISIRLI,LÜTFİYE ÖZDÖVENCİ,FATMA EZGİ YİĞİT,GÖKHAN KILIÇ,PELİN ALA,Aydın Atatürk Spor Salonu
8.03.2019,15:30,3EA1369,20. Hafta,TENİS ESKRİM DAĞCILIK,67 - 71,BORNOVA BELEDİYESİ,A,İSTANBUL,Caferağa Spor Salonu | ,,METİN AKSOYAK,AHMET KÖSE,OKAN MUHAMMET ANLATICI,SELMA YILMAZ SARIOĞLU,ALTAN CANDAN,SEDA İŞLER,VEDAT SAVAŞ,EDA ELFİDAN,Caferağa Spor Salonu
8.03.2019,16:00,3EA1374,20. Hafta,SÖGÜTSEN SERAMİK,77 - 123,MERKEZEFENDİ BELEDİYESİ DENİZLİ BASKET,A,ANKARA,MEB Beşevler Spor Salonu | ,,SALİH ARDA UNUL,EMRE CAN ÇAKIR,MUHAMMED TURP,FİLİZ ÖGET,SELDA UZUN,FATİH ŞEN,FATMA ÇELİK,DENİZ AYSEVER,MEB Beşevler Spor Salonu
9.03.2019,16:00,3EA1372,20. Hafta,SAMSUN BŞB. ANAKENT,63 - 56,GEMLİK BASKETBOL,A,SAMSUN,Mustafa Dağıstanlı Spor Salonu | ,,ÇETİN ARTAN,GÖNENÇ ÇETİN,MUSTAFA AKSOY,CUMHUR ARSLAN,YEŞİM YILDIZ COŞKUN,AHMET BARIŞ YAZICI,MERVE SERDAR,ESRA BAYZAT,Mustafa Dağıstanlı Spor Salonu
10.03.2019,15:00,3EA1373,20. Hafta,UPS SPOR,53 - 63,KOCAELİ BŞB. KAĞITSPOR,A,İSTANBUL,Ahmet Cömert Spor Salonu | ,,ABDULLAH UYANIK,AHMET BİLAL ÖZTÜRK,CİHAN CEYLAN,TUĞBA YURTSEVEN,GÜL URASLI,TUĞÇE KAYA,ESİN MÜEZZİNOĞLU,MURAT SEVGİL,Ahmet Cömert Spor Salonu
10.03.2019,16:00,3EA1377,20. Hafta,HALİLİYE BELEDİYE,98 - 82,EFE SPOR,A,ŞANLIURFA,Harran Üniversitesi Osmanbey Kampüsü Spor Salonu | ,,MESUT ÇINAR,HASAN MESUT DEMİR,OKAN GÜNGÖR,MEHMET BOZDAĞ,AYFER ÖZKİRİŞÇİ,TUĞÇE ÇİFÇİ,EYYÜP BAKİKOL,SERPİL ÇİFTÇİ,Harran Üniversitesi Osmanbey Kampüsü Spor Salonu
15.03.2019,15:00,3EA1382,21. Hafta,BORNOVA BELEDİYESİ,77 - 50,SAMSUN BŞB. ANAKENT,A,İZMİR,Altındağ Atatürk Spor Kompleksi | ,,MEHMET BURAK ANLATICI,BURAK YILMAZ,BATUHAN KÜMÜKOĞLU,OKAN KAHRAMAN,BERRİN TURAN,CEM ÖZALP,SÜLEYMAN YALÇIN TORUNOĞLU,EMİNE KALKAN,Altındağ Atatürk Spor Kompleksi
15.03.2019,18:00,3EA1379,21. Hafta,MERKEZEFENDİ BELEDİYESİ DENİZLİ BASKET,77 - 41,UPS SPOR,A,DENİZLİ,Pamukkale Üniversitesi Spor Salonu | ,,MURAT GENÇ,MUSTAFA BAŞTÜRK,HÜSEYİN DALMAN,ÖZGÜR NALBANT,ZEHRA NUR TÜRK,SEHER GEZER,BURAK MAY,MEHMET CAN MAY,Pamukkale Üniversitesi Spor Salonu
16.03.2019,17:00,3EA1381,21. Hafta,KOCAELİ BŞB. KAĞITSPOR,78 - 87,TENİS ESKRİM DAĞCILIK,A,KOCAELİ,Kocaeli Atatürk Spor Salonu | ,,FURKAN OZAN ÇÖVEN,FIRAT ATAR,KAĞAN SÖNMEZ,ÖNDER ŞENEL,HANDE DEMİRKOL,GAMZE KURT,ALEV KÖROĞLU,YILDIZ BUĞDACI,Kocaeli Atatürk Spor Salonu
16.03.2019,17:00,3EA1386,21. Hafta,GEMLİK BASKETBOL,71 - 84,HALİLİYE BELEDİYE,A,BURSA,Gemlik Spor Salonu | ,,EMRAH ŞATIR,UĞUR AKYILDIZ,FURKAN KESERATAR,UĞUR AYDEMİR,HANDE NUR DOĞAN,CEREN YAVUZ,TEOMAN ÖYLEK,ERAY BABAHANOĞLU,Gemlik Spor Salonu
16.03.2019,18:00,3EA1380,21. Hafta,BORNOVA BOSSAN,76 - 61,SÖGÜTSEN SERAMİK,A,İZMİR,Altındağ Atatürk Spor Kompleksi | ,,ABDULLAH UYANIK,ANIL HAMİT SAYAR,SERCAN SİNİRLİOĞLU,TURAN CAN OCAKOĞLU,GÖZDE ONAN,İRFAN TEMELLİ,BERRİN TURAN,YEŞİM KOÇ,Altındağ Atatürk Spor Kompleksi
22.03.2019,15:00,3EA1392,22. Hafta,TENİS ESKRİM DAĞCILIK,74 - 86,MERKEZEFENDİ BELEDİYESİ DENİZLİ BASKET,A,İSTANBUL,Caferağa Spor Salonu | ,,GÖNENÇ ÇETİN,ALİ OSMAN KANIK,ALİ BARAN TECİRLİ,RAHŞAN ŞEBNEM TÜMER,BÜŞRA ERKAN,NEŞE KIRAN,SEDA İŞLER,ECE DİKMENLİ,Caferağa Spor Salonu
23.03.2019,14:00,3EA1393,22. Hafta,UPS SPOR,76 - 81,BORNOVA BOSSAN,A,İSTANBUL,Ahmet Cömert Spor Salonu | ,,HALDUN ÇOBAN,FIRAT ATAR,OKAN GÜNGÖR,UĞUR ERHAN DEDEŞAH,EMRAH RİFAİ,ALPER LAÇİNKAYA,LAL DENİZ ÇELİKER,SAMET AKYÜREK,Ahmet Cömert Spor Salonu
23.03.2019,14:00,3EA1390,22. Hafta,HALİLİYE BELEDİYE,66 - 90,BORNOVA BELEDİYESİ,A,ŞANLIURFA,Harran Üniversitesi Osmanbey Kampüsü Spor Salonu | ,,AHMET BASRİ YILDIZ,GÜRKAN DEMİR,CANER BAHADIR,ÖMER KAYMAZ,HAMZA ÇALIŞKAN,HÜSEYİN ÇİFTÇİ,EMİN KAZOĞLU,SERPİL ÇİFTÇİ,Harran Üniversitesi Osmanbey Kampüsü Spor Salonu
23.03.2019,14:00,3EA1391,22. Hafta,SAMSUN BŞB. ANAKENT,63 - 80,KOCAELİ BŞB. KAĞITSPOR,A,SAMSUN,Samsun Atatürk Spor Salonu | ,,BATUHAN MERT GÜL,MEHMET BATIKAN TEKER,UĞUR AKYILDIZ,UMUT GÜVEN,MERVE SERDAR,BERNA ÇOLAK,AHMET AKAN,ZEYNEP TEKER KORKMAZ,Samsun Atatürk Spor Salonu
24.03.2019,14:00,3EA1389,22. Hafta,EFE SPOR,103 - 127,GEMLİK BASKETBOL,A,AYDIN,Aydın Atatürk Spor Salonu | ,,FATİH EVLİ,CİHAN CEYLAN,CAN ÜTKÜR,AHMET ÖZTÜRK,TUĞBA MUT,SEVCAN AKGÜL,MEHMET KARALAR,FATMA EZGİ YİĞİT,Aydın Atatürk Spor Salonu
5.04.2019,15:00,3EA1399,Playoff Eleme Turu,BORNOVA BELEDİYESİ,73 - 55,MAVİŞEHİR SPOR,Son 16,İZMİR,Altındağ Atatürk Spor Kompleksi | ,,METİN AKSOYAK,MELİKŞAH MERCAN,FURKAN KESERATAR,BÜLENT GÖKÇE,İSMAİL AKGÜL,MESUT KARABULUT,SONER AKARSU,CANSU ÇOBAN,Altındağ Atatürk Spor Kompleksi
5.04.2019,17:00,3EA1402,Playoff Eleme Turu,HALK ENERJİ TED ANKARA KOLEJLİLER,61 - 90,GEMLİK BASKETBOL,Son 16,ANKARA,TED Üniversitesi Prof. Dr. Rüştü Yüce S.S. | ,,AHMET BASRİ YILDIZ,OKAN GÜNGÖR,OKAN MUHAMMET ANLATICI,ERDEM EFE,BORA AĞBULUT,SİNA KÜÇÜKDİLEK,İSMAİL FULSER,ARZU ÖKSÜZ,TED Üniversitesi Prof. Dr. Rüştü Yüce S.S.
5.04.2019,18:00,3EA1400,Playoff Eleme Turu,ERZURUM BŞB GENÇLİK,144 - 84,EFE SPOR,Son 16,ERZURUM,Erzurum Kapalı Spor Salonu | ,,MEHMET BURAK ANLATICI,GÜRKAN DEMİR,EREN KILINÇ,ALİ ŞAZ,FERAY SAYGILIOĞLU,EMİRCAN ARAÇ,DİDAR BUSE ÖZKORUCUKLU,ŞERMİN BOZOĞLU,Erzurum Kapalı Spor Salonu
5.04.2019,19:00,3EA1401,Playoff Eleme Turu,SAMSUN BŞB. ANAKENT,73 - 63,ROTA KOLEJİ,Son 16,SAMSUN,Mustafa Dağıstanlı Spor Salonu | ,,BATUHAN KÜMÜKOĞLU,MESUT ÇINAR,NİYAZİ YASİN KAHRAMAN,MEHMET SERDAR ÇÖZELİ,MERVE SERDAR,UĞUR YÜKSEL,KÜBRA YILDIZ,TAYFUN KARAKUM,Mustafa Dağıstanlı Spor Salonu
6.04.2019,13:00,3EA1406,Playoff Eleme Turu,BOLU SPOR,73 - 61,TENİS ESKRİM DAĞCILIK,Son 16,BOLU,Karaçayır Spor Salonu | ,,BURAK YILMAZ,CİHAN CEYLAN,ANIL HAMİT SAYAR,HASAN GÜNGÖR,YASEMİN NUR GÜREL,EREN KARABACAKOĞLU,AHSEL ÖZGÜ GÜREL,BETÜL DEMİRKESEN,Karaçayır Spor Salonu
6.04.2019,16:00,3EA1405,Playoff Eleme Turu,HALİLİYE BELEDİYE,83 - 59,NAZİLLİ BELEDİYE,Son 16,ŞANLIURFA,Harran Üniversitesi Osmanbey Kampüsü Spor Salonu | ,,HALDUN ÇOBAN,SAMET BİNER,SERCAN SİNİRLİOĞLU,METİN GÜRBÜZ,TUĞÇE ÇİFÇİ,HÜSEYİN ÇİFTÇİ,SERPİL ÇİFTÇİ,İBRAHİM HALİL ÖZGELİŞ,Harran Üniversitesi Osmanbey Kampüsü Spor Salonu
6.04.2019,17:00,3EA1404,Playoff Eleme Turu,LOKMAN HEKİM FETHİYE BELEDİYE SPOR,95 - 51,BORNOVA BOSSAN,Son 16,MUĞLA,Fethiye Beşkaza Spor Salonu | ,,FURKAN OZAN ÇÖVEN,KAĞAN SÖNMEZ,ALPER CAN BOZYEL,EMRE BAŞA,FERİDE BAHTINUR AĞIOĞLU,NEVİN YAVAŞ ERTUĞRUL,MİNE ALPASLAN,TUNCER FİKRİ ERTUĞRUL,Fethiye Beşkaza Spor Salonu
6.04.2019,18:30,3EA1403,Playoff Eleme Turu,MERKEZEFENDİ BELEDİYESİ DENİZLİ BASKET,88 - 53,BEYLİKDÜZÜ BASKET,Son 16,DENİZLİ,Pamukkale Üniversitesi Spor Salonu | ,,ABDULLAH UYANIK,AHMET BİLAL ÖZTÜRK,MEHMET BATIKAN TEKER,MUSTAFA BİÇER,ZEHRA NUR TÜRK,MELEK ERYÜRÜK,SEHER GEZER,AHMET ERYÜRÜK,Pamukkale Üniversitesi Spor Salonu
8.04.2019,13:00,3EA1409,Playoff Eleme Turu,ROTA KOLEJİ,74 - 61,SAMSUN BŞB. ANAKENT,Son 16,İZMİR,Halkapınar Spor Salonu | ,,GÖNENÇ ÇETİN,AHMET KÖSE,BATUHAN SÖYLEMEZOĞLU,MEHMET DURU,CEM ÖZALP,ALİ DEVECİ,İSMAİL AKGÜL,SİNEM BİRTÜRK,Halkapınar Spor Salonu
8.04.2019,18:00,3EA1410,Playoff Eleme Turu,GEMLİK BASKETBOL,59 - 75,HALK ENERJİ TED ANKARA KOLEJLİLER,Son 16,BURSA,Gemlik Spor Salonu | ,,AHMET TUNCA EVCİL,ALİ OSMAN KANIK,EMRE CAN ÇAKIR,SELMA YILMAZ SARIOĞLU,ÖZLEM ÖZKAN,SEVDA USTA,FATİH DURGUT,TEOMAN ÖYLEK,Gemlik Spor Salonu
8.04.2019,18:00,3EA1407,Playoff Eleme Turu,MAVİŞEHİR SPOR,62 - 68,BORNOVA BELEDİYESİ,Son 16,İZMİR,Zübeyde Hanım Spor Salonu | ,,EMRAH ŞATIR,SÜLEYMAN EREN PEKDOĞAN,UĞUR AKYILDIZ,İLKE ORTAÇ ALATAN,SÜLEYMAN YALÇIN TORUNOĞLU,BERRİN TURAN,MEHMET AYDIN,ONUR BURAK,Zübeyde Hanım Spor Salonu
8.04.2019,18:30,3EA1408,Playoff Eleme Turu,EFE SPOR,79 - 77,ERZURUM BŞB GENÇLİK,Son 16,AYDIN,Aydın Atatürk Spor Salonu | ,,MUSTAFA TOPALOĞLU,MUSTAFA BAŞTÜRK,ABDURRAHMAN AYDOĞDU,FAYSAL AYDEMİR,SÜLEYMAN DURMUŞ,TUTKU BAKI,CEREN SAĞEL,GÖKHAN KILIÇ,Aydın Atatürk Spor Salonu
9.04.2019,15:00,3EA1414,Playoff Eleme Turu,TENİS ESKRİM DAĞCILIK,57 - 67,BOLU SPOR,Son 16,İSTANBUL,Caferağa Spor Salonu | ,,ORÇUN AKGÜL,MUSTAFA AKSOY,SİNAN ERTEKİN,BURAK DEMİR,EDA ELFİDAN,EBRU ULUDOĞAN,GÜLTEKİN KABAŞ,ŞÜKRÜ ALOĞLU,Caferağa Spor Salonu
9.04.2019,18:00,3EA1411,Playoff Eleme Turu,BEYLİKDÜZÜ BASKET,61 - 68,MERKEZEFENDİ BELEDİYESİ DENİZLİ BASKET,Son 16,İSTANBUL,Beylikdüzü Spor Salonu | ,,CAN YANAR,CAN ÜTKÜR,HÜSEYİN DALMAN,MELİH ERGENE,ESİN MÜEZZİNOĞLU,ERMAN YÜCEL,TUTKU MELİS AYGÜN,OSMAN AŞIK,Beylikdüzü Spor Salonu
9.04.2019,18:00,3EA1412,Playoff Eleme Turu,BORNOVA BOSSAN,65 - 97,LOKMAN HEKİM FETHİYE BELEDİYE SPOR,Son 16,İZMİR,Altındağ Atatürk Spor Kompleksi | ,,FIRAT ATAR,UMUT MEMİŞ,ALİ BARAN TECİRLİ,OKAN KAHRAMAN,KEMAL AYPARS,MERAL DURMAZ,HALDUN TAŞKAVAK,FATMA DÖNMEZ,Altındağ Atatürk Spor Kompleksi
9.04.2019,18:00,3EA1413,Playoff Eleme Turu,NAZİLLİ BELEDİYE,59 - 78,HALİLİYE BELEDİYE,Son 16,AYDIN,Nazilli Spor Salonu | ,,ÇETİN ARTAN,ÖMER SARI,ERDOĞAN ÇELEBİ,MEHMET KANER,LÜTFİYE ÖZDÖVENCİ,MELTEM ARGUN,ÖZLEM CAN,MEHMET KARADENİZ,Nazilli Spor Salonu
11.04.2019,17:00,3EA1417,Playoff Eleme Turu,HALK ENERJİ TED ANKARA KOLEJLİLER,79 - 69,GEMLİK BASKETBOL,Son 16,ANKARA,TED Üniversitesi Prof. Dr. Rüştü Yüce S.S. | ,,ÇETİN ARTAN,SAMET BİNER,UĞUR AKYILDIZ,ÖNDER ŞENEL,ELİF CAN,MUSA SAFA SARI,VEYSEL SİNAN TUNCER,PELİN KUZU,TED Üniversitesi Prof. Dr. Rüştü Yüce S.S.
11.04.2019,18:00,3EA1416,Playoff Eleme Turu,ERZURUM BŞB GENÇLİK,73 - 72,EFE SPOR,Son 16,ERZURUM,Erzurum Kapalı Spor Salonu | ,,AHMET BASRİ YILDIZ,BATUHAN KÜMÜKOĞLU,BATUHAN SÖYLEMEZOĞLU,SEMAHATTİN YILDIZ,GÖKŞEN KÜNİ,DİDAR BUSE ÖZKORUCUKLU,MUHAMMED FATİH YENTİMUR,ERAY BİRBEN,Erzurum Kapalı Spor Salonu
11.04.2019,19:00,3EA1415,Playoff Eleme Turu,SAMSUN BŞB. ANAKENT,85 - 70,ROTA KOLEJİ,Son 16,SAMSUN,Mustafa Dağıstanlı Spor Salonu | ,,HALDUN ÇOBAN,BURAK YILMAZ,ALİ OSMAN KANIK,ŞEYMA NUR TALU,MERVE SERDAR,UĞUR YÜKSEL,BERNA ÇOLAK,TAYFUN KARAKUM,Mustafa Dağıstanlı Spor Salonu
15.04.2019,15:00,3EA1418,Playoff Çeyrek Final,BORNOVA BELEDİYESİ,74 - 62,HALK ENERJİ TED ANKARA KOLEJLİLER,Playoff Çeyrek Final,İZMİR,Altındağ Atatürk Spor Kompleksi | ,,OZAN GÖNEN,MEHMET BURAK ANLATICI,ÖMER SARI,OKAN KAHRAMAN,KEMAL AYPARS,SİNEM BİRTÜRK,FATMA DÖNMEZ,MEHMET AYDIN,Altındağ Atatürk Spor Kompleksi
15.04.2019,18:00,3EA1419,Playoff Çeyrek Final,ERZURUM BŞB GENÇLİK,73 - 62,SAMSUN BŞB. ANAKENT,Playoff Çeyrek Final,ERZURUM,Erzurum Kapalı Spor Salonu | ,,İSMAİL BİNBİR,ÇETİN ARTAN,FIRAT ATAR,YAŞAR ARIĞTEKİN,İLKNUR ÖZGÜNEY,EMİRCAN ARAÇ,ERAY BİRBEN,FATİH KÖSEOĞLU,Erzurum Kapalı Spor Salonu
16.04.2019,18:30,3EA1420,Playoff Çeyrek Final,MERKEZEFENDİ BELEDİYESİ DENİZLİ BASKET,73 - 59,BOLU SPOR,Playoff Çeyrek Final,DENİZLİ,Pamukkale Üniversitesi Spor Salonu | ,,ALPER ELÇİKOCA,ABDULLAH UYANIK,NİYAZİ YASİN KAHRAMAN,BÜLENT GÖKÇE,AYŞE ERİŞ,MELEK ERYÜRÜK,RAMAZAN ERİŞ,ZEHRA NUR TÜRK,Pamukkale Üniversitesi Spor Salonu
16.04.2019,19:00,3EA1421,Playoff Çeyrek Final,LOKMAN HEKİM FETHİYE BELEDİYE SPOR,80 - 71,HALİLİYE BELEDİYE,Playoff Çeyrek Final,MUĞLA,Fethiye Beşkaza Spor Salonu | ,,MUSTAFA CANDEMİR TABAK,AHMET TUNCA EVCİL,ORÇUN AKGÜL,FAYSAL AYDEMİR,SEVGİ ÖZKAN,MİNE ALPASLAN,ORHAN SELÇUK,DİLEK SAZAK,Fethiye Beşkaza Spor Salonu
17.04.2019,15:00,3EA1422,Playoff Çeyrek Final,BORNOVA BELEDİYESİ,73 - 70,HALK ENERJİ TED ANKARA KOLEJLİLER,Playoff Çeyrek Final,İZMİR,Altındağ Atatürk Spor Kompleksi | ,,NİHAT ÇETİN,GÖNENÇ ÇETİN,ERDOĞAN ÇELEBİ,AHMET ÖZTÜRK,DİLEK GEDİK HANGÜL,SERCAN DEMİRÖREN,BERRİN TURAN,ALİ DEVECİ,Altındağ Atatürk Spor Kompleksi
17.04.2019,18:00,3EA1423,Playoff Çeyrek Final,ERZURUM BŞB GENÇLİK,78 - 82,SAMSUN BŞB. ANAKENT,Playoff Çeyrek Final,ERZURUM,Erzurum Kapalı Spor Salonu | ,,ANIL VEZİROĞLU,BURAK YILMAZ,AHMET KÖSE,YAŞAR ARIĞTEKİN,GÖKŞEN KÜNİ,MUHAMMED FATİH YENTİMUR,ERAY BİRBEN,ÖZNUR TABU,Erzurum Kapalı Spor Salonu
18.04.2019,18:30,3EA1424,Playoff Çeyrek Final,MERKEZEFENDİ BELEDİYESİ DENİZLİ BASKET,74 - 57,BOLU SPOR,Playoff Çeyrek Final,DENİZLİ,Pamukkale Üniversitesi Spor Salonu | ,,SAMET ERDOĞAN,MESUT ÇINAR,BATUHAN SÖYLEMEZOĞLU,BURAK BABAOĞLU,SEHER GEZER,MELEK ERYÜRÜK,MEHMET CAN MAY,BURAK MAY,Pamukkale Üniversitesi Spor Salonu
18.04.2019,19:00,3EA1425,Playoff Çeyrek Final,LOKMAN HEKİM FETHİYE BELEDİYE SPOR,76 - 59,HALİLİYE BELEDİYE,Playoff Çeyrek Final,MUĞLA,Fethiye Beşkaza Spor Salonu | ,,CEMİL UYGÜL,NİYAZİ YASİN KAHRAMAN,UĞUR AKYILDIZ,MERT ELMA,SEVGİ ÖZKAN,MİNE ALPASLAN,DUYGU ÇİMEN,EMRE TURAN,Fethiye Beşkaza Spor Salonu
20.04.2019,17:00,3EA1426,Playoff Çeyrek Final,HALK ENERJİ TED ANKARA KOLEJLİLER,80 - 70,BORNOVA BELEDİYESİ,Playoff Çeyrek Final,ANKARA,TED Üniversitesi Prof. Dr. Rüştü Yüce S.S. | ,,HALİL ERKOÇ,HALDUN ÇOBAN,FURKAN KESERATAR,EREN KÜÇÜKSOLAKOĞLU,SEÇİL ÇAPKINOĞLU,GÖKHAN BAŞARAN,FATMA ÇELİK,İSMAİL FULSER,TED Üniversitesi Prof. Dr. Rüştü Yüce S.S.
20.04.2019,19:00,3EA1427,Playoff Çeyrek Final,SAMSUN BŞB. ANAKENT,66 - 59,ERZURUM BŞB GENÇLİK,Playoff Çeyrek Final,SAMSUN,Mustafa Dağıstanlı Spor Salonu | ,,UMUT ÖZGÜN ERGÜN,MEHMET BURAK ANLATICI,ABDULLAH UYANIK,UMUT GÜVEN,MERVE SERDAR,MERTCAN AKGÜL,DAMLA CAN ASAN,MERT ABLAY,Mustafa Dağıstanlı Spor Salonu
21.04.2019,13:00,3EA1428,Playoff Çeyrek Final,BOLU SPOR,68 - 79,MERKEZEFENDİ BELEDİYESİ DENİZLİ BASKET,Playoff Çeyrek Final,BOLU,17 Temmuz Spor Salonu | ,,AHMET MURAT ARIKANLI,ÇETİN ARTAN,ALİ OSMAN KANIK,HASAN GÜNGÖR,SEVİM AKTAŞ,BAHADIR YILDIZ,YASEMİN NUR GÜREL,AHSEL ÖZGÜ GÜREL,17 Temmuz Spor Salonu
21.04.2019,14:00,3EA1429,Playoff Çeyrek Final,HALİLİYE BELEDİYE,81 - 68,LOKMAN HEKİM FETHİYE BELEDİYE SPOR,Playoff Çeyrek Final,ŞANLIURFA,Harran Üniversitesi Osmanbey Kampüsü Spor Salonu | ,,MUHAMMED MURAT ZAFER,SAMET BİNER,BATUHAN SÖYLEMEZOĞLU,ABDURRAHMAN ALTUN,HAMZA ÇALIŞKAN,AYFER ÖZKİRİŞÇİ,SERPİL ÇİFTÇİ,HÜSEYİN ÇİFTÇİ,Harran Üniversitesi Osmanbey Kampüsü Spor Salonu
22.04.2019,17:00,3EA1431,Playoff Çeyrek Final,HALK ENERJİ TED ANKARA KOLEJLİLER,73 - 81,BORNOVA BELEDİYESİ,Playoff Çeyrek Final,ANKARA,TED Üniversitesi Prof. Dr. Rüştü Yüce S.S. | ,,İBRAHİM ALTINTAŞ,BURAK YILMAZ,BATUHAN KÜMÜKOĞLU,MUSTAFA KOCAEREN,NİHAN ÜNSAL,FATİH ŞEN,MUSA SAFA SARI,İSMAİL FULSER,TED Üniversitesi Prof. Dr. Rüştü Yüce S.S.
22.04.2019,19:00,3EA1430,Playoff Çeyrek Final,SAMSUN BŞB. ANAKENT,82 - 84,ERZURUM BŞB GENÇLİK,Playoff Çeyrek Final,SAMSUN,Mustafa Dağıstanlı Spor Salonu | ,,SAMİ ÖZEL,AHMET TUNCA EVCİL,GÖNENÇ ÇETİN,CUMHUR ARSLAN,YEŞİM YILDIZ COŞKUN,MERVE SERDAR,MURAT AYDEMİR,TAYFUN KARAKUM,Mustafa Dağıstanlı Spor Salonu
23.04.2019,14:00,3EA1432,Playoff Çeyrek Final,HALİLİYE BELEDİYE,46 - 86,LOKMAN HEKİM FETHİYE BELEDİYE SPOR,Playoff Çeyrek Final,ŞANLIURFA,Harran Üniversitesi Osmanbey Kampüsü Spor Salonu | ,,MURAT CİNER,MEHMET BURAK ANLATICI,HALDUN ÇOBAN,VEYSİ ORUK,TUĞÇE ÇİFÇİ,AYFER ÖZKİRİŞÇİ,HAMZA ÇALIŞKAN,HÜSEYİN ÇİFTÇİ,Harran Üniversitesi Osmanbey Kampüsü Spor Salonu
25.04.2019,18:00,3EA1433,Playoff Çeyrek Final,ERZURUM BŞB GENÇLİK,72 - 69,SAMSUN BŞB. ANAKENT,Playoff Çeyrek Final,ERZURUM,Erzurum Kapalı Spor Salonu | ,,TEKİN ÖZÜBİR,BATUHAN KÜMÜKOĞLU,NİYAZİ YASİN KAHRAMAN,MUSTAFA KOCAEREN,EMİRCAN ARAÇ,DİDAR BUSE ÖZKORUCUKLU,ŞERMİN BOZOĞLU,İLKNUR ÖZGÜNEY,Erzurum Kapalı Spor Salonu
30.04.2019,18:30,3EA1434,Playoff Yarı Final,MERKEZEFENDİ BELEDİYESİ DENİZLİ BASKET,76 - 56,ERZURUM BŞB GENÇLİK,Playoff Yarı Final,DENİZLİ,Pamukkale Üniversitesi Spor Salonu | ,,ÖNDER YILMAZ,MEHMET BURAK ANLATICI,BURAK YILMAZ,MERT ELMA,ZEHRA NUR TÜRK,MELEK ERYÜRÜK,SEHER GEZER,BURAK MAY,Pamukkale Üniversitesi Spor Salonu
30.04.2019,19:00,3EA1435,Playoff Yarı Final,LOKMAN HEKİM FETHİYE BELEDİYE SPOR,83 - 78,BORNOVA BELEDİYESİ,Playoff Yarı Final,MUĞLA,Fethiye Beşkaza Spor Salonu | ,,TAHSİN KUZU,ÇETİN ARTAN,UĞUR AKYILDIZ,EMRE BAŞA,SEVGİ ÖZKAN,MİNE ALPASLAN,BEDİR KARABÖRKLÜ,OZAN BOZKURT,Fethiye Beşkaza Spor Salonu
2.05.2019,18:30,3EA1436,Playoff Yarı Final,MERKEZEFENDİ BELEDİYESİ DENİZLİ BASKET,69 - 64,ERZURUM BŞB GENÇLİK,Playoff Yarı Final,DENİZLİ,Pamukkale Üniversitesi Spor Salonu | ,,TURGUT IŞIK,MESUT ÇINAR,NİYAZİ YASİN KAHRAMAN,BURAK BABAOĞLU,SEHER GEZER,MELEK ERYÜRÜK,BURAK MAY,ZEHRA NUR TÜRK,Pamukkale Üniversitesi Spor Salonu
2.05.2019,19:00,3EA1437,Playoff Yarı Final,LOKMAN HEKİM FETHİYE BELEDİYE SPOR,62 - 59,BORNOVA BELEDİYESİ,Playoff Yarı Final,MUĞLA,Fethiye Beşkaza Spor Salonu | ,,YÜCEL ÇİLİNGİR,ABDULLAH UYANIK,GÖNENÇ ÇETİN,METE BULUT,SEVGİ ÖZKAN,MİNE ALPASLAN,OZAN BOZKURT,BEDİR KARABÖRKLÜ,Fethiye Beşkaza Spor Salonu
5.05.2019,15:00,3EA1439,Playoff Yarı Final,BORNOVA BELEDİYESİ,64 - 59,LOKMAN HEKİM FETHİYE BELEDİYE SPOR,Playoff Yarı Final,İZMİR,Altındağ Atatürk Spor Kompleksi | ,,TEKİN ÖZÜBİR,BATUHAN KÜMÜKOĞLU,FIRAT ATAR,GÜLŞEN ÖZTÜRK,BURÇİN DURAN,MERAL DURMAZ,SERCAN DEMİRÖREN,ELİF KALENDER,Altındağ Atatürk Spor Kompleksi
5.05.2019,18:00,3EA1438,Playoff Yarı Final,ERZURUM BŞB GENÇLİK,83 - 82,MERKEZEFENDİ BELEDİYESİ DENİZLİ BASKET,Playoff Yarı Final,ERZURUM,Erzurum Kapalı Spor Salonu | ,,MURAT CİNER,HALDUN ÇOBAN,ÖMER SARI,FİLİZ ÖGET,GÖKÇE TARBA,DİDAR BUSE ÖZKORUCUKLU,GÖKŞEN KÜNİ,ŞERMİN BOZOĞLU,Erzurum Kapalı Spor Salonu
7.05.2019,16:30,3EA1441,Playoff Yarı Final,ERZURUM BŞB GENÇLİK,63 - 78,MERKEZEFENDİ BELEDİYESİ DENİZLİ BASKET,Playoff Yarı Final,ERZURUM,Erzurum Kapalı Spor Salonu | ,,YÜCEL ÇİLİNGİR,ÇETİN ARTAN,FURKAN KESERATAR,ZELİHA BAYRAKTAR,FERAY SAYGILIOĞLU,DİDAR BUSE ÖZKORUCUKLU,ŞERMİN BOZOĞLU,ERAY BİRBEN,Erzurum Kapalı Spor Salonu
7.05.2019,18:00,3EA1440,Playoff Yarı Final,BORNOVA BELEDİYESİ,52 - 69,LOKMAN HEKİM FETHİYE BELEDİYE SPOR,Playoff Yarı Final,İZMİR,Altındağ Atatürk Spor Kompleksi | ,,SAMİ ÖZEL,BURAK YILMAZ,BATUHAN SÖYLEMEZOĞLU,OKAN KAHRAMAN,DİLEK GEDİK HANGÜL,SİNEM BİRTÜRK,FATMA DÖNMEZ,KEMAL AYPARS,Altındağ Atatürk Spor Kompleksi
13.05.2019,18:30,3EA1442,Playoff Final,MERKEZEFENDİ BELEDİYESİ DENİZLİ BASKET,77 - 70,LOKMAN HEKİM FETHİYE BELEDİYE SPOR,Playoff Final,İSTANBUL,Sinan Erdem Spor Salonu | ,Youtube / TBF TV,ÇETİN ARTAN,ABDULLAH UYANIK,AHMET KÖSE,TUĞBA YURTSEVEN,ESİN MÜEZZİNOĞLU,CEYDA KAPKAÇ,YÜKSEL NAZLIGÜL,ALPKAN HACIYAKUPOĞLU,Sinan Erdem Spor Salonu
