{
  "league_acronym": "tbl",
  "league_name": "Türkiye Basketbol Ligi",
  "gender": "Erkek",
  "season": "2017-2018",
  "sponsor": "",
  "scraped_at": "2025-06-22T23:54:28.832404",
  "rows": 328,
  "columns": 20,
  "column_names": [
    "Tarih",
    "Saat",
    "Maç No",
    "Hafta",
    "A Takım",
    "Sonuç",
    "B Takım",
    "Grubu",
    "Şehir",
    "Salon",
    "TV",
    "Baş Hakem",
    "1. Yrd. Hakem",
    "2. Yrd. Hakem",
    "Temsilci",
    "1. Masa G.",
    "2. Masa G.",
    "3. Masa G.",
    "4. Masa G.",
    "Salon.1"
  ],
  "excel_file": "tbl_Erkek_2017-2018.xlsx",
  "csv_file": "tbl_Erkek_2017-2018.csv"
}