Tarih,Saat,Maç No,Hafta,A Takım,Sonuç,B Takım,Grubu,Şehir,Salon,TV,Baş Hakem,1. Yrd. Hakem,2. Yrd. Hakem,Temsilci,1. Masa G.,2. Masa G.,3. Masa G.,4. Masa G.,Salon.1
11.10.2019,16:30,2EA3622,01. Hafta,ANADOLU BASKET,98 - 101,LOKMAN HEKİM FETHİYE BELEDİYESPOR,,ANKARA,TOBB ETÜ Spor Salonu,Youtube / TBF TV,TURGUT IŞIK,HALİL ERKOÇ,AYHAN BAYKARA,ZAFER ÖZGÜN,RESUL GEÇER,SİNA KÜÇÜKDİLEK,SEÇİL ÇAPKINOĞLU,SAHRA ÇOKER,TOBB ETÜ Spor Salonu
11.10.2019,18:00,2EA3615,01. Hafta,1881 DÜZCE BELEDİYE,65 - 69,SEMT77 YALOVASPOR,,DÜZCE,Kalıcı Konutlar Merkez Spor Salonu,,İBRAHİM ALTINTAŞ,AHMET TANER İBİN,NİHAT ÇETİN,İBRAHİM EMRE AYDEMİR,ONUR OROÇ,MURAT ORHAN,MERTCAN AKGÜL,EMRE ARSLAN,Kalıcı Konutlar Merkez Spor Salonu
12.10.2019,14:30,2EA3618,01. Hafta,FİNAL GENÇLİK,123 - 91,MAMAK BELEDİYESİ,,BURSA,Bursa Atatürk Spor Salonu,,TUNÇTAN DURMUŞCAN,YİĞİT EMRE ŞİMŞEK,SEYHAN TOPALOĞLU,SERKAN İNCE,RUMEYSA YILDIZ,BERNA EKBİÇ,TEOMAN ÖYLEK,HANDE NUR DOĞAN,Bursa Atatürk Spor Salonu
12.10.2019,15:00,2EA3617,01. Hafta,MANİSA BÜYÜKŞEHİR BELEDİYE,82 - 68,BORNOVA BELEDİYESPOR,,MANİSA,Muradiye Spor Salonu,,TAHSİN KUZU,ABDULLAH KOPUTAN,UYGAR KURT,TURAN CAN OCAKOĞLU,İSMAİL ATAR,SALİH KARAKURT,HEDİYE AYTAŞ SARIASLAN,CEMİLE ÜLKER,Muradiye Spor Salonu
12.10.2019,16:00,2EA3619,01. Hafta,BALIKESİR BÜYÜKŞEHİR BELEDİYESPOR,68 - 67,BANDIRMA KIRMIZI,,BALIKESİR,Kurtdereli Spor Salonu,Youtube / TBF TV,MURAT CİNER,MEHMET ONUR SÖNMEZ,MUZAFFER VARDARLI,MURAT KARTAL,EYLEM KAYA,MUSA ÇALIŞKAN,HAKAN KÜLAHLI,MERVE TELLİBAYRAKTAR,Kurtdereli Spor Salonu
12.10.2019,16:00,2EA3620,01. Hafta,KONYASPOR,89 - 67,BUDO GEMLİK BASKETBOL,,KONYA,Selçuklu Belediyesi Spor Salonu,Youtube / TBF TV,YÜCEL ÇİLİNGİR,BENHÜR İRCEL,MUHAMMET MUSTAFA AKILLIOĞLU,BURAK DEDE,SADETTİN YAMAN,HÜSEYİN BAĞCI,MUSTAFA HARTÜN,EMİNE HARTÜN,Selçuklu Belediyesi Spor Salonu
12.10.2019,16:00,2EA3621,01. Hafta,PETKİM SPOR,75 - 72,AKHİSAR BELEDİYE,,İZMİR,Enka Spor Salonu,,UĞUR ÖZEN,FATİH GÜLER,AHMET KEMAL DİGİLLİ,MUSTAFA BİÇER,İLAYDA DİNÇEL,GÜLTEKİN DAĞDEVİREN,ÖMER DURSUN,ONUR BURAK,Enka Spor Salonu
12.10.2019,17:00,2EA3616,01. Hafta,SAMSUNSPOR,52 - 72,MERKEZEFENDİ BELEDİYESİ,,SAMSUN,Mustafa Dağıstanlı Spor Salonu,,ÖNDER YILMAZ,ABDULLAH İLİK,YİĞİT GÖNÜLTAŞ,KAYA EREZ,YEŞİM YILDIZ COŞKUN,MERVE SERDAR,ÇAĞRI TEMUR,ESRA BAYZAT,Mustafa Dağıstanlı Spor Salonu
18.10.2019,18:00,2EA3624,02. Hafta,BORNOVA BELEDİYESPOR,79 - 57,SAMSUNSPOR,,İZMİR,Altındağ Atatürk Spor Kompleksi,,GÖKSUN ÖZ,SERDAR SARAÇ,AHMET MURAT ARIKANLI,MURAT KARTAL,HÜSNİYE ÇOBAN,GÜLÇİN AKIN,MERAL DURMAZ,SİNEM ÖZAYDIN,Altındağ Atatürk Spor Kompleksi
18.10.2019,19:00,2EA3623,02. Hafta,MERKEZEFENDİ BELEDİYESİ,83 - 68,1881 DÜZCE BELEDİYE,,DENİZLİ,Pamukkale Üniversitesi Spor Salonu,Youtube / TBF TV,ERGİN SARI,MESUT ÖZTÜRK,BURAK YILMAZ,DİDEM SÜER,ZEHRA NUR TÜRK,MELEK ERYÜRÜK,SEHER GEZER,AYŞE ERİŞ,Pamukkale Üniversitesi Spor Salonu
19.10.2019,16:00,2EA3625,02. Hafta,MAMAK BELEDİYESİ,81 - 65,MANİSA BÜYÜKŞEHİR BELEDİYE,,ANKARA,Mamak Belediyesi Spor Salonu,Youtube / TBF TV,AYDIN KARAÇAM,İZEL DENİZ PEHLİVAN ÇAKICI,SAMET ERDOĞAN,LÜTFİYE TAŞPINAR,ARDA GÜRBÜZ,NİHAN ÜNSAL,SİNA KÜÇÜKDİLEK,GÖKTÜRK FULSER,Mamak Belediyesi Spor Salonu
19.10.2019,17:00,2EA3627,02. Hafta,BUDO GEMLİK BASKETBOL,65 - 77,BALIKESİR BÜYÜKŞEHİR BELEDİYESPOR,,BURSA,Gemlik Spor Salonu,,TURGUT IŞIK,YİĞİT GÖNÜLTAŞ,UMUT ÖZGÜN ERGÜN,ALPER ERİN,AYÇA ÜNLÜ,ADEM ÇATALKAŞ,FATİH DURGUT,GAMZE BİÇER,Gemlik Spor Salonu
19.10.2019,17:00,2EA3628,02. Hafta,AKHİSAR BELEDİYE,74 - 57,KONYASPOR,,MANİSA,Akhisar Belediye Spor Salonu,Youtube / TBF TV,TEKİN ÖZÜBİR,ERHAN GÜRSEL,AHMET TANER İBİN,MUSTAFA SAİT BATTALGAZİ,ESRA HOZANLI,TUĞBERK ŞENGÜLDÜREN,GÜL YILDIRIM,MERVE GÜNER,Akhisar Belediye Spor Salonu
19.10.2019,17:00,2EA3629,02. Hafta,LOKMAN HEKİM FETHİYE BELEDİYESPOR,78 - 72,PETKİM SPOR,,MUĞLA,Fethiye Beşkaza Spor Salonu,,TUNÇTAN DURMUŞCAN,YİĞİT EMRE ŞİMŞEK,MEHMET ONUR SÖNMEZ,ÖZGÜR NALBANT,SEVGİ ÖZKAN,NEVİN YAVAŞ ERTUĞRUL,TUNCER FİKRİ ERTUĞRUL,GÜLCAN KARABULUT,Fethiye Beşkaza Spor Salonu
19.10.2019,17:00,2EA3630,02. Hafta,SEMT77 YALOVASPOR,77 - 74,ANADOLU BASKET,,YALOVA,90. Yıl Spor Salonu,,TOLGA EDİS,ABDULLAH KOPUTAN,MUHAMMED MURAT ZAFER,EBRU ÖZTAŞKIRAN,ELMAS DEMİREL AYDEMİR,KÜBRA KAYA,ALPER İŞLER,FURKAN ŞENER,90. Yıl Spor Salonu
20.10.2019,14:00,2EA3626,02. Hafta,BANDIRMA KIRMIZI,86 - 74,FİNAL GENÇLİK,,BALIKESİR,Teksüt Kara Ali Acar Spor Salonu,,İBRAHİM ALTINTAŞ,NAZLI ÇİSİL GÜNGÖR,AHMET KEMAL DİGİLLİ,SAVAŞ BAYRAM ERTÜRK,IŞIL ÖZKAN,ESİN ÖZSÜRMELİ,HAKAN KÜLAHLI,MERT TELLİBAYRAKTAR,Teksüt Kara Ali Acar Spor Salonu
25.10.2019,18:00,2EA3631,03. Hafta,1881 DÜZCE BELEDİYE,68 - 54,BORNOVA BELEDİYESPOR,,DÜZCE,Kalıcı Konutlar Merkez Spor Salonu,,YÜCEL ÇİLİNGİR,TOLGA EDİS,MUHAMMET MUSTAFA AKILLIOĞLU,HÜSEYİN HAKAN KUDAK,ONUR OROÇ,UĞURCAN SALÇIK,MERTCAN AKGÜL,EMRE ARSLAN,Kalıcı Konutlar Merkez Spor Salonu
25.10.2019,19:00,2EA3638,03. Hafta,MERKEZEFENDİ BELEDİYESİ,72 - 87,SEMT77 YALOVASPOR,,DENİZLİ,Pamukkale Üniversitesi Spor Salonu,Youtube / TBF TV,UĞUR ÖZEN,NAZLI ÇİSİL GÜNGÖR,ANIL VEZİROĞLU,ÖZGÜR NALBANT,ZEHRA NUR TÜRK,SEHER GEZER,BURAK MAY,RAMAZAN ERİŞ,Pamukkale Üniversitesi Spor Salonu
26.10.2019,14:30,2EA3634,03. Hafta,FİNAL GENÇLİK,98 - 85,BUDO GEMLİK BASKETBOL,,BURSA,Bursa Atatürk Spor Salonu,Youtube / TBF TV,MURAT CİNER,MESUT ÖZTÜRK,MUSTAFA CANDEMİR TABAK,MUSTAFA DURGUT,SİNEM ERTEM,ADEM ÇATALKAŞ,TEOMAN ÖYLEK,SABRİYE ERKAPLAN,Bursa Atatürk Spor Salonu
26.10.2019,15:00,2EA3632,03. Hafta,SAMSUNSPOR,66 - 73,MAMAK BELEDİYESİ,,SAMSUN,Mustafa Dağıstanlı Spor Salonu,Youtube / TBF TV,ERGİN SARI,OGÜN CILIZ,AYHAN BAYKARA,KAYA EREZ,MERVE SERDAR,KÜBRA YILDIZ,MİHRİBAN PEKER,BATUHAN BERK DEMİR,Mustafa Dağıstanlı Spor Salonu
26.10.2019,15:00,2EA3633,03. Hafta,MANİSA BÜYÜKŞEHİR BELEDİYE,70 - 65,BANDIRMA KIRMIZI,,MANİSA,Muradiye Spor Salonu,Youtube / TBF TV,SAMİ ÖZEL,AHMET TANER İBİN,SEYHAN TOPALOĞLU,MEHMET KANER,SERAP CAN,ESRA GÜLSUYU,HEDİYE AYTAŞ SARIASLAN,RABİA BAŞKESEN,Muradiye Spor Salonu
26.10.2019,16:00,2EA3635,03. Hafta,BALIKESİR BÜYÜKŞEHİR BELEDİYESPOR,74 - 70,AKHİSAR BELEDİYE,,BALIKESİR,Kurtdereli Spor Salonu,Youtube / TBF TV,ÖNDER YILMAZ,ABDULLAH KOPUTAN,SERDAR SARAÇ,İLKE ORTAÇ ALATAN,GAMZE ATİLA,MERT TELLİBAYRAKTAR,METİN IŞIK,GÜRBÜZ KOÇOĞLU,Kurtdereli Spor Salonu
26.10.2019,16:00,2EA3636,03. Hafta,KONYASPOR,88 - 89,LOKMAN HEKİM FETHİYE BELEDİYESPOR,,KONYA,Selçuklu Belediyesi Spor Salonu,Youtube / TBF TV,TAHSİN KUZU,KEREM YILMAZ,SAMET ERDOĞAN,DERYA ANTAŞ,SÜLEYMAN KEMAL HOROZOĞLU,BEYTULLAH KARTAL,MUSTAFA HARTÜN,AYKUT ÇETİN,Selçuklu Belediyesi Spor Salonu
26.10.2019,16:00,2EA3637,03. Hafta,PETKİM SPOR,100 - 58,ANADOLU BASKET,,İZMİR,Enka Spor Salonu,Youtube / TBF TV,TEKİN ÖZÜBİR,UYGAR KURT,HAKAN GEREY,SERKAN İNCE,SİNEM BİRTÜRK,İRFAN TEMELLİ,MERAL DURMAZ,GİZEM ÖZAYDIN,Enka Spor Salonu
1.11.2019,16:30,2EA3644,04. Hafta,ANADOLU BASKET,83 - 94,KONYASPOR,,ANKARA,TOBB ETÜ Spor Salonu,Youtube / TBF TV,MURAT CİNER,NAZLI ÇİSİL GÜNGÖR,MESUT ÖZTÜRK,İBRAHİM EMRE AYDEMİR,SAHRA ÇOKER,SEÇİL ÇAPKINOĞLU,PELİN KUZU,RESUL GEÇER,TOBB ETÜ Spor Salonu
1.11.2019,18:00,2EA3646,04. Hafta,BORNOVA BELEDİYESPOR,80 - 72,MERKEZEFENDİ BELEDİYESİ,,İZMİR,Altındağ Atatürk Spor Kompleksi,Youtube / TBF TV,SAMİ ÖZEL,YİĞİT EMRE ŞİMŞEK,MUZAFFER VARDARLI,SERKAN İNCE,MEHMET AKINCI,MESUT KARABULUT,CANSU ÇOBAN,CEREN ARIKAN BAYKUŞ,Altındağ Atatürk Spor Kompleksi
2.11.2019,15:00,2EA3642,04. Hafta,AKHİSAR BELEDİYE,84 - 91,FİNAL GENÇLİK,,MANİSA,Akhisar Belediye Spor Salonu,Youtube / TBF TV,TAHSİN KUZU,TOLGA EDİS,MEHMET ONUR SÖNMEZ,MUSTAFA SAİT BATTALGAZİ,İSMAİL ATAR,ESRA HOZANLI,SALİH KARAKURT,ÜMRAN BUKET IŞILDAK,Akhisar Belediye Spor Salonu
2.11.2019,16:00,2EA3639,04. Hafta,MAMAK BELEDİYESİ,97 - 78,1881 DÜZCE BELEDİYE,,ANKARA,Mamak Belediyesi Spor Salonu,Youtube / TBF TV,TURGUT IŞIK,GÖKSUN ÖZ,CEMİL UYGÜL,İHSAN KÜÇÜKAYCAN,FATMA ÇELİK,TUNCER ULUŞEKER,FUNDA KONCA,GÖKTÜRK FULSER,Mamak Belediyesi Spor Salonu
2.11.2019,17:00,2EA3641,04. Hafta,BUDO GEMLİK BASKETBOL,59 - 79,MANİSA BÜYÜKŞEHİR BELEDİYE,,BURSA,Gemlik Spor Salonu,Youtube / TBF TV,İBRAHİM ALTINTAŞ,AHMET KEMAL DİGİLLİ,AHMET MURAT ARIKANLI,MUSTAFA KOCAEREN,CEREN YAVUZ,SEVDA USTA,ABDULLAH KURT,SUELNUR ÇELİK,Gemlik Spor Salonu
2.11.2019,17:00,2EA3643,04. Hafta,LOKMAN HEKİM FETHİYE BELEDİYESPOR,91 - 94,BALIKESİR BÜYÜKŞEHİR BELEDİYESPOR,,MUĞLA,Fethiye Beşkaza Spor Salonu,Youtube / TBF TV,ERHAN GÜRSEL,EGEMEN ERCAN,ALİCAN ALICI,ÖZGÜR NALBANT,BUSE NUR KAHYAOĞULLARI,GÜLCAN KARABULUT,HİKMET NİSA YILDIZ,EMRE TURAN,Fethiye Beşkaza Spor Salonu
2.11.2019,17:00,2EA3645,04. Hafta,SEMT77 YALOVASPOR,72 - 73,PETKİM SPOR,,YALOVA,90. Yıl Spor Salonu,Youtube / TBF TV,SERTAN KIRKLAR,KEREM YILMAZ,BATUHAN SÖYLEMEZOĞLU,ZAFER ÖZGÜN,ELMAS DEMİREL AYDEMİR,KÜBRA KAYA,ÇAĞLAR SARIDEDE,AYSEL GÜNER,90. Yıl Spor Salonu
3.11.2019,15:00,2EA3640,04. Hafta,BANDIRMA KIRMIZI,85 - 60,SAMSUNSPOR,,BALIKESİR,Teksüt Kara Ali Acar Spor Salonu,Youtube / TBF TV,SÜLEYMAN DAĞDER DAĞLI,ABDULLAH KOPUTAN,MUHAMMED MURAT ZAFER,MUSTAFA DURGUT,MUSA ÇALIŞKAN,IŞIL ÖZKAN,HAKAN KÜLAHLI,ESİN ÖZSÜRMELİ,Teksüt Kara Ali Acar Spor Salonu
8.11.2019,18:00,2EA3654,05. Hafta,BORNOVA BELEDİYESPOR,84 - 66,SEMT77 YALOVASPOR,,İZMİR,Altındağ Atatürk Spor Kompleksi,Youtube / TBF TV,ERGİN SARI,MEHMET ONUR SÖNMEZ,EYYÜP AYHAN,MUSTAFA SAİT BATTALGAZİ,İLAYDA DİNÇEL,SİNEM BİRTÜRK,ALİ DEVECİ,SONER AKARSU,Altındağ Atatürk Spor Kompleksi
8.11.2019,18:00,2EA3647,05. Hafta,1881 DÜZCE BELEDİYE,64 - 75,BANDIRMA KIRMIZI,,DÜZCE,Kalıcı Konutlar Merkez Spor Salonu,Youtube / TBF TV,SERTAN KIRKLAR,SERDAR SARAÇ,MUSTAFA CANDEMİR TABAK,UĞUR ERHAN DEDEŞAH,ONUR OROÇ,UĞURCAN SALÇIK,EMRE ARSLAN,MERTCAN AKGÜL,Kalıcı Konutlar Merkez Spor Salonu
8.11.2019,19:00,2EA3653,05. Hafta,MERKEZEFENDİ BELEDİYESİ,85 - 87,MAMAK BELEDİYESİ,,DENİZLİ,Pamukkale Üniversitesi Spor Salonu,Youtube / TBF TV,ERHAN GÜRSEL,AHMET KEMAL DİGİLLİ,HAKAN GEREY,ÖZGÜR NALBANT,AYŞE ERİŞ,MELEK ERYÜRÜK,AHMET ERYÜRÜK,TUĞBA KALEM,Pamukkale Üniversitesi Spor Salonu
9.11.2019,14:30,2EA3650,05. Hafta,FİNAL GENÇLİK,73 - 80,LOKMAN HEKİM FETHİYE BELEDİYESPOR,,BURSA,Bursa Atatürk Spor Salonu,Youtube / TBF TV,SAMİ ÖZEL,UMUT ÖZGÜN ERGÜN,ANIL VEZİROĞLU,SERKAN İNCE,İREM ERGEN,NİDA ECE TÜZÜK,FATİH DURGUT,RUMEYSA YILDIZ,Bursa Atatürk Spor Salonu
9.11.2019,15:00,2EA3649,05. Hafta,MANİSA BÜYÜKŞEHİR BELEDİYE,64 - 69,AKHİSAR BELEDİYE,,MANİSA,Muradiye Spor Salonu,Youtube / TBF TV,YÜCEL ÇİLİNGİR,YİĞİT EMRE ŞİMŞEK,BURAK YILMAZ,İLKE ORTAÇ ALATAN,HEDİYE AYTAŞ SARIASLAN,TUĞBERK ŞENGÜLDÜREN,GÜL YILDIRIM,BUSE GÖRER,Muradiye Spor Salonu
9.11.2019,16:00,2EA3651,05. Hafta,BALIKESİR BÜYÜKŞEHİR BELEDİYESPOR,95 - 72,ANADOLU BASKET,,BALIKESİR,Kurtdereli Spor Salonu,Youtube / TBF TV,ORKUN YURTTAŞ,ABDULLAH İLİK,BATUHAN KÜMÜKOĞLU,EBRU ÖZTAŞKIRAN,GAMZE ATİLA,MERT TELLİBAYRAKTAR,METİN IŞIK,GÜRBÜZ KOÇOĞLU,Kurtdereli Spor Salonu
9.11.2019,16:00,2EA3652,05. Hafta,KONYASPOR,71 - 65,PETKİM SPOR,,KONYA,Selçuklu Belediyesi Spor Salonu,Youtube / TBF TV,AYDIN KARAÇAM,OGÜN CILIZ,AYHAN BAYKARA,FİLİZ ÖGET,OSMAN KESER,HÜSEYİN BAĞCI,MUSTAFA HARTÜN,RABİA UZUNTÜRK,Selçuklu Belediyesi Spor Salonu
9.11.2019,17:00,2EA3648,05. Hafta,SAMSUNSPOR,101 - 92,BUDO GEMLİK BASKETBOL,,SAMSUN,Mustafa Dağıstanlı Spor Salonu,Youtube / TBF TV,EGEMEN ERCAN,OZAN GÖNEN,ALPER ELÇİKOCA,CUMHUR ARSLAN,GİZEM PİR,MERVE SERDAR,HÜSEYİN MERT ŞEKER,ESRA BAYZAT,Mustafa Dağıstanlı Spor Salonu
15.11.2019,16:30,2EA3658,06. Hafta,ANADOLU BASKET,93 - 99,FİNAL GENÇLİK,,ANKARA,TOBB ETÜ Spor Salonu,Youtube / TBF TV,YÜCEL ÇİLİNGİR,NİHAT ÇETİN,BURAK YILMAZ,İBRAHİM EMRE AYDEMİR,FATMA ÇELİK,SİNA KÜÇÜKDİLEK,ARDA GÜRBÜZ,GÖKTÜRK FULSER,TOBB ETÜ Spor Salonu
16.11.2019,16:00,2EA3659,06. Hafta,PETKİM SPOR,92 - 75,BALIKESİR BÜYÜKŞEHİR BELEDİYESPOR,,İZMİR,Enka Spor Salonu,Youtube / TBF TV,TAHSİN KUZU,TOLGA EDİS,MUHAMMED MURAT ZAFER,MEHMET KANER,ELİF KALENDER,BERRİN TURAN,CANSU ÇOBAN,ŞAHİN ŞANLI,Enka Spor Salonu
16.11.2019,16:00,2EA3662,06. Hafta,MAMAK BELEDİYESİ,95 - 104,BORNOVA BELEDİYESPOR,,ANKARA,Mamak Belediyesi Spor Salonu,Youtube / TBF TV,TEKİN ÖZÜBİR,BENHÜR İRCEL,BATUHAN KÜMÜKOĞLU,BAHA KAÇIN,SEÇİL ÇAPKINOĞLU,YUNUS KAHRAMAN,MURATCAN KOLÇAK,SİBEL FAZLIOĞLU,Mamak Belediyesi Spor Salonu
16.11.2019,16:00,2EA3660,06. Hafta,KONYASPOR,95 - 76,SEMT77 YALOVASPOR,,KONYA,Selçuklu Belediyesi Spor Salonu,Youtube / TBF TV,İBRAHİM ALTINTAŞ,GÖKSUN ÖZ,MUZAFFER VARDARLI,EBRU ÖZTAŞKIRAN,SADETTİN YAMAN,BEYTULLAH KARTAL,MUSTAFA HARTÜN,AYKUT ÇETİN,Selçuklu Belediyesi Spor Salonu
16.11.2019,17:00,2EA3655,06. Hafta,BUDO GEMLİK BASKETBOL,79 - 80,1881 DÜZCE BELEDİYE,,BURSA,Gemlik Spor Salonu,Youtube / TBF TV,ÖNDER YILMAZ,SEYHAN TOPALOĞLU,EYYÜP AYHAN,ALPER ERİN,ESRA AL,ADEM ÇATALKAŞ,ERAY BABAHANOĞLU,ÇİGDEM AKYILDIZ,Gemlik Spor Salonu
16.11.2019,17:00,2EA3656,06. Hafta,AKHİSAR BELEDİYE,86 - 73,SAMSUNSPOR,,MANİSA,Akhisar Belediye Spor Salonu,Youtube / TBF TV,MURAT CİNER,MESUT ÖZTÜRK,BATUHAN SÖYLEMEZOĞLU,SERKAN İNCE,ESRA HOZANLI,SERAP CAN,SALİH KARAKURT,ÜMRAN BUKET IŞILDAK,Akhisar Belediye Spor Salonu
16.11.2019,17:00,2EA3657,06. Hafta,LOKMAN HEKİM FETHİYE BELEDİYESPOR,72 - 63,MANİSA BÜYÜKŞEHİR BELEDİYE,,MUĞLA,Fethiye Beşkaza Spor Salonu,Youtube / TBF TV,UĞUR ÖZEN,ABDULLAH KOPUTAN,İSMAİL BİNBİR,ÖZGÜR NALBANT,FERİDE BAHTINUR AĞIOĞLU,NEVİN YAVAŞ ERTUĞRUL,TUNCER FİKRİ ERTUĞRUL,BEDİR KARABÖRKLÜ,Fethiye Beşkaza Spor Salonu
17.11.2019,14:00,2EA3661,06. Hafta,BANDIRMA KIRMIZI,77 - 82,MERKEZEFENDİ BELEDİYESİ,,BALIKESİR,Teksüt Kara Ali Acar Spor Salonu,Youtube / TBF TV,FATİH GÜLER,KEREM YILMAZ,ALİCAN ALICI,HAKAN BEŞTEPE,GAMZE ATİLA,MERT TELLİBAYRAKTAR,METİN IŞIK,OGÜN KURTULUŞ,Teksüt Kara Ali Acar Spor Salonu
22.11.2019,18:00,2EA3669,07. Hafta,BORNOVA BELEDİYESPOR,68 - 87,BANDIRMA KIRMIZI,,İZMİR,Altındağ Atatürk Spor Kompleksi,Youtube / TBF TV,MURAT CİNER,UMUT ÖZGÜN ERGÜN,NİHAT ÇETİN,SERKAN İNCE,MERAL DURMAZ,DİLEK DOĞAN KARACA,KEMAL AYPARS,İLAYDA DİNÇEL,Altındağ Atatürk Spor Kompleksi
22.11.2019,18:00,2EA3663,07. Hafta,1881 DÜZCE BELEDİYE,47 - 81,AKHİSAR BELEDİYE,,DÜZCE,Kalıcı Konutlar Merkez Spor Salonu,Youtube / TBF TV,ORKUN YURTTAŞ,ABDULLAH KOPUTAN,ABDULLAH İLİK,UĞUR ERHAN DEDEŞAH,EMRE ARSLAN,UĞURCAN SALÇIK,ONUR OROÇ,MURAT ORHAN,Kalıcı Konutlar Merkez Spor Salonu
22.11.2019,19:00,2EA3668,07. Hafta,MERKEZEFENDİ BELEDİYESİ,91 - 92,BUDO GEMLİK BASKETBOL,,DENİZLİ,Pamukkale Üniversitesi Spor Salonu,Youtube / TBF TV,TAHSİN KUZU,SERDAR SARAÇ,BATUHAN SÖYLEMEZOĞLU,DİDEM SÜER,MELEK ERYÜRÜK,RAMAZAN ERİŞ,AHMET ERYÜRÜK,TUĞBA KALEM,Pamukkale Üniversitesi Spor Salonu
23.11.2019,14:30,2EA3666,07. Hafta,FİNAL GENÇLİK,83 - 90,PETKİM SPOR,,BURSA,Bursa Atatürk Spor Salonu,Youtube / TBF TV,UĞUR ÖZEN,GÖKSUN ÖZ,HALİL ERKOÇ,MELİH SABRİ KAZMAZ,SABRİYE ERKAPLAN,CEREN YAVUZ,ERAY BABAHANOĞLU,AYÇA ÜNLÜ,Bursa Atatürk Spor Salonu
23.11.2019,15:00,2EA3665,07. Hafta,MANİSA BÜYÜKŞEHİR BELEDİYE,74 - 61,ANADOLU BASKET,,MANİSA,Muradiye Spor Salonu,Youtube / TBF TV,ERHAN GÜRSEL,YİĞİT GÖNÜLTAŞ,ANIL VEZİROĞLU,İLKE ORTAÇ ALATAN,MERVE GÜNER,ESRA GÜLSUYU,SALİH KARAKURT,TUĞBERK ŞENGÜLDÜREN,Muradiye Spor Salonu
23.11.2019,16:00,2EA3667,07. Hafta,BALIKESİR BÜYÜKŞEHİR BELEDİYESPOR,72 - 71,KONYASPOR,,BALIKESİR,Kurtdereli Spor Salonu,Youtube / TBF TV,SAMİ ÖZEL,OZAN GÖNEN,BURAK YILMAZ,MUSTAFA DURGUT,IŞIL ÖZKAN,MERT TELLİBAYRAKTAR,METİN IŞIK,YAĞMUR CEREN KARAGÖZ,Kurtdereli Spor Salonu
23.11.2019,16:00,2EA3670,07. Hafta,MAMAK BELEDİYESİ,99 - 92,SEMT77 YALOVASPOR,,ANKARA,Mamak Belediyesi Spor Salonu,Youtube / TBF TV,ÖNDER YILMAZ,YİĞİT EMRE ŞİMŞEK,ALPER ELÇİKOCA,EREN KÜÇÜKSOLAKOĞLU,LEVENT UĞUR,PELİN KUZU,FATİH DEMİRCİ,RESUL GEÇER,Mamak Belediyesi Spor Salonu
23.11.2019,17:00,2EA3664,07. Hafta,SAMSUNSPOR,60 - 69,LOKMAN HEKİM FETHİYE BELEDİYESPOR,,SAMSUN,Mustafa Dağıstanlı Spor Salonu,Youtube / TBF TV,SERTAN KIRKLAR,MUHAMMET MUSTAFA AKILLIOĞLU,MUZAFFER VARDARLI,KAYA EREZ,ESRA BAYZAT,BATUHAN BERK DEMİR,MURAT ŞENDERE,DAMLA CAN ASAN,Mustafa Dağıstanlı Spor Salonu
29.11.2019,16:30,2EA3672,08. Hafta,ANADOLU BASKET,77 - 76,SAMSUNSPOR,,ANKARA,TOBB ETÜ Spor Salonu,Youtube / TBF TV,İBRAHİM ALTINTAŞ,GÖKSUN ÖZ,İSMAİL BİNBİR,HALDUN KUNT,SİBEL FAZLIOĞLU,VEYSEL SİNAN TUNCER,FATİH DEMİRCİ,SİMAY ÇAKMAK,TOBB ETÜ Spor Salonu
30.11.2019,16:00,2EA3673,08. Hafta,PETKİM SPOR,79 - 75,MANİSA BÜYÜKŞEHİR BELEDİYE,,İZMİR,Enka Spor Salonu,Youtube / TBF TV,MURAT CİNER,MESUT ÖZTÜRK,BATUHAN SÖYLEMEZOĞLU,DİDEM SÜER,ELİF KALENDER,SEVERCAN GÜVEN,GÜLTEKİN DAĞDEVİREN,SİNEM YENİ,Enka Spor Salonu
30.11.2019,16:00,2EA3674,08. Hafta,KONYASPOR,95 - 94,FİNAL GENÇLİK,,KONYA,Selçuklu Belediyesi Spor Salonu,Youtube / TBF TV,ÖNDER YILMAZ,İZEL DENİZ PEHLİVAN ÇAKICI,MUHAMMED MURAT ZAFER,DERYA ANTAŞ,RABİA UZUNTÜRK,MUSTAFA HARTÜN,AYKUT ÇETİN,OSMAN KESER,Selçuklu Belediyesi Spor Salonu
30.11.2019,17:00,2EA3671,08. Hafta,LOKMAN HEKİM FETHİYE BELEDİYESPOR,79 - 74,1881 DÜZCE BELEDİYE,,MUĞLA,Fethiye Beşkaza Spor Salonu,Youtube / TBF TV,ERGİN SARI,YİĞİT EMRE ŞİMŞEK,ALPER ELÇİKOCA,GÖRKEM BIÇAKCIOĞLU,SEVGİ ÖZKAN,GÜLCAN KARABULUT,EVREN ERTOY,MEHMET NAHIRSÜREN,Fethiye Beşkaza Spor Salonu
30.11.2019,17:00,2EA3675,08. Hafta,SEMT77 YALOVASPOR,89 - 87,BALIKESİR BÜYÜKŞEHİR BELEDİYESPOR,,YALOVA,90. Yıl Spor Salonu,Youtube / TBF TV,YÜCEL ÇİLİNGİR,ABDULLAH KOPUTAN,ANIL VEZİROĞLU,HURŞİT CEM AKAN,EMİNE AK,ÇAĞLAR SARIDEDE,GÖKÇEN ŞAHİN,ELMAS DEMİREL AYDEMİR,90. Yıl Spor Salonu
30.11.2019,17:00,2EA3676,08. Hafta,AKHİSAR BELEDİYE,90 - 79,MERKEZEFENDİ BELEDİYESİ,,MANİSA,Akhisar Belediye Spor Salonu,Youtube / TBF TV,EGEMEN ERCAN,SEYHAN TOPALOĞLU,UMUT ÖZGÜN ERGÜN,İLKE ORTAÇ ALATAN,MERVE GÜNER,ESRA GÜLSUYU,TUĞBERK ŞENGÜLDÜREN,ESRA HOZANLI,Akhisar Belediye Spor Salonu
30.11.2019,17:00,2EA3677,08. Hafta,BUDO GEMLİK BASKETBOL,79 - 64,BORNOVA BELEDİYESPOR,,BURSA,Gemlik Spor Salonu,Youtube / TBF TV,ERHAN GÜRSEL,AHMET KEMAL DİGİLLİ,SAMET ERDOĞAN,SERKAN İNCE,SABRİYE ERKAPLAN,ABDULLAH KURT,FATİH DURGUT,ÇİGDEM AKYILDIZ,Gemlik Spor Salonu
1.12.2019,14:00,2EA3678,08. Hafta,BANDIRMA KIRMIZI,70 - 63,MAMAK BELEDİYESİ,,BALIKESİR,Teksüt Kara Ali Acar Spor Salonu,Youtube / TBF TV,TUNÇTAN DURMUŞCAN,AHMET TANER İBİN,MUZAFFER VARDARLI,MUSTAFA DURGUT,ESİN ÖZSÜRMELİ,ERCAN ÇAVUŞOĞLU,IŞIL ÖZKAN,GÜRBÜZ KOÇOĞLU,Teksüt Kara Ali Acar Spor Salonu
3.12.2019,19:00,2EA3683,09. Hafta,MERKEZEFENDİ BELEDİYESİ,89 - 78,LOKMAN HEKİM FETHİYE BELEDİYESPOR,,DENİZLİ,Pamukkale Üniversitesi Spor Salonu,Youtube / TBF TV,TURGUT IŞIK,HALİL ERKOÇ,ABDULLAH İLİK,MUSTAFA SAİT BATTALGAZİ,ZEHRA NUR TÜRK,SEHER GEZER,AHMET ERYÜRÜK,FATMA NUR DİKMEN ÇOBAN,Pamukkale Üniversitesi Spor Salonu
4.12.2019,14:30,2EA3682,09. Hafta,FİNAL GENÇLİK,93 - 86,BALIKESİR BÜYÜKŞEHİR BELEDİYESPOR,,BURSA,Bursa Atatürk Spor Salonu,Youtube / TBF TV,AYDIN KARAÇAM,OGÜN CILIZ,NİHAT ÇETİN,MURAT KARTAL,İREM ERGEN,TEOMAN ÖYLEK,BERNA EKBİÇ,SELİME ALTUNTAŞ,Bursa Atatürk Spor Salonu
4.12.2019,15:00,2EA3685,09. Hafta,MAMAK BELEDİYESİ,93 - 99,BUDO GEMLİK BASKETBOL,,ANKARA,Mamak Belediyesi Spor Salonu,Youtube / TBF TV,SÜLEYMAN DAĞDER DAĞLI,MUHAMMET MUSTAFA AKILLIOĞLU,EYYÜP AYHAN,İHSAN KÜÇÜKAYCAN,SİBEL FAZLIOĞLU,ONUR YEŞİLBAĞ,FATİH ŞEN,ARDA GÜRBÜZ,Mamak Belediyesi Spor Salonu
4.12.2019,16:00,2EA3686,09. Hafta,BANDIRMA KIRMIZI,97 - 75,SEMT77 YALOVASPOR,,BALIKESİR,Teksüt Kara Ali Acar Spor Salonu,Youtube / TBF TV,ORKUN YURTTAŞ,NAZLI ÇİSİL GÜNGÖR,BURAK YILMAZ,EBRU ÖZTAŞKIRAN,IŞIL ÖZKAN,MEHMET GÖKAY SEVİNÇ,GAMZE ATİLA,MERVE TELLİBAYRAKTAR,Teksüt Kara Ali Acar Spor Salonu
4.12.2019,18:00,2EA3679,09. Hafta,1881 DÜZCE BELEDİYE,109 - 92,ANADOLU BASKET,,DÜZCE,Kalıcı Konutlar Merkez Spor Salonu,Youtube / TBF TV,TEKİN ÖZÜBİR,OZAN GÖNEN,CEMİL UYGÜL,BURAK DEDE,ONUR OROÇ,EMRE ARSLAN,MERTCAN AKGÜL,GÜLNİHAL ERDEM,Kalıcı Konutlar Merkez Spor Salonu
4.12.2019,18:00,2EA3681,09. Hafta,MANİSA BÜYÜKŞEHİR BELEDİYE,65 - 52,KONYASPOR,,MANİSA,Muradiye Spor Salonu,Youtube / TBF TV,TAHSİN KUZU,UYGAR KURT,MUSTAFA CANDEMİR TABAK,İLKE ORTAÇ ALATAN,SERAP CAN,MERVE GÜNER,SALİH KARAKURT,CEMİLE ÜLKER,Muradiye Spor Salonu
4.12.2019,18:00,2EA3684,09. Hafta,BORNOVA BELEDİYESPOR,79 - 64,AKHİSAR BELEDİYE,,İZMİR,Altındağ Atatürk Spor Kompleksi,Youtube / TBF TV,SAMİ ÖZEL,SERDAR SARAÇ,YİĞİT GÖNÜLTAŞ,MEHMET KANER,CANSU ÇOBAN,GÜLÇİN AKIN,ŞAHİN ŞANLI,ASUMAN ARICAN ATAY,Altındağ Atatürk Spor Kompleksi
4.12.2019,19:00,2EA3680,09. Hafta,SAMSUNSPOR,60 - 73,PETKİM SPOR,,SAMSUN,Mustafa Dağıstanlı Spor Salonu,Youtube / TBF TV,TOLGA EDİS,AHMET MURAT ARIKANLI,AYHAN BAYKARA,NAZLI AYYILDIZ TURAN,MERVE SERDAR,MURAT ŞENDERE,HÜSEYİN MERT ŞEKER,ESRA BAYZAT,Mustafa Dağıstanlı Spor Salonu
6.12.2019,17:30,2EA3691,10. Hafta,ANADOLU BASKET,91 - 112,MERKEZEFENDİ BELEDİYESİ,,ANKARA,TOBB ETÜ Spor Salonu,Youtube / TBF TV,ÖNDER YILMAZ,İZEL DENİZ PEHLİVAN ÇAKICI,BATUHAN KÜMÜKOĞLU,İBRAHİM EMRE AYDEMİR,PELİN KUZU,SİNA KÜÇÜKDİLEK,RESUL GEÇER,TUNCER ULUŞEKER,TOBB ETÜ Spor Salonu
7.12.2019,16:00,2EA3689,10. Hafta,BALIKESİR BÜYÜKŞEHİR BELEDİYESPOR,78 - 82,MANİSA BÜYÜKŞEHİR BELEDİYE,,BALIKESİR,Kurtdereli Spor Salonu,Youtube / TBF TV,ORKUN YURTTAŞ,GÖKSUN ÖZ,SERDAR SARAÇ,EBRU ÖZTAŞKIRAN,IŞIL ÖZKAN,ESİN ÖZSÜRMELİ,HAKAN KÜLAHLI,IŞIL ÖZKAN,Kurtdereli Spor Salonu
7.12.2019,17:00,2EA3690,10. Hafta,SEMT77 YALOVASPOR,66 - 85,FİNAL GENÇLİK,,YALOVA,90. Yıl Spor Salonu,Youtube / TBF TV,ERGİN SARI,AHMET TANER İBİN,ALİCAN ALICI,AHMET MÜNİR GÖKMEN,EMİNE AK,TUFAN KIRKIŞ,GÖKÇEN ŞAHİN,ÖZGEN KIRKIŞ,90. Yıl Spor Salonu
7.12.2019,17:00,2EA3692,10. Hafta,LOKMAN HEKİM FETHİYE BELEDİYESPOR,75 - 70,BORNOVA BELEDİYESPOR,,MUĞLA,Fethiye Beşkaza Spor Salonu,Youtube / TBF TV,AYDIN KARAÇAM,ABDULLAH KOPUTAN,BATUHAN SÖYLEMEZOĞLU,ÖZGÜR NALBANT,BUSE NUR KAHYAOĞULLARI,DUYGU ÇİMEN,ERSAN EKİM,ENES ARSLAN,Fethiye Beşkaza Spor Salonu
7.12.2019,17:00,2EA3693,10. Hafta,AKHİSAR BELEDİYE,85 - 80,MAMAK BELEDİYESİ,,MANİSA,Akhisar Belediye Spor Salonu,Youtube / TBF TV,ERHAN GÜRSEL,TOLGA EDİS,İSMAİL BİNBİR,DİDEM SÜER,İSMAİL ATAR,SALİH KARAKURT,HEDİYE AYTAŞ SARIASLAN,DUDU DİRİK,Akhisar Belediye Spor Salonu
7.12.2019,17:00,2EA3694,10. Hafta,BUDO GEMLİK BASKETBOL,97 - 95,BANDIRMA KIRMIZI,,BURSA,Gemlik Spor Salonu,Youtube / TBF TV,UĞUR ÖZEN,UYGAR KURT,AHMET MURAT ARIKANLI,ALPER ERİN,CEYDA ALTINIRMAK,ADEM ÇATALKAŞ,TUĞBA ÖYLEK,ÇİGDEM AKYILDIZ,Gemlik Spor Salonu
7.12.2019,18:00,2EA3687,10. Hafta,PETKİM SPOR,92 - 68,1881 DÜZCE BELEDİYE,,İZMİR,Enka Spor Salonu,Youtube / TBF TV,FATİH GÜLER,SEYHAN TOPALOĞLU,ANIL VEZİROĞLU,SERKAN İNCE,BERRİN TURAN,CANSU ÇOBAN,MESUT KARABULUT,GÖZDE ONAN,Enka Spor Salonu
8.12.2019,16:00,2EA3688,10. Hafta,KONYASPOR,59 - 57,SAMSUNSPOR,,KONYA,Selçuklu Belediyesi Spor Salonu,Youtube / TBF TV,TUNÇTAN DURMUŞCAN,NAZLI ÇİSİL GÜNGÖR,NİYAZİ YASİN KAHRAMAN,DERYA ANTAŞ,EMİNE HARTÜN,MUSTAFA HARTÜN,OSMAN KESER,AYKUT ÇETİN,Selçuklu Belediyesi Spor Salonu
13.12.2019,18:00,2EA3699,11. Hafta,BORNOVA BELEDİYESPOR,73 - 56,ANADOLU BASKET,,İZMİR,Altındağ Atatürk Spor Kompleksi,Youtube / TBF TV,YÜCEL ÇİLİNGİR,UYGAR KURT,MUSTAFA CANDEMİR TABAK,DİDEM SÜER,CEREN BARAN,FATMA DÖNMEZ,KEMAL AYPARS,MERAL DURMAZ,Altındağ Atatürk Spor Kompleksi
13.12.2019,19:00,2EA3698,11. Hafta,MERKEZEFENDİ BELEDİYESİ,82 - 73,PETKİM SPOR,,DENİZLİ,Pamukkale Üniversitesi Spor Salonu,Youtube / TBF TV,AYDIN KARAÇAM,GÖKSUN ÖZ,EYYÜP AYHAN,MUSTAFA BİÇER,TUĞBA KALEM,MELEK ERYÜRÜK,ÖZLEM IŞIK İNAN,RAMAZAN ERİŞ,Pamukkale Üniversitesi Spor Salonu
14.12.2019,15:00,2EA3697,11. Hafta,MANİSA BÜYÜKŞEHİR BELEDİYE,81 - 61,FİNAL GENÇLİK,,MANİSA,Muradiye Spor Salonu,Youtube / TBF TV,UĞUR ÖZEN,YİĞİT EMRE ŞİMŞEK,YİĞİT GÖNÜLTAŞ,İLKE ORTAÇ ALATAN,ESRA HOZANLI,ESRA GÜLSUYU,ÖZLEM DOĞAN,TUĞBERK TOPLU,Muradiye Spor Salonu
14.12.2019,16:00,2EA3700,11. Hafta,MAMAK BELEDİYESİ,99 - 91,LOKMAN HEKİM FETHİYE BELEDİYESPOR,,ANKARA,Mamak Belediyesi Spor Salonu,Youtube / TBF TV,MURAT CİNER,CEMİL UYGÜL,NİHAT ÇETİN,VEYSEL PEKDOĞAN,SİBEL FAZLIOĞLU,İSMAİL FULSER,SİMAY ÇAKMAK,FUNDA KONCA,Mamak Belediyesi Spor Salonu
14.12.2019,17:00,2EA3695,11. Hafta,1881 DÜZCE BELEDİYE,75 - 73,KONYASPOR,,DÜZCE,Kalıcı Konutlar Merkez Spor Salonu,Youtube / TBF TV,SAMİ ÖZEL,AHMET TANER İBİN,MEHMET ONUR SÖNMEZ,UĞUR ERHAN DEDEŞAH,ONUR OROÇ,MERTCAN AKGÜL,EYÜP ESEN,EMRE ARSLAN,Kalıcı Konutlar Merkez Spor Salonu
14.12.2019,17:00,2EA3696,11. Hafta,SAMSUNSPOR,66 - 86,BALIKESİR BÜYÜKŞEHİR BELEDİYESPOR,,SAMSUN,Mustafa Dağıstanlı Spor Salonu,Youtube / TBF TV,SERTAN KIRKLAR,SEYHAN TOPALOĞLU,ALİCAN ALICI,KAYA EREZ,BATUHAN BERK DEMİR,MERVE SERDAR,FUAT ALBAMYA,MURAT ŞENDERE,Mustafa Dağıstanlı Spor Salonu
14.12.2019,17:00,2EA3702,11. Hafta,BUDO GEMLİK BASKETBOL,69 - 84,SEMT77 YALOVASPOR,,BURSA,Gemlik Spor Salonu,Youtube / TBF TV,TUNÇTAN DURMUŞCAN,OZAN GÖNEN,BATUHAN KÜMÜKOĞLU,AHMET MÜNİR GÖKMEN,HANDE NUR DOĞAN,ADEM ÇATALKAŞ,ÇİGDEM AKYILDIZ,CEREN YAVUZ,Gemlik Spor Salonu
15.12.2019,15:30,2EA3701,11. Hafta,BANDIRMA KIRMIZI,80 - 67,AKHİSAR BELEDİYE,,BALIKESİR,Teksüt Kara Ali Acar Spor Salonu,Youtube / TBF TV,ERGİN SARI,OGÜN CILIZ,ANIL VEZİROĞLU,SAVAŞ BAYRAM ERTÜRK,ESİN ÖZSÜRMELİ,MUSA ÇALIŞKAN,HÜSEYİN GİRGİN,OGÜN KURTULUŞ,Teksüt Kara Ali Acar Spor Salonu
20.12.2019,17:30,2EA3708,12. Hafta,ANADOLU BASKET,81 - 93,MAMAK BELEDİYESİ,,ANKARA,TOBB ETÜ Spor Salonu,Youtube / TBF TV,TAHSİN KUZU,SERDAR SARAÇ,BATUHAN SÖYLEMEZOĞLU,HALDUN KUNT,SÜMEYYE SENEKLİOĞLU,ARDA GÜRBÜZ,SİNA KÜÇÜKDİLEK,SİBEL FAZLIOĞLU,TOBB ETÜ Spor Salonu
21.12.2019,14:30,2EA3704,12. Hafta,FİNAL GENÇLİK,84 - 74,SAMSUNSPOR,,BURSA,Bursa Atatürk Spor Salonu,Youtube / TBF TV,ERHAN GÜRSEL,KEREM YILMAZ,BURAK YILMAZ,SERKAN İNCE,SABRİYE ERKAPLAN,NİDA ECE TÜZÜK,ÖZLEM ÖZKAN,ESRA AL,Bursa Atatürk Spor Salonu
21.12.2019,16:00,2EA3703,12. Hafta,BALIKESİR BÜYÜKŞEHİR BELEDİYESPOR,84 - 79,1881 DÜZCE BELEDİYE,,BALIKESİR,Kurtdereli Spor Salonu,Youtube / TBF TV,TURGUT IŞIK,YİĞİT EMRE ŞİMŞEK,NAZLI ÇİSİL GÜNGÖR,EBRU ÖZTAŞKIRAN,ESİN ÖZSÜRMELİ,MUSA ÇALIŞKAN,MERVE TELLİBAYRAKTAR,HAKAN KÜLAHLI,Kurtdereli Spor Salonu
21.12.2019,16:00,2EA3706,12. Hafta,KONYASPOR,79 - 80,MERKEZEFENDİ BELEDİYESİ,,KONYA,Selçuklu Belediyesi Spor Salonu,Youtube / TBF TV,MURAT CİNER,SÜLEYMAN DAĞDER DAĞLI,MUHAMMED MURAT ZAFER,DERYA ANTAŞ,SADETTİN YAMAN,HÜSEYİN BAĞCI,EMİNE HARTÜN,MUSTAFA HARTÜN,Selçuklu Belediyesi Spor Salonu
21.12.2019,16:00,2EA3707,12. Hafta,PETKİM SPOR,62 - 67,BORNOVA BELEDİYESPOR,,İZMİR,Enka Spor Salonu,Youtube / TBF TV,TEKİN ÖZÜBİR,OZAN GÖNEN,MUZAFFER VARDARLI,GÖRKEM BIÇAKCIOĞLU,GİZEM ÖZAYDIN,ALİ DEVECİ,SİNEM YENİ,İRFAN TEMELLİ,Enka Spor Salonu
21.12.2019,17:00,2EA3705,12. Hafta,SEMT77 YALOVASPOR,75 - 80,MANİSA BÜYÜKŞEHİR BELEDİYE,,YALOVA,90. Yıl Spor Salonu,Youtube / TBF TV,SAMİ ÖZEL,TOLGA EDİS,SAMET ERDOĞAN,RAHŞAN ŞEBNEM TÜMER,ELMAS DEMİREL AYDEMİR,AYSEL GÜNER,ÖZGEN KIRKIŞ,ÇAĞLAR SARIDEDE,90. Yıl Spor Salonu
21.12.2019,17:00,2EA3709,12. Hafta,LOKMAN HEKİM FETHİYE BELEDİYESPOR,81 - 78,BANDIRMA KIRMIZI,,MUĞLA,Fethiye Beşkaza Spor Salonu,Youtube / TBF TV,TUNÇTAN DURMUŞCAN,AHMET KEMAL DİGİLLİ,HAKAN GEREY,MEHMET KANER,SEVGİ ÖZKAN,TUNCER FİKRİ ERTUĞRUL,ENES ARSLAN,HÜSEYİN CENGİZ,Fethiye Beşkaza Spor Salonu
22.12.2019,16:00,2EA3710,12. Hafta,AKHİSAR BELEDİYE,73 - 67,BUDO GEMLİK BASKETBOL,,MANİSA,Akhisar Belediye Spor Salonu,Youtube / TBF TV,SERTAN KIRKLAR,GÖKSUN ÖZ,BENHÜR İRCEL,MURAT KARTAL,İSMAİL ATAR,TUĞBERK ŞENGÜLDÜREN,MERVE GÜNER,GÜL YILDIRIM,Akhisar Belediye Spor Salonu
27.12.2019,18:00,2EA3714,13. Hafta,BORNOVA BELEDİYESPOR,58 - 76,KONYASPOR,,İZMİR,Altındağ Atatürk Spor Kompleksi,Youtube / TBF TV,ERHAN GÜRSEL,GÖKSUN ÖZ,BATUHAN KÜMÜKOĞLU,İLKE ORTAÇ ALATAN,CEREN BARAN,ŞAHİN ŞANLI,GÜLÇİN AKIN,ONUR BURAK,Altındağ Atatürk Spor Kompleksi
27.12.2019,18:00,2EA3711,13. Hafta,1881 DÜZCE BELEDİYE,62 - 73,FİNAL GENÇLİK,,DÜZCE,Kalıcı Konutlar Merkez Spor Salonu,Youtube / TBF TV,FATİH GÜLER,BENHÜR İRCEL,HALİL ERKOÇ,MEHMET KAŞİF BATTAL,ONUR OROÇ,EMRE ARSLAN,MERTCAN AKGÜL,GÜVEN AKSOY,Kalıcı Konutlar Merkez Spor Salonu
27.12.2019,19:00,2EA3713,13. Hafta,MERKEZEFENDİ BELEDİYESİ,70 - 86,BALIKESİR BÜYÜKŞEHİR BELEDİYESPOR,,DENİZLİ,Pamukkale Üniversitesi Spor Salonu,Youtube / TBF TV,TEKİN ÖZÜBİR,CEMİL UYGÜL,NİHAT ÇETİN,GÖRKEM BIÇAKCIOĞLU,FATMA NUR DİKMEN ÇOBAN,ZEHRA NUR TÜRK,SEHER GEZER,ÖZLEM IŞIK İNAN,Pamukkale Üniversitesi Spor Salonu
28.12.2019,16:00,2EA3715,13. Hafta,MAMAK BELEDİYESİ,68 - 88,PETKİM SPOR,,ANKARA,Mamak Belediyesi Spor Salonu,Youtube / TBF TV,YÜCEL ÇİLİNGİR,NAZLI ÇİSİL GÜNGÖR,BURAK YILMAZ,HALDUN KUNT,SAHRA ÇOKER,VEYSEL SİNAN TUNCER,SERDAR KARAGÜÇ,İSMAİL FULSER,Mamak Belediyesi Spor Salonu
28.12.2019,17:00,2EA3712,13. Hafta,SAMSUNSPOR,59 - 56,MANİSA BÜYÜKŞEHİR BELEDİYE,,SAMSUN,Mustafa Dağıstanlı Spor Salonu,Youtube / TBF TV,AYDIN KARAÇAM,MUHAMMET MUSTAFA AKILLIOĞLU,MUZAFFER VARDARLI,CUMHUR ARSLAN,BİLGE SANCAR,MERVE SERDAR,TAYFUN KARAKUM,HÜSEYİN MERT ŞEKER,Mustafa Dağıstanlı Spor Salonu
28.12.2019,17:00,2EA3717,13. Hafta,BUDO GEMLİK BASKETBOL,80 - 86,LOKMAN HEKİM FETHİYE BELEDİYESPOR,,BURSA,Gemlik Spor Salonu,Youtube / TBF TV,ÖNDER YILMAZ,ABDULLAH İLİK,ALPER ELÇİKOCA,ALPER ERİN,İREM ERGEN,EMEL ÖZTÜRK,TEOMAN ÖYLEK,ÇİGDEM AKYILDIZ,Gemlik Spor Salonu
28.12.2019,17:00,2EA3718,13. Hafta,AKHİSAR BELEDİYE,88 - 58,SEMT77 YALOVASPOR,,MANİSA,Akhisar Belediye Spor Salonu,Youtube / TBF TV,UĞUR ÖZEN,MEHMET ONUR SÖNMEZ,BATUHAN SÖYLEMEZOĞLU,DİDEM SÜER,İSMAİL ATAR,ÜMRAN BUKET IŞILDAK,HEDİYE AYTAŞ SARIASLAN,CEMİLE ÜLKER,Akhisar Belediye Spor Salonu
29.12.2019,14:00,2EA3716,13. Hafta,BANDIRMA KIRMIZI,90 - 71,ANADOLU BASKET,,BALIKESİR,Teksüt Kara Ali Acar Spor Salonu,Youtube / TBF TV,EGEMEN ERCAN,TOLGA EDİS,EYYÜP AYHAN,MUSTAFA DURGUT,GAMZE ATİLA,NESLİHAN ÇOBAN,HAKAN KÜLAHLI,ESRA ÖZDEMİR,Teksüt Kara Ali Acar Spor Salonu
3.01.2020,16:30,2EA3725,14. Hafta,ANADOLU BASKET,97 - 90,BUDO GEMLİK BASKETBOL,,ANKARA,TOBB ETÜ Spor Salonu,Youtube / TBF TV,İBRAHİM ALTINTAŞ,YİĞİT EMRE ŞİMŞEK,AYHAN BAYKARA,DERYA ANTAŞ,SİMAY ÇAKMAK,SİNA KÜÇÜKDİLEK,RESUL GEÇER,ONUR YEŞİLBAĞ,TOBB ETÜ Spor Salonu
4.01.2020,14:30,2EA3721,14. Hafta,FİNAL GENÇLİK,78 - 80,MERKEZEFENDİ BELEDİYESİ,,BURSA,Bursa Atatürk Spor Salonu,Youtube / TBF TV,SAMİ ÖZEL,MEHMET ONUR SÖNMEZ,SAMET ERDOĞAN,ALPER ERİN,GÜLŞEN MÜGE KAHRAMAN,BERNA EKBİÇ,SUELNUR ÇELİK,ERAY BABAHANOĞLU,Bursa Atatürk Spor Salonu
4.01.2020,15:00,2EA3719,14. Hafta,MANİSA BÜYÜKŞEHİR BELEDİYE,57 - 44,1881 DÜZCE BELEDİYE,,MANİSA,Muradiye Spor Salonu,Youtube / TBF TV,ORKUN YURTTAŞ,KEREM YILMAZ,MUHAMMED MURAT ZAFER,DİDEM SÜER,ESRA HOZANLI,HEDİYE AYTAŞ SARIASLAN,ÜMRAN BUKET IŞILDAK,MERVE GÜNER,Muradiye Spor Salonu
4.01.2020,16:00,2EA3722,14. Hafta,BALIKESİR BÜYÜKŞEHİR BELEDİYESPOR,59 - 74,BORNOVA BELEDİYESPOR,,BALIKESİR,Kurtdereli Spor Salonu,Youtube / TBF TV,MURAT CİNER,AHMET KEMAL DİGİLLİ,MESUT ÖZTÜRK,EBRU ÖZTAŞKIRAN,IŞIL ÖZKAN,MUSA ÇALIŞKAN,EYLEM KAYA,HAKAN KÜLAHLI,Kurtdereli Spor Salonu
4.01.2020,16:00,2EA3723,14. Hafta,KONYASPOR,79 - 63,MAMAK BELEDİYESİ,,KONYA,Selçuklu Belediyesi Spor Salonu,Youtube / TBF TV,ÖNDER YILMAZ,TOLGA EDİS,ALPER ELÇİKOCA,ÖZGÜR NALBANT,SULTAN MERVE AK,MUSTAFA HARTÜN,AYKUT ÇETİN,SÜLEYMAN KEMAL HOROZOĞLU,Selçuklu Belediyesi Spor Salonu
4.01.2020,16:00,2EA3724,14. Hafta,PETKİM SPOR,80 - 72,BANDIRMA KIRMIZI,,İZMİR,Enka Spor Salonu,Youtube / TBF TV,SERTAN KIRKLAR,ABDULLAH KOPUTAN,NİYAZİ YASİN KAHRAMAN,İLKE ORTAÇ ALATAN,GÜLÇİN AKIN,ONUR BURAK,SÜLEYMAN YALÇIN TORUNOĞLU,GÖZDE ONAN,Enka Spor Salonu
4.01.2020,17:00,2EA3720,14. Hafta,SEMT77 YALOVASPOR,68 - 51,SAMSUNSPOR,,YALOVA,90. Yıl Spor Salonu,Youtube / TBF TV,TURGUT IŞIK,UMUT ÖZGÜN ERGÜN,ALİCAN ALICI,ZAFER ÖZGÜN,ELMAS DEMİREL AYDEMİR,ÖZGEN KIRKIŞ,ZELİHA DEMİR,ÇAĞLAR SARIDEDE,90. Yıl Spor Salonu
4.01.2020,17:00,2EA3726,14. Hafta,LOKMAN HEKİM FETHİYE BELEDİYESPOR,75 - 72,AKHİSAR BELEDİYE,,MUĞLA,Fethiye Beşkaza Spor Salonu,Youtube / TBF TV,YÜCEL ÇİLİNGİR,NAZLI ÇİSİL GÜNGÖR,UYGAR KURT,MEHMET KANER,GÜLCAN KARABULUT,EVREN ERTOY,NEVİN YAVAŞ ERTUĞRUL,BERNA ŞEVVAL NAR,Fethiye Beşkaza Spor Salonu
10.01.2020,18:00,2EA3729,15. Hafta,BORNOVA BELEDİYESPOR,78 - 87,FİNAL GENÇLİK,,İZMİR,Altındağ Atatürk Spor Kompleksi,Youtube / TBF TV,İBRAHİM ALTINTAŞ,NAZLI ÇİSİL GÜNGÖR,AHMET MURAT ARIKANLI,GÖRKEM BIÇAKCIOĞLU,MERAL DURMAZ,CEREN BARAN,KEMAL AYPARS,MESUT KARABULUT,Altındağ Atatürk Spor Kompleksi
10.01.2020,19:00,2EA3728,15. Hafta,MERKEZEFENDİ BELEDİYESİ,65 - 60,MANİSA BÜYÜKŞEHİR BELEDİYE,,DENİZLİ,Pamukkale Üniversitesi Spor Salonu,Youtube / TBF TV,TUNÇTAN DURMUŞCAN,EGEMEN ERCAN,BATUHAN SÖYLEMEZOĞLU,MEHMET DURU,TUĞBA KALEM,RAMAZAN ERİŞ,ÖZLEM IŞIK İNAN,AHMET ERYÜRÜK,Pamukkale Üniversitesi Spor Salonu
11.01.2020,16:00,2EA3730,15. Hafta,MAMAK BELEDİYESİ,90 - 76,BALIKESİR BÜYÜKŞEHİR BELEDİYESPOR,,ANKARA,Mamak Belediyesi Spor Salonu,Youtube / TBF TV,SÜLEYMAN DAĞDER DAĞLI,AHMET TANER İBİN,MUZAFFER VARDARLI,ERHAN ELBİR,SİMAY ÇAKMAK,ARDA GÜRBÜZ,ÖMÜR BAHTİYAROĞLU,İSMAİL FULSER,Mamak Belediyesi Spor Salonu
11.01.2020,17:00,2EA3727,15. Hafta,1881 DÜZCE BELEDİYE,57 - 58,SAMSUNSPOR,,DÜZCE,Kalıcı Konutlar Merkez Spor Salonu,Youtube / TBF TV,UĞUR ÖZEN,AHMET KEMAL DİGİLLİ,NİYAZİ YASİN KAHRAMAN,ZAFER ÖZGÜN,ONUR OROÇ,MERTCAN AKGÜL,EMRE ARSLAN,İREM GÜNAYDIN,Kalıcı Konutlar Merkez Spor Salonu
11.01.2020,17:00,2EA3732,15. Hafta,BUDO GEMLİK BASKETBOL,76 - 90,PETKİM SPOR,,BURSA,Gemlik Spor Salonu,Youtube / TBF TV,SAMİ ÖZEL,İSMAİL BİNBİR,HAKAN GEREY,UĞUR AYDEMİR,CEREN YAVUZ,EMEL ÖZTÜRK,ÖZLEM ÖZKAN,TUĞBA ÖYLEK,Gemlik Spor Salonu
11.01.2020,17:00,2EA3733,15. Hafta,AKHİSAR BELEDİYE,79 - 74,ANADOLU BASKET,,MANİSA,Akhisar Belediye Spor Salonu,Youtube / TBF TV,ORKUN YURTTAŞ,OZAN GÖNEN,EYYÜP AYHAN,İLKE ORTAÇ ALATAN,ESRA GÜLSUYU,İSMAİL ATAR,SERVET NUR TOYGAR,GÜL YILDIRIM,Akhisar Belediye Spor Salonu
11.01.2020,17:00,2EA3734,15. Hafta,LOKMAN HEKİM FETHİYE BELEDİYESPOR,83 - 80,SEMT77 YALOVASPOR,,MUĞLA,Fethiye Beşkaza Spor Salonu,Youtube / TBF TV,ERHAN GÜRSEL,MUHAMMET MUSTAFA AKILLIOĞLU,MUHAMMED MURAT ZAFER,EMRE BAŞA,ABDULLAH ÇALIŞIR,DUYGU ÇİMEN,SUNA AKCA,TUNCER FİKRİ ERTUĞRUL,Fethiye Beşkaza Spor Salonu
12.01.2020,14:00,2EA3731,15. Hafta,BANDIRMA KIRMIZI,79 - 61,KONYASPOR,,BALIKESİR,Teksüt Kara Ali Acar Spor Salonu,Youtube / TBF TV,TEKİN ÖZÜBİR,HALİL ERKOÇ,BURAK YILMAZ,EBRU ÖZTAŞKIRAN,ESİN ÖZSÜRMELİ,MERT TELLİBAYRAKTAR,HÜSEYİN GİRGİN,HAKAN KÜLAHLI,Teksüt Kara Ali Acar Spor Salonu
24.01.2020,18:00,2EA3737,16. Hafta,BORNOVA BELEDİYESPOR,73 - 68,MANİSA BÜYÜKŞEHİR BELEDİYE,,İZMİR,Altındağ Atatürk Spor Kompleksi,Youtube / TBF TV,YÜCEL ÇİLİNGİR,UMUT ÖZGÜN ERGÜN,SAMET ERDOĞAN,DİDEM SÜER,MERAL DURMAZ,KEMAL AYPARS,DİLEK GEDİK HANGÜL,ŞAHİN ŞANLI,Altındağ Atatürk Spor Kompleksi
24.01.2020,19:00,2EA3736,16. Hafta,MERKEZEFENDİ BELEDİYESİ,73 - 63,SAMSUNSPOR,,DENİZLİ,Pamukkale Üniversitesi Spor Salonu,Youtube / TBF TV,AYDIN KARAÇAM,İSMAİL BİNBİR,YİĞİT GÖNÜLTAŞ,MUSTAFA BİÇER,SERKAN ŞAHİN,MELEK ERYÜRÜK,FATMA NUR DİKMEN ÇOBAN,RAMAZAN ERİŞ,Pamukkale Üniversitesi Spor Salonu
25.01.2020,16:00,2EA3738,16. Hafta,MAMAK BELEDİYESİ,73 - 71,FİNAL GENÇLİK,,ANKARA,Mamak Belediyesi Spor Salonu,Youtube / TBF TV,ERHAN GÜRSEL,OZAN GÖNEN,MUHAMMED MURAT ZAFER,LÜTFİYE TAŞPINAR,SERDAR KARAGÜÇ,VEYSEL SİNAN TUNCER,MUSA SAFA SARI,BİLAL UZGÖREN,Mamak Belediyesi Spor Salonu
25.01.2020,17:00,2EA3740,16. Hafta,BUDO GEMLİK BASKETBOL,74 - 77,KONYASPOR,,BURSA,Gemlik Spor Salonu,Youtube / TBF TV,TUNÇTAN DURMUŞCAN,GÖKSUN ÖZ,ALİCAN ALICI,UĞUR AYDEMİR,HANDE NUR DOĞAN,NİDA ECE TÜZÜK,ÇİGDEM AKYILDIZ,ŞAFAK IRMAK SARAÇOĞLU,Gemlik Spor Salonu
25.01.2020,17:00,2EA3741,16. Hafta,AKHİSAR BELEDİYE,77 - 81,PETKİM SPOR,,MANİSA,Akhisar Belediye Spor Salonu,Youtube / TBF TV,TEKİN ÖZÜBİR,BENHÜR İRCEL,MESUT ÖZTÜRK,EBRU ÖZTAŞKIRAN,ESRA HOZANLI,ESRA GÜLSUYU,DUDU DİRİK,GÜL YILDIRIM,Akhisar Belediye Spor Salonu
25.01.2020,17:00,2EA3742,16. Hafta,LOKMAN HEKİM FETHİYE BELEDİYESPOR,99 - 91,ANADOLU BASKET,,MUĞLA,Fethiye Beşkaza Spor Salonu,Youtube / TBF TV,SERTAN KIRKLAR,HALİL ERKOÇ,ANIL VEZİROĞLU,METE BULUT,ERSAN EKİM,TUNCER FİKRİ ERTUĞRUL,BEDİR KARABÖRKLÜ,SEVGİ ÖZKAN,Fethiye Beşkaza Spor Salonu
25.01.2020,17:00,2EA3735,16. Hafta,SEMT77 YALOVASPOR,76 - 62,1881 DÜZCE BELEDİYE,,YALOVA,90. Yıl Spor Salonu,Youtube / TBF TV,ÖNDER YILMAZ,FATİH GÜLER,NİHAT ÇETİN,HURŞİT CEM AKAN,ELMAS DEMİREL AYDEMİR,ÖZGEN KIRKIŞ,ZELİHA DEMİR,AYSEL GÜNER,90. Yıl Spor Salonu
26.01.2020,14:00,2EA3739,16. Hafta,BANDIRMA KIRMIZI,82 - 75,BALIKESİR BÜYÜKŞEHİR BELEDİYESPOR,,BALIKESİR,Teksüt Kara Ali Acar Spor Salonu,Youtube / TBF TV,SAMİ ÖZEL,MEHMET ONUR SÖNMEZ,MUSTAFA CANDEMİR TABAK,SERKAN İNCE,ESİN ÖZSÜRMELİ,MERT TELLİBAYRAKTAR,YAĞMUR CEREN KARAGÖZ,METİN IŞIK,Teksüt Kara Ali Acar Spor Salonu
31.01.2020,16:30,2EA3750,17. Hafta,ANADOLU BASKET,73 - 61,SEMT77 YALOVASPOR,,ANKARA,TOBB ETÜ Spor Salonu,Youtube / TBF TV,YÜCEL ÇİLİNGİR,AHMET KEMAL DİGİLLİ,BATUHAN KÜMÜKOĞLU,HALDUN KUNT,FATMA ÇELİK,İBRAHİM BULUT,SERDAR KARAGÜÇ,RESUL GEÇER,TOBB ETÜ Spor Salonu
31.01.2020,18:00,2EA3743,17. Hafta,1881 DÜZCE BELEDİYE,65 - 80,MERKEZEFENDİ BELEDİYESİ,,DÜZCE,Kalıcı Konutlar Merkez Spor Salonu,Youtube / TBF TV,ERHAN GÜRSEL,CEMİL UYGÜL,SERDAR SARAÇ,İBRAHİM EMRE AYDEMİR,ONUR OROÇ,EMRE ARSLAN,MERTCAN AKGÜL,EYÜP ESEN,Kalıcı Konutlar Merkez Spor Salonu
1.02.2020,14:30,2EA3746,17. Hafta,FİNAL GENÇLİK,89 - 64,BANDIRMA KIRMIZI,,BURSA,Bursa Atatürk Spor Salonu,Youtube / TBF TV,TUNÇTAN DURMUŞCAN,YİĞİT EMRE ŞİMŞEK,BATUHAN SÖYLEMEZOĞLU,HAKAN BEŞTEPE,SİNEM ERTEM,BÜŞRA HEKİMOĞLU,ERAY BABAHANOĞLU,HİLAL YÜKSEL TERCAN,Bursa Atatürk Spor Salonu
1.02.2020,15:00,2EA3745,17. Hafta,MANİSA BÜYÜKŞEHİR BELEDİYE,86 - 77,MAMAK BELEDİYESİ,,MANİSA,Muradiye Spor Salonu,Youtube / TBF TV,ORKUN YURTTAŞ,ABDULLAH KOPUTAN,ABDULLAH İLİK,DİDEM SÜER,HEDİYE AYTAŞ SARIASLAN,SALİH KARAKURT,TUĞBERK ŞENGÜLDÜREN,RAMAZAN YAŞAR,Muradiye Spor Salonu
1.02.2020,16:00,2EA3747,17. Hafta,BALIKESİR BÜYÜKŞEHİR BELEDİYESPOR,97 - 105,BUDO GEMLİK BASKETBOL,,BALIKESİR,Kurtdereli Spor Salonu,Youtube / TBF TV,AYDIN KARAÇAM,HALİL ERKOÇ,NİYAZİ YASİN KAHRAMAN,GÖRKEM BIÇAKCIOĞLU,IŞIL ÖZKAN,MUSA ÇALIŞKAN,ESİN ÖZSÜRMELİ,NESLİHAN ÇOBAN,Kurtdereli Spor Salonu
1.02.2020,17:00,2EA3744,17. Hafta,SAMSUNSPOR,57 - 77,BORNOVA BELEDİYESPOR,,SAMSUN,Mustafa Dağıstanlı Spor Salonu,Youtube / TBF TV,FATİH GÜLER,MEHMET ONUR SÖNMEZ,BURAK YILMAZ,KAYA EREZ,DAMLA CAN ASAN,BATUHAN BERK DEMİR,SERKAN ALTAN,ESRA BAYZAT,Mustafa Dağıstanlı Spor Salonu
2.02.2020,16:00,2EA3748,17. Hafta,KONYASPOR,64 - 70,AKHİSAR BELEDİYE,,KONYA,Selçuklu Belediyesi Spor Salonu,Youtube / TBF TV,SAMİ ÖZEL,SEYHAN TOPALOĞLU,İSMAİL BİNBİR,DERYA ANTAŞ,SADETTİN YAMAN,HÜSEYİN BAĞCI,MUSTAFA HARTÜN,AYKUT ÇETİN,Selçuklu Belediyesi Spor Salonu
2.02.2020,16:00,2EA3749,17. Hafta,PETKİM SPOR,86 - 72,LOKMAN HEKİM FETHİYE BELEDİYESPOR,,İZMİR,Enka Spor Salonu,Youtube / TBF TV,MURAT CİNER,TOLGA EDİS,NAZLI ÇİSİL GÜNGÖR,İLKE ORTAÇ ALATAN,GİZEM ÖZAYDIN,HALİDE KAYA,FATMA DÖNMEZ,DİLEK DOĞAN KARACA,Enka Spor Salonu
7.02.2020,16:30,2EA3757,18. Hafta,ANADOLU BASKET,76 - 77,PETKİM SPOR,,ANKARA,TOBB ETÜ Spor Salonu,Youtube / TBF TV,FATİH GÜLER,GÖKSUN ÖZ,EYYÜP AYHAN,ERHAN ELBİR,SAHRA ÇOKER,İBRAHİM BULUT,TUNCER ULUŞEKER,RESUL GEÇER,TOBB ETÜ Spor Salonu
7.02.2020,18:00,2EA3751,18. Hafta,BORNOVA BELEDİYESPOR,80 - 84,1881 DÜZCE BELEDİYE,,İZMİR,Altındağ Atatürk Spor Kompleksi,Youtube / TBF TV,MURAT CİNER,ABDULLAH KOPUTAN,MESUT ÖZTÜRK,GÖRKEM BIÇAKCIOĞLU,MERAL DURMAZ,ALİ DEVECİ,MESUT KARABULUT,DİLEK GEDİK HANGÜL,Altındağ Atatürk Spor Kompleksi
8.02.2020,16:00,2EA3752,18. Hafta,MAMAK BELEDİYESİ,76 - 68,SAMSUNSPOR,,ANKARA,Mamak Belediyesi Spor Salonu,Youtube / TBF TV,YÜCEL ÇİLİNGİR,TOLGA EDİS,NİYAZİ YASİN KAHRAMAN,DERYA ANTAŞ,SİMAY ÇAKMAK,SİBEL FAZLIOĞLU,TUNCER ULUŞEKER,SERDAR KARAGÜÇ,Mamak Belediyesi Spor Salonu
8.02.2020,17:00,2EA3754,18. Hafta,BUDO GEMLİK BASKETBOL,92 - 95,FİNAL GENÇLİK,,BURSA,Gemlik Spor Salonu,Youtube / TBF TV,SAMİ ÖZEL,EGEMEN ERCAN,OGÜN CILIZ,MUSTAFA DURGUT,SELİME ALTUNTAŞ,ADEM ÇATALKAŞ,ŞAFAK IRMAK SARAÇOĞLU,GAMZE BİÇER,Gemlik Spor Salonu
8.02.2020,17:00,2EA3755,18. Hafta,AKHİSAR BELEDİYE,100 - 83,BALIKESİR BÜYÜKŞEHİR BELEDİYESPOR,,MANİSA,Akhisar Belediye Spor Salonu,Youtube / TBF TV,TUNÇTAN DURMUŞCAN,OZAN GÖNEN,HAKAN GEREY,İLKE ORTAÇ ALATAN,ESRA HOZANLI,TUĞBERK ŞENGÜLDÜREN,SALİH KARAKURT,ÖZLEM DOĞAN,Akhisar Belediye Spor Salonu
8.02.2020,17:00,2EA3756,18. Hafta,LOKMAN HEKİM FETHİYE BELEDİYESPOR,88 - 77,KONYASPOR,,MUĞLA,Fethiye Beşkaza Spor Salonu,Youtube / TBF TV,TURGUT IŞIK,SÜLEYMAN DAĞDER DAĞLI,NİHAT ÇETİN,EMRE BAŞA,SEVGİ ÖZKAN,EVREN ERTOY,ERSAN EKİM,BETÜL İNCEKAŞ,Fethiye Beşkaza Spor Salonu
8.02.2020,17:00,2EA3758,18. Hafta,SEMT77 YALOVASPOR,86 - 73,MERKEZEFENDİ BELEDİYESİ,,YALOVA,90. Yıl Spor Salonu,Youtube / TBF TV,İBRAHİM ALTINTAŞ,KEREM YILMAZ,AHMET MURAT ARIKANLI,AHMET MÜNİR GÖKMEN,ELMAS DEMİREL AYDEMİR,MERVE ÖNADIM,ÇAĞLAR SARIDEDE,ZELİHA DEMİR,90. Yıl Spor Salonu
9.02.2020,14:00,2EA3753,18. Hafta,BANDIRMA KIRMIZI,74 - 67,MANİSA BÜYÜKŞEHİR BELEDİYE,,BALIKESİR,Teksüt Kara Ali Acar Spor Salonu,Youtube / TBF TV,UĞUR ÖZEN,NAZLI ÇİSİL GÜNGÖR,BENHÜR İRCEL,EBRU ÖZTAŞKIRAN,IŞIL ÖZKAN,MERT TELLİBAYRAKTAR,METİN IŞIK,CEVAT GÜMÜŞ,Teksüt Kara Ali Acar Spor Salonu
14.02.2020,18:00,2EA3759,19. Hafta,1881 DÜZCE BELEDİYE,74 - 82,MAMAK BELEDİYESİ,,DÜZCE,Kalıcı Konutlar Merkez Spor Salonu,Youtube / TBF TV,AYDIN KARAÇAM,AHMET KEMAL DİGİLLİ,MUSTAFA CANDEMİR TABAK,HÜSEYİN HAKAN KUDAK,TANSU PERÇİN,EMRE ARSLAN,MERTCAN AKGÜL,DUYGU TUĞÇE PERÇİN,Kalıcı Konutlar Merkez Spor Salonu
14.02.2020,19:00,2EA3766,19. Hafta,MERKEZEFENDİ BELEDİYESİ,87 - 69,BORNOVA BELEDİYESPOR,,DENİZLİ,Pamukkale Üniversitesi Spor Salonu,Youtube / TBF TV,TUNÇTAN DURMUŞCAN,OZAN GÖNEN,BATUHAN KÜMÜKOĞLU,ZAFER ENÜŞTÜLÜ,ÖZLEM IŞIK İNAN,FATMA NUR DİKMEN ÇOBAN,AHMET ERYÜRÜK,AYŞE ERİŞ,Pamukkale Üniversitesi Spor Salonu
15.02.2020,14:30,2EA3762,19. Hafta,FİNAL GENÇLİK,72 - 67,AKHİSAR BELEDİYE,,BURSA,Bursa Atatürk Spor Salonu,Youtube / TBF TV,TURGUT IŞIK,UMUT ÖZGÜN ERGÜN,BURAK YILMAZ,İHSAN KÜÇÜKAYCAN,SABRİYE ERKAPLAN,ABDULLAH KURT,TUĞBA ÖYLEK,TEOMAN ÖYLEK,Bursa Atatürk Spor Salonu
15.02.2020,14:30,2EA3764,19. Hafta,KONYASPOR,87 - 82,ANADOLU BASKET,,KONYA,Selçuklu Belediyesi Spor Salonu,Youtube / TBF TV,ORKUN YURTTAŞ,KEREM YILMAZ,SAMET ERDOĞAN,EREN KÜÇÜKSOLAKOĞLU,RABİA UZUNTÜRK,MUSTAFA HARTÜN,SÜLEYMAN KEMAL HOROZOĞLU,AYKUT ÇETİN,Selçuklu Belediyesi Spor Salonu
15.02.2020,16:00,2EA3763,19. Hafta,BALIKESİR BÜYÜKŞEHİR BELEDİYESPOR,79 - 84,LOKMAN HEKİM FETHİYE BELEDİYESPOR,,BALIKESİR,Kurtdereli Spor Salonu,Youtube / TBF TV,UĞUR ÖZEN,CEMİL UYGÜL,MESUT ÖZTÜRK,MUSTAFA DURGUT,GAMZE ATİLA,MERT TELLİBAYRAKTAR,METİN IŞIK,GÜRBÜZ KOÇOĞLU,Kurtdereli Spor Salonu
15.02.2020,17:00,2EA3760,19. Hafta,SAMSUNSPOR,69 - 77,BANDIRMA KIRMIZI,,SAMSUN,Mustafa Dağıstanlı Spor Salonu,Youtube / TBF TV,SAMİ ÖZEL,ABDULLAH KOPUTAN,ALİCAN ALICI,CUMHUR ARSLAN,ESRA BAYZAT,BATUHAN BERK DEMİR,MURAT ŞENDERE,SERKAN ALTAN,Mustafa Dağıstanlı Spor Salonu
15.02.2020,17:00,2EA3761,19. Hafta,MANİSA BÜYÜKŞEHİR BELEDİYE,74 - 79,BUDO GEMLİK BASKETBOL,,MANİSA,Muradiye Spor Salonu,Youtube / TBF TV,YÜCEL ÇİLİNGİR,MEHMET ONUR SÖNMEZ,MUZAFFER VARDARLI,DİDEM SÜER,GÜL YILDIRIM,HEDİYE AYTAŞ SARIASLAN,İSMAİL ATAR,MERVE GÜNER,Muradiye Spor Salonu
16.02.2020,16:00,2EA3765,19. Hafta,PETKİM SPOR,75 - 61,SEMT77 YALOVASPOR,,İZMİR,Enka Spor Salonu,Youtube / TBF TV,TEKİN ÖZÜBİR,ABDULLAH İLİK,MUHAMMED MURAT ZAFER,GÖRKEM BIÇAKCIOĞLU,SİNEM YENİ,ONUR BURAK,GÜLTEKİN DAĞDEVİREN,SONER AKARSU,Enka Spor Salonu
21.02.2020,16:30,2EA3771,20. Hafta,ANADOLU BASKET,85 - 74,BALIKESİR BÜYÜKŞEHİR BELEDİYESPOR,,ANKARA,TOBB ETÜ Spor Salonu,Youtube / TBF TV,SERTAN KIRKLAR,AHMET TANER İBİN,NİHAT ÇETİN,BAHA KAÇIN,SİMAY ÇAKMAK,VEYSEL SİNAN TUNCER,İBRAHİM BULUT,LEVENT UĞUR,TOBB ETÜ Spor Salonu
22.02.2020,16:00,2EA3773,20. Hafta,MAMAK BELEDİYESİ,65 - 93,MERKEZEFENDİ BELEDİYESİ,,ANKARA,Mamak Belediyesi Spor Salonu,Youtube / TBF TV,MURAT CİNER,NAZLI ÇİSİL GÜNGÖR,MESUT ÖZTÜRK,GÜLŞEN ÖZTÜRK,FUNDA KONCA,FATİH ŞEN,SERDAR KARAGÜÇ,MUSA SAFA SARI,Mamak Belediyesi Spor Salonu
22.02.2020,17:00,2EA3768,20. Hafta,BUDO GEMLİK BASKETBOL,69 - 78,SAMSUNSPOR,,BURSA,Gemlik Spor Salonu,Youtube / TBF TV,TURGUT IŞIK,BENHÜR İRCEL,AHMET MURAT ARIKANLI,ALPER ERİN,ÇİGDEM AKYILDIZ,ERAY BABAHANOĞLU,FATİH DURGUT,TEOMAN ÖYLEK,Gemlik Spor Salonu
22.02.2020,17:00,2EA3770,20. Hafta,LOKMAN HEKİM FETHİYE BELEDİYESPOR,86 - 78,FİNAL GENÇLİK,,MUĞLA,Fethiye Beşkaza Spor Salonu,Youtube / TBF TV,ÖNDER YILMAZ,GÖKSUN ÖZ,MUHAMMED MURAT ZAFER,EMRE BAŞA,BERNA ŞEVVAL NAR,NEVİN YAVAŞ ERTUĞRUL,EVREN ERTOY,ELİF DALDABAN,Fethiye Beşkaza Spor Salonu
22.02.2020,17:00,2EA3774,20. Hafta,SEMT77 YALOVASPOR,65 - 55,BORNOVA BELEDİYESPOR,,YALOVA,90. Yıl Spor Salonu,Youtube / TBF TV,UĞUR ÖZEN,SEYHAN TOPALOĞLU,MEHMET ONUR SÖNMEZ,EBRU ÖZTAŞKIRAN,EMİNE AK,NAZMİYE BIYIKOĞLU,ÇAĞLAR SARIDEDE,GÜLEN SÖNMEZ,90. Yıl Spor Salonu
22.02.2020,19:00,2EA3769,20. Hafta,AKHİSAR BELEDİYE,76 - 65,MANİSA BÜYÜKŞEHİR BELEDİYE,,MANİSA,Akhisar Belediye Spor Salonu,Youtube / TBF TV,SAMİ ÖZEL,CEMİL UYGÜL,İSMAİL BİNBİR,İLKE ORTAÇ ALATAN,MERVE GÜNER,ESRA GÜLSUYU,TUĞBERK ŞENGÜLDÜREN,CEMİLE ÜLKER,Akhisar Belediye Spor Salonu
23.02.2020,14:00,2EA3767,20. Hafta,BANDIRMA KIRMIZI,75 - 65,1881 DÜZCE BELEDİYE,,BALIKESİR,Teksüt Kara Ali Acar Spor Salonu,Youtube / TBF TV,EGEMEN ERCAN,HALİL ERKOÇ,YİĞİT EMRE ŞİMŞEK,MUSTAFA DURGUT,IŞIL ÖZKAN,MERT TELLİBAYRAKTAR,ESİN ÖZSÜRMELİ,HÜSEYİN GİRGİN,Teksüt Kara Ali Acar Spor Salonu
23.02.2020,16:00,2EA3772,20. Hafta,PETKİM SPOR,75 - 57,KONYASPOR,,İZMİR,Enka Spor Salonu,Youtube / TBF TV,İBRAHİM ALTINTAŞ,TOLGA EDİS,SERDAR SARAÇ,SERKAN İNCE,İLAYDA DİNÇEL,CANSU ÇOBAN,ÖMER DURSUN,SÜLEYMAN YALÇIN TORUNOĞLU,Enka Spor Salonu
28.02.2020,18:00,2EA3782,21. Hafta,BORNOVA BELEDİYESPOR,90 - 68,MAMAK BELEDİYESİ,,İZMİR,Altındağ Atatürk Spor Kompleksi,Youtube / TBF TV,ERHAN GÜRSEL,HALİL ERKOÇ,ANIL VEZİROĞLU,EMRE BAŞA,CEREN BARAN,ALİ DEVECİ,MESUT KARABULUT,MERAL DURMAZ,Altındağ Atatürk Spor Kompleksi
28.02.2020,19:00,2EA3781,21. Hafta,MERKEZEFENDİ BELEDİYESİ,69 - 60,BANDIRMA KIRMIZI,,DENİZLİ,Pamukkale Üniversitesi Spor Salonu,Youtube / TBF TV,SÜLEYMAN DAĞDER DAĞLI,SEYHAN TOPALOĞLU,BURAK YILMAZ,MUSTAFA BİÇER,FATMA NUR DİKMEN ÇOBAN,MELEK ERYÜRÜK,SEHER GEZER,OĞUZHAN AKTAŞ,Pamukkale Üniversitesi Spor Salonu
29.02.2020,14:30,2EA3778,21. Hafta,FİNAL GENÇLİK,77 - 74,ANADOLU BASKET,,BURSA,Bursa Atatürk Spor Salonu,Youtube / TBF TV,EGEMEN ERCAN,TOLGA EDİS,İSMAİL BİNBİR,UĞUR AYDEMİR,SİNEM ERTEM,BERNA EKBİÇ,ESRA AL,İREM ERGEN,Bursa Atatürk Spor Salonu
29.02.2020,15:00,2EA3777,21. Hafta,MANİSA BÜYÜKŞEHİR BELEDİYE,78 - 86,LOKMAN HEKİM FETHİYE BELEDİYESPOR,,MANİSA,Muradiye Spor Salonu,Youtube / TBF TV,MURAT CİNER,AHMET KEMAL DİGİLLİ,BATUHAN SÖYLEMEZOĞLU,İLKE ORTAÇ ALATAN,HEDİYE AYTAŞ SARIASLAN,ESRA HOZANLI,TUĞBERK ŞENGÜLDÜREN,SERVET NUR TOYGAR,Muradiye Spor Salonu
29.02.2020,16:00,2EA3779,21. Hafta,BALIKESİR BÜYÜKŞEHİR BELEDİYESPOR,90 - 83,PETKİM SPOR,,BALIKESİR,Kurtdereli Spor Salonu,Youtube / TBF TV,SAMİ ÖZEL,YİĞİT EMRE ŞİMŞEK,BATUHAN KÜMÜKOĞLU,MUSTAFA DURGUT,YAĞMUR CEREN KARAGÖZ,MUSA ÇALIŞKAN,MERVE TELLİBAYRAKTAR,HAKAN KÜLAHLI,Kurtdereli Spor Salonu
29.02.2020,17:00,2EA3780,21. Hafta,SEMT77 YALOVASPOR,83 - 61,KONYASPOR,,YALOVA,90. Yıl Spor Salonu,Youtube / TBF TV,TURGUT IŞIK,NAZLI ÇİSİL GÜNGÖR,ALİCAN ALICI,HAKAN BEŞTEPE,ZELİHA DEMİR,NAZMİYE BIYIKOĞLU,ÇAĞLAR SARIDEDE,SEMİHA AKSAKALLI,90. Yıl Spor Salonu
29.02.2020,17:00,2EA3775,21. Hafta,1881 DÜZCE BELEDİYE,78 - 86,BUDO GEMLİK BASKETBOL,,DÜZCE,Kalıcı Konutlar Merkez Spor Salonu,Youtube / TBF TV,İBRAHİM ALTINTAŞ,OZAN GÖNEN,SAMET ERDOĞAN,UĞUR ERHAN DEDEŞAH,ONUR OROÇ,EMRE ARSLAN,MERTCAN AKGÜL,MERT CAN YAZGELDİ,Kalıcı Konutlar Merkez Spor Salonu
29.02.2020,17:00,2EA3776,21. Hafta,SAMSUNSPOR,55 - 71,AKHİSAR BELEDİYE,,SAMSUN,Mustafa Dağıstanlı Spor Salonu,Youtube / TBF TV,ÖNDER YILMAZ,UYGAR KURT,MUHAMMED MURAT ZAFER,CUMHUR ARSLAN,ESRA BAYZAT,YEŞİM YILDIZ COŞKUN,MERVE SERDAR,BUSE BEYZA ÖZÇELİK,Mustafa Dağıstanlı Spor Salonu
6.03.2020,17:00,2EA3785,22. Hafta,ANADOLU BASKET,67 - 82,MANİSA BÜYÜKŞEHİR BELEDİYE,,ANKARA,TOBB ETÜ Spor Salonu,Youtube / TBF TV,TEKİN ÖZÜBİR,GÖKSUN ÖZ,MESUT ÖZTÜRK,SEMİH KAYA,LEVENT UĞUR,SİNA KÜÇÜKDİLEK,İBRAHİM BULUT,RESUL GEÇER,TOBB ETÜ Spor Salonu
7.03.2020,16:00,2EA3787,22. Hafta,KONYASPOR,74 - 72,BALIKESİR BÜYÜKŞEHİR BELEDİYESPOR,,KONYA,Selçuklu Belediyesi Spor Salonu,Youtube / TBF TV,ÖNDER YILMAZ,İSMAİL BİNBİR,CEMİL UYGÜL,FİLİZ ÖGET,RABİA UZUNTÜRK,HÜSEYİN BAĞCI,MUSTAFA HARTÜN,AYKUT ÇETİN,Selçuklu Belediyesi Spor Salonu
7.03.2020,17:00,2EA3783,22. Hafta,AKHİSAR BELEDİYE,69 - 71,1881 DÜZCE BELEDİYE,,MANİSA,Akhisar Belediye Spor Salonu,Youtube / TBF TV,AYDIN KARAÇAM,FATİH GÜLER,ABDULLAH İLİK,DİDEM SÜER,ESRA GÜLSUYU,İSMAİL ATAR,GÜL YILDIRIM,ÜMRAN BUKET IŞILDAK,Akhisar Belediye Spor Salonu
7.03.2020,17:00,2EA3784,22. Hafta,LOKMAN HEKİM FETHİYE BELEDİYESPOR,82 - 72,SAMSUNSPOR,,MUĞLA,Fethiye Beşkaza Spor Salonu,Youtube / TBF TV,SERTAN KIRKLAR,SEYHAN TOPALOĞLU,ALPER ELÇİKOCA,MERT ELMA,BERNA ŞEVVAL NAR,SEVGİ ÖZKAN,MEHMET NAHIRSÜREN,FERİDE BAHTINUR AĞIOĞLU,Fethiye Beşkaza Spor Salonu
7.03.2020,17:00,2EA3788,22. Hafta,BUDO GEMLİK BASKETBOL,87 - 116,MERKEZEFENDİ BELEDİYESİ,,BURSA,Gemlik Spor Salonu,Youtube / TBF TV,YÜCEL ÇİLİNGİR,ABDULLAH KOPUTAN,OGÜN CILIZ,TUĞBA YURTSEVEN,İREM ERGEN,FATİH DURGUT,ERAY BABAHANOĞLU,ÇİGDEM AKYILDIZ,Gemlik Spor Salonu
7.03.2020,17:00,2EA3790,22. Hafta,SEMT77 YALOVASPOR,70 - 68,MAMAK BELEDİYESİ,,YALOVA,90. Yıl Spor Salonu,Youtube / TBF TV,SÜLEYMAN DAĞDER DAĞLI,AHMET TANER İBİN,BENHÜR İRCEL,EMİN FAZIL KESERATAR,EMİNE AK,ELMAS DEMİREL AYDEMİR,ÇAĞLAR SARIDEDE,NURAY SORUŞ,90. Yıl Spor Salonu
8.03.2020,16:00,2EA3789,22. Hafta,BANDIRMA KIRMIZI,68 - 71,BORNOVA BELEDİYESPOR,,BALIKESİR,Teksüt Kara Ali Acar Spor Salonu,Youtube / TBF TV,ORKUN YURTTAŞ,KEREM YILMAZ,HAKAN GEREY,HAKAN BEŞTEPE,GAMZE ATİLA,MERT TELLİBAYRAKTAR,METİN IŞIK,MERVE TELLİBAYRAKTAR,Teksüt Kara Ali Acar Spor Salonu
8.03.2020,16:00,2EA3786,22. Hafta,PETKİM SPOR,94 - 90,FİNAL GENÇLİK,,İZMİR,Enka Spor Salonu,Youtube / TBF TV,UĞUR ÖZEN,UMUT ÖZGÜN ERGÜN,AHMET MURAT ARIKANLI,TURAN CAN OCAKOĞLU,SİNEM YENİ,KEMAL AYPARS,GÖZDE ONAN,İRFAN TEMELLİ,Enka Spor Salonu
13.03.2020,18:00,2EA3791,23. Hafta,1881 DÜZCE BELEDİYE,88 - 92,LOKMAN HEKİM FETHİYE BELEDİYESPOR,,DÜZCE,Kalıcı Konutlar Merkez Spor Salonu,Youtube / TBF TV,SÜLEYMAN DAĞDER DAĞLI,MUHAMMET MUSTAFA AKILLIOĞLU,YİĞİT GÖNÜLTAŞ,HÜSEYİN HAKAN KUDAK,ONUR OROÇ,EMRE ARSLAN,GÖKHAN ŞANLI,MERTCAN AKGÜL,Kalıcı Konutlar Merkez Spor Salonu
13.03.2020,18:00,2EA3797,23. Hafta,BORNOVA BELEDİYESPOR,85 - 71,BUDO GEMLİK BASKETBOL,,İZMİR,Altındağ Atatürk Spor Kompleksi,Youtube / TBF TV,SAMİ ÖZEL,SEYHAN TOPALOĞLU,AHMET MURAT ARIKANLI,EMRE BAŞA,ŞAHİN ŞANLI,ONUR BURAK,İSMAİL AKGÜL,MESUT KARABULUT,Altındağ Atatürk Spor Kompleksi
13.03.2020,19:00,2EA3796,23. Hafta,MERKEZEFENDİ BELEDİYESİ,90 - 79,AKHİSAR BELEDİYE,,DENİZLİ,Pamukkale Üniversitesi Spor Salonu,Youtube / TBF TV,TUNÇTAN DURMUŞCAN,NAZLI ÇİSİL GÜNGÖR,ANIL VEZİROĞLU,METE BULUT,SERKAN ŞAHİN,ZEHRA NUR TÜRK,TUĞBA KALEM,RAMAZAN ERİŞ,Pamukkale Üniversitesi Spor Salonu
14.03.2020,14:30,2EA3794,23. Hafta,FİNAL GENÇLİK,88 - 67,KONYASPOR,,BURSA,Bursa Atatürk Spor Salonu,Youtube / TBF TV,ERHAN GÜRSEL,AHMET TANER İBİN,BURAK YILMAZ,ÖMER KESKİN,SİNEM ERTEM,ABDULLAH KURT,SELİME ALTUNTAŞ,ŞAFAK IRMAK SARAÇOĞLU,Bursa Atatürk Spor Salonu
14.03.2020,15:00,2EA3793,23. Hafta,MANİSA BÜYÜKŞEHİR BELEDİYE,70 - 85,PETKİM SPOR,,MANİSA,Muradiye Spor Salonu,Youtube / TBF TV,FATİH GÜLER,MEHMET ONUR SÖNMEZ,NİYAZİ YASİN KAHRAMAN,MURAT KARTAL,ESRA HOZANLI,İSMAİL ATAR,DUDU DİRİK,TUĞBERK ŞENGÜLDÜREN,Muradiye Spor Salonu
14.03.2020,16:00,2EA3795,23. Hafta,BALIKESİR BÜYÜKŞEHİR BELEDİYESPOR,102 - 94,SEMT77 YALOVASPOR,,BALIKESİR,Kurtdereli Spor Salonu,Youtube / TBF TV,TEKİN ÖZÜBİR,MUHAMMED MURAT ZAFER,MUSTAFA CANDEMİR TABAK,HAKAN BEŞTEPE,GAMZE ATİLA,MERT TELLİBAYRAKTAR,ERCAN ÇAVUŞOĞLU,OGÜN KURTULUŞ,Kurtdereli Spor Salonu
14.03.2020,16:00,2EA3798,23. Hafta,MAMAK BELEDİYESİ,84 - 79,BANDIRMA KIRMIZI,,ANKARA,Mamak Belediyesi Spor Salonu,Youtube / TBF TV,YÜCEL ÇİLİNGİR,NİHAT ÇETİN,ALİCAN ALICI,UĞUR MADIRGA,ŞERİFE YILMAZ,FATİH DEMİRCİ,SİBEL FAZLIOĞLU,YUNUS KAHRAMAN,Mamak Belediyesi Spor Salonu
14.03.2020,17:00,2EA3792,23. Hafta,SAMSUNSPOR,81 - 71,ANADOLU BASKET,,SAMSUN,Mustafa Dağıstanlı Spor Salonu,Youtube / TBF TV,TURGUT IŞIK,BENHÜR İRCEL,BATUHAN KÜMÜKOĞLU,ZELİHA BAYRAKTAR,ESRA BAYZAT,MERVE SERDAR,KÜBRA YILDIZ,MURAT ŞENDERE,Mustafa Dağıstanlı Spor Salonu
17.03.2020,16:30,2EA3799,24. Hafta,ANADOLU BASKET,82 - 78,1881 DÜZCE BELEDİYE,,ANKARA,TOBB ETÜ Spor Salonu,Youtube / TBF TV,İBRAHİM ALTINTAŞ,ORKUN YURTTAŞ,HALİL ERKOÇ,İHSAN KÜÇÜKAYCAN,NİHAN ÜNSAL,RESUL GEÇER,SİNA KÜÇÜKDİLEK,FATİH ŞEN,TOBB ETÜ Spor Salonu
17.03.2020,17:00,2EA3800,24. Hafta,PETKİM SPOR,82 - 67,SAMSUNSPOR,,İZMİR,Enka Spor Salonu,Youtube / TBF TV,AYDIN KARAÇAM,İSMAİL BİNBİR,ABDULLAH İLİK,MUSTAFA SAİT BATTALGAZİ,FATMA DÖNMEZ,İLAYDA DİNÇEL,HALİDE KAYA,ŞAHİN ŞANLI,Enka Spor Salonu
17.03.2020,19:00,2EA3803,24. Hafta,LOKMAN HEKİM FETHİYE BELEDİYESPOR,88 - 106,MERKEZEFENDİ BELEDİYESİ,,MUĞLA,Fethiye Beşkaza Spor Salonu,Youtube / TBF TV,SAMİ ÖZEL,FATİH GÜLER,SAMET ERDOĞAN,EMRE BAŞA,BERNA ŞEVVAL NAR,NEVİN YAVAŞ ERTUĞRUL,FERİDE BAHTINUR AĞIOĞLU,MEHMET NAHIRSÜREN,Fethiye Beşkaza Spor Salonu
17.03.2020,19:00,2EA3804,24. Hafta,AKHİSAR BELEDİYE,80 - 61,BORNOVA BELEDİYESPOR,,MANİSA,Akhisar Belediye Spor Salonu,Youtube / TBF TV,TEKİN ÖZÜBİR,ERHAN GÜRSEL,EYYÜP AYHAN,HAKAN ŞAHİN,ESRA GÜLSUYU,İSMAİL ATAR,DUDU DİRİK,GÜL YILDIRIM,Akhisar Belediye Spor Salonu
18.03.2020,18:00,2EA3806,24. Hafta,SEMT77 YALOVASPOR,97 - 80,BANDIRMA KIRMIZI,,YALOVA,90. Yıl Spor Salonu,Youtube / TBF TV,MURAT CİNER,TOLGA EDİS,MESUT ÖZTÜRK,HAKAN BEŞTEPE,ÖZGEN KIRKIŞ,GÜLEN SÖNMEZ,AYSEL GÜNER,ELMAS DEMİREL AYDEMİR,90. Yıl Spor Salonu
18.03.2020,18:00,2EA3801,24. Hafta,KONYASPOR,83 - 67,MANİSA BÜYÜKŞEHİR BELEDİYE,,KONYA,Selçuklu Belediyesi Spor Salonu,Youtube / TBF TV,YÜCEL ÇİLİNGİR,SÜLEYMAN DAĞDER DAĞLI,BATUHAN SÖYLEMEZOĞLU,BURAK DEDE,SADETTİN YAMAN,HÜSEYİN BAĞCI,MUSTAFA HARTÜN,AYKUT ÇETİN,Selçuklu Belediyesi Spor Salonu
18.03.2020,18:00,2EA3802,24. Hafta,BALIKESİR BÜYÜKŞEHİR BELEDİYESPOR,89 - 88,FİNAL GENÇLİK,,BALIKESİR,Kurtdereli Spor Salonu,Youtube / TBF TV,TURGUT IŞIK,ABDULLAH KOPUTAN,ANIL VEZİROĞLU,SERKAN İNCE,GAMZE ATİLA,MERT TELLİBAYRAKTAR,METİN IŞIK,ERCAN ÇAVUŞOĞLU,Kurtdereli Spor Salonu
18.03.2020,18:30,2EA3805,24. Hafta,BUDO GEMLİK BASKETBOL,88 - 76,MAMAK BELEDİYESİ,,BURSA,Gemlik Spor Salonu,Youtube / TBF TV,ÖNDER YILMAZ,GÖKSUN ÖZ,YİĞİT EMRE ŞİMŞEK,HAKAN AK,AYÇA ÜNLÜ,ADEM ÇATALKAŞ,TEOMAN ÖYLEK,ÇİGDEM AKYILDIZ,Gemlik Spor Salonu
İptal Edildi,-,2EA3807,25. Hafta,1881 DÜZCE BELEDİYE,-,PETKİM SPOR,,DÜZCE,Kalıcı Konutlar Merkez Spor Salonu,,SAMİ ÖZEL,AHMET MURAT ARIKANLI,BURAK YILMAZ,HALDUN KUNT,,,,,Kalıcı Konutlar Merkez Spor Salonu
İptal Edildi,-,2EA3812,25. Hafta,BORNOVA BELEDİYESPOR,-,LOKMAN HEKİM FETHİYE BELEDİYESPOR,,İZMİR,Altındağ Atatürk Spor Kompleksi,,UĞUR ÖZEN,AHMET KEMAL DİGİLLİ,ABDULLAH İLİK,TURAN CAN OCAKOĞLU,,,,,Altındağ Atatürk Spor Kompleksi
İptal Edildi,-,2EA3811,25. Hafta,MERKEZEFENDİ BELEDİYESİ,-,ANADOLU BASKET,,DENİZLİ,Pamukkale Üniversitesi Spor Salonu,,YÜCEL ÇİLİNGİR,NİHAT ÇETİN,İSMAİL BİNBİR,MEHMET DURU,,,,,Pamukkale Üniversitesi Spor Salonu
İptal Edildi,-,2EA3810,25. Hafta,FİNAL GENÇLİK,-,SEMT77 YALOVASPOR,,BURSA,Bursa Atatürk Spor Salonu,,ÖNDER YILMAZ,OZAN GÖNEN,NİYAZİ YASİN KAHRAMAN,MURAT KARTAL,,,,,Bursa Atatürk Spor Salonu
İptal Edildi,-,2EA3813,25. Hafta,MAMAK BELEDİYESİ,-,AKHİSAR BELEDİYE,,ANKARA,Mamak Belediyesi Spor Salonu,,MURAT CİNER,CEMİL UYGÜL,MUZAFFER VARDARLI,LÜTFİYE TAŞPINAR,,,,,Mamak Belediyesi Spor Salonu
İptal Edildi,-,2EA3808,25. Hafta,SAMSUNSPOR,-,KONYASPOR,,SAMSUN,Mustafa Dağıstanlı Spor Salonu,,ORKUN YURTTAŞ,UMUT ÖZGÜN ERGÜN,UYGAR KURT,CUMHUR ARSLAN,,,,,Mustafa Dağıstanlı Spor Salonu
İptal Edildi,-,2EA3814,25. Hafta,BANDIRMA KIRMIZI,-,BUDO GEMLİK BASKETBOL,,BALIKESİR,Teksüt Kara Ali Acar Spor Salonu,,FATİH GÜLER,NAZLI ÇİSİL GÜNGÖR,ALPER ELÇİKOCA,SEYİT AHMET BECAN,,,,,Teksüt Kara Ali Acar Spor Salonu
İptal Edildi,-,2EA3809,25. Hafta,MANİSA BÜYÜKŞEHİR BELEDİYE,-,BALIKESİR BÜYÜKŞEHİR BELEDİYESPOR,,MANİSA,Muradiye Spor Salonu,,AYDIN KARAÇAM,TOLGA EDİS,BENHÜR İRCEL,DİDEM SÜER,,,,,Muradiye Spor Salonu
İptal Edildi,-,2EA3819,26. Hafta,ANADOLU BASKET,-,BORNOVA BELEDİYESPOR,,ANKARA,TOBB ETÜ Spor Salonu,,,,,,,,,,TOBB ETÜ Spor Salonu
İptal Edildi,-,2EA3817,26. Hafta,FİNAL GENÇLİK,-,MANİSA BÜYÜKŞEHİR BELEDİYE,,BURSA,Bursa Atatürk Spor Salonu,,,,,,,,,,Bursa Atatürk Spor Salonu
İptal Edildi,-,2EA3815,26. Hafta,KONYASPOR,-,1881 DÜZCE BELEDİYE,,KONYA,Selçuklu Belediyesi Spor Salonu,,,,,,,,,,Selçuklu Belediyesi Spor Salonu
İptal Edildi,-,2EA3816,26. Hafta,BALIKESİR BÜYÜKŞEHİR BELEDİYESPOR,-,SAMSUNSPOR,,BALIKESİR,Kurtdereli Spor Salonu,,,,,,,,,,Kurtdereli Spor Salonu
İptal Edildi,-,2EA3820,26. Hafta,LOKMAN HEKİM FETHİYE BELEDİYESPOR,-,MAMAK BELEDİYESİ,,MUĞLA,Fethiye Beşkaza Spor Salonu,,,,,,,,,,Fethiye Beşkaza Spor Salonu
İptal Edildi,-,2EA3821,26. Hafta,AKHİSAR BELEDİYE,-,BANDIRMA KIRMIZI,,MANİSA,Akhisar Belediye Spor Salonu,,,,,,,,,,Akhisar Belediye Spor Salonu
İptal Edildi,-,2EA3822,26. Hafta,SEMT77 YALOVASPOR,-,BUDO GEMLİK BASKETBOL,,YALOVA,90. Yıl Spor Salonu,,,,,,,,,,90. Yıl Spor Salonu
İptal Edildi,-,2EA3818,26. Hafta,PETKİM SPOR,-,MERKEZEFENDİ BELEDİYESİ,,İZMİR,Enka Spor Salonu,,,,,,,,,,Enka Spor Salonu
İptal Edildi,-,2EA3827,27. Hafta,BORNOVA BELEDİYESPOR,-,PETKİM SPOR,,İZMİR,Altındağ Atatürk Spor Kompleksi,,,,,,,,,,Altındağ Atatürk Spor Kompleksi
İptal Edildi,-,2EA3823,27. Hafta,1881 DÜZCE BELEDİYE,-,BALIKESİR BÜYÜKŞEHİR BELEDİYESPOR,,DÜZCE,Kalıcı Konutlar Merkez Spor Salonu,,,,,,,,,,Kalıcı Konutlar Merkez Spor Salonu
İptal Edildi,-,2EA3826,27. Hafta,MERKEZEFENDİ BELEDİYESİ,-,KONYASPOR,,DENİZLİ,Pamukkale Üniversitesi Spor Salonu,,,,,,,,,,Pamukkale Üniversitesi Spor Salonu
İptal Edildi,-,2EA3825,27. Hafta,MANİSA BÜYÜKŞEHİR BELEDİYE,-,SEMT77 YALOVASPOR,,MANİSA,Muradiye Spor Salonu,,,,,,,,,,Muradiye Spor Salonu
İptal Edildi,-,2EA3828,27. Hafta,MAMAK BELEDİYESİ,-,ANADOLU BASKET,,ANKARA,Mamak Belediyesi Spor Salonu,,,,,,,,,,Mamak Belediyesi Spor Salonu
İptal Edildi,-,2EA3830,27. Hafta,BUDO GEMLİK BASKETBOL,-,AKHİSAR BELEDİYE,,BURSA,Gemlik Spor Salonu,,,,,,,,,,Gemlik Spor Salonu
İptal Edildi,-,2EA3824,27. Hafta,SAMSUNSPOR,-,FİNAL GENÇLİK,,SAMSUN,Mustafa Dağıstanlı Spor Salonu,,,,,,,,,,Mustafa Dağıstanlı Spor Salonu
İptal Edildi,-,2EA3829,27. Hafta,BANDIRMA KIRMIZI,-,LOKMAN HEKİM FETHİYE BELEDİYESPOR,,BALIKESİR,Teksüt Kara Ali Acar Spor Salonu,,,,,,,,,,Teksüt Kara Ali Acar Spor Salonu
İptal Edildi,-,2EA3836,28. Hafta,ANADOLU BASKET,-,BANDIRMA KIRMIZI,,ANKARA,TOBB ETÜ Spor Salonu,,,,,,,,,,TOBB ETÜ Spor Salonu
İptal Edildi,-,2EA3831,28. Hafta,FİNAL GENÇLİK,-,1881 DÜZCE BELEDİYE,,BURSA,Bursa Atatürk Spor Salonu,,,,,,,,,,Bursa Atatürk Spor Salonu
İptal Edildi,-,2EA3832,28. Hafta,MANİSA BÜYÜKŞEHİR BELEDİYE,-,SAMSUNSPOR,,MANİSA,Muradiye Spor Salonu,,,,,,,,,,Muradiye Spor Salonu
İptal Edildi,-,2EA3833,28. Hafta,BALIKESİR BÜYÜKŞEHİR BELEDİYESPOR,-,MERKEZEFENDİ BELEDİYESİ,,BALIKESİR,Kurtdereli Spor Salonu,,,,,,,,,,Kurtdereli Spor Salonu
İptal Edildi,-,2EA3834,28. Hafta,KONYASPOR,-,BORNOVA BELEDİYESPOR,,KONYA,Selçuklu Belediyesi Spor Salonu,,,,,,,,,,Selçuklu Belediyesi Spor Salonu
İptal Edildi,-,2EA3837,28. Hafta,LOKMAN HEKİM FETHİYE BELEDİYESPOR,-,BUDO GEMLİK BASKETBOL,,MUĞLA,Fethiye Beşkaza Spor Salonu,,,,,,,,,,Fethiye Beşkaza Spor Salonu
İptal Edildi,-,2EA3838,28. Hafta,SEMT77 YALOVASPOR,-,AKHİSAR BELEDİYE,,YALOVA,90. Yıl Spor Salonu,,,,,,,,,,90. Yıl Spor Salonu
İptal Edildi,-,2EA3835,28. Hafta,PETKİM SPOR,-,MAMAK BELEDİYESİ,,İZMİR,Enka Spor Salonu,,,,,,,,,,Enka Spor Salonu
İptal Edildi,-,2EA3842,29. Hafta,BORNOVA BELEDİYESPOR,-,BALIKESİR BÜYÜKŞEHİR BELEDİYESPOR,,İZMİR,Altındağ Atatürk Spor Kompleksi,,,,,,,,,,Altındağ Atatürk Spor Kompleksi
İptal Edildi,-,2EA3839,29. Hafta,1881 DÜZCE BELEDİYE,-,MANİSA BÜYÜKŞEHİR BELEDİYE,,DÜZCE,Kalıcı Konutlar Merkez Spor Salonu,,,,,,,,,,Kalıcı Konutlar Merkez Spor Salonu
İptal Edildi,-,2EA3841,29. Hafta,MERKEZEFENDİ BELEDİYESİ,-,FİNAL GENÇLİK,,DENİZLİ,Pamukkale Üniversitesi Spor Salonu,,,,,,,,,,Pamukkale Üniversitesi Spor Salonu
İptal Edildi,-,2EA3843,29. Hafta,MAMAK BELEDİYESİ,-,KONYASPOR,,ANKARA,Mamak Belediyesi Spor Salonu,,,,,,,,,,Mamak Belediyesi Spor Salonu
İptal Edildi,-,2EA3840,29. Hafta,SAMSUNSPOR,-,SEMT77 YALOVASPOR,,SAMSUN,Mustafa Dağıstanlı Spor Salonu,,,,,,,,,,Mustafa Dağıstanlı Spor Salonu
İptal Edildi,-,2EA3845,29. Hafta,BUDO GEMLİK BASKETBOL,-,ANADOLU BASKET,,BURSA,Gemlik Spor Salonu,,,,,,,,,,Gemlik Spor Salonu
İptal Edildi,-,2EA3846,29. Hafta,AKHİSAR BELEDİYE,-,LOKMAN HEKİM FETHİYE BELEDİYESPOR,,MANİSA,Akhisar Belediye Spor Salonu,,,,,,,,,,Akhisar Belediye Spor Salonu
İptal Edildi,-,2EA3844,29. Hafta,BANDIRMA KIRMIZI,-,PETKİM SPOR,,BALIKESİR,Teksüt Kara Ali Acar Spor Salonu,,,,,,,,,,Teksüt Kara Ali Acar Spor Salonu
İptal Edildi,-,2EA3853,30. Hafta,ANADOLU BASKET,-,AKHİSAR BELEDİYE,,ANKARA,TOBB ETÜ Spor Salonu,,,,,,,,,,TOBB ETÜ Spor Salonu
İptal Edildi,-,2EA3849,30. Hafta,FİNAL GENÇLİK,-,BORNOVA BELEDİYESPOR,,BURSA,Bursa Atatürk Spor Salonu,,,,,,,,,,Bursa Atatürk Spor Salonu
İptal Edildi,-,2EA3848,30. Hafta,MANİSA BÜYÜKŞEHİR BELEDİYE,-,MERKEZEFENDİ BELEDİYESİ,,MANİSA,Muradiye Spor Salonu,,,,,,,,,,Muradiye Spor Salonu
İptal Edildi,-,2EA3850,30. Hafta,BALIKESİR BÜYÜKŞEHİR BELEDİYESPOR,-,MAMAK BELEDİYESİ,,BALIKESİR,Kurtdereli Spor Salonu,,,,,,,,,,Kurtdereli Spor Salonu
İptal Edildi,-,2EA3851,30. Hafta,KONYASPOR,-,BANDIRMA KIRMIZI,,KONYA,Selçuklu Belediyesi Spor Salonu,,,,,,,,,,Selçuklu Belediyesi Spor Salonu
İptal Edildi,-,2EA3854,30. Hafta,SEMT77 YALOVASPOR,-,LOKMAN HEKİM FETHİYE BELEDİYESPOR,,YALOVA,90. Yıl Spor Salonu,,,,,,,,,,90. Yıl Spor Salonu
İptal Edildi,-,2EA3847,30. Hafta,SAMSUNSPOR,-,1881 DÜZCE BELEDİYE,,SAMSUN,Mustafa Dağıstanlı Spor Salonu,,,,,,,,,,Mustafa Dağıstanlı Spor Salonu
İptal Edildi,-,2EA3852,30. Hafta,PETKİM SPOR,-,BUDO GEMLİK BASKETBOL,,İZMİR,Enka Spor Salonu,,,,,,,,,,Enka Spor Salonu
