Tarih,Saat,Maç No,Hafta,A Takım,Sonuç,B Takım,Grubu,Şehir,Salon,TV,Baş Hakem,1. Yrd. Hakem,2. Yrd. Hakem,Temsilci,1. Masa G.,2. Masa G.,3. Masa G.,4. Masa G.,Salon.1
7.10.2022,18:00,2EA4476,01. Hafta,ÇAĞDAŞ BODRUM SPOR,90 - 86,YILYAK SAMSUNSPOR BASKETBOL,,MUĞLA,Bodrum Spor Salonu,TRT Spor Yıldız,ÖNDER YILMAZ,OZAN GÖNEN,NİYAZİ YASİN KAHRAMAN,GÖRKEM BIÇAKCIOĞLU,YÜKSEL BÜYÜKADA,SEVDA KÖSE,HASAN ERDİ COŞKUN,HÜSEYİN EŞKİ,Bodrum Spor Salonu
8.10.2022,14:00,2EA4475,01. Hafta,AKRAN GEMLİK BASKETBOL,71 - 84,FİNAL SPOR,,BURSA,Gemlik Spor Salonu,Youtube / TBF TV,MEHMET OZAN ÇAKAR,YARKIN KESKİN,SABRİ GÜNDÜZ,MACİT ZEREN,ŞAFAK IRMAK SARAÇOĞLU,ADEM ÇATALKAŞ,SİNEM ERTEM,ESRA AL,Gemlik Spor Salonu
8.10.2022,15:45,2EA4473,01. Hafta,BORNOVA BELEDİYESİ KARŞIYAKA,77 - 73,DEPOMAXX HAREM SPOR,,İZMİR,Altındağ Atatürk Spor Kompleksi,Youtube / TBF TV,HALİL ERKOÇ,MESUT ÖZTÜRK,CEMİL UYGÜL,İBRAHİM EMRE AYDEMİR,BETÜL AKDOĞAN,ELİF KALENDER,TUĞBA ERTE,SADIK ERGÜL,Altındağ Atatürk Spor Kompleksi
8.10.2022,17:30,2EA4478,01. Hafta,ANTALYA GÜNEŞİ,84 - 90,SİGORTAM.NET,,ANTALYA,Kepez Turgut Özal Spor Salonu,Youtube / TBF TV,ORKUN YURTTAŞ,NİHAT ÇETİN,ÖMER SARI,MUSTAFA BİÇER,BURHAN ÇİÇEK,KORAY ASAL,DERYA YILDIZ,ERKAN BÜDÜN,Kepez Turgut Özal Spor Salonu
9.10.2022,14:00,2EA4474,01. Hafta,KOCAELİ BÜYÜKŞEHİR BELEDİYE KAĞIT SPOR,71 - 98,MERSİN BÜYÜKŞEHİR BELEDİYESİ,,KOCAELİ,Kocaeli Atatürk Spor Salonu,Youtube / TBF TV,KEREM YILMAZ,NAZLI ÇİSİL GÜNGÖR,AHMET KEMAL DİGİLLİ,NAİM ÖZYEŞİLPINAR,ÖZER COŞKUN,SUDENUR DUMAN,TÜRKER YILMAZ,OSMAN TUNAHAN TUNCER,Kocaeli Atatürk Spor Salonu
9.10.2022,15:45,2EA4477,01. Hafta,OGM ORMANSPOR,90 - 79,BALIKESİR BÜYÜKŞEHİR BELEDİYESPOR,,ANKARA,M. Sait Zarifoğlu Spor Salonu,Youtube / TBF TV,AYDIN KARAÇAM,ABDULLAH KOPUTAN,ÖZKAN TALO,MEHMET KAŞİF BATTAL,BİLAL UZGÖREN,SİNA KÜÇÜKDİLEK,ALPER KESEN,FATİH DEMİRCİ,M. Sait Zarifoğlu Spor Salonu
9.10.2022,17:30,2EA4471,01. Hafta,GÖLBAŞI BELEDİYESİ TED ANKARA KOLEJLİLER,89 - 82,ANKARAGÜCÜ MAMAK BELEDİYESİ,,ANKARA,Gölbaşı Spor Salonu,Youtube / TBF TV,YÜCEL ÇİLİNGİR,AHMET TANER İBİN,ERDOĞAN ÇELEBİ,BURAK DEDE,AHMET BUĞRAHAN TÜRKER,FATİH ŞEN,SEÇİL ÇAPKINOĞLU,ATAKAN EFE DEVECİ,Gölbaşı Spor Salonu
10.10.2022,16:00,2EA4472,01. Hafta,FENERBAHÇE KOLEJİ DS ENERGY,50 - 65,SEMT77 YALOVASPOR,,İSTANBUL,Fenerbahçe Metro Enerji Spor Salonu,TRT Spor Yıldız,TURGUT IŞIK,YİĞİT EMRE ŞİMŞEK,DORUKHAN KALYONCU,HURŞİT CEM AKAN,EBRU ULUDOĞAN,ÇAĞLAR SARIDEDE,GÜLTEKİN KABAŞ,TUĞBA DURNAOĞLU,Fenerbahçe Metro Enerji Spor Salonu
14.10.2022,15:45,2EA4481,02. Hafta,MERSİN BÜYÜKŞEHİR BELEDİYESİ,85 - 79,BORNOVA BELEDİYESİ KARŞIYAKA,,MERSİN,Servet Tazegül Spor Salonu,Youtube / TBF TV,AYDIN KARAÇAM,YİĞİT EMRE ŞİMŞEK,UĞUR YÜKSEL,YEŞİM ATUŞ KARAGÖZ,BETÜL ÖZCAN,SABAHİTTİN KAZAN,RAMAZAN ÖZYİĞİT,CANER SERTEL,Servet Tazegül Spor Salonu
14.10.2022,18:00,2EA4485,02. Hafta,SİGORTAM.NET,79 - 67,OGM ORMANSPOR,,İSTANBUL,Akatlar Spor ve Kültür Kompleksi,TRT Spor Yıldız,SERTAN KIRKLAR,HALİL ERKOÇ,ALPER GÖKÇEBEL,ERKAN URASLI,ŞERMİN NAZLIGÜL,ALPKAN HACIYAKUPOĞLU,HALİL İBRAHİM SEVİLİR,ALPER LAÇİNKAYA,Akatlar Spor ve Kültür Kompleksi
15.10.2022,14:00,2EA4480,02. Hafta,DEPOMAXX HAREM SPOR,78 - 93,FENERBAHÇE KOLEJİ DS ENERGY,,İSTANBUL,Şehit Mustafa Özel Spor Kompleksi,Youtube / TBF TV,YÜCEL ÇİLİNGİR,NAZLI ÇİSİL GÜNGÖR,ABDULLAH İLİK,SAVAŞ BAYRAM ERTÜRK,YEŞİM AKAN,TUĞÇE KAYA,GÖKHAN ALTUNTAŞ,EMRAH RİFAİ,Şehit Mustafa Özel Spor Kompleksi
15.10.2022,15:45,2EA4486,02. Hafta,ANKARAGÜCÜ MAMAK BELEDİYESİ,86 - 76,ANTALYA GÜNEŞİ,,ANKARA,Mamak Belediyesi Hidayet Türkoğlu Spor Salonu,Youtube / TBF TV,KEREM YILMAZ,MESUT ÖZTÜRK,NİYAZİ YASİN KAHRAMAN,HALDUN KUNT,ASLI DİNÇEL,PELİN KUZU,AHMET BUĞRAHAN TÜRKER,SİBEL FAZLIOĞLU,Mamak Belediyesi Hidayet Türkoğlu Spor Salonu
15.10.2022,17:30,2EA4484,02. Hafta,BALIKESİR BÜYÜKŞEHİR BELEDİYESPOR,98 - 88,ÇAĞDAŞ BODRUM SPOR,,BALIKESİR,Kurtdereli Spor Salonu,Youtube / TBF TV,TURGUT IŞIK,MÜNEVVER ÖZEMRE,ERDOĞAN ÇELEBİ,OKAN KAHRAMAN,GAMZE ATİLA,MERT TELLİBAYRAKTAR,HÜSEYİN GİRGİN,METİN IŞIK,Kurtdereli Spor Salonu
16.10.2022,15:45,2EA4479,02. Hafta,SEMT77 YALOVASPOR,75 - 77,GÖLBAŞI BELEDİYESİ TED ANKARA KOLEJLİLER,,YALOVA,90. Yıl Spor Salonu,Youtube / TBF TV,ORKUN YURTTAŞ,NİHAT ÇETİN,TOLGA AKKUŞOĞLU,ÇETİN ŞİMŞEK,ELMAS DEMİREL AYDEMİR,GÜLEN SÖNMEZ,HÜLYA DOĞAN,ANIL BIYIKOĞLU,90. Yıl Spor Salonu
16.10.2022,17:30,2EA4483,02. Hafta,YILYAK SAMSUNSPOR BASKETBOL,77 - 52,AKRAN GEMLİK BASKETBOL,,SAMSUN,Mustafa Dağıstanlı Spor Salonu,Youtube / TBF TV,UĞUR ÖZEN,ABDULLAH KOPUTAN,SEDA ESEN,SEMİH KAYA,ESRA BAYZAT,ÇAĞATAY ÖZKOCA,SEDA ÖZDEMİR,OĞUZHAN KARAMAN,Mustafa Dağıstanlı Spor Salonu
17.10.2022,18:00,2EA4482,02. Hafta,FİNAL SPOR,82 - 68,KOCAELİ BÜYÜKŞEHİR BELEDİYE KAĞIT SPOR,,BURSA,Naim Süleymanoğlu Spor Kompleksi,TRT Spor Yıldız,DUHAN KÖYİÇİ,AHMET TANER İBİN,FURKAN KESERATAR,RAMAZAN ÖYLEK,SUELNUR ÇELİK,NİDA ECE TÜZÜK,MUHARREM KAYAL,FATİH DURGUT,Naim Süleymanoğlu Spor Kompleksi
21.10.2022,18:00,2EA4487,03. Hafta,GÖLBAŞI BELEDİYESİ TED ANKARA KOLEJLİLER,104 - 88,DEPOMAXX HAREM SPOR,,ANKARA,Gölbaşı Spor Salonu,Youtube / TBF TV,TURGUT IŞIK,NİYAZİ YASİN KAHRAMAN,BARIŞ TURGUT,ERDEM DEMİRSOY,UMUT AYBULUT,SİMAY ÇAKMAK,SEÇİL ÇAPKINOĞLU,ANIL ENDER DURGUN,Gölbaşı Spor Salonu
22.10.2022,14:00,2EA4490,03. Hafta,KOCAELİ BÜYÜKŞEHİR BELEDİYE KAĞIT SPOR,75 - 98,YILYAK SAMSUNSPOR BASKETBOL,,KOCAELİ,Kocaeli Atatürk Spor Salonu,Youtube / TBF TV,AYDIN KARAÇAM,MESUT ÖZTÜRK,BURAK ERKAN,MEHMET İSMET BAYRİ,TARIK ERDOĞAN,UĞUR TÜRKYILMAZ,SUDENUR DUMAN,ERAY CİVELEK,Kocaeli Atatürk Spor Salonu
22.10.2022,15:45,2EA4493,03. Hafta,OGM ORMANSPOR,63 - 61,ANTALYA GÜNEŞİ,,ANKARA,M. Sait Zarifoğlu Spor Salonu,Youtube / TBF TV,YÜCEL ÇİLİNGİR,MÜNEVVER ÖZEMRE,EYYÜP AYHAN,MEHMET KAŞİF BATTAL,YASEMİN YILDIRIM,ALİ MURAT SUNGUR,VOLKAN DARCAN,FUNDA KONCA,M. Sait Zarifoğlu Spor Salonu
22.10.2022,17:30,2EA4494,03. Hafta,SEMT77 YALOVASPOR,93 - 61,ANKARAGÜCÜ MAMAK BELEDİYESİ,,YALOVA,90. Yıl Spor Salonu,Youtube / TBF TV,MEHMET OZAN ÇAKAR,CEMİL UYGÜL,ÖMER SARI,UMUT GEDİK,EMİNE AK,NAZMİYE BIYIKOĞLU,HANİFE CELEPOĞLU,TAYFUN CAN DEMİR,90. Yıl Spor Salonu
23.10.2022,14:00,2EA4489,03. Hafta,BORNOVA BELEDİYESİ KARŞIYAKA,73 - 79,FİNAL SPOR,,İZMİR,Altındağ Atatürk Spor Kompleksi,Youtube / TBF TV,SERTAN KIRKLAR,OZAN GÖNEN,HÜSEYİN ÇAMCI,EMRE BAŞA,GİZEM ÖZAYDIN,HALİL TEPEBAĞ,OSMAN ARKIN BARUTCU,ELİF KALENDER,Altındağ Atatürk Spor Kompleksi
23.10.2022,15:45,2EA4488,03. Hafta,FENERBAHÇE KOLEJİ DS ENERGY,80 - 88,MERSİN BÜYÜKŞEHİR BELEDİYESİ,,İSTANBUL,Fenerbahçe Metro Enerji Spor Salonu,Youtube / TBF TV,ÖNDER YILMAZ,BENHÜR İRCEL,ANIL VEZİROĞLU,HÜSEYİN OSMAN BÜYÜKGÖKSU,DUYGU USTAOĞLU,YEŞİM ÖZCAN ÖZTÜRK,RAMAZAN KOÇ,BÜŞRA ERKAN,Fenerbahçe Metro Enerji Spor Salonu
23.10.2022,17:30,2EA4492,03. Hafta,ÇAĞDAŞ BODRUM SPOR,77 - 72,SİGORTAM.NET,,MUĞLA,Bodrum Spor Salonu,Youtube / TBF TV,UĞUR ÖZEN,AHMET KEMAL DİGİLLİ,SEZER BOR,DOĞAN HEPGÜVENDİK,İREM KARATAŞ,EVREN ERTOY,GÜLAY İLAYDA IŞITAN,HÜSEYİN EŞKİ,Bodrum Spor Salonu
24.10.2022,15:00,2EA4491,03. Hafta,AKRAN GEMLİK BASKETBOL,85 - 78,BALIKESİR BÜYÜKŞEHİR BELEDİYESPOR,,BURSA,Gemlik Spor Salonu,TRT Spor Yıldız,KEREM YILMAZ,AHMET TANER İBİN,ALİ OSMAN KANIK,HAKAN AK,NİDA ECE TÜZÜK,TUĞBA ÖYLEK,NEBİYE SALLANTI,ŞAFAK IRMAK SARAÇOĞLU,Gemlik Spor Salonu
28.10.2022,18:00,2EA4501,04. Hafta,ANKARAGÜCÜ MAMAK BELEDİYESİ,71 - 70,OGM ORMANSPOR,,ANKARA,Mamak Belediyesi Hidayet Türkoğlu Spor Salonu,TRT Spor Yıldız,ABDULLAH KOPUTAN,YİĞİT EMRE ŞİMŞEK,ŞEYHMUS MELEK,CENGİZ AKAR,EZGİ KILIÇ,PELİN KUZU,HASAN BAŞKURT,NİHAN ÜNSAL,Mamak Belediyesi Hidayet Türkoğlu Spor Salonu
29.10.2022,14:00,2EA4502,04. Hafta,DEPOMAXX HAREM SPOR,59 - 81,SEMT77 YALOVASPOR,,İSTANBUL,Şehit Mustafa Özel Spor Kompleksi,Youtube / TBF TV,UĞUR ÖZEN,MESUT ÖZTÜRK,YARKIN KESKİN,YAŞAR SİNAN ÇELİKOĞLU,BARIŞ AKSAKAL,AHMET YILDIZ,BURHAN DEMİR,AYGÜN SEVGİL,Şehit Mustafa Özel Spor Kompleksi
29.10.2022,15:45,2EA4498,04. Hafta,BALIKESİR BÜYÜKŞEHİR BELEDİYESPOR,77 - 72,KOCAELİ BÜYÜKŞEHİR BELEDİYE KAĞIT SPOR,,BALIKESİR,Kurtdereli Spor Salonu,Youtube / TBF TV,ORKUN YURTTAŞ,MÜNEVVER ÖZEMRE,SAFA HALİT ÇAKIR,MURAT KARTAL,NESLİHAN ÇOBAN,MUSA ÇALIŞKAN,MAHMUT DEMİR,HAKAN KÜLAHLI,Kurtdereli Spor Salonu
29.10.2022,17:30,2EA4495,04. Hafta,MERSİN BÜYÜKŞEHİR BELEDİYESİ,83 - 87,GÖLBAŞI BELEDİYESİ TED ANKARA KOLEJLİLER,,MERSİN,Edip Buran Spor Salonu,Youtube / TBF TV,MEHMET OZAN ÇAKAR,HALİL ERKOÇ,HALDUN ÇOBAN,BAHA KAÇIN,HÜSEYİN BİNİCİ,LEVENT YORULMAZ,TUFAN EZER,SABAHİTTİN KAZAN,Edip Buran Spor Salonu
30.10.2022,14:00,2EA4500,04. Hafta,ANTALYA GÜNEŞİ,56 - 68,ÇAĞDAŞ BODRUM SPOR,,ANTALYA,Kepez Turgut Özal Spor Salonu,Youtube / TBF TV,SERTAN KIRKLAR,ABDULLAH İLİK,BURAK ERKAN,MERT ELMA,NESLİHAN SÜTLÜ,BERNA UYSAL,NASUH ÜZER,NURŞEN SAFİ ÇELİK,Kepez Turgut Özal Spor Salonu
30.10.2022,15:45,2EA4497,04. Hafta,YILYAK SAMSUNSPOR BASKETBOL,76 - 54,BORNOVA BELEDİYESİ KARŞIYAKA,,SAMSUN,Mustafa Dağıstanlı Spor Salonu,Youtube / TBF TV,YÜCEL ÇİLİNGİR,KEREM YILMAZ,RAMAZAN SEZER BARAN,KAYA EREZ,SONA YAVUZ,GİZEM PİR,DAMLA GÖRKEM AKTEKİN,AHMET BARIŞ YAZICI,Mustafa Dağıstanlı Spor Salonu
30.10.2022,17:30,2EA4499,04. Hafta,SİGORTAM.NET,80 - 77,AKRAN GEMLİK BASKETBOL,,İSTANBUL,Akatlar Spor ve Kültür Kompleksi,Youtube / TBF TV,ÖNDER YILMAZ,BENHÜR İRCEL,SABRİ GÜNDÜZ,EMİN FAZIL KESERATAR,GÖKHAN ALTUNTAŞ,GÜLİZ KONCA ADİLLER,AHSEN CANBULAT,CEYDA KAPKAÇ,Akatlar Spor ve Kültür Kompleksi
31.10.2022,18:30,2EA4496,04. Hafta,FİNAL SPOR,77 - 68,FENERBAHÇE KOLEJİ DS ENERGY,,BURSA,Naim Süleymanoğlu Spor Kompleksi,TRT Spor Yıldız,TURGUT IŞIK,ALPER GÖKÇEBEL,ALİ OSMAN KANIK,ÇETİN ŞİMŞEK,SİNEM ERTEM,ERAY BABAHANOĞLU,ABDULLAH KURT,FATİH DURGUT,Naim Süleymanoğlu Spor Kompleksi
4.11.2022,17:30,2EA4509,05. Hafta,SEMT77 YALOVASPOR,70 - 78,MERSİN BÜYÜKŞEHİR BELEDİYESİ,,YALOVA,90. Yıl Spor Salonu,TRT Spor Yıldız,İBRAHİM ALTINTAŞ,SERTAN KIRKLAR,ÖZKAN TALO,AHMET MÜNİR GÖKMEN,EMİNE AK,GÜLEN SÖNMEZ,NURSEVİL AKYOL,ANIL BIYIKOĞLU,90. Yıl Spor Salonu
5.11.2022,14:00,2EA4504,05. Hafta,FENERBAHÇE KOLEJİ DS ENERGY,79 - 85,YILYAK SAMSUNSPOR BASKETBOL,,İSTANBUL,Fenerbahçe Metro Enerji Spor Salonu,Youtube / TBF TV,ORKUN YURTTAŞ,NİYAZİ YASİN KAHRAMAN,ERDOĞAN ÇELEBİ,METİN AÇIKALIN,FATMA GÖK,ESER FIRIL,TUĞBA DURNAOĞLU,ALTAN CANDAN,Fenerbahçe Metro Enerji Spor Salonu
5.11.2022,15:45,2EA4505,05. Hafta,BORNOVA BELEDİYESİ KARŞIYAKA,62 - 76,BALIKESİR BÜYÜKŞEHİR BELEDİYESPOR,,İZMİR,Altındağ Atatürk Spor Kompleksi,Youtube / TBF TV,MEHMET OZAN ÇAKAR,YARKIN KESKİN,FURKAN KESERATAR,DİDEM SÜER,BETÜL AKDOĞAN,BERRİN TURAN,OKAN ÇETİNBAŞ,ELİF KALENDER,Altındağ Atatürk Spor Kompleksi
5.11.2022,17:30,2EA4510,05. Hafta,DEPOMAXX HAREM SPOR,88 - 81,ANKARAGÜCÜ MAMAK BELEDİYESİ,,İSTANBUL,Şehit Mustafa Özel Spor Kompleksi,Youtube / TBF TV,ÖNDER YILMAZ,NİHAT ÇETİN,UMUT MEMİŞ,SAVAŞ BAYRAM ERTÜRK,EROL TAHTAKESEN,CEYDA KAPKAÇ,YEŞİM AKAN,DİNÇER ADİLLER,Şehit Mustafa Özel Spor Kompleksi
6.11.2022,14:00,2EA4503,05. Hafta,GÖLBAŞI BELEDİYESİ TED ANKARA KOLEJLİLER,89 - 94,FİNAL SPOR,,ANKARA,Gölbaşı Spor Salonu,Youtube / TBF TV,NAZLI ÇİSİL GÜNGÖR,AHMET TANER İBİN,SAMET BİNER,DERYA ANTAŞ,GÖZDE ÖZBEK,FATMA ÇELİK,ANIL ENDER DURGUN,TUNCER ULUŞEKER,Gölbaşı Spor Salonu
6.11.2022,15:45,2EA4508,05. Hafta,ÇAĞDAŞ BODRUM SPOR,74 - 59,OGM ORMANSPOR,,MUĞLA,Bodrum Spor Salonu,Youtube / TBF TV,DUHAN KÖYİÇİ,OZAN GÖNEN,TOLGA AKKUŞOĞLU,GÖRKEM BIÇAKCIOĞLU,SEVGİ ÖZKAN,DUYGU ÇİMEN,HASAN ERDİ COŞKUN,TUNCER FİKRİ ERTUĞRUL,Bodrum Spor Salonu
6.11.2022,17:30,2EA4506,05. Hafta,KOCAELİ BÜYÜKŞEHİR BELEDİYE KAĞIT SPOR,72 - 79,SİGORTAM.NET,,KOCAELİ,Şehit Polis Recep Topaloğlu Spor Salonu,Youtube / TBF TV,HALİL ERKOÇ,AHMET MURAT ARIKANLI,BURAK DURMUŞ,MEHMET İSMET BAYRİ,ÖZGE ERÇETİN,GAMZE KURT,MERT TEKİN,ERAY CİVELEK,Şehit Polis Recep Topaloğlu Spor Salonu
7.11.2022,18:00,2EA4507,05. Hafta,AKRAN GEMLİK BASKETBOL,73 - 76,ANTALYA GÜNEŞİ,,BURSA,Gemlik Spor Salonu,TRT Spor Yıldız,AYDIN KARAÇAM,AHMET KEMAL DİGİLLİ,SEDA ESEN,ATİF AL,EMEL ÖZTÜRK,TUĞBA ÖYLEK,GÜLSEREN KAÇIR,TEOMAN ÖYLEK,Gemlik Spor Salonu
11.11.2022,18:00,2EA4511,06. Hafta,YILYAK SAMSUNSPOR BASKETBOL,83 - 57,GÖLBAŞI BELEDİYESİ TED ANKARA KOLEJLİLER,,SAMSUN,Mustafa Dağıstanlı Spor Salonu,TRT Spor Yıldız,İBRAHİM ALTINTAŞ,MESUT ÖZTÜRK,BURAK ERKAN,SEMİH KAYA,NERGİS KAHRAMAN,ESRA BAYZAT,ŞÜKRİYE NUR KIZIL,KADİR BERDAN ŞEKER,Mustafa Dağıstanlı Spor Salonu
12.11.2022,14:00,2EA4518,06. Hafta,MERSİN BÜYÜKŞEHİR BELEDİYESİ,83 - 56,DEPOMAXX HAREM SPOR,,MERSİN,Edip Buran Spor Salonu,Youtube / TBF TV,DUHAN KÖYİÇİ,AHMET MURAT ARIKANLI,SAFA HALİT ÇAKIR,SERKAN SU,CANER SERTEL,LEVENT YORULMAZ,TUFAN EZER,ZİYA ERTAŞ,Edip Buran Spor Salonu
12.11.2022,15:45,2EA4515,06. Hafta,OGM ORMANSPOR,74 - 57,AKRAN GEMLİK BASKETBOL,,ANKARA,M. Sait Zarifoğlu Spor Salonu,Youtube / TBF TV,NAZLI ÇİSİL GÜNGÖR,KEREM YILMAZ,ALPER GÖKÇEBEL,HALDUN KUNT,YASEMİN YILDIRIM,FATİH ŞEN,SİBEL FAZLIOĞLU,NİHAN ÜNSAL,M. Sait Zarifoğlu Spor Salonu
12.11.2022,17:30,2EA4514,06. Hafta,ANTALYA GÜNEŞİ,79 - 85,KOCAELİ BÜYÜKŞEHİR BELEDİYE KAĞIT SPOR,,ANTALYA,Kepez Turgut Özal Spor Salonu,Youtube / TBF TV,TURGUT IŞIK,TOLGA AKKUŞOĞLU,BURAK AKTAŞ,MERT ELMA,SEVCAN CELİL,NİLÜFER GÖK AKDAĞ,ALİ USLU,ERKAN BÜDÜN,Kepez Turgut Özal Spor Salonu
13.11.2022,14:00,2EA4516,06. Hafta,ANKARAGÜCÜ MAMAK BELEDİYESİ,79 - 80,ÇAĞDAŞ BODRUM SPOR,,ANKARA,Mamak Belediyesi Hidayet Türkoğlu Spor Salonu,Youtube / TBF TV,ORKUN YURTTAŞ,HALİL ERKOÇ,EYYÜP AYHAN,MEHMET KAŞİF BATTAL,SEDA KIDIK,VEYSEL SİNAN TUNCER,KAMİL TOSUN,ALİ MURAT SUNGUR,Mamak Belediyesi Hidayet Türkoğlu Spor Salonu
13.11.2022,15:45,2EA4513,06. Hafta,SİGORTAM.NET,74 - 70,BORNOVA BELEDİYESİ KARŞIYAKA,,İSTANBUL,Akatlar Spor ve Kültür Kompleksi,Youtube / TBF TV,UĞUR ÖZEN,AHMET TANER İBİN,ERDOĞAN ÇELEBİ,ERKAN URASLI,YÜKSEL NAZLIGÜL,ALPKAN HACIYAKUPOĞLU,TUĞÇE KAYA,GÜL URASLI,Akatlar Spor ve Kültür Kompleksi
13.11.2022,17:30,2EA4517,06. Hafta,FİNAL SPOR,80 - 85,SEMT77 YALOVASPOR,,BURSA,Naim Süleymanoğlu Spor Kompleksi,Youtube / TBF TV,AYDIN KARAÇAM,NİYAZİ YASİN KAHRAMAN,UĞUR YÜKSEL,HAKAN BEŞTEPE,ESRA SOLAK,ABDULLAH KURT,ELİZ ŞEN,EMEL ÖZTÜRK,Naim Süleymanoğlu Spor Kompleksi
14.11.2022,18:00,2EA4512,06. Hafta,BALIKESİR BÜYÜKŞEHİR BELEDİYESPOR,105 - 108,FENERBAHÇE KOLEJİ DS ENERGY,,BALIKESİR,Kurtdereli Spor Salonu,TRT Spor Yıldız,ÖNDER YILMAZ,OZAN GÖNEN,METİN EROL,İBRAHİM EMRE AYDEMİR,GAMZE ATİLA,MERT TELLİBAYRAKTAR,ESİN ÖZSÜRMELİ,METİN IŞIK,Kurtdereli Spor Salonu
18.11.2022,18:00,2EA4521,07. Hafta,BORNOVA BELEDİYESİ KARŞIYAKA,99 - 87,ANTALYA GÜNEŞİ,,İZMİR,Altındağ Atatürk Spor Kompleksi,TRT Spor Yıldız,NAZLI ÇİSİL GÜNGÖR,AHMET MURAT ARIKANLI,ALPER GÖKÇEBEL,DİDEM SÜER,BETÜL AKDOĞAN,ALİ DEVECİ,OSMAN ARKIN BARUTCU,ÇAĞATAY KAMER VANLIOĞLU,Altındağ Atatürk Spor Kompleksi
19.11.2022,14:00,2EA4523,07. Hafta,AKRAN GEMLİK BASKETBOL,51 - 68,ÇAĞDAŞ BODRUM SPOR,,BURSA,Gemlik Spor Salonu,Youtube / TBF TV,MEHMET OZAN ÇAKAR,NİYAZİ YASİN KAHRAMAN,ÖMER SARI,UMUT GEDİK,AYPERİ SILA KIROĞLU,TARIK KEMAL ÜNLÜ,MUHARREM KAYAL,ESRA AL,Gemlik Spor Salonu
19.11.2022,15:45,2EA4526,07. Hafta,MERSİN BÜYÜKŞEHİR BELEDİYESİ,72 - 65,ANKARAGÜCÜ MAMAK BELEDİYESİ,,MERSİN,Edip Buran Spor Salonu,Youtube / TBF TV,AYDIN KARAÇAM,AHMET KEMAL DİGİLLİ,HASAN OK,MUHAMMED DİYAÜDDİN SAĞIR,AHMET ÖZDOĞAN,RABİA YILDIZ ÖZTÜRK,MELDA KÖKLÜER,CANER SERTEL,Edip Buran Spor Salonu
19.11.2022,17:30,2EA4522,07. Hafta,KOCAELİ BÜYÜKŞEHİR BELEDİYE KAĞIT SPOR,70 - 65,OGM ORMANSPOR,,KOCAELİ,Şehit Polis Recep Topaloğlu Spor Salonu,Youtube / TBF TV,KEREM YILMAZ,MESUT ÖZTÜRK,ÖZKAN TALO,MEHMET İSMET BAYRİ,ÖZGE ERÇETİN,SUDENUR DUMAN,GİZEM ŞAHİN,TARIK ERDOĞAN,Şehit Polis Recep Topaloğlu Spor Salonu
20.11.2022,14:00,2EA4520,07. Hafta,FENERBAHÇE KOLEJİ DS ENERGY,85 - 66,SİGORTAM.NET,,İSTANBUL,Fenerbahçe Metro Enerji Spor Salonu,Youtube / TBF TV,YÜCEL ÇİLİNGİR,ABDULLAH İLİK,FATMA ÖZTÜRK,ALİGÜRHAN UZUNAY,UFUK CAN SARI,ZEHRA AKAN,NİLAY YILMAZ,MURAT SONER DURADEMİR,Fenerbahçe Metro Enerji Spor Salonu
20.11.2022,15:45,2EA4524,07. Hafta,SEMT77 YALOVASPOR,73 - 76,YILYAK SAMSUNSPOR BASKETBOL,,YALOVA,90. Yıl Spor Salonu,Youtube / TBF TV,DUHAN KÖYİÇİ,OZAN GÖNEN,ALİ OSMAN KANIK,EBRU ÖZTAŞKIRAN,ZELİHA DEMİR,NURAY SORUŞ,SELÇUK KURT,TAYFUN CAN DEMİR,90. Yıl Spor Salonu
20.11.2022,17:30,2EA4519,07. Hafta,GÖLBAŞI BELEDİYESİ TED ANKARA KOLEJLİLER,84 - 91,BALIKESİR BÜYÜKŞEHİR BELEDİYESPOR,,ANKARA,Gölbaşı Spor Salonu,Youtube / TBF TV,TURGUT IŞIK,TOLGA AKKUŞOĞLU,ERDOĞAN ÇELEBİ,ERGÜN GÜNGÖR,SÜMEYYE SENEKLİOĞLU,AKIN AYTEKİN,SİBEL FAZLIOĞLU,MEHMET AKİF CUMHURLU,Gölbaşı Spor Salonu
21.11.2022,18:00,2EA4525,07. Hafta,DEPOMAXX HAREM SPOR,70 - 61,FİNAL SPOR,,İSTANBUL,Şehit Mustafa Özel Spor Kompleksi,TRT Spor Yıldız,İBRAHİM ALTINTAŞ,MÜNEVVER ÖZEMRE,BARIŞ TURGUT,EMİN FAZIL KESERATAR,PINAR YÜKSEL,YUSUF YELESDAĞ,ESİN MÜEZZİNOĞLU,BEKİR SEVİMLİ,Şehit Mustafa Özel Spor Kompleksi
25.11.2022,18:00,2EA4532,08. Hafta,BALIKESİR BÜYÜKŞEHİR BELEDİYESPOR,76 - 74,SEMT77 YALOVASPOR,,BALIKESİR,Kurtdereli Spor Salonu,TRT Spor Yıldız,UĞUR ÖZEN,MESUT ÖZTÜRK,METEHAN ALAÇAM,MURAT KARTAL,GAMZE ATİLA,EYLEM KAYA,IŞIL ÖZKAN,ESİN ÖZSÜRMELİ,Kurtdereli Spor Salonu
26.11.2022,14:00,2EA4531,08. Hafta,ANKARAGÜCÜ MAMAK BELEDİYESİ,104 - 79,AKRAN GEMLİK BASKETBOL,,ANKARA,Mamak Belediyesi Hidayet Türkoğlu Spor Salonu,Youtube / TBF TV,TURGUT IŞIK,AHMET TANER İBİN,SAMET TEKİN,ERGÜN GÜNGÖR,EZGİ KILIÇ,AKIN AYTEKİN,SÜMEYYE SENEKLİOĞLU,TUNCER ULUŞEKER,Mamak Belediyesi Hidayet Türkoğlu Spor Salonu
26.11.2022,15:45,2EA4534,08. Hafta,FİNAL SPOR,70 - 87,MERSİN BÜYÜKŞEHİR BELEDİYESİ,,BURSA,Naim Süleymanoğlu Spor Kompleksi,Youtube / TBF TV,YÜCEL ÇİLİNGİR,NİHAT ÇETİN,BENHÜR İRCEL,MUSTAFA DURGUT,EMEL ÖZTÜRK,ERAY BABAHANOĞLU,MUHARREM KAYAL,NİDA ECE TÜZÜK,Naim Süleymanoğlu Spor Kompleksi
26.11.2022,17:30,2EA4530,08. Hafta,ÇAĞDAŞ BODRUM SPOR,77 - 62,KOCAELİ BÜYÜKŞEHİR BELEDİYE KAĞIT SPOR,,MUĞLA,Bodrum Spor Salonu,Youtube / TBF TV,İBRAHİM ALTINTAŞ,ABDULLAH KOPUTAN,HALDUN ÇOBAN,DOĞAN HEPGÜVENDİK,YAŞAR TOPUZ,EVREN ERTOY,EMRE TURAN,ORHAN SELÇUK,Bodrum Spor Salonu
27.11.2022,14:00,2EA4529,08. Hafta,OGM ORMANSPOR,82 - 50,BORNOVA BELEDİYESİ KARŞIYAKA,,ANKARA,M. Sait Zarifoğlu Spor Salonu,Youtube / TBF TV,MEHMET OZAN ÇAKAR,HALİL ERKOÇ,UĞUR AKYILDIZ,GÖKHAN ZEKERİYA ARSLAN,FATMA ÇELİK,PELİN KUZU,YUNUS KAHRAMAN,FUNDA KONCA,M. Sait Zarifoğlu Spor Salonu
27.11.2022,15:45,2EA4533,08. Hafta,YILYAK SAMSUNSPOR BASKETBOL,105 - 72,DEPOMAXX HAREM SPOR,,SAMSUN,Mustafa Dağıstanlı Spor Salonu,Youtube / TBF TV,ORKUN YURTTAŞ,CEMİL UYGÜL,YARKIN KESKİN,SEMİH KAYA,SEDA ÖZDEMİR,ZEHRA DERİCİ,MELTEM TEKAY,AHMET BARIŞ YAZICI,Mustafa Dağıstanlı Spor Salonu
27.11.2022,17:30,2EA4528,08. Hafta,ANTALYA GÜNEŞİ,77 - 65,FENERBAHÇE KOLEJİ DS ENERGY,,ANTALYA,Kepez Turgut Özal Spor Salonu,Youtube / TBF TV,SERTAN KIRKLAR,YİĞİT EMRE ŞİMŞEK,SAFA HALİT ÇAKIR,MERT ELMA,BEYZA KILIÇ,HALİL ERDOĞAN,NEŞE KARTAL,İLKAY ERDOĞAN,Kepez Turgut Özal Spor Salonu
28.11.2022,18:00,2EA4527,08. Hafta,SİGORTAM.NET,74 - 82,GÖLBAŞI BELEDİYESİ TED ANKARA KOLEJLİLER,,İSTANBUL,Akatlar Spor ve Kültür Kompleksi,TRT Spor Yıldız,ÖNDER YILMAZ,MÜNEVVER ÖZEMRE,ALPER GÖKÇEBEL,BEKİR GENÇAL,NEŞE KIRAN,AYBERK PARALI,YEŞİM AKAN,ALPKAN HACIYAKUPOĞLU,Akatlar Spor ve Kültür Kompleksi
2.12.2022,18:00,2EA4538,09. Hafta,KOCAELİ BÜYÜKŞEHİR BELEDİYE KAĞIT SPOR,76 - 64,AKRAN GEMLİK BASKETBOL,,KOCAELİ,Şehit Polis Recep Topaloğlu Spor Salonu,TRT Spor Yıldız,MÜNEVVER ÖZEMRE,HALİL ERKOÇ,YARKIN KESKİN,NAİM ÖZYEŞİLPINAR,ERDEM ERGÜN,GAMZE KURT,MERT TEKİN,SEVGİ CANDAZ,Şehit Polis Recep Topaloğlu Spor Salonu
3.12.2022,15:45,2EA4537,09. Hafta,BORNOVA BELEDİYESİ KARŞIYAKA,70 - 76,ÇAĞDAŞ BODRUM SPOR,,İZMİR,Altındağ Atatürk Spor Kompleksi,Youtube / TBF TV,AYDIN KARAÇAM,AHMET KEMAL DİGİLLİ,ÖZKAN TALO,ELA ONAT,EMİNE KALKAN,İLAYDA DİNÇEL,ELİF KALENDER,MUSTAFA MESCİ,Altındağ Atatürk Spor Kompleksi
3.12.2022,17:30,2EA4540,09. Hafta,DEPOMAXX HAREM SPOR,83 - 78,BALIKESİR BÜYÜKŞEHİR BELEDİYESPOR,,İSTANBUL,Şehit Mustafa Özel Spor Kompleksi,Youtube / TBF TV,SERTAN KIRKLAR,NİHAT ÇETİN,UMUT MEMİŞ,ÖMER KESKİN,MURAT SÜMER,TUĞÇE KAYA,ÖZLEM TUNA,MURAT SEVGİL,Şehit Mustafa Özel Spor Kompleksi
4.12.2022,14:00,2EA4535,09. Hafta,GÖLBAŞI BELEDİYESİ TED ANKARA KOLEJLİLER,96 - 89,ANTALYA GÜNEŞİ,,ANKARA,Gölbaşı Spor Salonu,Youtube / TBF TV,MEHMET OZAN ÇAKAR,OZAN GÖNEN,RAMAZAN SEZER BARAN,VEYSEL PEKDOĞAN,VOLKAN DARCAN,SİNA KÜÇÜKDİLEK,ATAKAN EFE DEVECİ,SERCAN YILDIRIM,Gölbaşı Spor Salonu
4.12.2022,15:45,2EA4536,09. Hafta,FENERBAHÇE KOLEJİ DS ENERGY,81 - 66,OGM ORMANSPOR,,İSTANBUL,Fenerbahçe Metro Enerji Spor Salonu,Youtube / TBF TV,DUHAN KÖYİÇİ,CEMİL UYGÜL,HAKAN GEREY,AHMET MÜNİR GÖKMEN,AYSEL GÜNER,SERHAT LEVENT,SEHER KAZANÇ,FATMA GÖK,Fenerbahçe Metro Enerji Spor Salonu
4.12.2022,17:30,2EA4539,09. Hafta,SEMT77 YALOVASPOR,65 - 60,SİGORTAM.NET,,YALOVA,90. Yıl Spor Salonu,Youtube / TBF TV,ORKUN YURTTAŞ,AHMET TANER İBİN,ERDOĞAN ÇELEBİ,MEHMET İSMET BAYRİ,ELMAS DEMİREL AYDEMİR,NURAY SORUŞ,SELÇUK KURT,ANIL BIYIKOĞLU,90. Yıl Spor Salonu
5.12.2022,15:45,2EA4542,09. Hafta,FİNAL SPOR,85 - 77,ANKARAGÜCÜ MAMAK BELEDİYESİ,,BURSA,Tofaş Spor Salonu,Youtube / TBF TV,NAZLI ÇİSİL GÜNGÖR,ABDULLAH KOPUTAN,UĞUR AKYILDIZ,GÜNAY YAYLI,NİDA ECE TÜZÜK,ADEM ÇATALKAŞ,SUELNUR ÇELİK,TUĞBA ÖYLEK,Tofaş Spor Salonu
5.12.2022,18:00,2EA4541,09. Hafta,MERSİN BÜYÜKŞEHİR BELEDİYESİ,78 - 73,YILYAK SAMSUNSPOR BASKETBOL,,MERSİN,Edip Buran Spor Salonu,TRT Spor Yıldız,ÖNDER YILMAZ,YİĞİT EMRE ŞİMŞEK,AHMET MURAT ARIKANLI,CENGİZ AKAR,RAMAZAN ÖZYİĞİT,LEVENT YORULMAZ,SELÇUK TEMÜR,RABİA YILDIZ ÖZTÜRK,Edip Buran Spor Salonu
9.12.2022,18:00,2EA4543,10. Hafta,OGM ORMANSPOR,79 - 90,GÖLBAŞI BELEDİYESİ TED ANKARA KOLEJLİLER,,ANKARA,M. Sait Zarifoğlu Spor Salonu,TRT Spor Yıldız,AYDIN KARAÇAM,NİYAZİ YASİN KAHRAMAN,MEHMET BURAK ANLATICI,LEVENT KANTAR,EMRULLAH ŞİMŞEK,ONUR YEŞİLBAĞ,SEÇİL ÇAPKINOĞLU,AKIN AYTEKİN,M. Sait Zarifoğlu Spor Salonu
10.12.2022,14:00,2EA4548,10. Hafta,SİGORTAM.NET,84 - 83,DEPOMAXX HAREM SPOR,,İSTANBUL,Akatlar Spor ve Kültür Kompleksi,Youtube / TBF TV,NAZLI ÇİSİL GÜNGÖR,ABDULLAH KOPUTAN,TOLGA AKKUŞOĞLU,FERHAT SUNA,AHSEN CANBULAT,ALPKAN HACIYAKUPOĞLU,PINAR YÜKSEL,ŞERMİN NAZLIGÜL,Akatlar Spor ve Kültür Kompleksi
10.12.2022,15:45,2EA4550,10. Hafta,YILYAK SAMSUNSPOR BASKETBOL,92 - 74,FİNAL SPOR,,SAMSUN,Mustafa Dağıstanlı Spor Salonu,Youtube / TBF TV,UĞUR ÖZEN,KEREM YILMAZ,FURKAN KESERATAR,KAYA EREZ,SEDA ÖZDEMİR,ESRA BAYZAT,NERGİS KAHRAMAN,DAMLA GÖRKEM AKTEKİN,Mustafa Dağıstanlı Spor Salonu
10.12.2022,17:30,2EA4547,10. Hafta,ANTALYA GÜNEŞİ,61 - 67,SEMT77 YALOVASPOR,,ANTALYA,Kepez Turgut Özal Spor Salonu,Youtube / TBF TV,ÖNDER YILMAZ,HALİL ERKOÇ,HALDUN ÇOBAN,MERT ELMA,KEZİBAN KARTCA,ERKAN BÜDÜN,BERNA UYSAL,NASUH ÜZER,Kepez Turgut Özal Spor Salonu
11.12.2022,14:00,2EA4549,10. Hafta,BALIKESİR BÜYÜKŞEHİR BELEDİYESPOR,65 - 93,MERSİN BÜYÜKŞEHİR BELEDİYESİ,,BALIKESİR,Kurtdereli Spor Salonu,Youtube / TBF TV,DUHAN KÖYİÇİ,OZAN GÖNEN,BURAK DURMUŞ,MURAT KARTAL,IŞIL ÖZKAN,ESİN ÖZSÜRMELİ,ALEV GÜLAÇTI,GAMZE ATİLA,Kurtdereli Spor Salonu
11.12.2022,15:45,2EA4545,10. Hafta,AKRAN GEMLİK BASKETBOL,85 - 70,BORNOVA BELEDİYESİ KARŞIYAKA,,BURSA,Gemlik Spor Salonu,Youtube / TBF TV,İBRAHİM ALTINTAŞ,YİĞİT EMRE ŞİMŞEK,UĞUR YÜKSEL,MACİT ZEREN,ESRA SOLAK,ERAY BABAHANOĞLU,AYPERİ SILA KIROĞLU,ADEM ÇATALKAŞ,Gemlik Spor Salonu
11.12.2022,17:30,2EA4546,10. Hafta,ANKARAGÜCÜ MAMAK BELEDİYESİ,90 - 74,KOCAELİ BÜYÜKŞEHİR BELEDİYE KAĞIT SPOR,,ANKARA,Mamak Belediyesi Hidayet Türkoğlu Spor Salonu,Youtube / TBF TV,YÜCEL ÇİLİNGİR,BENHÜR İRCEL,ERDOĞAN ÇELEBİ,DİNÇER ÇERİBAŞ,SEÇİL ÇAPKINOĞLU,PELİN KUZU,SÜMEYYE SENEKLİOĞLU,TUNCER ULUŞEKER,Mamak Belediyesi Hidayet Türkoğlu Spor Salonu
12.12.2022,18:00,2EA4544,10. Hafta,ÇAĞDAŞ BODRUM SPOR,86 - 63,FENERBAHÇE KOLEJİ DS ENERGY,,MUĞLA,Bodrum Spor Salonu,TRT Spor Yıldız,ORKUN YURTTAŞ,MESUT ÖZTÜRK,METİN EROL,MEHMET AKİF KARAGÖZ,YAŞAR TOPUZ,EVREN ERTOY,SEVDA KÖSE,ORHAN SELÇUK,Bodrum Spor Salonu
16.12.2022,16:00,2EA4556,11. Hafta,MERSİN BÜYÜKŞEHİR BELEDİYESİ,70 - 60,SİGORTAM.NET,,MERSİN,Edip Buran Spor Salonu,TRT Spor Yıldız,İBRAHİM ALTINTAŞ,YARKIN KESKİN,SAMET BİNER,YEŞİM ATUŞ KARAGÖZ,MERVE YAĞMA,RABİA YILDIZ ÖZTÜRK,MURAT ACAR,LEVENT YORULMAZ,Edip Buran Spor Salonu
17.12.2022,14:00,2EA4552,11. Hafta,FENERBAHÇE KOLEJİ DS ENERGY,97 - 81,AKRAN GEMLİK BASKETBOL,,İSTANBUL,Fenerbahçe Metro Enerji Spor Salonu,Youtube / TBF TV,SERTAN KIRKLAR,NİHAT ÇETİN,ALMİNA KOCABAŞ,NURSEL İSLAM,EDA ELFİDAN,EBRU ULUDOĞAN,GÜLTEKİN KABAŞ,GÖRKEM GÖRGÜLÜ,Fenerbahçe Metro Enerji Spor Salonu
17.12.2022,15:45,2EA4553,11. Hafta,BORNOVA BELEDİYESİ KARŞIYAKA,65 - 74,KOCAELİ BÜYÜKŞEHİR BELEDİYE KAĞIT SPOR,,İZMİR,Altındağ Atatürk Spor Kompleksi,Youtube / TBF TV,NAZLI ÇİSİL GÜNGÖR,ALPER GÖKÇEBEL,METEHAN ALAÇAM,KAAN KARTAL,MEHMET AKINCI,HAKAN DÖNMEZ,CUMHUR AĞCAHAN,CEMRE ÇEKAL,Altındağ Atatürk Spor Kompleksi
17.12.2022,17:30,2EA4557,11. Hafta,FİNAL SPOR,100 - 71,BALIKESİR BÜYÜKŞEHİR BELEDİYESPOR,,BURSA,Naim Süleymanoğlu Spor Kompleksi,Youtube / TBF TV,AYDIN KARAÇAM,ABDULLAH İLİK,EYYÜP AYHAN,EBRU ÖZTAŞKIRAN,TUĞBA ÖYLEK,TEOMAN ÖYLEK,SUELNUR ÇELİK,FATİH DURGUT,Naim Süleymanoğlu Spor Kompleksi
18.12.2022,14:00,2EA4551,11. Hafta,GÖLBAŞI BELEDİYESİ TED ANKARA KOLEJLİLER,78 - 88,ÇAĞDAŞ BODRUM SPOR,,ANKARA,Gölbaşı Spor Salonu,Youtube / TBF TV,YÜCEL ÇİLİNGİR,KEREM YILMAZ,SEDA ESEN,CENGİZ AKAR,SİMAY ÇAKMAK,SİBEL FAZLIOĞLU,YUNUS KAHRAMAN,FATİH DEMİRCİ,Gölbaşı Spor Salonu
18.12.2022,15:45,2EA4558,11. Hafta,YILYAK SAMSUNSPOR BASKETBOL,86 - 62,ANKARAGÜCÜ MAMAK BELEDİYESİ,,SAMSUN,Mustafa Dağıstanlı Spor Salonu,Youtube / TBF TV,DUHAN KÖYİÇİ,CEMİL UYGÜL,RAMAZAN SEZER BARAN,SEMİH KAYA,KADİR BERDAN ŞEKER,ESRA BAYZAT,MELİH CEVDET PEHLİVANLI,AHMET BARIŞ YAZICI,Mustafa Dağıstanlı Spor Salonu
18.12.2022,17:30,2EA4554,11. Hafta,SEMT77 YALOVASPOR,72 - 83,OGM ORMANSPOR,,YALOVA,90. Yıl Spor Salonu,Youtube / TBF TV,TURGUT IŞIK,AHMET KEMAL DİGİLLİ,BARIŞ TURGUT,HAKAN AK,ELMAS DEMİREL AYDEMİR,GÜLEN SÖNMEZ,NURSEVİL AKYOL,ANIL BIYIKOĞLU,90. Yıl Spor Salonu
19.12.2022,18:00,2EA4555,11. Hafta,DEPOMAXX HAREM SPOR,60 - 55,ANTALYA GÜNEŞİ,,İSTANBUL,Şehit Mustafa Özel Spor Kompleksi,TRT Spor Yıldız,UĞUR ÖZEN,MÜNEVVER ÖZEMRE,ÖZKAN TALO,TAYFUN AY,PINAR YÜKSEL,AYGÜN SEVGİL,BİROL ÖZDAL,YUSUF YELESDAĞ,Şehit Mustafa Özel Spor Kompleksi
23.12.2022,18:00,2EA4561,12. Hafta,ANKARAGÜCÜ MAMAK BELEDİYESİ,102 - 75,BORNOVA BELEDİYESİ KARŞIYAKA,,ANKARA,Mamak Belediyesi Hidayet Türkoğlu Spor Salonu,TRT Spor Yıldız,KEREM YILMAZ,MESUT ÖZTÜRK,MEHMET BURAK ANLATICI,MEHMET KAŞİF BATTAL,MERT YILMAZ,TUNCER ULUŞEKER,KAMİL TOSUN,HASAN BAŞKURT,Mamak Belediyesi Hidayet Türkoğlu Spor Salonu
24.12.2022,14:00,2EA4564,12. Hafta,ANTALYA GÜNEŞİ,60 - 78,MERSİN BÜYÜKŞEHİR BELEDİYESİ,,ANTALYA,Kepez Turgut Özal Spor Salonu,Youtube / TBF TV,YÜCEL ÇİLİNGİR,ABDULLAH KOPUTAN,FURKAN KESERATAR,MERT ELMA,NİLÜFER GÖK AKDAĞ,SEVCAN CELİL,CEYLAN BİRLİK,NASUH ÜZER,Kepez Turgut Özal Spor Salonu
24.12.2022,14:00,2EA4566,12. Hafta,BALIKESİR BÜYÜKŞEHİR BELEDİYESPOR,84 - 93,YILYAK SAMSUNSPOR BASKETBOL,,BALIKESİR,Kurtdereli Spor Salonu,Youtube / TBF TV,MEHMET OZAN ÇAKAR,BENHÜR İRCEL,MUHAMMED MURAT ZAFER,ELA ONAT,MUSA ÇALIŞKAN,MAHMUT DEMİR,NESLİHAN ÇOBAN,EYLEM KAYA,Kurtdereli Spor Salonu
24.12.2022,15:45,2EA4560,12. Hafta,KOCAELİ BÜYÜKŞEHİR BELEDİYE KAĞIT SPOR,73 - 64,FENERBAHÇE KOLEJİ DS ENERGY,,KOCAELİ,Şehit Polis Recep Topaloğlu Spor Salonu,Youtube / TBF TV,UĞUR ÖZEN,AHMET TANER İBİN,HAKAN GEREY,NAİM ÖZYEŞİLPINAR,BERFU BARUT,GAMZE KURT,ERDEM ERGÜN,ERAY CİVELEK,Şehit Polis Recep Topaloğlu Spor Salonu
24.12.2022,17:30,2EA4559,12. Hafta,AKRAN GEMLİK BASKETBOL,69 - 91,GÖLBAŞI BELEDİYESİ TED ANKARA KOLEJLİLER,,BURSA,Gemlik Spor Salonu,Youtube / TBF TV,ÖNDER YILMAZ,MÜNEVVER ÖZEMRE,UĞUR AKYILDIZ,ATİF AL,ELİZ ŞEN,ADEM ÇATALKAŞ,AYÇA ÜNLÜ,TEOMAN ÖYLEK,Gemlik Spor Salonu
25.12.2022,14:00,2EA4565,12. Hafta,SİGORTAM.NET,85 - 83,FİNAL SPOR,,İSTANBUL,Akatlar Spor ve Kültür Kompleksi,Youtube / TBF TV,TURGUT IŞIK,NİYAZİ YASİN KAHRAMAN,SELENA GAMZE ÖGET ÇERÇİ,METİN AÇIKALIN,ŞERMİN NAZLIGÜL,AHMET YILDIZ,AHSEN CANBULAT,AYBERK PARALI,Akatlar Spor ve Kültür Kompleksi
25.12.2022,15:45,2EA4563,12. Hafta,OGM ORMANSPOR,64 - 68,DEPOMAXX HAREM SPOR,,ANKARA,M. Sait Zarifoğlu Spor Salonu,Youtube / TBF TV,SERTAN KIRKLAR,OZAN GÖNEN,ERDOĞAN ÇELEBİ,ERGÜN GÜNGÖR,EZGİ KILIÇ,VEYSEL SİNAN TUNCER,SÜMEYYE SENEKLİOĞLU,FUNDA KONCA,M. Sait Zarifoğlu Spor Salonu
26.12.2022,18:00,2EA4562,12. Hafta,ÇAĞDAŞ BODRUM SPOR,75 - 69,SEMT77 YALOVASPOR,,MUĞLA,Bodrum Spor Salonu,TRT Spor Yıldız,İBRAHİM ALTINTAŞ,NAZLI ÇİSİL GÜNGÖR,TOLGA AKKUŞOĞLU,MUSTAFA BİÇER,YAŞAR TOPUZ,EVREN ERTOY,SEVGİ ÖZKAN,ORHAN SELÇUK,Bodrum Spor Salonu
30.12.2022,14:00,2EA4570,13. Hafta,DEPOMAXX HAREM SPOR,79 - 97,ÇAĞDAŞ BODRUM SPOR,,İSTANBUL,Şehit Mustafa Özel Spor Kompleksi,Youtube / TBF TV,TURGUT IŞIK,BURAK DURMUŞ,METEHAN ALAÇAM,ERKAN URASLI,GÖKHAN ALTUNTAŞ,CEYDA KAPKAÇ,YÜKSEL NAZLIGÜL,TUĞÇE KAYA,Şehit Mustafa Özel Spor Kompleksi
30.12.2022,14:00,2EA4572,13. Hafta,FİNAL SPOR,94 - 56,ANTALYA GÜNEŞİ,,BURSA,Naim Süleymanoğlu Spor Kompleksi,Youtube / TBF TV,ÖNDER YILMAZ,HALİL ERKOÇ,SABRİ GÜNDÜZ,EBRU ÖZTAŞKIRAN,ESRA AL,ADEM ÇATALKAŞ,TUĞBA ÖYLEK,TEOMAN ÖYLEK,Naim Süleymanoğlu Spor Kompleksi
30.12.2022,15:45,2EA4571,13. Hafta,MERSİN BÜYÜKŞEHİR BELEDİYESİ,90 - 84,OGM ORMANSPOR,,MERSİN,Edip Buran Spor Salonu,Youtube / TBF TV,MEHMET OZAN ÇAKAR,CEMİL UYGÜL,ABDULLAH İLİK,TURGAY KÖROĞLU,NİL KİFAYET GÜRLÜ,RABİA YILDIZ ÖZTÜRK,MELDA KÖKLÜER,LEVENT YORULMAZ,Edip Buran Spor Salonu
30.12.2022,15:45,2EA4568,13. Hafta,FENERBAHÇE KOLEJİ DS ENERGY,65 - 62,BORNOVA BELEDİYESİ KARŞIYAKA,,İSTANBUL,Fenerbahçe Metro Enerji Spor Salonu,Youtube / TBF TV,DUHAN KÖYİÇİ,AHMET KEMAL DİGİLLİ,ANIL VEZİROĞLU,ÖMER KESKİN,FATMA GÖK,ZEHRA AKAN,EBRU ULUDOĞAN,ESER FIRIL,Fenerbahçe Metro Enerji Spor Salonu
30.12.2022,18:00,2EA4567,13. Hafta,GÖLBAŞI BELEDİYESİ TED ANKARA KOLEJLİLER,78 - 79,KOCAELİ BÜYÜKŞEHİR BELEDİYE KAĞIT SPOR,,ANKARA,Gölbaşı Spor Salonu,Youtube / TBF TV,SERTAN KIRKLAR,ABDULLAH KOPUTAN,HÜSEYİN ÇAMCI,LEVENT KANTAR,SEÇİL ÇAPKINOĞLU,PELİN KUZU,FATMA ÇELİK,FATİH DEMİRCİ,Gölbaşı Spor Salonu
30.12.2022,18:00,2EA4573,13. Hafta,YILYAK SAMSUNSPOR BASKETBOL,81 - 86,SİGORTAM.NET,,SAMSUN,Mustafa Dağıstanlı Spor Salonu,TRT Spor Yıldız,UĞUR ÖZEN,AHMET MURAT ARIKANLI,ALMİNA KOCABAŞ,KAYA EREZ,SEDA ÖZDEMİR,SEFER ZİNNUR YİRMİBEŞOĞLU,MELİSA YAMAN,MERT ABLAY,Mustafa Dağıstanlı Spor Salonu
2.01.2023,18:00,2EA4574,13. Hafta,BALIKESİR BÜYÜKŞEHİR BELEDİYESPOR,71 - 69,ANKARAGÜCÜ MAMAK BELEDİYESİ,,BALIKESİR,Kurtdereli Spor Salonu,TRT Spor Yıldız,ORKUN YURTTAŞ,YİĞİT EMRE ŞİMŞEK,TOLGA AKKUŞOĞLU,MURAT KARTAL,GAMZE ATİLA,MERT TELLİBAYRAKTAR,ERCAN ÇAVUŞOĞLU,METİN IŞIK,Kurtdereli Spor Salonu
2.01.2023,20:00,2EA4569,13. Hafta,SEMT77 YALOVASPOR,85 - 65,AKRAN GEMLİK BASKETBOL,,YALOVA,90. Yıl Spor Salonu,Youtube / TBF TV,AYDIN KARAÇAM,NİYAZİ YASİN KAHRAMAN,BURAK AKTAŞ,HAKAN AK,EMİNE AK,NAZMİYE BIYIKOĞLU,HANİFE CELEPOĞLU,İBRAHİM HALİL SİVİL,90. Yıl Spor Salonu
6.01.2023,17:30,2EA4580,14. Hafta,OGM ORMANSPOR,78 - 86,FİNAL SPOR,,ANKARA,M. Sait Zarifoğlu Spor Salonu,TRT Spor Yıldız,KEREM YILMAZ,AHMET KEMAL DİGİLLİ,MEHMET BURAK ANLATICI,CENGİZ AKAR,MİNE MİHRİCAN KANBUR,FATİH DEMİRCİ,HASAN BAŞKURT,FATMA ÇELİK,M. Sait Zarifoğlu Spor Salonu
7.01.2023,14:00,2EA4575,14. Hafta,BORNOVA BELEDİYESİ KARŞIYAKA,65 - 92,GÖLBAŞI BELEDİYESİ TED ANKARA KOLEJLİLER,,İZMİR,Altındağ Atatürk Spor Kompleksi,Youtube / TBF TV,AYDIN KARAÇAM,CEMİL UYGÜL,ÖZKAN TALO,ELA ONAT,ELİF KALENDER,ALİ DEVECİ,AYŞE SELCEN ÜŞENMEZ,SADIK ERGÜL,Altındağ Atatürk Spor Kompleksi
7.01.2023,17:30,2EA4576,14. Hafta,ANKARAGÜCÜ MAMAK BELEDİYESİ,84 - 70,FENERBAHÇE KOLEJİ DS ENERGY,,ANKARA,Mamak Belediyesi Hidayet Türkoğlu Spor Salonu,Youtube / TBF TV,OZAN GÖNEN,MÜNEVVER ÖZEMRE,SEZER BOR,DİNÇER ÇERİBAŞ,AHMET BUĞRAHAN TÜRKER,TUNCER ULUŞEKER,BİLAL UZGÖREN,FUNDA KONCA,Mamak Belediyesi Hidayet Türkoğlu Spor Salonu
7.01.2023,18:00,2EA4581,14. Hafta,ANTALYA GÜNEŞİ,64 - 96,YILYAK SAMSUNSPOR BASKETBOL,,ANTALYA,Kepez Turgut Özal Spor Salonu,Youtube / TBF TV,NAZLI ÇİSİL GÜNGÖR,YİĞİT EMRE ŞİMŞEK,ERDOĞAN ÇELEBİ,MERT ELMA,AYŞE ÖZMEN,ERKAN BÜDÜN,MERAL URAL,TANSU BOZOK,Kepez Turgut Özal Spor Salonu
8.01.2023,14:00,2EA4582,14. Hafta,SİGORTAM.NET,64 - 56,BALIKESİR BÜYÜKŞEHİR BELEDİYESPOR,,İSTANBUL,Akatlar Spor ve Kültür Kompleksi,Youtube / TBF TV,DUHAN KÖYİÇİ,MESUT ÖZTÜRK,METEHAN ALAÇAM,TAYFUN AY,ÖZLEM TUNA,CEYDA KAPKAÇ,TUNA TAŞ,GÜL URASLI,Akatlar Spor ve Kültür Kompleksi
8.01.2023,15:45,2EA4578,14. Hafta,AKRAN GEMLİK BASKETBOL,90 - 81,DEPOMAXX HAREM SPOR,,BURSA,Gemlik Spor Salonu,Youtube / TBF TV,İBRAHİM ALTINTAŞ,BENHÜR İRCEL,ALİ OSMAN KANIK,GÜNAY YAYLI,AYTUNÇ SERTYILMAZ,ADEM ÇATALKAŞ,NİDA ECE TÜZÜK,TEOMAN ÖYLEK,Gemlik Spor Salonu
8.01.2023,17:30,2EA4577,14. Hafta,KOCAELİ BÜYÜKŞEHİR BELEDİYE KAĞIT SPOR,73 - 75,SEMT77 YALOVASPOR,,KOCAELİ,Şehit Polis Recep Topaloğlu Spor Salonu,Youtube / TBF TV,YÜCEL ÇİLİNGİR,ALPER GÖKÇEBEL,FURKAN KESERATAR,EBRU ÖZTAŞKIRAN,ERDEM ERGÜN,İSMET MUHAMMED DEMİRER,GİZEM ŞAHİN,SUDENUR DUMAN,Şehit Polis Recep Topaloğlu Spor Salonu
9.01.2023,18:00,2EA4579,14. Hafta,ÇAĞDAŞ BODRUM SPOR,72 - 65,MERSİN BÜYÜKŞEHİR BELEDİYESİ,,MUĞLA,Bodrum Spor Salonu,TRT Spor Yıldız,ÖNDER YILMAZ,AHMET MURAT ARIKANLI,UĞUR AKYILDIZ,DİDEM SÜER,SEVGİ ÖZKAN,EVREN ERTOY,YAŞAR TOPUZ,ORHAN SELÇUK,Bodrum Spor Salonu
13.01.2023,18:00,2EA4583,15. Hafta,GÖLBAŞI BELEDİYESİ TED ANKARA KOLEJLİLER,105 - 85,FENERBAHÇE KOLEJİ DS ENERGY,,ANKARA,Gölbaşı Spor Salonu,TRT Spor Yıldız,İBRAHİM ALTINTAŞ,NİHAT ÇETİN,UMUT MEMİŞ,MÜBERRA ÖZTÜRK,SEDA KIDIK,FATİH ŞEN,EMRULLAH ŞİMŞEK,AKIN AYTEKİN,Gölbaşı Spor Salonu
14.01.2023,14:00,2EA4590,15. Hafta,SİGORTAM.NET,70 - 59,ANKARAGÜCÜ MAMAK BELEDİYESİ,,İSTANBUL,Akatlar Spor ve Kültür Kompleksi,Youtube / TBF TV,TURGUT IŞIK,EYYÜP AYHAN,ERDOĞAN ÇELEBİ,METİN AÇIKALIN,ŞAZİYE SİMSAR YAKIN,TUNA TAŞ,ŞERMİN NAZLIGÜL,AYBERK PARALI,Akatlar Spor ve Kültür Kompleksi
14.01.2023,15:45,2EA4589,15. Hafta,BALIKESİR BÜYÜKŞEHİR BELEDİYESPOR,87 - 71,ANTALYA GÜNEŞİ,,BALIKESİR,Kurtdereli Spor Salonu,Youtube / TBF TV,KEREM YILMAZ,NİYAZİ YASİN KAHRAMAN,HASAN OK,İBRAHİM EMRE AYDEMİR,MUSA ÇALIŞKAN,EYLEM KAYA,NESLİHAN ÇOBAN,ESİN ÖZSÜRMELİ,Kurtdereli Spor Salonu
14.01.2023,17:30,2EA4587,15. Hafta,FİNAL SPOR,76 - 74,ÇAĞDAŞ BODRUM SPOR,,BURSA,Naim Süleymanoğlu Spor Kompleksi,Youtube / TBF TV,UĞUR ÖZEN,MÜNEVVER ÖZEMRE,ALPER GÖKÇEBEL,MACİT ZEREN,AYTUNÇ SERTYILMAZ,ADEM ÇATALKAŞ,AYÇA ÜNLÜ,ŞAFAK IRMAK SARAÇOĞLU,Naim Süleymanoğlu Spor Kompleksi
15.01.2023,14:00,2EA4586,15. Hafta,MERSİN BÜYÜKŞEHİR BELEDİYESİ,83 - 70,AKRAN GEMLİK BASKETBOL,,MERSİN,Edip Buran Spor Salonu,Youtube / TBF TV,NAZLI ÇİSİL GÜNGÖR,ABDULLAH KOPUTAN,ŞEYHMUS MELEK,SERKAN SU,CANER CANDAR,RABİA YILDIZ ÖZTÜRK,SABRİ DUYGUN SAYDANOĞLU,ŞÜKRÜ SITKI,Edip Buran Spor Salonu
15.01.2023,15:45,2EA4588,15. Hafta,YILYAK SAMSUNSPOR BASKETBOL,85 - 73,OGM ORMANSPOR,,SAMSUN,Mustafa Dağıstanlı Spor Salonu,Youtube / TBF TV,YÜCEL ÇİLİNGİR,MESUT ÖZTÜRK,UĞUR AKYILDIZ,MEHMET SERDAR ÇÖZELİ,EBRU YILDIZ,ESRA BAYZAT,HALUK AHMET TAN,SONA YAVUZ,Mustafa Dağıstanlı Spor Salonu
15.01.2023,17:30,2EA4584,15. Hafta,SEMT77 YALOVASPOR,84 - 79,BORNOVA BELEDİYESİ KARŞIYAKA,,YALOVA,90. Yıl Spor Salonu,Youtube / TBF TV,MEHMET OZAN ÇAKAR,AHMET MURAT ARIKANLI,SEDA ESEN,NAİM ÖZYEŞİLPINAR,EMİNE AK,NAZMİYE BIYIKOĞLU,YELDA KARAHASAN,İBRAHİM HALİL SİVİL,90. Yıl Spor Salonu
16.01.2023,18:00,2EA4585,15. Hafta,DEPOMAXX HAREM SPOR,92 - 89,KOCAELİ BÜYÜKŞEHİR BELEDİYE KAĞIT SPOR,,İSTANBUL,Şehit Mustafa Özel Spor Kompleksi,TRT Spor Yıldız,DUHAN KÖYİÇİ,YARKIN KESKİN,SABRİ GÜNDÜZ,EMİR GÜNEY,BİROL ÖZDAL,ERMAN YÜCEL,ZAFER RİFAİ,CEYDA KAPKAÇ,Şehit Mustafa Özel Spor Kompleksi
20.01.2023,18:15,2EA4597,16. Hafta,BALIKESİR BÜYÜKŞEHİR BELEDİYESPOR,92 - 83,OGM ORMANSPOR,,BALIKESİR,Kurtdereli Spor Salonu,TRT Spor Yıldız,TURGUT IŞIK,CEMİL UYGÜL,TOLGA AKKUŞOĞLU,SERKAN İNCE,SONA YAVUZ,GİZEM PİR,DAMLA GÖRKEM AKTEKİN,AHMET BARIŞ YAZICI,Kurtdereli Spor Salonu
21.01.2023,14:00,2EA4598,16. Hafta,SİGORTAM.NET,116 - 70,ANTALYA GÜNEŞİ,,İSTANBUL,Akatlar Spor ve Kültür Kompleksi,Youtube / TBF TV,OZAN GÖNEN,AHMET TANER İBİN,BARIŞ TURGUT,FERHAT SUNA,AYBERK PARALI,ŞERMİN NAZLIGÜL,NEŞE KIRAN,PINAR YÜKSEL,Akatlar Spor ve Kültür Kompleksi
21.01.2023,15:45,2EA4593,16. Hafta,DEPOMAXX HAREM SPOR,81 - 92,BORNOVA BELEDİYESİ KARŞIYAKA,,İSTANBUL,Şehit Mustafa Özel Spor Kompleksi,Youtube / TBF TV,ORKUN YURTTAŞ,NİHAT ÇETİN,ÖMER SARI,EMRULLAH DAĞ,ALİ FIRAT KILEY,YUSUF YELESDAĞ,REMZİ KILIÇ,MURAT SEVGİL,Şehit Mustafa Özel Spor Kompleksi
21.01.2023,17:30,2EA4591,16. Hafta,ANKARAGÜCÜ MAMAK BELEDİYESİ,82 - 73,GÖLBAŞI BELEDİYESİ TED ANKARA KOLEJLİLER,,ANKARA,Mamak Belediyesi Hidayet Türkoğlu Spor Salonu,Youtube / TBF TV,YÜCEL ÇİLİNGİR,AHMET KEMAL DİGİLLİ,FURKAN KESERATAR,MUSTAFA BİÇER,AHMET BUĞRAHAN TÜRKER,TUNCER ULUŞEKER,YUNUS KAHRAMAN,FUNDA KONCA,Mamak Belediyesi Hidayet Türkoğlu Spor Salonu
22.01.2023,14:00,2EA4596,16. Hafta,YILYAK SAMSUNSPOR BASKETBOL,79 - 75,ÇAĞDAŞ BODRUM SPOR,,SAMSUN,Mustafa Dağıstanlı Spor Salonu,Youtube / TBF TV,İBRAHİM ALTINTAŞ,KEREM YILMAZ,MUHAMMED MURAT ZAFER,VEYSEL PEKDOĞAN,EBRU YILDIZ,AHMET BARIŞ YAZICI,ESRA BAYZAT,ŞÜKRAN İNCE,Mustafa Dağıstanlı Spor Salonu
22.01.2023,15:45,2EA4594,16. Hafta,MERSİN BÜYÜKŞEHİR BELEDİYESİ,76 - 72,KOCAELİ BÜYÜKŞEHİR BELEDİYE KAĞIT SPOR,,MERSİN,Edip Buran Spor Salonu,Youtube / TBF TV,UĞUR ÖZEN,HALİL ERKOÇ,UĞUR YÜKSEL,YEŞİM ATUŞ KARAGÖZ,ZEKİYE EZER,RABİA YILDIZ ÖZTÜRK,CANER SERTEL,LEVENT YORULMAZ,Edip Buran Spor Salonu
22.01.2023,17:30,2EA4592,16. Hafta,SEMT77 YALOVASPOR,76 - 62,FENERBAHÇE KOLEJİ DS ENERGY,,YALOVA,90. Yıl Spor Salonu,Youtube / TBF TV,ÖNDER YILMAZ,MESUT ÖZTÜRK,ÖZKAN TALO,ERDEM DEMİRSOY,ELMAS DEMİREL AYDEMİR,NURAY SORUŞ,SELÇUK KURT,TAYFUN CAN DEMİR,90. Yıl Spor Salonu
23.01.2023,18:00,2EA4595,16. Hafta,FİNAL SPOR,82 - 71,AKRAN GEMLİK BASKETBOL,,BURSA,Naim Süleymanoğlu Spor Kompleksi,TRT Spor Yıldız,DUHAN KÖYİÇİ,NİYAZİ YASİN KAHRAMAN,SAMET BİNER,EBRU ÖZTAŞKIRAN,ELİZ ŞEN,ESRA AL,ERAY BABAHANOĞLU,ELİF ERGÜÇ,Naim Süleymanoğlu Spor Kompleksi
27.01.2023,18:00,2EA4600,17. Hafta,FENERBAHÇE KOLEJİ DS ENERGY,74 - 68,DEPOMAXX HAREM SPOR,,İSTANBUL,Fenerbahçe Metro Enerji Spor Salonu,TRT Spor Yıldız,UĞUR ÖZEN,HALİL ERKOÇ,BURAK ERKAN,AHMET MÜNİR GÖKMEN,ZEHRA AKAN,SERHAT LEVENT,GÜLTEKİN KABAŞ,ALTAN CANDAN,Fenerbahçe Metro Enerji Spor Salonu
28.01.2023,14:00,2EA4601,17. Hafta,BORNOVA BELEDİYESİ KARŞIYAKA,72 - 82,MERSİN BÜYÜKŞEHİR BELEDİYESİ,,İZMİR,Altındağ Atatürk Spor Kompleksi,Youtube / TBF TV,KEREM YILMAZ,OZAN GÖNEN,ERDOĞAN ÇELEBİ,MURATCAN KOCABAY,İLAYDA DİNÇEL,MESUT KARABULUT,EMİNE KALKAN,ÖMER DURSUN,Altındağ Atatürk Spor Kompleksi
28.01.2023,15:45,2EA4605,17. Hafta,OGM ORMANSPOR,74 - 69,SİGORTAM.NET,,ANKARA,M. Sait Zarifoğlu Spor Salonu,Youtube / TBF TV,ORKUN YURTTAŞ,NİHAT ÇETİN,SEZER BOR,IRMAK BAŞAK KAN,UMUT AYBULUT,PELİN KUZU,VOLKAN DARCAN,FUNDA KONCA,M. Sait Zarifoğlu Spor Salonu
28.01.2023,17:30,2EA4606,17. Hafta,ANTALYA GÜNEŞİ,81 - 117,ANKARAGÜCÜ MAMAK BELEDİYESİ,,ANTALYA,Kepez Turgut Özal Spor Salonu,Youtube / TBF TV,AYDIN KARAÇAM,YİĞİT EMRE ŞİMŞEK,METİN EROL,MERT ELMA,FATMA MAFACAN,KORAY ASAL,MERAL URAL,ERKAN BÜDÜN,Kepez Turgut Özal Spor Salonu
29.01.2023,14:00,2EA4603,17. Hafta,AKRAN GEMLİK BASKETBOL,94 - 84,YILYAK SAMSUNSPOR BASKETBOL,,BURSA,Gemlik Spor Salonu,Youtube / TBF TV,TURGUT IŞIK,ALPER GÖKÇEBEL,BURAK AKTAŞ,HAKAN BEŞTEPE,AYTUNÇ SERTYILMAZ,TUĞBA ÖYLEK,FATİH DURGUT,ELİF ERGÜÇ,Gemlik Spor Salonu
29.01.2023,15:45,2EA4602,17. Hafta,KOCAELİ BÜYÜKŞEHİR BELEDİYE KAĞIT SPOR,48 - 62,FİNAL SPOR,,KOCAELİ,Şehit Polis Recep Topaloğlu Spor Salonu,Youtube / TBF TV,MEHMET OZAN ÇAKAR,ABDULLAH İLİK,SEDA ESEN,ERDEM DEMİRSOY,ÖZGE ERÇETİN,SÜLEYMAN SIRRI YÜKSEL,ÖZGÜR COŞKUN,GAMZE KURT,Şehit Polis Recep Topaloğlu Spor Salonu
29.01.2023,17:30,2EA4604,17. Hafta,ÇAĞDAŞ BODRUM SPOR,78 - 66,BALIKESİR BÜYÜKŞEHİR BELEDİYESPOR,,MUĞLA,Bodrum Spor Salonu,Youtube / TBF TV,YÜCEL ÇİLİNGİR,NAZLI ÇİSİL GÜNGÖR,BURAK DURMUŞ,EMRE BAŞA,YAŞAR TOPUZ,DUYGU ÇİMEN,SEVGİ ÖZKAN,ORHAN SELÇUK,Bodrum Spor Salonu
30.01.2023,18:00,2EA4599,17. Hafta,GÖLBAŞI BELEDİYESİ TED ANKARA KOLEJLİLER,73 - 71,SEMT77 YALOVASPOR,,ANKARA,Gölbaşı Spor Salonu,TRT Spor Yıldız,DUHAN KÖYİÇİ,ABDULLAH KOPUTAN,CEMİL UYGÜL,NURSEN AYDIN,SELDA UZUN,FATİH ŞEN,RESUL GEÇER,FATİH DEMİRCİ,Gölbaşı Spor Salonu
3.02.2023,18:00,2EA4610,18. Hafta,YILYAK SAMSUNSPOR BASKETBOL,88 - 52,KOCAELİ BÜYÜKŞEHİR BELEDİYE KAĞIT SPOR,,SAMSUN,Mustafa Dağıstanlı Spor Salonu,TRT Spor Yıldız,ORKUN YURTTAŞ,AHMET MURAT ARIKANLI,YARKIN KESKİN,SEMİH KAYA,ESRA BAYZAT,SONA YAVUZ,ÇAĞATAY ÖZKOCA,YEŞİM YILDIZ COŞKUN,Mustafa Dağıstanlı Spor Salonu
4.02.2023,14:00,2EA4608,18. Hafta,MERSİN BÜYÜKŞEHİR BELEDİYESİ,82 - 77,FENERBAHÇE KOLEJİ DS ENERGY,,MERSİN,Edip Buran Spor Salonu,Youtube / TBF TV,TURGUT IŞIK,YİĞİT EMRE ŞİMŞEK,ALİ OSMAN KANIK,VEYSİ ORUK,SONGÜL HAZIMOĞLU,RABİA YILDIZ ÖZTÜRK,HALİDE KAYA,LEVENT YORULMAZ,Edip Buran Spor Salonu
4.02.2023,15:45,2EA4607,18. Hafta,DEPOMAXX HAREM SPOR,77 - 73,GÖLBAŞI BELEDİYESİ TED ANKARA KOLEJLİLER,,İSTANBUL,Şehit Mustafa Özel Spor Kompleksi,Youtube / TBF TV,ÖNDER YILMAZ,SAMET BİNER,ERDOĞAN ÇELEBİ,BURHAN BAŞARAN,MERVE GÜLDAŞ,NEŞE KIRAN,BURHAN DEMİR,YUSUF YELESDAĞ,Şehit Mustafa Özel Spor Kompleksi
4.02.2023,17:30,2EA4609,18. Hafta,FİNAL SPOR,78 - 92,BORNOVA BELEDİYESİ KARŞIYAKA,,BURSA,Naim Süleymanoğlu Spor Kompleksi,Youtube / TBF TV,UĞUR ÖZEN,ALPER GÖKÇEBEL,FURKAN KESERATAR,MUSTAFA DURGUT,SEVDA USTA,ADEM ÇATALKAŞ,SUELNUR ÇELİK,TEOMAN ÖYLEK,Naim Süleymanoğlu Spor Kompleksi
5.02.2023,14:00,2EA4613,18. Hafta,ANTALYA GÜNEŞİ,66 - 99,OGM ORMANSPOR,,ANTALYA,Kepez Turgut Özal Spor Salonu,Youtube / TBF TV,MEHMET OZAN ÇAKAR,UĞUR AKYILDIZ,DORUKHAN KALYONCU,METE BULUT,NESLİHAN SÜTLÜ,HALİL ERDOĞAN,DİLARA KILIÇ,NASUH ÜZER,Kepez Turgut Özal Spor Salonu
5.02.2023,15:45,2EA4611,18. Hafta,BALIKESİR BÜYÜKŞEHİR BELEDİYESPOR,85 - 74,AKRAN GEMLİK BASKETBOL,,BALIKESİR,Kurtdereli Spor Salonu,Youtube / TBF TV,HALİL ERKOÇ,AHMET KEMAL DİGİLLİ,SEZER BOR,KAAN KARTAL,ERCAN ÇAVUŞOĞLU,MERT TELLİBAYRAKTAR,HÜSEYİN GİRGİN,METİN IŞIK,Kurtdereli Spor Salonu
5.02.2023,17:30,2EA4614,18. Hafta,ANKARAGÜCÜ MAMAK BELEDİYESİ,84 - 78,SEMT77 YALOVASPOR,,ANKARA,Mamak Belediyesi Hidayet Türkoğlu Spor Salonu,Youtube / TBF TV,NAZLI ÇİSİL GÜNGÖR,AHMET TANER İBİN,RAMAZAN SEZER BARAN,ERGÜN GÜNGÖR,ASLI DİNÇEL,PELİN KUZU,KAMİL TOSUN,BİLAL UZGÖREN,Mamak Belediyesi Hidayet Türkoğlu Spor Salonu
15.03.2023,14:00,2EA4612,18. Hafta,SİGORTAM.NET,72 - 78,ÇAĞDAŞ BODRUM SPOR,,İSTANBUL,BJK Emlakjet Spor Kompleksi,Youtube / TBF TV,DUHAN KÖYİÇİ,MÜNEVVER ÖZEMRE,TOLGA AKKUŞOĞLU,BEKİR GENÇAL,MERT İĞDELİ,TUNA TAŞ,ESİN MÜEZZİNOĞLU,YÜKSEL NAZLIGÜL,BJK Emlakjet Spor Kompleksi
3.03.2023,17:00,2EA4621,19. Hafta,OGM ORMANSPOR,87 - 90,ANKARAGÜCÜ MAMAK BELEDİYESİ,,ANKARA,M. Sait Zarifoğlu Spor Salonu,TRT Spor Yıldız,KEREM YILMAZ,HALİL ERKOÇ,BARIŞ TURGUT,FİLİZ ÖGET,MELİKE DENİZ BAYRAM,PELİN KUZU,FATMA ÇELİK,ALPER KESEN,M. Sait Zarifoğlu Spor Salonu
4.03.2023,14:00,2EA4616,19. Hafta,FENERBAHÇE KOLEJİ DS ENERGY,91 - 79,FİNAL SPOR,,İSTANBUL,Fenerbahçe Metro Enerji Spor Salonu,Youtube / TBF TV,DUHAN KÖYİÇİ,AHMET TANER İBİN,RAMAZAN SEZER BARAN,ERSİN ÇELİK,SEHER KAZANÇ,ALTAN CANDAN,EDA ELFİDAN,FATMA GÖK,Fenerbahçe Metro Enerji Spor Salonu
4.03.2023,15:45,2EA4619,19. Hafta,AKRAN GEMLİK BASKETBOL,77 - 66,SİGORTAM.NET,,BURSA,Gemlik Spor Salonu,Youtube / TBF TV,UĞUR ÖZEN,NİHAT ÇETİN,SAMET TEKİN,GÜNAY YAYLI,TUĞBA ÖZMEN,ESRA AL,MUHARREM KAYAL,TUĞBA ÖYLEK,Gemlik Spor Salonu
4.03.2023,17:30,2EA4618,19. Hafta,KOCAELİ BÜYÜKŞEHİR BELEDİYE KAĞIT SPOR,94 - 100,BALIKESİR BÜYÜKŞEHİR BELEDİYESPOR,,KOCAELİ,Kocaeli Atatürk Spor Salonu,Youtube / TBF TV,ÖNDER YILMAZ,BENHÜR İRCEL,ERDOĞAN ÇELEBİ,BÜLENT TANESEN,ERDEM ERGÜN,TARIK ERDOĞAN,SUDENUR DUMAN,SEVGİ CANDAZ,Kocaeli Atatürk Spor Salonu
5.03.2023,14:00,2EA4620,19. Hafta,ÇAĞDAŞ BODRUM SPOR,104 - 56,ANTALYA GÜNEŞİ,,MUĞLA,Bodrum Spor Salonu,Youtube / TBF TV,YÜCEL ÇİLİNGİR,CEMİL UYGÜL,SELENA GAMZE ÖGET ÇERÇİ,HATİCE DİLHUN SUKAN,YAŞAR TOPUZ,EVREN ERTOY,EMRE TURAN,ORHAN SELÇUK,Bodrum Spor Salonu
5.03.2023,15:45,2EA4617,19. Hafta,BORNOVA BELEDİYESİ KARŞIYAKA,52 - 89,YILYAK SAMSUNSPOR BASKETBOL,,İZMİR,Altındağ Atatürk Spor Kompleksi,Youtube / TBF TV,MEHMET OZAN ÇAKAR,AHMET KEMAL DİGİLLİ,HASAN OK,OKAN ÖZER,GÖZDE ONAN,CEREN ARIKAN BAYKUŞ,EMİNE KALKAN,GÜLTEKİN DAĞDEVİREN,Altındağ Atatürk Spor Kompleksi
5.03.2023,17:30,2EA4622,19. Hafta,SEMT77 YALOVASPOR,103 - 78,DEPOMAXX HAREM SPOR,,YALOVA,90. Yıl Spor Salonu,Youtube / TBF TV,ORKUN YURTTAŞ,AHMET MURAT ARIKANLI,TOLGA AKKUŞOĞLU,RAMAZAN ÖYLEK,EMİNE AK,NAZMİYE BIYIKOĞLU,HANİFE CELEPOĞLU,İBRAHİM HALİL SİVİL,90. Yıl Spor Salonu
8.03.2023,17:30,2EA4615,19. Hafta,GÖLBAŞI BELEDİYESİ TED ANKARA KOLEJLİLER,86 - 84,MERSİN BÜYÜKŞEHİR BELEDİYESİ,,ANKARA,Gölbaşı Spor Salonu,Youtube / TBF TV,AYDIN KARAÇAM,MESUT ÖZTÜRK,ÖZKAN TALO,SEMAHATTİN YILDIZ,ESİN KALELİ,FATİH DEMİRCİ,AHMET BUĞRAHAN TÜRKER,SEÇİL ÇAPKINOĞLU,Gölbaşı Spor Salonu
10.03.2023,18:00,2EA4626,20. Hafta,SİGORTAM.NET,74 - 100,KOCAELİ BÜYÜKŞEHİR BELEDİYE KAĞIT SPOR,,İSTANBUL,Akatlar Spor ve Kültür Kompleksi,TRT Spor Yıldız,TURGUT IŞIK,YİĞİT EMRE ŞİMŞEK,BARIŞ TURGUT,HAKAN ŞAHİN,ŞERMİN NAZLIGÜL,ERMAN YÜCEL,ESİN MÜEZZİNOĞLU,KEREM SIRMAGİL,Akatlar Spor ve Kültür Kompleksi
11.03.2023,14:00,2EA4628,20. Hafta,OGM ORMANSPOR,78 - 81,ÇAĞDAŞ BODRUM SPOR,,ANKARA,M. Sait Zarifoğlu Spor Salonu,Youtube / TBF TV,AYDIN KARAÇAM,AHMET TANER İBİN,SEDA ESEN,IRMAK BAŞAK KAN,PELİN KUZU,FATİH ŞEN,SEÇİL ÇAPKINOĞLU,VEYSEL SİNAN TUNCER,M. Sait Zarifoğlu Spor Salonu
11.03.2023,15:45,2EA4630,20. Hafta,ANKARAGÜCÜ MAMAK BELEDİYESİ,73 - 75,DEPOMAXX HAREM SPOR,,ANKARA,Mamak Belediyesi Hidayet Türkoğlu Spor Salonu,Youtube / TBF TV,OZAN GÖNEN,MESUT ÖZTÜRK,ANIL VEZİROĞLU,GÖKHAN ZEKERİYA ARSLAN,ESİN KALELİ,SİBEL FAZLIOĞLU,SÜMEYYE SENEKLİOĞLU,ALPER KESEN,Mamak Belediyesi Hidayet Türkoğlu Spor Salonu
11.03.2023,17:30,2EA4624,20. Hafta,YILYAK SAMSUNSPOR BASKETBOL,80 - 68,FENERBAHÇE KOLEJİ DS ENERGY,,SAMSUN,Mustafa Dağıstanlı Spor Salonu,Youtube / TBF TV,İBRAHİM ALTINTAŞ,CEMİL UYGÜL,METEHAN ALAÇAM,CUMHUR ARSLAN,SEDA ÖZDEMİR,ESRA BAYZAT,SONA YAVUZ,UĞURCAN MEMİŞ,Mustafa Dağıstanlı Spor Salonu
12.03.2023,15:45,2EA4627,20. Hafta,ANTALYA GÜNEŞİ,70 - 102,AKRAN GEMLİK BASKETBOL,,ANTALYA,Kepez Turgut Özal Spor Salonu,Youtube / TBF TV,NAZLI ÇİSİL GÜNGÖR,NİYAZİ YASİN KAHRAMAN,BURAK DURMUŞ,HÜSEYİN MERT  ÇİVİ,FATMA MAFACAN,HALİL ERDOĞAN,ELAY ARICAN,İLKAY ERDOĞAN,Kepez Turgut Özal Spor Salonu
12.03.2023,17:30,2EA4625,20. Hafta,BALIKESİR BÜYÜKŞEHİR BELEDİYESPOR,74 - 76,BORNOVA BELEDİYESİ KARŞIYAKA,,BALIKESİR,Kurtdereli Spor Salonu,Youtube / TBF TV,ORKUN YURTTAŞ,AHMET MURAT ARIKANLI,SAFA HALİT ÇAKIR,EBRU ÖZTAŞKIRAN,GAMZE ATİLA,MERT TELLİBAYRAKTAR,ERCAN ÇAVUŞOĞLU,METİN IŞIK,Kurtdereli Spor Salonu
13.03.2023,18:00,2EA4623,20. Hafta,FİNAL SPOR,80 - 75,GÖLBAŞI BELEDİYESİ TED ANKARA KOLEJLİLER,,BURSA,Naim Süleymanoğlu Spor Kompleksi,TRT Spor Yıldız,MEHMET OZAN ÇAKAR,SERTAN KIRKLAR,ÖMER SARI,ATİF AL,ESRA SOLAK,TEOMAN ÖYLEK,NEBİYE SALLANTI,ŞAFAK IRMAK SARAÇOĞLU,Naim Süleymanoğlu Spor Kompleksi
14.03.2023,17:00,2EA4629,20. Hafta,MERSİN BÜYÜKŞEHİR BELEDİYESİ,80 - 70,SEMT77 YALOVASPOR,,MERSİN,Edip Buran Spor Salonu,Youtube / TBF TV,UĞUR ÖZEN,HALİL ERKOÇ,SAMET BİNER,MELEK BANU MURSAL,NİL KİFAYET GÜRLÜ,RABİA YILDIZ ÖZTÜRK,MERVE YAĞMA,LEVENT YORULMAZ,Edip Buran Spor Salonu
17.03.2023,18:00,2EA4635,21. Hafta,AKRAN GEMLİK BASKETBOL,64 - 74,OGM ORMANSPOR,,BURSA,Gemlik Spor Salonu,TRT Spor Yıldız,ÖNDER YILMAZ,MÜNEVVER ÖZEMRE,BURAK AKTAŞ,EREN KÜÇÜKSOLAKOĞLU,EMEL ÖZTÜRK,ADEM ÇATALKAŞ,ELİZ ŞEN,FATİH DURGUT,Gemlik Spor Salonu
18.03.2023,14:00,2EA4634,21. Hafta,KOCAELİ BÜYÜKŞEHİR BELEDİYE KAĞIT SPOR,119 - 90,ANTALYA GÜNEŞİ,,KOCAELİ,Kocaeli Atatürk Spor Salonu,Youtube / TBF TV,KEREM YILMAZ,ALPER GÖKÇEBEL,SABRİ GÜNDÜZ,İHSAN KÜÇÜKAYCAN,ÖZGE ERÇETİN,EBRU ÖZMEN,GİZEM ŞAHİN,MUSTAFA SALMAN,Kocaeli Atatürk Spor Salonu
18.03.2023,15:45,2EA4631,21. Hafta,GÖLBAŞI BELEDİYESİ TED ANKARA KOLEJLİLER,80 - 85,YILYAK SAMSUNSPOR BASKETBOL,,ANKARA,Gölbaşı Spor Salonu,Youtube / TBF TV,DUHAN KÖYİÇİ,HALİL ERKOÇ,FURKAN KESERATAR,VEYSEL PEKDOĞAN,PELİN KUZU,FATİH ŞEN,TUNCER ULUŞEKER,FATİH DEMİRCİ,Gölbaşı Spor Salonu
18.03.2023,17:30,2EA4632,21. Hafta,FENERBAHÇE KOLEJİ DS ENERGY,74 - 79,BALIKESİR BÜYÜKŞEHİR BELEDİYESPOR,,İSTANBUL,Fenerbahçe Metro Enerji Spor Salonu,Youtube / TBF TV,UĞUR ÖZEN,YARKIN KESKİN,ALİ OSMAN KANIK,ORHAN EFE  ÖZENÇ,DİDEM ARPACI KARAGÖZ,ALTAN CANDAN,EDA ELFİDAN,ESER FIRIL,Fenerbahçe Metro Enerji Spor Salonu
19.03.2023,14:00,2EA4638,21. Hafta,DEPOMAXX HAREM SPOR,73 - 91,MERSİN BÜYÜKŞEHİR BELEDİYESİ,,İSTANBUL,Şehit Mustafa Özel Spor Kompleksi,Youtube / TBF TV,SERTAN KIRKLAR,AHMET KEMAL DİGİLLİ,ERDOĞAN ÇELEBİ,EMRULLAH DAĞ,AYBERK PARALI,OSMAN AŞIK,AYGÜN SEVGİL,MERT İĞDELİ,Şehit Mustafa Özel Spor Kompleksi
19.03.2023,15:45,2EA4633,21. Hafta,BORNOVA BELEDİYESİ KARŞIYAKA,69 - 59,SİGORTAM.NET,,İZMİR,Altındağ Atatürk Spor Kompleksi,Youtube / TBF TV,İBRAHİM ALTINTAŞ,MESUT ÖZTÜRK,METİN EROL,KAAN KARTAL,BETÜL AKDOĞAN,CANSU ÇOBAN,ÖZGÜR TOPCU,YEŞİM KOÇ,Altındağ Atatürk Spor Kompleksi
19.03.2023,17:30,2EA4637,21. Hafta,SEMT77 YALOVASPOR,80 - 59,FİNAL SPOR,,YALOVA,90. Yıl Spor Salonu,Youtube / TBF TV,YÜCEL ÇİLİNGİR,OZAN GÖNEN,HÜSEYİN ÇAMCI,SERDAR ÇELİK,ELMAS DEMİREL AYDEMİR,NURAY SORUŞ,SELÇUK KURT,TAYFUN CAN DEMİR,90. Yıl Spor Salonu
20.03.2023,18:00,2EA4636,21. Hafta,ÇAĞDAŞ BODRUM SPOR,84 - 55,ANKARAGÜCÜ MAMAK BELEDİYESİ,,MUĞLA,Bodrum Spor Salonu,TRT Spor Yıldız,NAZLI ÇİSİL GÜNGÖR,ABDULLAH KOPUTAN,DORUKHAN KALYONCU,HATİCE DİLHUN SUKAN,YAŞAR TOPUZ,DUYGU ÇİMEN,EVREN ERTOY,ORHAN SELÇUK,Bodrum Spor Salonu
24.03.2023,18:00,2EA4639,22. Hafta,BALIKESİR BÜYÜKŞEHİR BELEDİYESPOR,94 - 90,GÖLBAŞI BELEDİYESİ TED ANKARA KOLEJLİLER,,BALIKESİR,Kurtdereli Spor Salonu,TRT Spor Yıldız,ÖNDER YILMAZ,MESUT ÖZTÜRK,HAKAN GEREY,DOĞAN HEPGÜVENDİK,GAMZE ATİLA,IŞIL ÖZKAN,NESLİHAN ÇOBAN,ESİN ÖZSÜRMELİ,Kurtdereli Spor Salonu
25.03.2023,14:00,2EA4641,22. Hafta,ANTALYA GÜNEŞİ,62 - 91,BORNOVA BELEDİYESİ KARŞIYAKA,,ANTALYA,Kepez Turgut Özal Spor Salonu,Youtube / TBF TV,OZAN GÖNEN,YİĞİT EMRE ŞİMŞEK,ÖZKAN TALO,HÜSEYİN MERT  ÇİVİ,FATMA MAFACAN,BURHAN ÇİÇEK,KEZİBAN KARTCA,NASUH ÜZER,Kepez Turgut Özal Spor Salonu
25.03.2023,15:45,2EA4646,22. Hafta,ANKARAGÜCÜ MAMAK BELEDİYESİ,82 - 95,MERSİN BÜYÜKŞEHİR BELEDİYESİ,,ANKARA,Mamak Belediyesi Hidayet Türkoğlu Spor Salonu,Youtube / TBF TV,TURGUT IŞIK,TOLGA AKKUŞOĞLU,BARIŞ TURGUT,NURSEN AYDIN,MELİKE DENİZ BAYRAM,PELİN KUZU,YUNUS KAHRAMAN,FUNDA KONCA,Mamak Belediyesi Hidayet Türkoğlu Spor Salonu
25.03.2023,17:30,2EA4643,22. Hafta,ÇAĞDAŞ BODRUM SPOR,81 - 60,AKRAN GEMLİK BASKETBOL,,MUĞLA,Bodrum Spor Salonu,Youtube / TBF TV,İBRAHİM ALTINTAŞ,ALPER GÖKÇEBEL,SELENA GAMZE ÖGET ÇERÇİ,MURATCAN KOCABAY,İREM KARATAŞ,DUYGU ÇİMEN,SEVGİ ÖZKAN,SÜLEYMAN ALPER YILDIZ,Bodrum Spor Salonu
26.03.2023,14:00,2EA4642,22. Hafta,OGM ORMANSPOR,112 - 64,KOCAELİ BÜYÜKŞEHİR BELEDİYE KAĞIT SPOR,,ANKARA,M. Sait Zarifoğlu Spor Salonu,Youtube / TBF TV,YÜCEL ÇİLİNGİR,NİHAT ÇETİN,MUHAMMED MURAT ZAFER,MÜBERRA ÖZTÜRK,GÖZDE ÖZBEK,TUNCER ULUŞEKER,FATİH ŞEN,VOLKAN DARCAN,M. Sait Zarifoğlu Spor Salonu
26.03.2023,15:45,2EA4645,22. Hafta,FİNAL SPOR,78 - 83,DEPOMAXX HAREM SPOR,,BURSA,Naim Süleymanoğlu Spor Kompleksi,Youtube / TBF TV,DUHAN KÖYİÇİ,MÜNEVVER ÖZEMRE,UĞUR YÜKSEL,GÜNAY YAYLI,ESRA AL,AYÇA ÜNLÜ,TUĞBA ÖYLEK,BERNA EKBİÇ,Naim Süleymanoğlu Spor Kompleksi
26.03.2023,17:30,2EA4640,22. Hafta,SİGORTAM.NET,91 - 87,FENERBAHÇE KOLEJİ DS ENERGY,,İSTANBUL,Akatlar Spor ve Kültür Kompleksi,Youtube / TBF TV,KEREM YILMAZ,NAZLI ÇİSİL GÜNGÖR,BENHÜR İRCEL,EMİN FAZIL KESERATAR,ŞAZİYE SİMSAR YAKIN,MERVE SAĞLAM,TUNA TAŞ,MERT İĞDELİ,Akatlar Spor ve Kültür Kompleksi
27.03.2023,17:00,2EA4644,22. Hafta,YILYAK SAMSUNSPOR BASKETBOL,77 - 83,SEMT77 YALOVASPOR,,SAMSUN,Mustafa Dağıstanlı Spor Salonu,TRT Spor Yıldız,SERTAN KIRKLAR,ABDULLAH KOPUTAN,YARKIN KESKİN,KAYA EREZ,KADİR BERDAN ŞEKER,UĞURCAN MEMİŞ,ESRA BAYZAT,MELİSE MERCAN,Mustafa Dağıstanlı Spor Salonu
31.03.2023,20:00,2EA4651,23. Hafta,AKRAN GEMLİK BASKETBOL,104 - 85,ANKARAGÜCÜ MAMAK BELEDİYESİ,,BURSA,Gemlik Spor Salonu,TRT Spor Yıldız,DUHAN KÖYİÇİ,HALİL ERKOÇ,HASAN OK,MUSTAFA DURGUT,NİDA ECE TÜZÜK,ADEM ÇATALKAŞ,NEBİYE SALLANTI,ABDULLAH KURT,Gemlik Spor Salonu
1.04.2023,14:00,2EA4650,23. Hafta,KOCAELİ BÜYÜKŞEHİR BELEDİYE KAĞIT SPOR,77 - 92,ÇAĞDAŞ BODRUM SPOR,,KOCAELİ,Şehit Polis Recep Topaloğlu Spor Salonu,Youtube / TBF TV,MEHMET OZAN ÇAKAR,AHMET MURAT ARIKANLI,ÖZKAN TALO,MEHMET İSMET BAYRİ,ÖZGE ERÇETİN,AYCAN PEKER,YILDIZ BUĞDACI,TARIK ERDOĞAN,Şehit Polis Recep Topaloğlu Spor Salonu
1.04.2023,15:45,2EA4653,23. Hafta,DEPOMAXX HAREM SPOR,75 - 86,YILYAK SAMSUNSPOR BASKETBOL,,İSTANBUL,Şehit Mustafa Özel Spor Kompleksi,Youtube / TBF TV,TURGUT IŞIK,BENHÜR İRCEL,RAMAZAN SEZER BARAN,MUSTAFA AHİOĞLU,GÖKHAN ALTUNTAŞ,ESİN MÜEZZİNOĞLU,FATİH DEMİR,ERMAN YÜCEL,Şehit Mustafa Özel Spor Kompleksi
1.04.2023,17:30,2EA4654,23. Hafta,MERSİN BÜYÜKŞEHİR BELEDİYESİ,74 - 82,FİNAL SPOR,,MERSİN,Edip Buran Spor Salonu,Youtube / TBF TV,UĞUR ÖZEN,ABDULLAH KOPUTAN,YARKIN KESKİN,YEŞİM ATUŞ KARAGÖZ,MELDA KÖKLÜER,CANER SERTEL,ABUZER BİLEN,LEVENT YORULMAZ,Edip Buran Spor Salonu
2.04.2023,14:00,2EA4648,23. Hafta,FENERBAHÇE KOLEJİ DS ENERGY,93 - 51,ANTALYA GÜNEŞİ,,İSTANBUL,Fenerbahçe Metro Enerji Spor Salonu,Youtube / TBF TV,ÖNDER YILMAZ,SAMET BİNER,SAMET TEKİN,ULVİ  ARIKAN,EBRU ULUDOĞAN,YEŞİM ÖZCAN ÖZTÜRK,ALTAN CANDAN,FATMA GÖK,Fenerbahçe Metro Enerji Spor Salonu
2.04.2023,15:45,2EA4647,23. Hafta,GÖLBAŞI BELEDİYESİ TED ANKARA KOLEJLİLER,58 - 56,SİGORTAM.NET,,ANKARA,Gölbaşı Spor Salonu,Youtube / TBF TV,SERTAN KIRKLAR,OZAN GÖNEN,MEHMET BURAK ANLATICI,DERYA ANTAŞ,SİBEL FAZLIOĞLU,UMUT AYBULUT,İSMAİL FULSER,SİNA KÜÇÜKDİLEK,Gölbaşı Spor Salonu
2.04.2023,17:30,2EA4652,23. Hafta,SEMT77 YALOVASPOR,85 - 68,BALIKESİR BÜYÜKŞEHİR BELEDİYESPOR,,YALOVA,90. Yıl Spor Salonu,Youtube / TBF TV,AYDIN KARAÇAM,KEREM YILMAZ,ERDOĞAN ÇELEBİ,HAKAN AK,EMİNE AK,NAZMİYE BIYIKOĞLU,AYNUR SAĞINDIK,ANIL BIYIKOĞLU,90. Yıl Spor Salonu
3.04.2023,17:00,2EA4649,23. Hafta,BORNOVA BELEDİYESİ KARŞIYAKA,66 - 73,OGM ORMANSPOR,,İZMİR,Altındağ Atatürk Spor Kompleksi,TRT Spor Yıldız,ORKUN YURTTAŞ,CEMİL UYGÜL,ALPER GÖKÇEBEL,MEHMET AKİF KARAGÖZ,DİLEK DOĞAN KARACA,ALİ DEVECİ,MEHMET AKINCI,OSMAN ARKIN BARUTCU,Altındağ Atatürk Spor Kompleksi
7.04.2023,20:00,2EA4661,24. Hafta,YILYAK SAMSUNSPOR BASKETBOL,84 - 63,MERSİN BÜYÜKŞEHİR BELEDİYESİ,,SAMSUN,Mustafa Dağıstanlı Spor Salonu,TRT Spor Yıldız,MEHMET OZAN ÇAKAR,DUHAN KÖYİÇİ,CEMİL UYGÜL,CUMHUR ARSLAN,KADİR BERDAN ŞEKER,ESRA BAYZAT,TUANA ATEŞ,UĞURCAN MEMİŞ,Mustafa Dağıstanlı Spor Salonu
8.04.2023,14:00,2EA4656,24. Hafta,OGM ORMANSPOR,90 - 82,FENERBAHÇE KOLEJİ DS ENERGY,,ANKARA,M. Sait Zarifoğlu Spor Salonu,Youtube / TBF TV,TURGUT IŞIK,MESUT ÖZTÜRK,BARIŞ TURGUT,CENGİZ AKAR,YASEMİN YILDIRIM,FATİH DEMİRCİ,SEÇİL ÇAPKINOĞLU,FUNDA KONCA,M. Sait Zarifoğlu Spor Salonu
8.04.2023,15:45,2EA4662,24. Hafta,ANKARAGÜCÜ MAMAK BELEDİYESİ,89 - 91,FİNAL SPOR,,ANKARA,Mamak Belediyesi Hidayet Türkoğlu Spor Salonu,Youtube / TBF TV,YÜCEL ÇİLİNGİR,KEREM YILMAZ,BURAK ERKAN,ZAFER ÖZGÜN,PELİN KUZU,NİHAN ÜNSAL,YUNUS KAHRAMAN,MERT YILMAZ,Mamak Belediyesi Hidayet Türkoğlu Spor Salonu
8.04.2023,17:30,2EA4660,24. Hafta,BALIKESİR BÜYÜKŞEHİR BELEDİYESPOR,76 - 68,DEPOMAXX HAREM SPOR,,BALIKESİR,Kurtdereli Spor Salonu,Youtube / TBF TV,OZAN GÖNEN,AHMET MURAT ARIKANLI,YARKIN KESKİN,EBRU ÖZTAŞKIRAN,GAMZE ATİLA,IŞIL ÖZKAN,SELMA YÜKSEL,ESİN ÖZSÜRMELİ,Kurtdereli Spor Salonu
9.04.2023,14:00,2EA4655,24. Hafta,ANTALYA GÜNEŞİ,55 - 105,GÖLBAŞI BELEDİYESİ TED ANKARA KOLEJLİLER,,ANTALYA,Kepez Turgut Özal Spor Salonu,Youtube / TBF TV,AYDIN KARAÇAM,UĞUR AKYILDIZ,SELENA GAMZE ÖGET ÇERÇİ,METE BULUT,NASUH ÜZER,SEVCAN CELİL,KEZİBAN KARTCA,BURHAN ÇİÇEK,Kepez Turgut Özal Spor Salonu
9.04.2023,15:45,2EA4658,24. Hafta,AKRAN GEMLİK BASKETBOL,86 - 92,KOCAELİ BÜYÜKŞEHİR BELEDİYE KAĞIT SPOR,,BURSA,Gemlik Spor Salonu,Youtube / TBF TV,UĞUR ÖZEN,ABDULLAH KOPUTAN,TOLGA AKKUŞOĞLU,RAMAZAN ÖYLEK,ELİF ERGÜÇ,TEOMAN ÖYLEK,AYPERİ SILA KIROĞLU,FATİH DURGUT,Gemlik Spor Salonu
9.04.2023,17:30,2EA4657,24. Hafta,ÇAĞDAŞ BODRUM SPOR,80 - 60,BORNOVA BELEDİYESİ KARŞIYAKA,,MUĞLA,Bodrum Spor Salonu,Youtube / TBF TV,SERTAN KIRKLAR,NAZLI ÇİSİL GÜNGÖR,UĞUR YÜKSEL,OKAN ÖZER,YAŞAR TOPUZ,SÜLEYMAN ALPER YILDIZ,MEHMET CAN FİDAN,ORHAN SELÇUK,Bodrum Spor Salonu
10.04.2023,17:00,2EA4659,24. Hafta,SİGORTAM.NET,84 - 89,SEMT77 YALOVASPOR,,İSTANBUL,Akatlar Spor ve Kültür Kompleksi,TRT Spor Yıldız,İBRAHİM ALTINTAŞ,ALPER GÖKÇEBEL,EYYÜP AYHAN,AHMET MÜNİR GÖKMEN,TUNA TAŞ,ŞERMİN NAZLIGÜL,AHSEN CANBULAT,YÜKSEL NAZLIGÜL,Akatlar Spor ve Kültür Kompleksi
14.04.2023,18:00,2EA4665,25. Hafta,BORNOVA BELEDİYESİ KARŞIYAKA,84 - 68,AKRAN GEMLİK BASKETBOL,,İZMİR,Mustafa Kemal Atatürk Karşıyaka Spor Salonu,TRT WEB,MEHMET OZAN ÇAKAR,AYDIN KARAÇAM,YİĞİT EMRE ŞİMŞEK,KAAN KARTAL,MEHMET AKINCI,GÜLTEKİN DAĞDEVİREN,ARZU AKINCI,CEREN ARIKAN BAYKUŞ,Mustafa Kemal Atatürk Karşıyaka Spor Salonu
15.04.2023,14:00,2EA4663,25. Hafta,GÖLBAŞI BELEDİYESİ TED ANKARA KOLEJLİLER,88 - 64,OGM ORMANSPOR,,ANKARA,Gölbaşı Spor Salonu,Youtube / TBF TV,İBRAHİM ALTINTAŞ,AHMET MURAT ARIKANLI,SAFA HALİT ÇAKIR,GÖKHAN ZEKERİYA ARSLAN,MELİKE DENİZ BAYRAM,ALİ MURAT SUNGUR,AHMET BUĞRAHAN TÜRKER,ANIL ENDER DURGUN,Gölbaşı Spor Salonu
15.04.2023,15:45,2EA4670,25. Hafta,FİNAL SPOR,67 - 78,YILYAK SAMSUNSPOR BASKETBOL,,BURSA,Naim Süleymanoğlu Spor Kompleksi,Youtube / TBF TV,ÖNDER YILMAZ,NAZLI ÇİSİL GÜNGÖR,BURAK DURMUŞ,ATİF AL,TUĞBA ÖYLEK,ABDULLAH KURT,FATİH DURGUT,ESRA AL,Naim Süleymanoğlu Spor Kompleksi
15.04.2023,17:30,2EA4669,25. Hafta,MERSİN BÜYÜKŞEHİR BELEDİYESİ,65 - 66,BALIKESİR BÜYÜKŞEHİR BELEDİYESPOR,,MERSİN,Edip Buran Spor Salonu,Youtube / TBF TV,TURGUT IŞIK,AHMET KEMAL DİGİLLİ,TOLGA AKKUŞOĞLU,YUSUF BÜYÜKFİDAN,BERK MERT,RABİA YILDIZ ÖZTÜRK,BETÜL ÖZCAN,LEVENT YORULMAZ,Edip Buran Spor Salonu
16.04.2023,14:00,2EA4667,25. Hafta,SEMT77 YALOVASPOR,100 - 63,ANTALYA GÜNEŞİ,,YALOVA,90. Yıl Spor Salonu,Youtube / TBF TV,SERTAN KIRKLAR,HAKAN GEREY,ALİ OSMAN KANIK,RAMAZAN ÖYLEK,ZELİHA DEMİR,GÜLEN SÖNMEZ,NURSEVİL AKYOL,ANIL BIYIKOĞLU,90. Yıl Spor Salonu
16.04.2023,15:45,2EA4666,25. Hafta,KOCAELİ BÜYÜKŞEHİR BELEDİYE KAĞIT SPOR,80 - 72,ANKARAGÜCÜ MAMAK BELEDİYESİ,,KOCAELİ,Darıca Eray Şamdan Kapalı Spor Salonu,Youtube / TBF TV,ORKUN YURTTAŞ,MESUT ÖZTÜRK,SAMET BİNER,NAİM ÖZYEŞİLPINAR,ERDEM ERGÜN,AYCAN PEKER,TARIK ERDOĞAN,ERAY CİVELEK,Darıca Eray Şamdan Kapalı Spor Salonu
16.04.2023,17:30,2EA4668,25. Hafta,DEPOMAXX HAREM SPOR,75 - 69,SİGORTAM.NET,,İSTANBUL,Şehit Mustafa Özel Spor Kompleksi,Youtube / TBF TV,YÜCEL ÇİLİNGİR,KEREM YILMAZ,FATMA ÖZTÜRK,MUSTAFA AHİOĞLU,KÜBRA TOPAL,BARIŞ AKSAKAL,MERVE GÜLDAŞ,MURAT ÖZKAN,Şehit Mustafa Özel Spor Kompleksi
17.04.2023,14:00,2EA4664,25. Hafta,FENERBAHÇE KOLEJİ DS ENERGY,53 - 71,ÇAĞDAŞ BODRUM SPOR,,İSTANBUL,Fenerbahçe Metro Enerji Spor Salonu,TRT Spor Yıldız,UĞUR ÖZEN,HALİL ERKOÇ,MÜNEVVER ÖZEMRE,RAHŞAN ŞEBNEM TÜMER,EBRU ULUDOĞAN,YEŞİM ÖZCAN ÖZTÜRK,ALTAN CANDAN,FATMA GÖK,Fenerbahçe Metro Enerji Spor Salonu
21.04.2023,15:30,2EA4676,26. Hafta,SİGORTAM.NET,76 - 61,MERSİN BÜYÜKŞEHİR BELEDİYESİ,,İSTANBUL,Akatlar Spor ve Kültür Kompleksi,TRT Spor Yıldız,ORKUN YURTTAŞ,SERTAN KIRKLAR,MESUT ÖZTÜRK,MELİH ERGENE,KEREM SIRMAGİL,DİNÇER ADİLLER,ŞERMİN NAZLIGÜL,PINAR ŞAHİN,Akatlar Spor ve Kültür Kompleksi
22.04.2023,14:00,2EA4675,26. Hafta,ANTALYA GÜNEŞİ,69 - 100,DEPOMAXX HAREM SPOR,,ANTALYA,Kepez Turgut Özal Spor Salonu,Youtube / TBF TV,HALİL ERKOÇ,ANIL VEZİROĞLU,ÖMER SARI,HÜSEYİN MERT  ÇİVİ,FATMA MAFACAN,SEVCAN CELİL,NASUH ÜZER,HALİL ERDOĞAN,Kepez Turgut Özal Spor Salonu
22.04.2023,14:00,2EA4673,26. Hafta,KOCAELİ BÜYÜKŞEHİR BELEDİYE KAĞIT SPOR,86 - 84,BORNOVA BELEDİYESİ KARŞIYAKA,,KOCAELİ,Kocaeli Atatürk Spor Salonu,Youtube / TBF TV,YÜCEL ÇİLİNGİR,KEREM YILMAZ,ŞEYHMUS MELEK,ERDEM DEMİRSOY,AYCAN PEKER,SEVGİ CANDAZ,SUDENUR DUMAN,TÜRKER YILMAZ,Kocaeli Atatürk Spor Salonu
22.04.2023,15:45,2EA4671,26. Hafta,ÇAĞDAŞ BODRUM SPOR,77 - 69,GÖLBAŞI BELEDİYESİ TED ANKARA KOLEJLİLER,,MUĞLA,Bodrum Spor Salonu,Youtube / TBF TV,TURGUT IŞIK,OZAN GÖNEN,ÖZKAN TALO,MURATCAN KOCABAY,YAŞAR TOPUZ,DUYGU ÇİMEN,ALİ BEŞİROĞLU,ORHAN SELÇUK,Bodrum Spor Salonu
22.04.2023,17:30,2EA4674,26. Hafta,OGM ORMANSPOR,78 - 70,SEMT77 YALOVASPOR,,ANKARA,M. Sait Zarifoğlu Spor Salonu,Youtube / TBF TV,ÖNDER YILMAZ,AHMET TANER İBİN,HALDUN ÇOBAN,ARİF ÖZBAŞ,MİNE MİHRİCAN KANBUR,VEYSEL SİNAN TUNCER,ANIL ENDER DURGUN,FATMA ÇELİK,M. Sait Zarifoğlu Spor Salonu
23.04.2023,15:45,2EA4678,26. Hafta,ANKARAGÜCÜ MAMAK BELEDİYESİ,76 - 96,YILYAK SAMSUNSPOR BASKETBOL,,ANKARA,Mamak Belediyesi Hidayet Türkoğlu Spor Salonu,Youtube / TBF TV,AYDIN KARAÇAM,YİĞİT EMRE ŞİMŞEK,HÜSEYİN ÇAMCI,VEYSEL PEKDOĞAN,GÖZDE ÖZBEK,FATİH ŞEN,HASAN BAŞKURT,FUNDA KONCA,Mamak Belediyesi Hidayet Türkoğlu Spor Salonu
23.04.2023,17:30,2EA4672,26. Hafta,AKRAN GEMLİK BASKETBOL,92 - 94,FENERBAHÇE KOLEJİ DS ENERGY,,BURSA,Gemlik Spor Salonu,Youtube / TBF TV,DUHAN KÖYİÇİ,AHMET MURAT ARIKANLI,RAMAZAN SEZER BARAN,MEHMET İSMET BAYRİ,AYÇA ÜNLÜ,NİDA ECE TÜZÜK,FATİH DURGUT,EMEL ÖZTÜRK,Gemlik Spor Salonu
24.04.2023,18:00,2EA4677,26. Hafta,BALIKESİR BÜYÜKŞEHİR BELEDİYESPOR,94 - 91,FİNAL SPOR,,BALIKESİR,Kurtdereli Spor Salonu,TRT Spor Yıldız,MEHMET OZAN ÇAKAR,ABDULLAH KOPUTAN,SABRİ GÜNDÜZ,AHMET ÖNEY,GAMZE ATİLA,IŞIL ÖZKAN,ERCAN ÇAVUŞOĞLU,METİN IŞIK,Kurtdereli Spor Salonu
28.04.2023,18:00,2EA4681,27. Hafta,BORNOVA BELEDİYESİ KARŞIYAKA,101 - 100,ANKARAGÜCÜ MAMAK BELEDİYESİ,,İZMİR,Mustafa Kemal Atatürk Karşıyaka Spor Salonu,TRT Spor Yıldız,İBRAHİM ALTINTAŞ,NAZLI ÇİSİL GÜNGÖR,ERDOĞAN ÇELEBİ,ELA ONAT,SADIK ERGÜL,BETÜL AKDOĞAN,MUSTAFA MESCİ,ÇAĞATAY KAMER VANLIOĞLU,Mustafa Kemal Atatürk Karşıyaka Spor Salonu
29.04.2023,14:00,2EA4684,27. Hafta,MERSİN BÜYÜKŞEHİR BELEDİYESİ,89 - 76,ANTALYA GÜNEŞİ,,MERSİN,Edip Buran Spor Salonu,Youtube / TBF TV,YÜCEL ÇİLİNGİR,ABDULLAH İLİK,ALMİNA KOCABAŞ,AHMET ÖZKAN,SABRİ DUYGUN SAYDANOĞLU,MELDA KÖKLÜER,AHMET ÖZDOĞAN,LEVENT YORULMAZ,Edip Buran Spor Salonu
29.04.2023,15:45,2EA4685,27. Hafta,FİNAL SPOR,92 - 83,SİGORTAM.NET,,BURSA,Naim Süleymanoğlu Spor Kompleksi,Youtube / TBF TV,DUHAN KÖYİÇİ,AHMET MURAT ARIKANLI,NİYAZİ YASİN KAHRAMAN,HAKAN BEŞTEPE,ELİZ ŞEN,ADEM ÇATALKAŞ,ESRA SOLAK,ABDULLAH KURT,Naim Süleymanoğlu Spor Kompleksi
29.04.2023,17:30,2EA4686,27. Hafta,YILYAK SAMSUNSPOR BASKETBOL,83 - 78,BALIKESİR BÜYÜKŞEHİR BELEDİYESPOR,,SAMSUN,Mustafa Dağıstanlı Spor Salonu,Youtube / TBF TV,UĞUR ÖZEN,OZAN GÖNEN,BENHÜR İRCEL,RAHMAN CANGÜL,PELİN ESMA CAYVARLI,SEDA ÖZDEMİR,AYŞEGÜL TEKAY,DAMLA GÖRKEM AKTEKİN,Mustafa Dağıstanlı Spor Salonu
30.04.2023,14:00,2EA4683,27. Hafta,DEPOMAXX HAREM SPOR,79 - 71,OGM ORMANSPOR,,İSTANBUL,Şehit Mustafa Özel Spor Kompleksi,Youtube / TBF TV,ORKUN YURTTAŞ,MÜNEVVER ÖZEMRE,METİN EROL,TUĞBA YURTSEVEN,NEŞE KIRAN,ZAFER RİFAİ,AYGÜN SEVGİL,TUĞÇE KAYA,Şehit Mustafa Özel Spor Kompleksi
30.04.2023,15:45,2EA4680,27. Hafta,FENERBAHÇE KOLEJİ DS ENERGY,99 - 79,KOCAELİ BÜYÜKŞEHİR BELEDİYE KAĞIT SPOR,,İSTANBUL,Fenerbahçe Metro Enerji Spor Salonu,Youtube / TBF TV,TURGUT IŞIK,CEMİL UYGÜL,UMUT MEMİŞ,ALİGÜRHAN UZUNAY,MERVE SERDAR,ALTAN CANDAN,SEHER KAZANÇ,ESER FIRIL,Fenerbahçe Metro Enerji Spor Salonu
30.04.2023,17:30,2EA4679,27. Hafta,GÖLBAŞI BELEDİYESİ TED ANKARA KOLEJLİLER,106 - 108,AKRAN GEMLİK BASKETBOL,,ANKARA,Gölbaşı Spor Salonu,Youtube / TBF TV,ÖNDER YILMAZ,NİHAT ÇETİN,BURAK AKTAŞ,IRMAK BAŞAK KAN,UMUT AYBULUT,KAMİL TOSUN,SİBEL FAZLIOĞLU,ATAKAN EFE DEVECİ,Gölbaşı Spor Salonu
1.05.2023,18:00,2EA4682,27. Hafta,SEMT77 YALOVASPOR,68 - 87,ÇAĞDAŞ BODRUM SPOR,,YALOVA,90. Yıl Spor Salonu,TRT Spor Yıldız,AYDIN KARAÇAM,KEREM YILMAZ,ALPER GÖKÇEBEL,UMUT GEDİK,ELMAS DEMİREL AYDEMİR,NURAY SORUŞ,HANİFE CELEPOĞLU,TAYFUN CAN DEMİR,90. Yıl Spor Salonu
5.05.2023,14:00,2EA4693,28. Hafta,SİGORTAM.NET,81 - 77,YILYAK SAMSUNSPOR BASKETBOL,,İSTANBUL,Akatlar Spor ve Kültür Kompleksi,TRT Spor Yıldız,ÖNDER YILMAZ,HALİL ERKOÇ,DORUKHAN KALYONCU,ERSİN YILDIZ,TUNA TAŞ,ALPKAN HACIYAKUPOĞLU,BURHAN DEMİR,AHSEN CANBULAT,Akatlar Spor ve Kültür Kompleksi
6.05.2023,14:00,2EA4688,28. Hafta,BORNOVA BELEDİYESİ KARŞIYAKA,105 - 99,FENERBAHÇE KOLEJİ DS ENERGY,,İZMİR,Mustafa Kemal Atatürk Karşıyaka Spor Salonu,Youtube / TBF TV,ORKUN YURTTAŞ,SERTAN KIRKLAR,METEHAN ALAÇAM,MURAT MISIRLI,GİZEM ÖZAYDIN,OKAN ÇETİNBAŞ,SADIK ERGÜL,ONUR BURAK,Mustafa Kemal Atatürk Karşıyaka Spor Salonu
6.05.2023,15:45,2EA4691,28. Hafta,OGM ORMANSPOR,60 - 91,MERSİN BÜYÜKŞEHİR BELEDİYESİ,,ANKARA,M. Sait Zarifoğlu Spor Salonu,Youtube / TBF TV,AYDIN KARAÇAM,OZAN GÖNEN,UĞUR AKYILDIZ,SİBEL KANIK,ESİN KALELİ,PELİN KUZU,SEÇİL ÇAPKINOĞLU,FUNDA KONCA,M. Sait Zarifoğlu Spor Salonu
6.05.2023,17:30,2EA4692,28. Hafta,ANTALYA GÜNEŞİ,68 - 114,FİNAL SPOR,,ANTALYA,Kepez Turgut Özal Spor Salonu,Youtube / TBF TV,NAZLI ÇİSİL GÜNGÖR,SAMET TEKİN,HASAN OK,METE BULUT,FATMA MAFACAN,NİLÜFER GÖK AKDAĞ,NEŞE KARTAL,BURHAN ÇİÇEK,Kepez Turgut Özal Spor Salonu
7.05.2023,14:00,2EA4690,28. Hafta,ÇAĞDAŞ BODRUM SPOR,101 - 84,DEPOMAXX HAREM SPOR,,MUĞLA,Bodrum Spor Salonu,Youtube / TBF TV,UĞUR ÖZEN,YARKIN KESKİN,SEZER BOR,OKAN ÖZER,MEHMET CAN FİDAN,ALİ BEŞİROĞLU,EMRE TURAN,BEDİR KARABÖRKLÜ,Bodrum Spor Salonu
7.05.2023,15:45,2EA4687,28. Hafta,KOCAELİ BÜYÜKŞEHİR BELEDİYE KAĞIT SPOR,68 - 83,GÖLBAŞI BELEDİYESİ TED ANKARA KOLEJLİLER,,KOCAELİ,Kocaeli Atatürk Spor Salonu,Youtube / TBF TV,MEHMET OZAN ÇAKAR,SEDA ESEN,UĞUR YÜKSEL,FERHAT SUNA,ÖZGE ERÇETİN,ÖZER COŞKUN,SUDENUR DUMAN,TÜRKER YILMAZ,Kocaeli Atatürk Spor Salonu
7.05.2023,17:30,2EA4694,28. Hafta,ANKARAGÜCÜ MAMAK BELEDİYESİ,79 - 78,BALIKESİR BÜYÜKŞEHİR BELEDİYESPOR,,ANKARA,Mamak Belediyesi Hidayet Türkoğlu Spor Salonu,Youtube / TBF TV,YÜCEL ÇİLİNGİR,MESUT ÖZTÜRK,MUHAMMED MURAT ZAFER,MEHMET KAAN  KANTAR,HASAN BAŞKURT,FATMA ÇELİK,ALİ MURAT SUNGUR,TUNCER ULUŞEKER,Mamak Belediyesi Hidayet Türkoğlu Spor Salonu
8.05.2023,16:00,2EA4689,28. Hafta,AKRAN GEMLİK BASKETBOL,98 - 85,SEMT77 YALOVASPOR,,BURSA,Gemlik Spor Salonu,TRT Spor Yıldız,İBRAHİM ALTINTAŞ,ABDULLAH KOPUTAN,FURKAN KESERATAR,EMİR GÜNEY,AYÇA ÜNLÜ,NİDA ECE TÜZÜK,TUĞBA ÖYLEK,ESRA AL,Gemlik Spor Salonu
12.05.2023,14:00,2EA4696,29. Hafta,FENERBAHÇE KOLEJİ DS ENERGY,104 - 99,ANKARAGÜCÜ MAMAK BELEDİYESİ,,İSTANBUL,Fenerbahçe Metro Enerji Spor Salonu,Youtube / TBF TV,HALİL ERKOÇ,AHMET KEMAL DİGİLLİ,NİHAT ÇETİN,BEKİR GENÇAL,DİLAN SARIBULAK,GÖZDE BEGÜM AKÜZÜM,ZEHRA AKAN,FATMA GÖK,Fenerbahçe Metro Enerji Spor Salonu
12.05.2023,15:45,2EA4701,29. Hafta,YILYAK SAMSUNSPOR BASKETBOL,101 - 64,ANTALYA GÜNEŞİ,,SAMSUN,Mustafa Dağıstanlı Spor Salonu,Youtube / TBF TV,İBRAHİM ALTINTAŞ,HAKAN GEREY,ALİ OSMAN KANIK,BURAK KARAMUSTAFAOĞLU,ŞÜKRİYE NUR KIZIL,SEDA ÖZDEMİR,AYŞEGÜL TEKAY,UĞURCAN MEMİŞ,Mustafa Dağıstanlı Spor Salonu
12.05.2023,16:00,2EA4699,29. Hafta,MERSİN BÜYÜKŞEHİR BELEDİYESİ,63 - 71,ÇAĞDAŞ BODRUM SPOR,,MERSİN,Edip Buran Spor Salonu,TRT Spor Yıldız,TURGUT IŞIK,NAZLI ÇİSİL GÜNGÖR,TOLGA AKKUŞOĞLU,YUSUF BÜYÜKFİDAN,MELDA KÖKLÜER,RABİA YILDIZ ÖZTÜRK,LEVENT YORULMAZ,BERK MERT,Edip Buran Spor Salonu
12.05.2023,17:30,2EA4700,29. Hafta,FİNAL SPOR,108 - 85,OGM ORMANSPOR,,BURSA,Naim Süleymanoğlu Spor Kompleksi,Youtube / TBF TV,MEHMET OZAN ÇAKAR,KEREM YILMAZ,BURAK ERKAN,ÇETİN ŞİMŞEK,BERNA EKBİÇ,ELİF ERGÜÇ,FATİH DURGUT,TEOMAN ÖYLEK,Naim Süleymanoğlu Spor Kompleksi
13.05.2023,14:00,2EA4695,29. Hafta,GÖLBAŞI BELEDİYESİ TED ANKARA KOLEJLİLER,75 - 77,BORNOVA BELEDİYESİ KARŞIYAKA,,ANKARA,Gölbaşı Spor Salonu,Youtube / TBF TV,YÜCEL ÇİLİNGİR,OZAN GÖNEN,EYYÜP AYHAN,MUTLU  HİÇYILMAZ,PELİN KUZU,VEYSEL SİNAN TUNCER,SERCAN YILDIRIM,AHMET BUĞRAHAN TÜRKER,Gölbaşı Spor Salonu
13.05.2023,15:45,2EA4698,29. Hafta,DEPOMAXX HAREM SPOR,95 - 79,AKRAN GEMLİK BASKETBOL,,İSTANBUL,Şehit Mustafa Özel Spor Kompleksi,Youtube / TBF TV,DUHAN KÖYİÇİ,AHMET TANER İBİN,ALPER GÖKÇEBEL,VOLKAN  KILIÇ,PINAR ŞAHİN,YÜKSEL NAZLIGÜL,ÖZLEM TUNA,MERT İĞDELİ,Şehit Mustafa Özel Spor Kompleksi
13.05.2023,17:30,2EA4702,29. Hafta,BALIKESİR BÜYÜKŞEHİR BELEDİYESPOR,73 - 89,SİGORTAM.NET,,BALIKESİR,Kurtdereli Spor Salonu,Youtube / TBF TV,ORKUN YURTTAŞ,SERTAN KIRKLAR,CEMİL UYGÜL,MURAT KARTAL,ESİN ÖZSÜRMELİ,GAMZE ATİLA,IŞIL ÖZKAN,METİN IŞIK,Kurtdereli Spor Salonu
13.05.2023,19:00,2EA4697,29. Hafta,SEMT77 YALOVASPOR,95 - 61,KOCAELİ BÜYÜKŞEHİR BELEDİYE KAĞIT SPOR,,YALOVA,90. Yıl Spor Salonu,Youtube / TBF TV,UĞUR ÖZEN,MÜNEVVER ÖZEMRE,YİĞİT EMRE ŞİMŞEK,TAYFUN AY,EMİNE AK,NAZMİYE BIYIKOĞLU,HANİFE CELEPOĞLU,ANIL BIYIKOĞLU,90. Yıl Spor Salonu
21.05.2023,15:45,2EA4703,30. Hafta,FENERBAHÇE KOLEJİ DS ENERGY,86 - 78,GÖLBAŞI BELEDİYESİ TED ANKARA KOLEJLİLER,,İSTANBUL,Fenerbahçe Metro Enerji Spor Salonu,Youtube / TBF TV,İBRAHİM ALTINTAŞ,MESUT ÖZTÜRK,ALPER GÖKÇEBEL,ULVİ  ARIKAN,DİLAN SARIBULAK,SERHAT LEVENT,ZEHRA AKAN,GÖZDE BEGÜM AKÜZÜM,Fenerbahçe Metro Enerji Spor Salonu
21.05.2023,15:45,2EA4704,30. Hafta,BORNOVA BELEDİYESİ KARŞIYAKA,85 - 86,SEMT77 YALOVASPOR,,İZMİR,Mustafa Kemal Atatürk Karşıyaka Spor Salonu,Youtube / TBF TV,KEREM YILMAZ,NAZLI ÇİSİL GÜNGÖR,YARKIN KESKİN,KAAN KARTAL,İLAYDA DİNÇEL,GÜLTEKİN DAĞDEVİREN,HAKAN DÖNMEZ,ONUR BURAK,Mustafa Kemal Atatürk Karşıyaka Spor Salonu
21.05.2023,15:45,2EA4705,30. Hafta,KOCAELİ BÜYÜKŞEHİR BELEDİYE KAĞIT SPOR,85 - 106,DEPOMAXX HAREM SPOR,,KOCAELİ,Kocaeli Atatürk Spor Salonu,Youtube / TBF TV,TURGUT IŞIK,BENHÜR İRCEL,ERDOĞAN ÇELEBİ,MACİT ZEREN,ERDEM ERGÜN,SEVGİ CANDAZ,DİDEM ŞENGEL,ERAY CİVELEK,Kocaeli Atatürk Spor Salonu
21.05.2023,15:45,2EA4706,30. Hafta,AKRAN GEMLİK BASKETBOL,98 - 116,MERSİN BÜYÜKŞEHİR BELEDİYESİ,,BURSA,Gemlik Spor Salonu,Youtube / TBF TV,UĞUR ÖZEN,NİHAT ÇETİN,BURAK DURMUŞ,ATİF AL,ESRA SOLAK,BERNA EKBİÇ,SEVİLAY ÖZDEMİR,FATİH DURGUT,Gemlik Spor Salonu
21.05.2023,15:45,2EA4707,30. Hafta,ÇAĞDAŞ BODRUM SPOR,103 - 89,FİNAL SPOR,,MUĞLA,Bodrum Spor Salonu,Youtube / TBF TV,ÖNDER YILMAZ,SERTAN KIRKLAR,YİĞİT EMRE ŞİMŞEK,HATİCE DİLHUN SUKAN,MEHMET CAN FİDAN,SÜLEYMAN ALPER YILDIZ,GÖNÜL ÖZÇELİK,EVREN ERTOY,Bodrum Spor Salonu
21.05.2023,15:45,2EA4708,30. Hafta,OGM ORMANSPOR,69 - 95,YILYAK SAMSUNSPOR BASKETBOL,,ANKARA,M. Sait Zarifoğlu Spor Salonu,Youtube / TBF TV,ORKUN YURTTAŞ,CEMİL UYGÜL,METİN EROL,HALDUN KUNT,MİNE MİHRİCAN KANBUR,FATİH ŞEN,YENER SALMAN,SİBEL FAZLIOĞLU,M. Sait Zarifoğlu Spor Salonu
21.05.2023,15:45,2EA4709,30. Hafta,ANTALYA GÜNEŞİ,65 - 88,BALIKESİR BÜYÜKŞEHİR BELEDİYESPOR,,ANTALYA,Kepez Turgut Özal Spor Salonu,Youtube / TBF TV,OZAN GÖNEN,FATMA ÖZTÜRK,SAFA HALİT ÇAKIR,HÜSEYİN MERT  ÇİVİ,ELAY ARICAN,SEVCAN CELİL,MERAL URAL,NİLÜFER GÖK AKDAĞ,Kepez Turgut Özal Spor Salonu
21.05.2023,15:45,2EA4710,30. Hafta,ANKARAGÜCÜ MAMAK BELEDİYESİ,71 - 79,SİGORTAM.NET,,ANKARA,Mamak Belediyesi Hidayet Türkoğlu Spor Salonu,Youtube / TBF TV,DUHAN KÖYİÇİ,AHMET TANER İBİN,SAMET BİNER,GÖKHAN ZEKERİYA ARSLAN,UMUT AYBULUT,PELİN KUZU,MERT YILMAZ,KAMİL TOSUN,Mamak Belediyesi Hidayet Türkoğlu Spor Salonu
26.05.2023,18:30,2EA4711,Playoff Çeyrek Final,YILYAK SAMSUNSPOR BASKETBOL,77 - 64,DEPOMAXX HAREM SPOR,,SAMSUN,Mustafa Dağıstanlı Spor Salonu,Youtube / TBF TV,SERTAN KIRKLAR,MÜNEVVER ÖZEMRE,ALPER GÖKÇEBEL,CUMHUR ARSLAN,YEŞİM YILDIZ COŞKUN,ESRA BAYZAT,DUYGU EKİCİ,AHMET BARIŞ YAZICI,Mustafa Dağıstanlı Spor Salonu
26.05.2023,20:30,2EA4712,Playoff Çeyrek Final,FİNAL SPOR,68 - 76,SİGORTAM.NET,,BURSA,Tofaş Spor Salonu,TRT Spor Yıldız,UĞUR ÖZEN,HALİL ERKOÇ,AHMET KEMAL DİGİLLİ,SERKAN İNCE,AYÇA ÜNLÜ,SEVDA USTA,ERAY BABAHANOĞLU,ŞAFAK IRMAK SARAÇOĞLU,Tofaş Spor Salonu
27.05.2023,14:00,2EA4713,Playoff Çeyrek Final,MERSİN BÜYÜKŞEHİR BELEDİYESİ,96 - 65,BALIKESİR BÜYÜKŞEHİR BELEDİYESPOR,,MERSİN,Edip Buran Spor Salonu,TRT Spor Yıldız,TURGUT IŞIK,ABDULLAH KOPUTAN,UĞUR AKYILDIZ,YEŞİM ATUŞ KARAGÖZ,MERVE YAĞMA,MELDA KÖKLÜER,SABRİ DUYGUN SAYDANOĞLU,TUFAN EZER,Edip Buran Spor Salonu
27.05.2023,16:00,2EA4714,Playoff Çeyrek Final,SEMT77 YALOVASPOR,83 - 74,GÖLBAŞI BELEDİYESİ TED ANKARA KOLEJLİLER,,YALOVA,90. Yıl Spor Salonu,Youtube / TBF TV,MEHMET OZAN ÇAKAR,AHMET TANER İBİN,ERDOĞAN ÇELEBİ,KORAY LEVENT  BİNGÖL,ELMAS DEMİREL AYDEMİR,NURAY SORUŞ,ESRA YOLCU ESEN,ANIL BIYIKOĞLU,90. Yıl Spor Salonu
30.05.2023,17:00,2EA4715,Playoff Çeyrek Final,DEPOMAXX HAREM SPOR,72 - 95,YILYAK SAMSUNSPOR BASKETBOL,,İSTANBUL,Şehit Mustafa Özel Spor Kompleksi,TRT Spor Yıldız,İBRAHİM ALTINTAŞ,MESUT ÖZTÜRK,NİYAZİ YASİN KAHRAMAN,YAŞAR SİNAN ÇELİKOĞLU,BARIŞ AKSAKAL,KEREM SIRMAGİL,GÖKHAN BAŞARAN,CEYDA KAPKAÇ,Şehit Mustafa Özel Spor Kompleksi
30.05.2023,19:00,2EA4716,Playoff Çeyrek Final,SİGORTAM.NET,81 - 68,FİNAL SPOR,,İSTANBUL,BJK Emlakjet Spor Kompleksi,Youtube / TBF TV,DUHAN KÖYİÇİ,OZAN GÖNEN,TOLGA AKKUŞOĞLU,MELİH ERGENE,TUNA TAŞ,NEŞE KIRAN,MURAT SEVGİL,PINAR YÜKSEL,BJK Emlakjet Spor Kompleksi
31.05.2023,17:00,2EA4718,Playoff Çeyrek Final,GÖLBAŞI BELEDİYESİ TED ANKARA KOLEJLİLER,82 - 70,SEMT77 YALOVASPOR,,ANKARA,Gölbaşı Spor Salonu,TRT Spor Yıldız,YÜCEL ÇİLİNGİR,NAZLI ÇİSİL GÜNGÖR,YİĞİT EMRE ŞİMŞEK,ABDULLAH ÖZSUVEREN,SEÇİL ÇAPKINOĞLU,ALİ MURAT SUNGUR,MERT YILMAZ,FATMA ÇELİK,Gölbaşı Spor Salonu
31.05.2023,17:30,2EA4717,Playoff Çeyrek Final,BALIKESİR BÜYÜKŞEHİR BELEDİYESPOR,66 - 78,MERSİN BÜYÜKŞEHİR BELEDİYESİ,,BALIKESİR,Kurtdereli Spor Salonu,Youtube / TBF TV,AYDIN KARAÇAM,KEREM YILMAZ,CEMİL UYGÜL,HAKAN BEŞTEPE,GAMZE ATİLA,IŞIL ÖZKAN,NESLİHAN ÇOBAN,ESİN ÖZSÜRMELİ,Kurtdereli Spor Salonu
3.06.2023,16:00,2EA4719,Playoff Çeyrek Final,SEMT77 YALOVASPOR,87 - 79,GÖLBAŞI BELEDİYESİ TED ANKARA KOLEJLİLER,,YALOVA,90. Yıl Spor Salonu,Youtube / TBF TV,ORKUN YURTTAŞ,ÖNDER YILMAZ,NİHAT ÇETİN,MEHMET İSMET BAYRİ,ELMAS DEMİREL AYDEMİR,NAZMİYE BIYIKOĞLU,HANİFE CELEPOĞLU,İBRAHİM HALİL SİVİL,90. Yıl Spor Salonu
6.06.2023,18:30,2EA4720,Playoff Yarı Final,YILYAK SAMSUNSPOR BASKETBOL,82 - 63,SİGORTAM.NET,,SAMSUN,Mustafa Dağıstanlı Spor Salonu,Youtube / TBF TV,KEREM BAKİ,UĞUR ÖZEN,MESUT ÖZTÜRK,ZELİHA BAYRAKTAR,DAMLA GÖRKEM AKTEKİN,ESRA BAYZAT,ŞÜKRAN İNCE,UĞURCAN MEMİŞ,Mustafa Dağıstanlı Spor Salonu
7.06.2023,18:30,2EA4721,Playoff Yarı Final,MERSİN BÜYÜKŞEHİR BELEDİYESİ,83 - 78,SEMT77 YALOVASPOR,,MERSİN,Edip Buran Spor Salonu,Youtube / TBF TV,EMİN MOĞULKOÇ,MEHMET OZAN ÇAKAR,FURKAN KESERATAR,BURAK DEDE,SONGÜL HAZIMOĞLU,RABİA YILDIZ ÖZTÜRK,ABUZER BİLEN,RAMAZAN ÖZYİĞİT,Edip Buran Spor Salonu
8.06.2023,18:00,2EA4722,Playoff Yarı Final,YILYAK SAMSUNSPOR BASKETBOL,68 - 53,SİGORTAM.NET,,SAMSUN,Mustafa Dağıstanlı Spor Salonu,TRT Spor Yıldız,CAN MAVİSU,ORKUN YURTTAŞ,HALİL ERKOÇ,KAYA EREZ,MELİSA YAMAN,SEDA ÖZDEMİR,PELİN ESMA CAYVARLI,AHMET BARIŞ YAZICI,Mustafa Dağıstanlı Spor Salonu
9.06.2023,18:00,2EA4723,Playoff Yarı Final,MERSİN BÜYÜKŞEHİR BELEDİYESİ,63 - 71,SEMT77 YALOVASPOR,,MERSİN,Edip Buran Spor Salonu,TRT Spor Yıldız,YENER YILMAZ,İBRAHİM ALTINTAŞ,KEREM YILMAZ,NAMIK KEMAL ERGÜVEN,NİL KİFAYET GÜRLÜ,MELDA KÖKLÜER,AHMET ÖZDOĞAN,LEVENT YORULMAZ,Edip Buran Spor Salonu
11.06.2023,15:00,2EA4724,Playoff Yarı Final,SİGORTAM.NET,79 - 85,YILYAK SAMSUNSPOR BASKETBOL,,İSTANBUL,BJK Emlakjet Spor Kompleksi,TRT Spor Yıldız,MEHMET ŞAHİN,TURGUT IŞIK,TOLGA AKKUŞOĞLU,YAŞAR TERZİOĞLU,PINAR YÜKSEL,ALPKAN HACIYAKUPOĞLU,TUTKU MELİS AYGÜN,ŞERMİN NAZLIGÜL,BJK Emlakjet Spor Kompleksi
12.06.2023,18:00,2EA4725,Playoff Yarı Final,SEMT77 YALOVASPOR,74 - 60,MERSİN BÜYÜKŞEHİR BELEDİYESİ,,YALOVA,90. Yıl Spor Salonu,TRT Spor Yıldız,KAAN BÜYÜKÇİL,DUHAN KÖYİÇİ,NAZLI ÇİSİL GÜNGÖR,HURŞİT CEM AKAN,EMİNE AK,SİNEM GÜL,NURSEVİL AKYOL,TAYFUN CAN DEMİR,90. Yıl Spor Salonu
14.06.2023,18:00,2EA4726,Playoff Yarı Final,SEMT77 YALOVASPOR,90 - 73,MERSİN BÜYÜKŞEHİR BELEDİYESİ,,YALOVA,90. Yıl Spor Salonu,TRT Spor Yıldız,MEHMET KARABİLECEN,ÖNDER YILMAZ,OZAN GÖNEN,HAKAN BEŞTEPE,ELMAS DEMİREL AYDEMİR,SİNEM GÜL,ESRA YOLCU ESEN,İBRAHİM HALİL SİVİL,90. Yıl Spor Salonu
17.06.2023,18:00,2EA4727,Playoff Final,YILYAK SAMSUNSPOR BASKETBOL,82 - 65,SEMT77 YALOVASPOR,,SAMSUN,Mustafa Dağıstanlı Spor Salonu,TRT Spor Yıldız,YENER YILMAZ,YÜCEL ÇİLİNGİR,AYDIN KARAÇAM,RAHMAN CANGÜL,YEŞİM YILDIZ COŞKUN,SEDA ÖZDEMİR,KADİR BERDAN ŞEKER,UĞURCAN MEMİŞ,Mustafa Dağıstanlı Spor Salonu
19.06.2023,18:00,2EA4728,Playoff Final,YILYAK SAMSUNSPOR BASKETBOL,88 - 80,SEMT77 YALOVASPOR,,SAMSUN,Mustafa Dağıstanlı Spor Salonu,TRT Spor Yıldız,ALİ SERKAN EMLEK,MEHMET OZAN ÇAKAR,UĞUR AKYILDIZ,CUMHUR ARSLAN,MELİSA YAMAN,ESRA BAYZAT,PELİN ESMA CAYVARLI,UĞURCAN MEMİŞ,Mustafa Dağıstanlı Spor Salonu
22.06.2023,18:00,2EA4729,Playoff Final,SEMT77 YALOVASPOR,58 - 65,YILYAK SAMSUNSPOR BASKETBOL,,YALOVA,90. Yıl Spor Salonu,TRT Spor Yıldız,MEHMET ŞAHİN,TURGUT IŞIK,UĞUR ÖZEN,EMİN FAZIL KESERATAR,EMİNE AK,TAYFUN CAN DEMİR,YELDA KARAHASAN,ANIL BIYIKOĞLU,90. Yıl Spor Salonu
