Tarih,Saat,Maç No,Hafta,A Takım,Sonuç,B Takım,Grubu,Şehir,Salon,TV,Baş Hakem,1. Yrd. Hakem,2. Yrd. Hakem,Temsilci,1. Masa G.,2. Masa G.,3. Masa G.,4. Masa G.,Salon.1
4.05.2023,18:00,2BA4313,Playoff Yarı Final,ALANYA BELEDİYESPOR ANTALYA GÜNEŞİ GSK,65 - 57,FERHATOĞLU EDREMİT BELEDİYESİ GÜRESPOR,,ANTALYA,Alanya 75.Yıl Spor Salonu | ,Youtube / TBF TV,KEREM YILMAZ,SERHAT DÜLGER,AHMET KÖSE,MERT ELMA,SEDA AYDIN,KORAY ASAL,İRFAN YAŞAR,IŞIL ÇETİNTAŞ,Alanya 75.Yıl Spor Salonu
23.09.2022,17:00,2BA4059,01. Hafta,TOURISM X BOĞAZİÇİ BASKETBOL,53 - 72,EGE YAPI URLA GENÇLİK,,İSTANBUL,Şehit Mustafa Özel Spor Kompleksi | ,Youtube / TBF TV,CEMİL UYGÜL,SEYHAN TOPALOĞLU,NURİ DİLMEN,HÜSEYİN OSMAN BÜYÜKGÖKSU,ESİN MÜEZZİNOĞLU,BARIŞ AKSAKAL,TUĞÇE KAYA,MEHMET KAPUCU,Şehit Mustafa Özel Spor Kompleksi
24.09.2022,14:00,2BA4058,01. Hafta,TARSUS BELEDİYESİ,82 - 66,ELAZIĞ BASKETBOL,,MERSİN,Tarsus Spor Salonu | ,Youtube / TBF TV,AHMET KEMAL DİGİLLİ,SİBEL KOÇ,ÖZKAN ÇAĞLAYAN,SERKAN SU,MELDA KÖKLÜER,RABİA YILDIZ ÖZTÜRK,AYLİN ÖZER,SABAHİTTİN KAZAN,Tarsus Spor Salonu
24.09.2022,16:00,2BA4055,01. Hafta,İZMİT BELEDİYESPOR,75 - 58,FERHATOĞLU EDREMİT BELEDİYESİ GÜRESPOR,,KOCAELİ,Kocaeli Atatürk Spor Salonu | ,Youtube / TBF TV,YÜCEL ÇİLİNGİR,MURAT AMAÇ,HÜSEYİN SÖYLEMEZOĞLU,ALİGÜRHAN UZUNAY,SUDENUR DUMAN,MELTEM KISA,AYCAN PEKER,GAMZE KURT,Kocaeli Atatürk Spor Salonu
25.09.2022,14:00,2BA4060,01. Hafta,ELAZIĞ İL ÖZEL İDARE,83 - 75,ALANYA BELEDİYESPOR ANTALYA GÜNEŞİ GSK,,ELAZIĞ,Elazığ İl Özel İdare S.S. | ,Youtube / TBF TV,EYYÜP AYHAN,MAHSUN ALANKO,VEYSEL ASLAN,SEDA ÇELİKYÜZ,AYŞE GÜNHAN,DİDEM YAVUZ SÖYLER,HAYRULLAH IŞIK,FATMA SELCEN HATİPOĞLU,Elazığ İl Özel İdare S.S.
25.09.2022,14:30,2BA4057,01. Hafta,TURGUTLU BELEDİYESPOR,45 - 53,BOTAŞ GELİŞİM,,MANİSA,Yıldırım Beyazıt Spor Salonu | ,Youtube / TBF TV,DORUKHAN KALYONCU,GÖKHAN EĞLENOĞLU,KADİR GİRAY ESEN,OKAN KAHRAMAN,ESRA GÜLSUYU,ABDULLAH KURT,GÜL YILDIRIM,ESRA HOZANLI,Yıldırım Beyazıt Spor Salonu
25.09.2022,16:00,2BA4061,01. Hafta,DİBA,65 - 55,HDI SİGORTA YALOVA VIP,,ANKARA,Sinan Şamil Sam Spor Salonu | ,Youtube / TBF TV,YİĞİT EMRE ŞİMŞEK,FATİH OĞUZHAN,MUSTAFA SELÇUK,FİLİZ ÖGET,FİKRET CAN AYDIN,DOĞUKAN TOPRAK,YASEMİN YILDIRIM,SERCAN YILDIRIM,Sinan Şamil Sam Spor Salonu
25.09.2022,17:00,2BA4062,01. Hafta,FENERBAHÇE GELİŞİM,73 - 66,KIRKLARELİ BASKETBOL,,İSTANBUL,Fenerbahçe Metro Enerji Spor Salonu | ,Youtube / TBF TV,BENHÜR İRCEL,MUSTAFA CANDEMİR TABAK,OZAN GÜNDÜZ,HURŞİT CEM AKAN,AYSEL GÜNER,SERHAT LEVENT,UFUK CAN SARI,MURAT SONER DURADEMİR,Fenerbahçe Metro Enerji Spor Salonu
30.09.2022,18:00,2BA4066,02. Hafta,EGE YAPI URLA GENÇLİK,46 - 71,TARSUS BELEDİYESİ,,İZMİR,12 Eylül Spor Salonu | ,Youtube / TBF TV,ORKUN YURTTAŞ,BARIŞ BURAK DURMUŞ,NAGEHAN ŞEYDA KURDEN AKTAŞ,DOĞAN HEPGÜVENDİK,İLAYDA DİNÇEL,TUĞBA ERTE,BETÜL AKDOĞAN,OSMAN ARKIN BARUTCU,12 Eylül Spor Salonu
30.09.2022,18:00,2BA4067,02. Hafta,ALANYA BELEDİYESPOR ANTALYA GÜNEŞİ GSK,70 - 82,TOURISM X BOĞAZİÇİ BASKETBOL,,ANTALYA,Alanya 75.Yıl Spor Salonu | ,Youtube / TBF TV,ANIL VEZİROĞLU,BURAK MERT DEMİRTAŞ,OSMAN YETİŞKİN,METE BULUT,FATMA MAFACAN,KORAY ASAL,ALİ USLU,BURHAN ÇİÇEK,Alanya 75.Yıl Spor Salonu
1.10.2022,14:00,2BA4063,02. Hafta,EMLAK KONUT GELİŞİM,45 - 71,İZMİT BELEDİYESPOR,,İSTANBUL,Başakşehir Spor Kompleksi | ,Youtube / TBF TV,DUHAN KÖYİÇİ,MUSTAFA TOPALOĞLU,ESRA YILDIZ,RAHŞAN ŞEBNEM TÜMER,YUSUF YELESDAĞ,MEHMET KAPUCU,MURAT YAZ,REMZİ KILIÇ,Başakşehir Spor Kompleksi
1.10.2022,15:30,2BA4070,02. Hafta,FERHATOĞLU EDREMİT BELEDİYESİ GÜRESPOR,83 - 71,FENERBAHÇE GELİŞİM,,BALIKESİR,Edremit Spor Salonu | ,Youtube / TBF TV,TURGUT IŞIK,HAVVA MİRHAN ATEŞER,ATAKAN KAYMAK,ELA ONAT,GAMZE ATİLA,ERCAN ÇAVUŞOĞLU,MERT TELLİBAYRAKTAR,METİN IŞIK,Edremit Spor Salonu
1.10.2022,16:00,2BA4065,02. Hafta,ELAZIĞ BASKETBOL,87 - 81,TURGUTLU BELEDİYESPOR,,ELAZIĞ,Yakup Kılıç Spor Salonu | ,Youtube / TBF TV,SAMET BİNER,SALİH OCAKOĞLU,MUSTAFA GÜRHAN SOYSAL,SEDA ÇELİKYÜZ,AYŞE GÜNHAN,SEMANUR BOZKURT,ZÜLFÜKAR OĞUZHAN BULUT,TUNCAY DAĞDELEN,Yakup Kılıç Spor Salonu
2.10.2022,15:00,2BA4068,02. Hafta,HDI SİGORTA YALOVA VIP,70 - 82,ELAZIĞ İL ÖZEL İDARE,,YALOVA,90. Yıl Spor Salonu | ,Youtube / TBF TV,ABDULLAH İLİK,SAMET ERDOĞAN,ÖMER KALAYDIN,ALPER ERİN,ZELİHA DEMİR,EMİNE AK,YELDA KARAHASAN,İBRAHİM HALİL SİVİL,90. Yıl Spor Salonu
2.10.2022,16:00,2BA4069,02. Hafta,KIRKLARELİ BASKETBOL,81 - 66,DİBA,,KIRKLARELİ,ATATÜRK | ,Youtube / TBF TV,MESUT ÖZTÜRK,UYGAR KURT,RECEP GÜRKAN ÖZKAN,MELİH ERGENE,BETÜL ERDEM,GÜLİZ ÖZALTAN DİLMEN,FATMA SARI,ERAY ÇOBAN,ATATÜRK
7.10.2022,17:00,2BA4075,03. Hafta,TOURISM X BOĞAZİÇİ BASKETBOL,73 - 71,HDI SİGORTA YALOVA VIP,,İSTANBUL,Şehit Mustafa Özel Spor Kompleksi | ,Youtube / TBF TV,MÜNEVVER ÖZEMRE,AHMET KÖSE,MUSA ONUR SAVAŞ,ÖMER KESKİN,GÖKHAN ALTUNTAŞ,YEŞİM AKAN,EMRE YAZICI,SAMET AKYÜREK,Şehit Mustafa Özel Spor Kompleksi
7.10.2022,18:00,2BA4078,03. Hafta,EMLAK KONUT GELİŞİM,62 - 72,FERHATOĞLU EDREMİT BELEDİYESİ GÜRESPOR,,İSTANBUL,Başakşehir Spor Kompleksi | ,Youtube / TBF TV,SAMET TEKİN,ÜNAL GÜNDOĞDU,SEÇKİN ŞENTÜRK,ERSİN ÇELİK,REMZİ KILIÇ,BARIŞ AKSAKAL,TUNA TAŞ,BİROL ÖZDAL,Başakşehir Spor Kompleksi
8.10.2022,13:00,2BA4074,03. Hafta,TARSUS BELEDİYESİ,96 - 69,ALANYA BELEDİYESPOR ANTALYA GÜNEŞİ GSK,,MERSİN,Tarsus Spor Salonu | ,Youtube / TBF TV,MEHMET BURAK ANLATICI,EMRE YELDAŞ,ALİ CAN YILMAZ,SERKAN SU,ZEKİYE EZER,LEVENT YORULMAZ,TUFAN EZER,SABAHİTTİN KAZAN,Tarsus Spor Salonu
8.10.2022,14:00,2BA4076,03. Hafta,ELAZIĞ İL ÖZEL İDARE,91 - 78,KIRKLARELİ BASKETBOL,,ELAZIĞ,Elazığ İl Özel İdare S.S. | ,Youtube / TBF TV,BARIŞ TURGUT,GÜNDOĞAN ALİ BALABAN,HAMZA ÇALIŞKAN,SEDA ÇELİKYÜZ,AYŞE GÜNHAN,TUNCAY DAĞDELEN,YUNUS EMRE OKUROĞLU,FATMA SELCEN HATİPOĞLU,Elazığ İl Özel İdare S.S.
8.10.2022,16:00,2BA4071,03. Hafta,İZMİT BELEDİYESPOR,81 - 70,BOTAŞ GELİŞİM,,KOCAELİ,Kocaeli Atatürk Spor Salonu | ,Youtube / TBF TV,HAKAN GEREY,İZEL DENİZ PEHLİVAN ÇAKICI,GÖRKEM SÜZEN,TUĞBA YURTSEVEN,ÖZGE ERÇETİN,SEVGİ CANDAZ,MERT TEKİN,UĞUR TÜRKYILMAZ,Kocaeli Atatürk Spor Salonu
9.10.2022,14:30,2BA4073,03. Hafta,TURGUTLU BELEDİYESPOR,70 - 58,EGE YAPI URLA GENÇLİK,,MANİSA,Yıldırım Beyazıt Spor Salonu | ,Youtube / TBF TV,HÜSEYİN ÇAMCI,BURAK KAAN TAN,ERKMEN KAYA,ZAFER ENÜŞTÜLÜ,İSMAİL ATAR,ÜMİT KONCA,SONGÜL ÇELİK,HEDİYE AYTAŞ SARIASLAN,Yıldırım Beyazıt Spor Salonu
10.10.2022,18:00,2BA4077,03. Hafta,DİBA,53 - 59,FENERBAHÇE GELİŞİM,,ANKARA,Sinan Şamil Sam Spor Salonu | ,Youtube / TBF TV,HALDUN ÇOBAN,ABDULLAH UYANIK,YASEMİN KUNDAKÇI,FİLİZ ÖGET,YASEMİN YILDIRIM,VEYSEL SİNAN TUNCER,HASAN BAŞKURT,VOLKAN DARCAN,Sinan Şamil Sam Spor Salonu
14.10.2022,17:00,2BA4081,04. Hafta,ALANYA BELEDİYESPOR ANTALYA GÜNEŞİ GSK,95 - 68,TURGUTLU BELEDİYESPOR,,ANTALYA,Alanya 75.Yıl Spor Salonu | ,Youtube / TBF TV,ÖNDER YILMAZ,TAYLAN KAYA,BUSE NUR KAHYAOĞULLARI,ÖZGÜR NALBANT,DİLARA KOÇ,VOLKAN YILDIZ,KORAY ASAL,AYŞE ÖZMEN,Alanya 75.Yıl Spor Salonu
14.10.2022,18:00,2BA4084,04. Hafta,FENERBAHÇE GELİŞİM,71 - 70,ELAZIĞ İL ÖZEL İDARE,,İSTANBUL,Fenerbahçe Metro Enerji Spor Salonu | ,Youtube / TBF TV,ALİ OSMAN KANIK,HASAN KAMİL TAKINYALIOĞLU,EMRE EFE CİHAN,NURSEL İSLAM,ŞÜKRÜ ALOĞLU,ESER FIRIL,TİMUR TOPUZ,SERCAN DEMİRÖREN,Fenerbahçe Metro Enerji Spor Salonu
15.10.2022,15:00,2BA4085,04. Hafta,FERHATOĞLU EDREMİT BELEDİYESİ GÜRESPOR,69 - 68,DİBA,,BALIKESİR,Edremit Spor Salonu | ,Youtube / TBF TV,SABRİ GÜNDÜZ,HÜSEYİN SÖYLEMEZOĞLU,CELAL GÖRMÜŞ,ELA ONAT,ESİN ÖZSÜRMELİ,IŞIL ÖZKAN,ECEM BERBEROĞLU,HAKAN KÜLAHLI,Edremit Spor Salonu
15.10.2022,15:00,2BA4082,04. Hafta,HDI SİGORTA YALOVA VIP,60 - 82,TARSUS BELEDİYESİ,,YALOVA,90. Yıl Spor Salonu | ,Youtube / TBF TV,ÖZKAN TALO,HALUK YAKIN,SALİH ARDA UNUL,HAKAN AK,EMİNE AK,NAZMİYE BIYIKOĞLU,HANİFE CELEPOĞLU,İBRAHİM HALİL SİVİL,90. Yıl Spor Salonu
15.10.2022,16:00,2BA4079,04. Hafta,ELAZIĞ BASKETBOL,79 - 70,İZMİT BELEDİYESPOR,,ELAZIĞ,Yakup Kılıç Spor Salonu | ,Youtube / TBF TV,ALMİNA KOCABAŞ,BUĞRA ÇAĞATAY SAVAŞ,DEYER AKÇAY,SEDA ÇELİKYÜZ,DİDEM YAVUZ SÖYLER,SEMANUR BOZKURT,ZÜLFÜKAR OĞUZHAN BULUT,HAYRULLAH IŞIK,Yakup Kılıç Spor Salonu
15.10.2022,16:00,2BA4086,04. Hafta,BOTAŞ GELİŞİM,69 - 41,EMLAK KONUT GELİŞİM,,ANKARA,Ankara Spor Salonu (Küçük) | ,Youtube / TBF TV,AHMET KEMAL DİGİLLİ,ALİHAN CİVELEK,KUBİLAY SERDAR DURAN,GÖKHAN ZEKERİYA ARSLAN,ESİN KALELİ,FATİH ŞEN,SERCAN YILDIRIM,SİMAY ÇAKMAK,Ankara Spor Salonu (Küçük)
16.10.2022,16:00,2BA4083,04. Hafta,KIRKLARELİ BASKETBOL,99 - 77,TOURISM X BOĞAZİÇİ BASKETBOL,,KIRKLARELİ,ATATÜRK | ,Youtube / TBF TV,BENHÜR İRCEL,AHMET TAYLAN ÖZTÜRK,CANER BAHADIR,YAŞAR SİNAN ÇELİKOĞLU,BETÜL ERDEM,GÜLİZ ÖZALTAN DİLMEN,FATMA SARI,AYBİKE KURTULDU,ATATÜRK
19.10.2022,13:00,2BA4090,05. Hafta,TARSUS BELEDİYESİ,84 - 62,KIRKLARELİ BASKETBOL,,MERSİN,Tarsus Spor Salonu | ,Youtube / TBF TV,HALİL ERKOÇ,ÖZKAN ÇAĞLAYAN,BETÜL YENİSU,YALÇIN DEDE,İHSAN SARI,SABAHİTTİN KAZAN,AYLİN ÖZER,ZİYA ERTAŞ,Tarsus Spor Salonu
19.10.2022,16:00,2BA4087,05. Hafta,İZMİT BELEDİYESPOR,81 - 71,EGE YAPI URLA GENÇLİK,,KOCAELİ,Kocaeli Atatürk Spor Salonu | ,Youtube / TBF TV,HAKAN GEREY,HASAN MESUT DEMİR,ONUR AÇIKYÜZ,MEHMET İSMET BAYRİ,BERFU BARUT,GAMZE KURT,ERDEM ERGÜN,SEVGİ CANDAZ,Kocaeli Atatürk Spor Salonu
19.10.2022,17:00,2BA4089,05. Hafta,TURGUTLU BELEDİYESPOR,94 - 87,HDI SİGORTA YALOVA VIP,,MANİSA,Yıldırım Beyazıt Spor Salonu | ,Youtube / TBF TV,OZAN GÖNEN,YUSUF SARPER DAĞLI,ALPER OĞUZCAN CİRİT,OKAN KAHRAMAN,MERVE ERYOLDAŞ,RAMAZAN YAŞAR,SALİH KARAKURT,EMRE OĞUL,Yıldırım Beyazıt Spor Salonu
19.10.2022,17:00,2BA4091,05. Hafta,TOURISM X BOĞAZİÇİ BASKETBOL,65 - 85,FENERBAHÇE GELİŞİM,,İSTANBUL,Şehit Mustafa Özel Spor Kompleksi | ,Youtube / TBF TV,AYDIN KARAÇAM,SAMET FIRAT SAVAŞ,BEYHAN ERBİLGİN,TUĞBA YURTSEVEN,DİLEK ELİF ALBAYRAK,BİROL ÖZDAL,ÖZLEM TUNA,REMZİ KILIÇ,Şehit Mustafa Özel Spor Kompleksi
19.10.2022,17:00,2BA4092,05. Hafta,ELAZIĞ İL ÖZEL İDARE,88 - 85,DİBA,,ELAZIĞ,Elazığ İl Özel İdare S.S. | ,Youtube / TBF TV,MEHMET BURAK ANLATICI,MAHSUN ALANKO,AYGÜN AKGÜL,SEDA ÇELİKYÜZ,AYŞE GÜNHAN,SEMANUR BOZKURT,YUNUS EMRE OKUROĞLU,TUNCAY DAĞDELEN,Elazığ İl Özel İdare S.S.
19.10.2022,17:30,2BA4093,05. Hafta,EMLAK KONUT GELİŞİM,67 - 63,ELAZIĞ BASKETBOL,,İSTANBUL,Başakşehir Spor Kompleksi | ,Youtube / TBF TV,ÖMER SARI,MURAT GENÇ,SONER TÜRKER,EMİN FAZIL KESERATAR,GÖKHAN ALTUNTAŞ,NEŞE KIRAN,MEHMET KAPUCU,KÜBRA TOPAL,Başakşehir Spor Kompleksi
19.10.2022,17:45,2BA4094,05. Hafta,BOTAŞ GELİŞİM,68 - 65,FERHATOĞLU EDREMİT BELEDİYESİ GÜRESPOR,,ANKARA,Ankara Spor Salonu (Küçük) | ,Youtube / TBF TV,NİYAZİ YASİN KAHRAMAN,ENES DURAN,YUNUS EMRE ALICI,MÜBERRA ÖZTÜRK,BİLAL UZGÖREN,HÜSEYİN ÖKMEN,FATİH ŞEN,SEDA KIDIK,Ankara Spor Salonu (Küçük)
22.10.2022,15:00,2BA4100,06. Hafta,FERHATOĞLU EDREMİT BELEDİYESİ GÜRESPOR,70 - 56,ELAZIĞ İL ÖZEL İDARE,,BALIKESİR,Edremit Spor Salonu | ,Youtube / TBF TV,ABDULLAH İLİK,HAVVA MİRHAN ATEŞER,NİHAT KARA,HAKAN ŞAHİN,GAMZE ATİLA,IŞIL ÖZKAN,ERCAN ÇAVUŞOĞLU,ESİN ÖZSÜRMELİ,Edremit Spor Salonu
22.10.2022,16:00,2BA4101,06. Hafta,EGE YAPI URLA GENÇLİK,63 - 60,EMLAK KONUT GELİŞİM,,İZMİR,12 Eylül Spor Salonu | ,Youtube / TBF TV,SERTAN KIRKLAR,ALPER CAN BOZYEL,İREM KORKMAZ,MURAT MISIRLI,EMİNE KALKAN,MESUT KARABULUT,CEMRE ÇEKAL,HAKAN DÖNMEZ,12 Eylül Spor Salonu
22.10.2022,16:15,2BA4102,06. Hafta,ELAZIĞ BASKETBOL,64 - 74,BOTAŞ GELİŞİM,,ELAZIĞ,Yakup Kılıç Spor Salonu | ,Youtube / TBF TV,RAMAZAN SEZER BARAN,ERSEL BÜYÜKKARA,ALİ BARAK,MEHMET ONUR KARACA,FATMA SELCEN HATİPOĞLU,YUNUS AYDIN,DİDEM YAVUZ SÖYLER,HAYRULLAH IŞIK,Yakup Kılıç Spor Salonu
22.10.2022,17:00,2BA4098,06. Hafta,FENERBAHÇE GELİŞİM,58 - 85,TARSUS BELEDİYESİ,,İSTANBUL,Fenerbahçe Metro Enerji Spor Salonu | ,Youtube / TBF TV,ÖNDER YILMAZ,MUSTAFA ÇELTİKER,OZAN GÜNDÜZ,FİRDEVS EBRU ONARAN,FATMA GÖK,EBRU ULUDOĞAN,HALİL İBRAHİM ÖZBEK,ALTAN CANDAN,Fenerbahçe Metro Enerji Spor Salonu
23.10.2022,15:00,2BA4095,06. Hafta,ALANYA BELEDİYESPOR ANTALYA GÜNEŞİ GSK,66 - 82,İZMİT BELEDİYESPOR,,ANTALYA,Alanya 75.Yıl Spor Salonu | ,Youtube / TBF TV,BURAK DURMUŞ,SONER ÖZAYDOĞAN,MUSTAFA SELÇUK,ÖZGÜR NALBANT,TANSU BOZOK,HALİL ERDOĞAN,ERKAN ALTINOK,ERKAN BÜDÜN,Alanya 75.Yıl Spor Salonu
23.10.2022,16:00,2BA4097,06. Hafta,KIRKLARELİ BASKETBOL,85 - 69,TURGUTLU BELEDİYESPOR,,KIRKLARELİ,ATATÜRK | ,Youtube / TBF TV,SAMET TEKİN,UYGAR KURT,MURAT BERK KAYA,YAŞAR TERZİOĞLU,BETÜL ERDEM,EMİNE DİREKÇİ,FATMA SARI,AYDIN YILDIZ,ATATÜRK
23.10.2022,16:00,2BA4099,06. Hafta,DİBA,56 - 83,TOURISM X BOĞAZİÇİ BASKETBOL,,ANKARA,Sinan Şamil Sam Spor Salonu | ,Youtube / TBF TV,ERDOĞAN ÇELEBİ,FATİH OĞUZHAN,FURKAN  SÖYLEMEZOĞLU,CENGİZ AKAR,SAMET CAN ALICI,VEYSEL SİNAN TUNCER,SERCAN YILDIRIM,FİKRET MERCAN,Sinan Şamil Sam Spor Salonu
28.10.2022,17:00,2BA4107,07. Hafta,TOURISM X BOĞAZİÇİ BASKETBOL,63 - 58,ELAZIĞ İL ÖZEL İDARE,,İSTANBUL,Şehit Mustafa Özel Spor Kompleksi | ,Youtube / TBF TV,DUHAN KÖYİÇİ,MUSTAFA CANDEMİR TABAK,HALİL ATA GÜNAL,ALİGÜRHAN UZUNAY,ONUR İLHAN,YEŞİM AKAN,MURAT SEVGİL,REMZİ KILIÇ,Şehit Mustafa Özel Spor Kompleksi
28.10.2022,17:30,2BA4108,07. Hafta,EMLAK KONUT GELİŞİM,72 - 44,ALANYA BELEDİYESPOR ANTALYA GÜNEŞİ GSK,,İSTANBUL,Başakşehir Spor Kompleksi | ,Youtube / TBF TV,ÖZKAN TALO,BATUHAN KÜMÜKOĞLU,DERYA ÇELİK,ERSİN ÇELİK,PINAR ŞAHİN,MEHMET KAPUCU,KÜBRA TOPAL,ÖZLEM TUNA,Başakşehir Spor Kompleksi
29.10.2022,13:00,2BA4106,07. Hafta,TARSUS BELEDİYESİ,81 - 55,DİBA,,MERSİN,Tarsus Spor Salonu | ,Youtube / TBF TV,SEDA ESEN,SİBEL KOÇ,ALİ CAN YILMAZ,MEYMİNE MİNE YAZGÖNÜL,ABUZER BİLEN,MELDA KÖKLÜER,AYLİN ÖZER,RABİA YILDIZ ÖZTÜRK,Tarsus Spor Salonu
29.10.2022,15:45,2BA4103,07. Hafta,İZMİT BELEDİYESPOR,70 - 59,HDI SİGORTA YALOVA VIP,,KOCAELİ,Kocaeli Atatürk Spor Salonu | ,Youtube / TBF TV,BURAK AKTAŞ,SEYHAN TOPALOĞLU,BURAK PEHLİVAN,MEHMET İSMET BAYRİ,EBRU ÖZMEN,SEVGİ CANDAZ,TÜRKER YILMAZ,UĞUR TÜRKYILMAZ,Kocaeli Atatürk Spor Salonu
29.10.2022,16:00,2BA4110,07. Hafta,ELAZIĞ BASKETBOL,82 - 88,FERHATOĞLU EDREMİT BELEDİYESİ GÜRESPOR,,ELAZIĞ,Yakup Kılıç Spor Salonu | ,Youtube / TBF TV,AYDIN KARAÇAM,EMRE YELDAŞ,SAİT NEDİM ÇELİK,SEDA GÜLLER,AYŞE GÜNHAN,TUNCAY DAĞDELEN,YUNUS EMRE OKUROĞLU,HAYRULLAH IŞIK,Yakup Kılıç Spor Salonu
30.10.2022,16:15,2BA4105,07. Hafta,TURGUTLU BELEDİYESPOR,61 - 75,FENERBAHÇE GELİŞİM,,MANİSA,Yıldırım Beyazıt Spor Salonu | ,Youtube / TBF TV,SEZER BOR,FATİH ERDOĞAN,GÖZDE KAFADAR,DOĞAN HEPGÜVENDİK,SEVGİ SELVİ,RAMAZAN YAŞAR,SERVET NUR TOYGAR,GÜL YILDIRIM,Yıldırım Beyazıt Spor Salonu
31.10.2022,17:30,2BA4109,07. Hafta,BOTAŞ GELİŞİM,58 - 53,EGE YAPI URLA GENÇLİK,,ANKARA,Ankara Spor Salonu (Küçük) | ,Youtube / TBF TV,ANIL VEZİROĞLU,TAYLAN KAYA,BATUHAN MERT GÜL,OZAN ÜSTÜN,SAMET CAN ALICI,FATİH DEMİRCİ,KAMİL TOSUN,SİMAY ÇAKMAK,Ankara Spor Salonu (Küçük)
4.11.2022,17:00,2BA4111,08. Hafta,KIRKLARELİ BASKETBOL,85 - 63,İZMİT BELEDİYESPOR,,KIRKLARELİ,ATATÜRK | ,Youtube / TBF TV,UĞUR YÜKSEL,MURAT AMAÇ,ÖMER KALAYDIN,MELİH ERGENE,FATMA SARI,GÜLİZ ÖZALTAN DİLMEN,AYDIN YILDIZ,ERAY ÇOBAN,ATATÜRK
4.11.2022,18:00,2BA4117,08. Hafta,ALANYA BELEDİYESPOR ANTALYA GÜNEŞİ GSK,48 - 73,BOTAŞ GELİŞİM,,ANTALYA,Alanya 75.Yıl Spor Salonu | ,Youtube / TBF TV,BURAK ERKAN,BARIŞ BURAK DURMUŞ,KAAN BERK BALCIOĞLU,ÖZGÜR NALBANT,FATMA MAFACAN,KORAY ASAL,AYŞE ÖZMEN,İRFAN YAŞAR,Alanya 75.Yıl Spor Salonu
5.11.2022,14:00,2BA4114,08. Hafta,ELAZIĞ İL ÖZEL İDARE,78 - 64,TARSUS BELEDİYESİ,,ELAZIĞ,Elazığ İl Özel İdare S.S. | ,Youtube / TBF TV,KEREM YILMAZ,GÜNDOĞAN ALİ BALABAN,VEYSEL ASLAN,SEMAHATTİN YILDIZ,AYŞE GÜNHAN,DİDEM YAVUZ SÖYLER,YUNUS AYDIN,FATMA SELCEN HATİPOĞLU,Elazığ İl Özel İdare S.S.
5.11.2022,15:00,2BA4116,08. Hafta,HDI SİGORTA YALOVA VIP,58 - 66,EMLAK KONUT GELİŞİM,,YALOVA,90. Yıl Spor Salonu | ,Youtube / TBF TV,UĞUR ÖZEN,BURAK KAAN TAN,SÜLEYMAN TEPE,NAİM ÖZYEŞİLPINAR,ELMAS DEMİREL AYDEMİR,SELÇUK KURT,HÜLYA DOĞAN,İBRAHİM HALİL SİVİL,90. Yıl Spor Salonu
5.11.2022,15:15,2BA4115,08. Hafta,FERHATOĞLU EDREMİT BELEDİYESİ GÜRESPOR,66 - 68,TOURISM X BOĞAZİÇİ BASKETBOL,,BALIKESİR,Edremit Spor Salonu | ,Youtube / TBF TV,MESUT ÖZTÜRK,GÖKHAN EĞLENOĞLU,KADİR GİRAY ESEN,SERKAN İNCE,MUSA ÇALIŞKAN,IŞIL ÖZKAN,GAMZE ATİLA,ESİN ÖZSÜRMELİ,Edremit Spor Salonu
5.11.2022,16:00,2BA4118,08. Hafta,EGE YAPI URLA GENÇLİK,52 - 69,ELAZIĞ BASKETBOL,,İZMİR,12 Eylül Spor Salonu | ,Youtube / TBF TV,TURGUT IŞIK,SERHAT DÜLGER,SENAY COŞKUN,MEHMET AKİF KARAGÖZ,CEMRE ÇEKAL,SADIK ERGÜL,ARZU AKINCI,MEHMET AKINCI,12 Eylül Spor Salonu
6.11.2022,16:00,2BA4113,08. Hafta,DİBA,64 - 65,TURGUTLU BELEDİYESPOR,,ANKARA,Sinan Şamil Sam Spor Salonu | ,Youtube / TBF TV,YÜCEL ÇİLİNGİR,SEDEF YARICI,ALPEREN BAŞER,ERGÜN GÜNGÖR,ATAKAN EFE DEVECİ,İSMAİL FULSER,ALPER KESEN,HÜSEYİN ÖKMEN,Sinan Şamil Sam Spor Salonu
11.11.2022,18:00,2BA4123,09. Hafta,EMLAK KONUT GELİŞİM,69 - 75,KIRKLARELİ BASKETBOL,,İSTANBUL,Başakşehir Spor Kompleksi | ,Youtube / TBF TV,AYDIN KARAÇAM,ÜNAL GÜNDOĞDU,NAGEHAN ŞEYDA KURDEN AKTAŞ,TUĞBA EŞKİL,KÜBRA TOPAL,BİROL ÖZDAL,MURAT SEVGİL,MEHMET KAPUCU,Başakşehir Spor Kompleksi
11.11.2022,18:00,2BA4126,09. Hafta,EGE YAPI URLA GENÇLİK,70 - 73,FERHATOĞLU EDREMİT BELEDİYESİ GÜRESPOR,,İZMİR,12 Eylül Spor Salonu | ,Youtube / TBF TV,MUHAMMED MURAT ZAFER,CANER BAHADIR,METİN ÜSTER,SİBEL SARIDAĞ,DİLEK DOĞAN KARACA,HALDUN TAŞKAVAK,CEREN BARAN,SEHER ÇAKMAK,12 Eylül Spor Salonu
12.11.2022,13:00,2BA4124,09. Hafta,BOTAŞ GELİŞİM,79 - 67,HDI SİGORTA YALOVA VIP,,ANKARA,Ankara Spor Salonu (Küçük) | ,Youtube / TBF TV,UMUT MEMİŞ,SÜLEYMAN EREN PEKDOĞAN,OSMAN CAN GÜNDOĞDU,HACI MUSTAFA  BORA,MİNE MİHRİCAN KANBUR,SİNA KÜÇÜKDİLEK,SENA NUR ÖKSÜZ,ALPER KESEN,Ankara Spor Salonu (Küçük)
12.11.2022,13:00,2BA4122,09. Hafta,TARSUS BELEDİYESİ,81 - 65,TOURISM X BOĞAZİÇİ BASKETBOL,,MERSİN,Tarsus Spor Salonu | ,Youtube / TBF TV,YARKIN KESKİN,ERSEL BÜYÜKKARA,SALİH OCAKOĞLU,TURGAY KÖROĞLU,YELİZ KAZAN,SABAHİTTİN KAZAN,BETÜL ÖZCAN,RAMAZAN ÖZYİĞİT,Tarsus Spor Salonu
12.11.2022,16:00,2BA4125,09. Hafta,ELAZIĞ BASKETBOL,89 - 64,ALANYA BELEDİYESPOR ANTALYA GÜNEŞİ GSK,,ELAZIĞ,Yakup Kılıç Spor Salonu | ,Youtube / TBF TV,FATMA ÖZTÜRK,AYGÜN AKGÜL,HAMZA ÇALIŞKAN,GÖKMEN KÖŞKER,SEMANUR BOZKURT,TUNCAY DAĞDELEN,YUNUS EMRE OKUROĞLU,HAYRULLAH IŞIK,Yakup Kılıç Spor Salonu
13.11.2022,14:00,2BA4121,09. Hafta,TURGUTLU BELEDİYESPOR,66 - 72,ELAZIĞ İL ÖZEL İDARE,,MANİSA,Yıldırım Beyazıt Spor Salonu | ,Youtube / TBF TV,SABRİ GÜNDÜZ,HALUK YAKIN,İSMAİL BALPETEK,OKAN KAHRAMAN,SERVET NUR TOYGAR,RAMAZAN YAŞAR,ÜMİT KONCA,SALİH KARAKURT,Yıldırım Beyazıt Spor Salonu
13.11.2022,16:00,2BA4119,09. Hafta,İZMİT BELEDİYESPOR,77 - 80,FENERBAHÇE GELİŞİM,,KOCAELİ,Kocaeli Atatürk Spor Salonu | ,Youtube / TBF TV,İBRAHİM ALTINTAŞ,BUĞRA ÇAĞATAY SAVAŞ,KUBİLAY SERDAR DURAN,MEHMET İSMET BAYRİ,SEVGİ CANDAZ,AYCAN PEKER,MELTEM KISA,GAMZE KURT,Kocaeli Atatürk Spor Salonu
18.11.2022,13:00,2BA4127,10. Hafta,DİBA,68 - 65,İZMİT BELEDİYESPOR,,ANKARA,Sinan Şamil Sam Spor Salonu | ,Youtube / TBF TV,NİHAT ÇETİN,SALİH SERKAN KOÇAK,NAGEHAN ŞEYDA KURDEN AKTAŞ,ÜMİT  ÇETİNKAYA,MİNE MİHRİCAN KANBUR,FATMA ÇELİK,MERT YILMAZ,ANIL ENDER DURGUN,Sinan Şamil Sam Spor Salonu
18.11.2022,17:00,2BA4129,10. Hafta,TOURISM X BOĞAZİÇİ BASKETBOL,82 - 74,TURGUTLU BELEDİYESPOR,,İSTANBUL,Şehit Mustafa Özel Spor Kompleksi | ,Youtube / TBF TV,METEHAN ALAÇAM,MUSTAFA CANDEMİR TABAK,MUSTAFA GÜRHAN SOYSAL,MELİK YİĞİT BAYINDIR,BURHAN DEMİR,BARIŞ AKSAKAL,BİROL ÖZDAL,BEKİR SEVİMLİ,Şehit Mustafa Özel Spor Kompleksi
18.11.2022,17:00,2BA4131,10. Hafta,FENERBAHÇE GELİŞİM,72 - 68,EMLAK KONUT GELİŞİM,,İSTANBUL,Fenerbahçe Metro Enerji Spor Salonu | ,Youtube / TBF TV,UĞUR YÜKSEL,CANER BAHADIR,EMİRHAN SERTOĞLU,FİRDEVS EBRU ONARAN,ALTAN CANDAN,SERHAT LEVENT,ESER FIRIL,SERCAN DEMİRÖREN,Fenerbahçe Metro Enerji Spor Salonu
18.11.2022,17:30,2BA4132,10. Hafta,KIRKLARELİ BASKETBOL,66 - 72,BOTAŞ GELİŞİM,,KIRKLARELİ,ATATÜRK | ,Youtube / TBF TV,UĞUR AKYILDIZ,SAMET FIRAT SAVAŞ,ONUR AÇIKYÜZ,ENİS GÜREL,EMİNE DİREKÇİ,ERAY ÇOBAN,GÖKAY YURTSAL,GÜLİZ ÖZALTAN DİLMEN,ATATÜRK
18.11.2022,18:00,2BA4134,10. Hafta,ALANYA BELEDİYESPOR ANTALYA GÜNEŞİ GSK,65 - 50,EGE YAPI URLA GENÇLİK,,ANTALYA,Alanya 75.Yıl Spor Salonu | ,Youtube / TBF TV,HALDUN ÇOBAN,SONER ÖZAYDOĞAN,KEREM ALTINTAŞ,ÖZGÜR NALBANT,DİLARA KILIÇ,HALİL ERDOĞAN,ALİ USLU,AYŞE ÖZMEN,Alanya 75.Yıl Spor Salonu
19.11.2022,13:00,2BA4133,10. Hafta,HDI SİGORTA YALOVA VIP,66 - 81,ELAZIĞ BASKETBOL,,YALOVA,90. Yıl Spor Salonu | ,Youtube / TBF TV,DUHAN KÖYİÇİ,UYGAR KURT,RECEP GÜRKAN ÖZKAN,HAKAN AK,EMİNE AK,NAZMİYE BIYIKOĞLU,ESRA YOLCU ESEN,İBRAHİM HALİL SİVİL,90. Yıl Spor Salonu
19.11.2022,15:15,2BA4130,10. Hafta,FERHATOĞLU EDREMİT BELEDİYESİ GÜRESPOR,64 - 80,TARSUS BELEDİYESİ,,BALIKESİR,Edremit Spor Salonu | ,Youtube / TBF TV,AHMET MURAT ARIKANLI,İZEL DENİZ PEHLİVAN ÇAKICI,BEŞİR FATİH TATLICI,İBRAHİM EMRE AYDEMİR,GAMZE ATİLA,MERT TELLİBAYRAKTAR,ERCAN ÇAVUŞOĞLU,METİN IŞIK,Edremit Spor Salonu
25.11.2022,17:00,2BA4142,11. Hafta,ALANYA BELEDİYESPOR ANTALYA GÜNEŞİ GSK,79 - 62,FERHATOĞLU EDREMİT BELEDİYESİ GÜRESPOR,,ANTALYA,Alanya 75.Yıl Spor Salonu | ,Youtube / TBF TV,FURKAN KESERATAR,AHMET BİLAL ÖZTÜRK,KAAN BERK BALCIOĞLU,ÖZGÜR NALBANT,İRFAN YAŞAR,BURHAN ÇİÇEK,IŞIL ÇETİNTAŞ,KORAY ASAL,Alanya 75.Yıl Spor Salonu
25.11.2022,18:00,2BA4138,11. Hafta,EMLAK KONUT GELİŞİM,62 - 65,DİBA,,İSTANBUL,Başakşehir Spor Kompleksi | ,Youtube / TBF TV,ALİ OSMAN KANIK,NİHAT KARA,BATUHAN MERT GÜL,EMİR GÜNEY,KÜBRA TOPAL,REMZİ KILIÇ,FARUK RAMOĞLU,MURAT SEVGİL,Başakşehir Spor Kompleksi
25.11.2022,18:00,2BA4141,11. Hafta,EGE YAPI URLA GENÇLİK,45 - 60,HDI SİGORTA YALOVA VIP,,İZMİR,12 Eylül Spor Salonu | ,Youtube / TBF TV,HASAN OK,SERHAT DÜLGER,BURAK MERT DEMİRTAŞ,KAAN KARTAL,EMİNE KALKAN,OSMAN ARKIN BARUTCU,DİLEK KESGİN,SENEM ARIN KOCATÜRK,12 Eylül Spor Salonu
26.11.2022,16:00,2BA4140,11. Hafta,ELAZIĞ BASKETBOL,78 - 80,KIRKLARELİ BASKETBOL,,ELAZIĞ,Yakup Kılıç Spor Salonu | ,Youtube / TBF TV,AHMET MURAT ARIKANLI,AHMET BASRİ YILDIZ,VEYSEL ASLAN,GÖKMEN KÖŞKER,AYŞE GÜNHAN,DİDEM YAVUZ SÖYLER,FATMA SELCEN HATİPOĞLU,HAYRULLAH IŞIK,Yakup Kılıç Spor Salonu
26.11.2022,16:00,2BA4135,11. Hafta,İZMİT BELEDİYESPOR,82 - 76,ELAZIĞ İL ÖZEL İDARE,,KOCAELİ,Kocaeli Atatürk Spor Salonu | ,Youtube / TBF TV,AYDIN KARAÇAM,MURAT AMAÇ,ERKMEN KAYA,NAİM ÖZYEŞİLPINAR,AYCAN PEKER,EBRU ÖZMEN,BERFU BARUT,ERAY CİVELEK,Kocaeli Atatürk Spor Salonu
27.11.2022,14:30,2BA4137,11. Hafta,TURGUTLU BELEDİYESPOR,63 - 81,TARSUS BELEDİYESİ,,MANİSA,Yıldırım Beyazıt Spor Salonu | ,Youtube / TBF TV,TOLGA AKKUŞOĞLU,BARIŞ BURAK DURMUŞ,BARIŞ ÖZTÜRK,OKAN KAHRAMAN,İSMAİL ATAR,RAMAZAN YAŞAR,ÇAĞRI ÇATIKKAŞ,ABDULLAH KURT,Yıldırım Beyazıt Spor Salonu
28.11.2022,19:30,2BA4139,11. Hafta,BOTAŞ GELİŞİM,56 - 62,FENERBAHÇE GELİŞİM,,ANKARA,Ankara Spor Salonu (Küçük) | ,Youtube / TBF TV,ÖZKAN TALO,ORÇUN AKGÜL,DEYER AKÇAY,ERDEM EFE,MİNE MİHRİCAN KANBUR,FATİH ŞEN,EZGİ KILIÇ,BİLAL UZGÖREN,Ankara Spor Salonu (Küçük)
2.12.2022,17:00,2BA4143,12. Hafta,TOURISM X BOĞAZİÇİ BASKETBOL,82 - 87,İZMİT BELEDİYESPOR,,İSTANBUL,Şehit Mustafa Özel Spor Kompleksi | ,Youtube / TBF TV,ALPER GÖKÇEBEL,AHMET BASRİ YILDIZ,FATİH ERDOĞAN,HALİL SERTDURAK,TUNA TAŞ,AYGÜN SEVGİL,BARIŞ AKSAKAL,BURHAN DEMİR,Şehit Mustafa Özel Spor Kompleksi
2.12.2022,17:00,2BA4148,12. Hafta,FENERBAHÇE GELİŞİM,65 - 48,ELAZIĞ BASKETBOL,,İSTANBUL,Fenerbahçe Metro Enerji Spor Salonu | ,Youtube / TBF TV,MESUT ÖZTÜRK,MUSTAFA CANDEMİR TABAK,ATAKAN KAYMAK,FURKAN DEDE,DİDEM ARPACI KARAGÖZ,SERHAT LEVENT,FATMA GÖK,ESER FIRIL,Fenerbahçe Metro Enerji Spor Salonu
2.12.2022,17:30,2BA4150,12. Hafta,HDI SİGORTA YALOVA VIP,74 - 51,ALANYA BELEDİYESPOR ANTALYA GÜNEŞİ GSK,,YALOVA,90. Yıl Spor Salonu | ,Youtube / TBF TV,SAFA HALİT ÇAKIR,ABDULLAH UYANIK,NİHAT KARA,HAKAN AK,EMİNE AK,ELMAS DEMİREL AYDEMİR,HANİFE CELEPOĞLU,GÜLEN SÖNMEZ,90. Yıl Spor Salonu
2.12.2022,18:00,2BA4149,12. Hafta,KIRKLARELİ BASKETBOL,79 - 62,EGE YAPI URLA GENÇLİK,,KIRKLARELİ,ATATÜRK | ,Youtube / TBF TV,KEREM YILMAZ,HAVVA MİRHAN ATEŞER,BURAK PEHLİVAN,ENİS GÜREL,BETÜL ERDEM,GÜLİZ ÖZALTAN DİLMEN,GÖKAY YURTSAL,FATMA SARI,ATATÜRK
3.12.2022,13:30,2BA4147,12. Hafta,DİBA,67 - 72,BOTAŞ GELİŞİM,,ANKARA,Sinan Şamil Sam Spor Salonu | ,Youtube / TBF TV,METEHAN ALAÇAM,DERYA ÇELİK,BURAK KAAN TAN,FİLİZ ÖGET,HÜSEYİN ÖKMEN,MEHMET AKİF CUMHURLU,FİKRET CAN AYDIN,FİKRET MERCAN,Sinan Şamil Sam Spor Salonu
3.12.2022,14:00,2BA4146,12. Hafta,ELAZIĞ İL ÖZEL İDARE,81 - 68,EMLAK KONUT GELİŞİM,,ELAZIĞ,Elazığ İl Özel İdare S.S. | ,Youtube / TBF TV,BARIŞ TURGUT,BUĞRA ÇAĞATAY SAVAŞ,AYGÜN AKGÜL,GÖKMEN KÖŞKER,AYŞE GÜNHAN,SEMANUR BOZKURT,YUNUS EMRE OKUROĞLU,HAYRULLAH IŞIK,Elazığ İl Özel İdare S.S.
3.12.2022,15:00,2BA4145,12. Hafta,FERHATOĞLU EDREMİT BELEDİYESİ GÜRESPOR,78 - 69,TURGUTLU BELEDİYESPOR,,BALIKESİR,Edremit Spor Salonu | ,Youtube / TBF TV,METİN EROL,SEYHAN TOPALOĞLU,MURAT GENÇ,SERKAN İNCE,GAMZE ATİLA,ESİN ÖZSÜRMELİ,EYLEM KAYA,ERCAN ÇAVUŞOĞLU,Edremit Spor Salonu
9.12.2022,17:30,2BA4154,13. Hafta,BOTAŞ GELİŞİM,45 - 57,ELAZIĞ İL ÖZEL İDARE,,ANKARA,Ankara Spor Salonu (Küçük) | ,Youtube / TBF TV,NİHAT ÇETİN,MURAT AMAÇ,FURKAN  SÖYLEMEZOĞLU,MUTLU  HİÇYILMAZ,MİNE MİHRİCAN KANBUR,FATİH ŞEN,KAMİL TOSUN,TUNCER ULUŞEKER,Ankara Spor Salonu (Küçük)
9.12.2022,17:45,2BA4157,13. Hafta,ALANYA BELEDİYESPOR ANTALYA GÜNEŞİ GSK,75 - 68,KIRKLARELİ BASKETBOL,,ANTALYA,Alanya 75.Yıl Spor Salonu | ,Youtube / TBF TV,ABDULLAH İLİK,AHMET BİLAL ÖZTÜRK,BURAK MERT DEMİRTAŞ,ÖZGÜR NALBANT,BURCU DİREK,KORAY ASAL,IŞIL ÇETİNTAŞ,AYŞE ÖZMEN,Alanya 75.Yıl Spor Salonu
9.12.2022,18:00,2BA4153,13. Hafta,EMLAK KONUT GELİŞİM,57 - 63,TOURISM X BOĞAZİÇİ BASKETBOL,,İSTANBUL,Başakşehir Spor Kompleksi | ,Youtube / TBF TV,ŞEYHMUS MELEK,UYGAR KURT,İZEL DENİZ PEHLİVAN ÇAKICI,MELİK YİĞİT BAYINDIR,MEHMET KAPUCU,BARIŞ AKSAKAL,KÜBRA TOPAL,REMZİ KILIÇ,Başakşehir Spor Kompleksi
9.12.2022,18:00,2BA4156,13. Hafta,EGE YAPI URLA GENÇLİK,42 - 64,FENERBAHÇE GELİŞİM,,İZMİR,12 Eylül Spor Salonu | ,Youtube / TBF TV,BURAK AKTAŞ,SONER ÖZAYDOĞAN,NAGEHAN ŞEYDA KURDEN AKTAŞ,DOĞAN HEPGÜVENDİK,SADIK ERGÜL,ÇAĞATAY KAMER VANLIOĞLU,CEREN BARAN,OKAN ÇETİNBAŞ,12 Eylül Spor Salonu
10.12.2022,15:00,2BA4158,13. Hafta,HDI SİGORTA YALOVA VIP,64 - 83,FERHATOĞLU EDREMİT BELEDİYESİ GÜRESPOR,,YALOVA,90. Yıl Spor Salonu | ,Youtube / TBF TV,CEMİL UYGÜL,SEDEF YARICI,MUSTAFA ÇELTİKER,HAKAN AK,EMİNE AK,HANİFE CELEPOĞLU,YELDA KARAHASAN,İBRAHİM HALİL SİVİL,90. Yıl Spor Salonu
10.12.2022,16:00,2BA4155,13. Hafta,ELAZIĞ BASKETBOL,65 - 67,DİBA,,ELAZIĞ,Yakup Kılıç Spor Salonu | ,Youtube / TBF TV,UĞUR AKYILDIZ,BATUHAN KÜMÜKOĞLU,MAHSUN ALANKO,SEMAHATTİN YILDIZ,AYŞE GÜNHAN,DİDEM YAVUZ SÖYLER,HAYRULLAH IŞIK,FATMA SELCEN HATİPOĞLU,Yakup Kılıç Spor Salonu
10.12.2022,16:00,2BA4151,13. Hafta,İZMİT BELEDİYESPOR,86 - 82,TARSUS BELEDİYESİ,,KOCAELİ,Kocaeli Atatürk Spor Salonu | ,Youtube / TBF TV,MEHMET OZAN ÇAKAR,AHMET KÖSE,ALİ RIZA PİNAT,ARİF ÖZBAŞ,YILDIZ BUĞDACI,AYCAN PEKER,MERT TEKİN,TARIK ERDOĞAN,Kocaeli Atatürk Spor Salonu
16.12.2022,13:00,2BA4164,14. Hafta,DİBA,44 - 62,EGE YAPI URLA GENÇLİK,,ANKARA,Sinan Şamil Sam Spor Salonu | ,Youtube / TBF TV,NİYAZİ YASİN KAHRAMAN,EREN KILINÇ,ENES DURAN,HACI MUSTAFA  BORA,MİNE KARAMAN,ONUR YEŞİLBAĞ,KAMİL TOSUN,ANIL ENDER DURGUN,Sinan Şamil Sam Spor Salonu
16.12.2022,16:00,2BA4161,14. Hafta,TARSUS BELEDİYESİ,72 - 62,EMLAK KONUT GELİŞİM,,MERSİN,Tarsus Spor Salonu | ,Youtube / TBF TV,YİĞİT EMRE ŞİMŞEK,AHMET BASRİ YILDIZ,İREM ÖZDERE,AHMET KIVANÇ ŞEKER,İHSAN SARI,MELDA KÖKLÜER,MÜCAHİT AHMED UĞUR,ZİYA ERTAŞ,Tarsus Spor Salonu
16.12.2022,17:00,2BA4162,14. Hafta,TOURISM X BOĞAZİÇİ BASKETBOL,54 - 61,BOTAŞ GELİŞİM,,İSTANBUL,Şehit Mustafa Özel Spor Kompleksi | ,Youtube / TBF TV,SERTAN KIRKLAR,FATİH ERDOĞAN,GÖZDE KAFADAR,HASAN VOLKAN  KARA,PINAR YÜKSEL,YÜKSEL NAZLIGÜL,FATİH DEMİR,GÜL URASLI,Şehit Mustafa Özel Spor Kompleksi
16.12.2022,17:30,2BA4166,14. Hafta,KIRKLARELİ BASKETBOL,85 - 53,HDI SİGORTA YALOVA VIP,,KIRKLARELİ,ATATÜRK | ,Youtube / TBF TV,FURKAN KESERATAR,SÜLEYMAN EREN PEKDOĞAN,CELAL GÖRMÜŞ,ENİS GÜREL,BETÜL ERDEM,FATMA SARI,GÜLİZ ÖZALTAN DİLMEN,ERAY ÇOBAN,ATATÜRK
16.12.2022,17:45,2BA4159,14. Hafta,TURGUTLU BELEDİYESPOR,50 - 72,İZMİT BELEDİYESPOR,,MANİSA,Yıldırım Beyazıt Spor Salonu | ,Youtube / TBF TV,NAZLI ÇİSİL GÜNGÖR,SERHAT DÜLGER,BURAK PEHLİVAN,ZAFER ENÜŞTÜLÜ,ABDULLAH KURT,SALİH KARAKURT,EMRE OĞUL,HEDİYE AYTAŞ SARIASLAN,Yıldırım Beyazıt Spor Salonu
17.12.2022,14:00,2BA4163,14. Hafta,ELAZIĞ İL ÖZEL İDARE,74 - 85,ELAZIĞ BASKETBOL,,ELAZIĞ,Elazığ İl Özel İdare S.S. | ,Youtube / TBF TV,ABDULLAH KOPUTAN,ORÇUN AKGÜL,VEYSEL ASLAN,SEDA GÜLLER,AYŞE GÜNHAN,SEMANUR BOZKURT,HAYRULLAH IŞIK,FATMA SELCEN HATİPOĞLU,Elazığ İl Özel İdare S.S.
18.12.2022,14:00,2BA4165,14. Hafta,FENERBAHÇE GELİŞİM,71 - 65,ALANYA BELEDİYESPOR ANTALYA GÜNEŞİ GSK,,İSTANBUL,Fenerbahçe Metro Enerji Spor Salonu | ,Youtube / TBF TV,HAKAN GEREY,MEHMET AKÇADAĞ,YUNUS ÖZTÜRK,EMRULLAH DAĞ,ARZU KÖRKEN,SERHAT LEVENT,GÜLTEKİN KABAŞ,BÜŞRA ERKAN,Fenerbahçe Metro Enerji Spor Salonu
23.12.2022,17:00,2BA4174,15. Hafta,KIRKLARELİ BASKETBOL,84 - 83,FERHATOĞLU EDREMİT BELEDİYESİ GÜRESPOR,,KIRKLARELİ,ATATÜRK | ,Youtube / TBF TV,ŞEYHMUS MELEK,SALİH ARDA UNUL,BURAK PEHLİVAN,ENİS GÜREL,BETÜL ERDEM,FATMA SARI,MELAHAT BURCU BERKMEN,GÜLİZ ÖZALTAN DİLMEN,ATATÜRK
23.12.2022,17:30,2BA4172,15. Hafta,ALANYA BELEDİYESPOR ANTALYA GÜNEŞİ GSK,58 - 66,DİBA,,ANTALYA,Alanya 75.Yıl Spor Salonu | ,Youtube / TBF TV,SEZER BOR,SERHAT DÜLGER,BURAK MERT DEMİRTAŞ,ÖZGÜR NALBANT,AYŞE ÖZMEN,KORAY ASAL,İRFAN YAŞAR,ALİ USLU,Alanya 75.Yıl Spor Salonu
23.12.2022,19:00,2BA4168,15. Hafta,EMLAK KONUT GELİŞİM,45 - 53,TURGUTLU BELEDİYESPOR,,İSTANBUL,Başakşehir Spor Kompleksi | ,Youtube / TBF TV,CEMİL UYGÜL,DERYA ÇELİK,OZAN İNCE,İSMAİL EVREN YÜZÜGÜZEL,EMRE YAZICI,MEHMET KAPUCU,KÜBRA TOPAL,GÖKHAN ALTUNTAŞ,Başakşehir Spor Kompleksi
24.12.2022,13:00,2BA4171,15. Hafta,EGE YAPI URLA GENÇLİK,55 - 71,ELAZIĞ İL ÖZEL İDARE,,İZMİR,12 Eylül Spor Salonu | ,Youtube / TBF TV,ÖZKAN TALO,ALİ RIZA PİNAT,ÖZKAN ALTINÖRS,MURAT MISIRLI,EMİNE KALKAN,OSMAN ARKIN BARUTCU,AYŞE SELCEN ÜŞENMEZ,SENEM ARIN KOCATÜRK,12 Eylül Spor Salonu
24.12.2022,14:00,2BA4169,15. Hafta,BOTAŞ GELİŞİM,56 - 58,TARSUS BELEDİYESİ,,ANKARA,Ankara Spor Salonu (Küçük) | ,Youtube / TBF TV,DUHAN KÖYİÇİ,İZEL DENİZ PEHLİVAN ÇAKICI,SALİH SERKAN KOÇAK,FİLİZ ÖGET,MİNE MİHRİCAN KANBUR,FATİH ŞEN,EMRULLAH ŞİMŞEK,YUNUS KAHRAMAN,Ankara Spor Salonu (Küçük)
24.12.2022,15:30,2BA4170,15. Hafta,ELAZIĞ BASKETBOL,89 - 74,TOURISM X BOĞAZİÇİ BASKETBOL,,ELAZIĞ,Yakup Kılıç Spor Salonu | ,Youtube / TBF TV,RAMAZAN SEZER BARAN,MAHSUN ALANKO,OSMAN YETİŞKİN,GÖKMEN KÖŞKER,AYŞE GÜNHAN,TUNCAY DAĞDELEN,YASEMİN DÜNDAR,FATMA SELCEN HATİPOĞLU,Yakup Kılıç Spor Salonu
25.12.2022,14:00,2BA4173,15. Hafta,HDI SİGORTA YALOVA VIP,72 - 69,FENERBAHÇE GELİŞİM,,YALOVA,90. Yıl Spor Salonu | ,Youtube / TBF TV,ÖMER SARI,HAVVA MİRHAN ATEŞER,BATUHAN MERT GÜL,HAKAN AK,EMİNE AK,NAZMİYE BIYIKOĞLU,YELDA KARAHASAN,İBRAHİM HALİL SİVİL,90. Yıl Spor Salonu
30.12.2022,17:00,2BA4180,16. Hafta,ALANYA BELEDİYESPOR ANTALYA GÜNEŞİ GSK,56 - 60,ELAZIĞ İL ÖZEL İDARE,,ANTALYA,Alanya 75.Yıl Spor Salonu | ,Youtube / TBF TV,NAZLI ÇİSİL GÜNGÖR,AHMET BİLAL ÖZTÜRK,MEHMET KURTULUŞ SAVAŞ,ÖZGÜR NALBANT,AYŞE ÖZMEN,KORAY ASAL,BURCU DİREK,ALİ USLU,Alanya 75.Yıl Spor Salonu
30.12.2022,17:45,2BA4175,16. Hafta,FERHATOĞLU EDREMİT BELEDİYESİ GÜRESPOR,70 - 75,İZMİT BELEDİYESPOR,,BALIKESİR,Edremit Spor Salonu | ,Youtube / TBF TV,KEREM YILMAZ,HAVVA MİRHAN ATEŞER,CANER BAHADIR,ELA ONAT,GAMZE ATİLA,EYLEM KAYA,IŞIL ÖZKAN,ESİN ÖZSÜRMELİ,Edremit Spor Salonu
30.12.2022,18:00,2BA4179,16. Hafta,EGE YAPI URLA GENÇLİK,70 - 65,TOURISM X BOĞAZİÇİ BASKETBOL,,İZMİR,12 Eylül Spor Salonu | ,Youtube / TBF TV,MÜNEVVER ÖZEMRE,MUSTAFA CANDEMİR TABAK,HAKKI ÜNVER,SEDEF ÜSTÜNER,BETÜL AKDOĞAN,İLAYDA DİNÇEL,OKAN ÇETİNBAŞ,ÇAĞATAY KAMER VANLIOĞLU,12 Eylül Spor Salonu
30.12.2022,18:15,2BA4178,16. Hafta,ELAZIĞ BASKETBOL,59 - 75,TARSUS BELEDİYESİ,,ELAZIĞ,Yakup Kılıç Spor Salonu | ,Youtube / TBF TV,FURKAN KESERATAR,SİBEL KOÇ,EREN KILINÇ,SEDA ÇELİKYÜZ,AYŞE GÜNHAN,TUNCAY DAĞDELEN,HAYRULLAH IŞIK,YUNUS EMRE OKUROĞLU,Yakup Kılıç Spor Salonu
31.12.2022,13:00,2BA4177,16. Hafta,BOTAŞ GELİŞİM,58 - 69,TURGUTLU BELEDİYESPOR,,ANKARA,Ankara Spor Salonu (Küçük) | ,Youtube / TBF TV,HALDUN ÇOBAN,AHMET KÖSE,YUNUS EMRE ALICI,ALPER DÖNMEZ,SİMGE ÇAKICI,BİLAL UZGÖREN,ANIL ENDER DURGUN,SEÇİL ÇAPKINOĞLU,Ankara Spor Salonu (Küçük)
31.12.2022,13:00,2BA4182,16. Hafta,KIRKLARELİ BASKETBOL,73 - 77,FENERBAHÇE GELİŞİM,,KIRKLARELİ,ATATÜRK | ,Youtube / TBF TV,METİN EROL,SEYHAN TOPALOĞLU,AHMET TAYLAN ÖZTÜRK,ENİS GÜREL,MELAHAT BURCU BERKMEN,AYDIN YILDIZ,ALEYNA KARANFİL,GÜLİZ ÖZALTAN DİLMEN,ATATÜRK
31.12.2022,15:00,2BA4181,16. Hafta,HDI SİGORTA YALOVA VIP,75 - 51,DİBA,,YALOVA,90. Yıl Spor Salonu | ,Youtube / TBF TV,YÜCEL ÇİLİNGİR,NİHAT KARA,ÖMER KALAYDIN,RAMAZAN ÖYLEK,ZELİHA DEMİR,NURAY SORUŞ,NURSEVİL AKYOL,ANIL BIYIKOĞLU,90. Yıl Spor Salonu
6.01.2023,13:00,2BA4189,17. Hafta,DİBA,57 - 66,KIRKLARELİ BASKETBOL,,ANKARA,Sinan Şamil Sam Spor Salonu | ,Youtube / TBF TV,NİHAT ÇETİN,GÜNDOĞAN ALİ BALABAN,ÇAĞRI TEMUR,NURSEN AYDIN,SELDA UZUN,AHMET BUĞRAHAN TÜRKER,EMRULLAH ŞİMŞEK,ANIL ENDER DURGUN,Sinan Şamil Sam Spor Salonu
6.01.2023,17:00,2BA4187,17. Hafta,TOURISM X BOĞAZİÇİ BASKETBOL,54 - 57,ALANYA BELEDİYESPOR ANTALYA GÜNEŞİ GSK,,İSTANBUL,Şehit Mustafa Özel Spor Kompleksi | ,Youtube / TBF TV,MEHMET OZAN ÇAKAR,SONER TÜRKER,FURKAN ÜNLÜ,BURHAN BAŞARAN,BİROL ŞİMŞEK,CEYDA KAPKAÇ,GÜL URASLI,ALPKAN HACIYAKUPOĞLU,Şehit Mustafa Özel Spor Kompleksi
6.01.2023,18:00,2BA4183,17. Hafta,İZMİT BELEDİYESPOR,93 - 81,EMLAK KONUT GELİŞİM,,KOCAELİ,Kocaeli Atatürk Spor Salonu | ,Youtube / TBF TV,METİN EROL,MURAT GENÇ,FURKAN  SÖYLEMEZOĞLU,MEHMET İSMET BAYRİ,SEVGİ CANDAZ,GAMZE KURT,TARIK ERDOĞAN,ERAY CİVELEK,Kocaeli Atatürk Spor Salonu
7.01.2023,13:00,2BA4186,17. Hafta,TARSUS BELEDİYESİ,70 - 65,EGE YAPI URLA GENÇLİK,,MERSİN,Tarsus Spor Salonu | ,Youtube / TBF TV,UĞUR ÖZEN,ORÇUN AKGÜL,ALİ CAN YILMAZ,EMRE BÜLENT ÖĞRAŞ,AHMET ÖZDOĞAN,SABAHİTTİN KAZAN,İHSAN SARI,RAMAZAN ÖZYİĞİT,Tarsus Spor Salonu
7.01.2023,14:00,2BA4188,17. Hafta,ELAZIĞ İL ÖZEL İDARE,81 - 69,HDI SİGORTA YALOVA VIP,,ELAZIĞ,Elazığ İl Özel İdare S.S. | ,Youtube / TBF TV,EYYÜP AYHAN,HİKMET FEN,YUNUS ÖZTÜRK,SEDA GÜLLER,AYŞE GÜNHAN,SEMANUR BOZKURT,YUNUS AYDIN,FATMA SELCEN HATİPOĞLU,Elazığ İl Özel İdare S.S.
8.01.2023,14:30,2BA4185,17. Hafta,TURGUTLU BELEDİYESPOR,75 - 83,ELAZIĞ BASKETBOL,,MANİSA,Yıldırım Beyazıt Spor Salonu | ,Youtube / TBF TV,TURGUT IŞIK,MUSTAFA TOPALOĞLU,ALİ RIZA PİNAT,MERVE DOĞRU,RAMAZAN YAŞAR,HEDİYE AYTAŞ SARIASLAN,EMRE OĞUL,GÜL YILDIRIM,Yıldırım Beyazıt Spor Salonu
8.01.2023,17:00,2BA4190,17. Hafta,FENERBAHÇE GELİŞİM,86 - 73,FERHATOĞLU EDREMİT BELEDİYESİ GÜRESPOR,,İSTANBUL,Fenerbahçe Metro Enerji Spor Salonu | ,Youtube / TBF TV,SABRİ GÜNDÜZ,DERYA ÇELİK,OSMAN OZAN ÇALAP,AHMET MÜNİR GÖKMEN,SİNAN ERSOY,TUĞBA DURNAOĞLU,YEŞİM ÖZCAN ÖZTÜRK,SERCAN DEMİRÖREN,Fenerbahçe Metro Enerji Spor Salonu
13.01.2023,17:00,2BA4196,18. Hafta,KIRKLARELİ BASKETBOL,84 - 63,ELAZIĞ İL ÖZEL İDARE,,KIRKLARELİ,ATATÜRK | ,Youtube / TBF TV,MUHAMMED MURAT ZAFER,MURAT AMAÇ,FATİH ERDOĞAN,YAŞAR SİNAN ÇELİKOĞLU,GÜLİZ ÖZALTAN DİLMEN,MELAHAT BURCU BERKMEN,ALEYNA KARANFİL,BETÜL ERDEM,ATATÜRK
13.01.2023,17:30,2BA4191,18. Hafta,BOTAŞ GELİŞİM,62 - 67,İZMİT BELEDİYESPOR,,ANKARA,Ankara Spor Salonu (Küçük) | ,Youtube / TBF TV,ORKUN YURTTAŞ,HASAN KAMİL TAKINYALIOĞLU,ÇELEBİ YAŞAR,KARDELEN ERDAŞ,SİMGE ÇAKICI,PELİN KUZU,AHMET BUĞRAHAN TÜRKER,YASEMİN YILDIRIM,Ankara Spor Salonu (Küçük)
13.01.2023,17:45,2BA4194,18. Hafta,ALANYA BELEDİYESPOR ANTALYA GÜNEŞİ GSK,63 - 72,TARSUS BELEDİYESİ,,ANTALYA,Alanya 75.Yıl Spor Salonu | ,Youtube / TBF TV,DORUKHAN KALYONCU,GÖKHAN EĞLENOĞLU,ALPER OĞUZCAN CİRİT,ÖZGÜR NALBANT,BURHAN ÇİÇEK,HALİL ERDOĞAN,IŞIL ÇETİNTAŞ,İLKAY ERDOĞAN,Alanya 75.Yıl Spor Salonu
13.01.2023,17:45,2BA4198,18. Hafta,FERHATOĞLU EDREMİT BELEDİYESİ GÜRESPOR,49 - 55,EMLAK KONUT GELİŞİM,,BALIKESİR,Edremit Spor Salonu | ,Youtube / TBF TV,ÖZKAN TALO,MUSTAFA CANDEMİR TABAK,GÜNEY BİRLİK,ELA ONAT,MUSA ÇALIŞKAN,ESİN ÖZSÜRMELİ,EYLEM KAYA,GAMZE ATİLA,Edremit Spor Salonu
13.01.2023,18:00,2BA4193,18. Hafta,EGE YAPI URLA GENÇLİK,80 - 76,TURGUTLU BELEDİYESPOR,,İZMİR,12 Eylül Spor Salonu | ,Youtube / TBF TV,OZAN GÖNEN,CANER BAHADIR,MEHMET KURTULUŞ SAVAŞ,KAAN KARTAL,BETÜL AKDOĞAN,ÇAĞATAY KAMER VANLIOĞLU,MEHMET AKINCI,OKAN ÇETİNBAŞ,12 Eylül Spor Salonu
14.01.2023,15:00,2BA4195,18. Hafta,HDI SİGORTA YALOVA VIP,76 - 77,TOURISM X BOĞAZİÇİ BASKETBOL,,YALOVA,90. Yıl Spor Salonu | ,Youtube / TBF TV,BENHÜR İRCEL,ABDULLAH UYANIK,ÖZKAN ÇAĞLAYAN,HAKAN AK,HANİFE CELEPOĞLU,GÜLEN SÖNMEZ,AYNUR SAĞINDIK,ANIL BIYIKOĞLU,90. Yıl Spor Salonu
14.01.2023,18:00,2BA4197,18. Hafta,FENERBAHÇE GELİŞİM,66 - 57,DİBA,,İSTANBUL,Fenerbahçe Metro Enerji Spor Salonu | ,Youtube / TBF TV,CEMİL UYGÜL,SEDEF YARICI,İSMAİL BAYRAM,BEKİR GENÇAL,SEHER KAZANÇ,BÜŞRA ERKAN,HALİL İBRAHİM ÖZBEK,YEŞİM ÖZCAN ÖZTÜRK,Fenerbahçe Metro Enerji Spor Salonu
20.01.2023,13:00,2BA4205,19. Hafta,DİBA,70 - 80,FERHATOĞLU EDREMİT BELEDİYESİ GÜRESPOR,,ANKARA,Sinan Şamil Sam Spor Salonu | ,Youtube / TBF TV,HAKAN GEREY,İZEL DENİZ PEHLİVAN ÇAKICI,TAYLAN KAYA,BÜLENT TANESEN,FERHAT DOĞAN,ANIL ENDER DURGUN,MÜSLİM AKİL AVCİ,SÜMEYYE SENEKLİOĞLU,Sinan Şamil Sam Spor Salonu
20.01.2023,15:00,2BA4203,19. Hafta,TOURISM X BOĞAZİÇİ BASKETBOL,57 - 65,KIRKLARELİ BASKETBOL,,İSTANBUL,Şehit Mustafa Özel Spor Kompleksi | ,Youtube / TBF TV,UĞUR AKYILDIZ,ABDULLAH UYANIK,MEHMET SEÇKİN ÖZTÜRK,HALİL SERTDURAK,ÖZLEM TUNA,GÖKHAN BAŞARAN,ESİN MÜEZZİNOĞLU,MURAT ÖZKAN,Şehit Mustafa Özel Spor Kompleksi
20.01.2023,18:00,2BA4206,19. Hafta,EMLAK KONUT GELİŞİM,70 - 73,BOTAŞ GELİŞİM,,İSTANBUL,Başakşehir Spor Kompleksi | ,Youtube / TBF TV,BENHÜR İRCEL,SERAY AK,NİHAT FURKAN YÜZGEÇ,NURSEL İSLAM,REMZİ KILIÇ,NEŞE KIRAN,KÜBRA TOPAL,YÜKSEL NAZLIGÜL,Başakşehir Spor Kompleksi
20.01.2023,18:00,2BA4201,19. Hafta,TURGUTLU BELEDİYESPOR,69 - 79,ALANYA BELEDİYESPOR ANTALYA GÜNEŞİ GSK,,MANİSA,Yıldırım Beyazıt Spor Salonu | ,Youtube / TBF TV,BURAK AKTAŞ,MURAT AMAÇ,BURAK PEHLİVAN,ZAFER ENÜŞTÜLÜ,ESRA GÜLSUYU,HEDİYE AYTAŞ SARIASLAN,OSMAN CİNGİL,SALİH KARAKURT,Yıldırım Beyazıt Spor Salonu
21.01.2023,14:00,2BA4202,19. Hafta,TARSUS BELEDİYESİ,84 - 63,HDI SİGORTA YALOVA VIP,,MERSİN,Tarsus Spor Salonu | ,Youtube / TBF TV,METİN EROL,AHMET BASRİ YILDIZ,YUNUS ÖZTÜRK,YUSUF BÜYÜKFİDAN,İLKNUR DABLAN,MERVE YAĞMA,TUFAN EZER,HÜSEYİN BİNİCİ,Tarsus Spor Salonu
22.01.2023,16:00,2BA4199,19. Hafta,İZMİT BELEDİYESPOR,86 - 78,ELAZIĞ BASKETBOL,,KOCAELİ,Kocaeli Atatürk Spor Salonu | ,Youtube / TBF TV,NAZLI ÇİSİL GÜNGÖR,ALİHAN CİVELEK,NAMİ SUNAY SOYDAN,EREN KÜÇÜKSOLAKOĞLU,ÖZGE ERÇETİN,EYYÜP MERCİMEK,ÖZER COŞKUN,SEVGİ CANDAZ,Kocaeli Atatürk Spor Salonu
22.01.2023,16:00,2BA4204,19. Hafta,ELAZIĞ İL ÖZEL İDARE,51 - 58,FENERBAHÇE GELİŞİM,,ELAZIĞ,Elazığ İl Özel İdare S.S. | ,Youtube / TBF TV,BURAK ERKAN,HASAN KAMİL TAKINYALIOĞLU,SALİH DALMAN,GÖKMEN KÖŞKER,BEYZA GÜLŞEN,SEMANUR BOZKURT,HAYRULLAH IŞIK,FATMA SELCEN HATİPOĞLU,Elazığ İl Özel İdare S.S.
24.01.2023,18:00,2BA4207,20. Hafta,EGE YAPI URLA GENÇLİK,85 - 88,İZMİT BELEDİYESPOR,,İZMİR,12 Eylül Spor Salonu | ,Youtube / TBF TV,CEMİL UYGÜL,SERHAT DÜLGER,AHMET BİLAL ÖZTÜRK,MEHMET AKİF KARAGÖZ,MEHMET AKINCI,CEREN BARAN,ARZU AKINCI,ALİ DEVECİ,12 Eylül Spor Salonu
25.01.2023,16:00,2BA4210,20. Hafta,KIRKLARELİ BASKETBOL,76 - 89,TARSUS BELEDİYESİ,,KIRKLARELİ,ATATÜRK | ,Youtube / TBF TV,ABDULLAH KOPUTAN,DERYA ÇELİK,MELİK KAYA,MELİH ERGENE,BETÜL ERDEM,GÜLİZ ÖZALTAN DİLMEN,MELAHAT BURCU BERKMEN,AYDIN YILDIZ,ATATÜRK
25.01.2023,17:00,2BA4209,20. Hafta,HDI SİGORTA YALOVA VIP,77 - 63,TURGUTLU BELEDİYESPOR,,YALOVA,90. Yıl Spor Salonu | ,Youtube / TBF TV,KEREM YILMAZ,MURAT GENÇ,NİHAT KARA,HAKAN AK,ZELİHA DEMİR,HANİFE CELEPOĞLU,NURSEVİL AKYOL,GÜLEN SÖNMEZ,90. Yıl Spor Salonu
26.01.2023,14:00,2BA4212,20. Hafta,DİBA,62 - 77,ELAZIĞ İL ÖZEL İDARE,,ANKARA,Sinan Şamil Sam Spor Salonu | ,Youtube / TBF TV,AHMET KEMAL DİGİLLİ,SALİH SERKAN KOÇAK,BURAK MERT DEMİRTAŞ,MUSTAFA KOCAEREN,MİNE KARAMAN,FATİH DEMİRCİ,ALİ MURAT SUNGUR,YASEMİN YILDIRIM,Sinan Şamil Sam Spor Salonu
26.01.2023,17:00,2BA4211,20. Hafta,FENERBAHÇE GELİŞİM,87 - 59,TOURISM X BOĞAZİÇİ BASKETBOL,,İSTANBUL,Fenerbahçe Metro Enerji Spor Salonu | ,Youtube / TBF TV,FURKAN KESERATAR,UYGAR KURT,HÜSEYİN SÖYLEMEZOĞLU,RAHŞAN ŞEBNEM TÜMER,DİDEM ARPACI KARAGÖZ,GÖZDE BEGÜM AKÜZÜM,TUĞBA DURNAOĞLU,FATMA GÖK,Fenerbahçe Metro Enerji Spor Salonu
26.01.2023,17:45,2BA4214,20. Hafta,FERHATOĞLU EDREMİT BELEDİYESİ GÜRESPOR,78 - 57,BOTAŞ GELİŞİM,,BALIKESİR,Edremit Spor Salonu | ,Youtube / TBF TV,TURGUT IŞIK,HAVVA MİRHAN ATEŞER,AHMET KÖSE,HAKAN ŞAHİN,MUSA ÇALIŞKAN,EYLEM KAYA,NESLİHAN ÇOBAN,ESİN ÖZSÜRMELİ,Edremit Spor Salonu
26.01.2023,18:00,2BA4213,20. Hafta,ELAZIĞ BASKETBOL,75 - 67,EMLAK KONUT GELİŞİM,,ELAZIĞ,Yakup Kılıç Spor Salonu | ,Youtube / TBF TV,UĞUR ÖZEN,SİBEL KOÇ,ÖZKAN ÇAĞLAYAN,SEDA ÇELİKYÜZ,AYŞE GÜNHAN,TUNCAY DAĞDELEN,YUNUS EMRE OKUROĞLU,HAYRULLAH IŞIK,Yakup Kılıç Spor Salonu
28.01.2023,14:30,2BA4215,21. Hafta,İZMİT BELEDİYESPOR,78 - 59,ALANYA BELEDİYESPOR ANTALYA GÜNEŞİ GSK,,KOCAELİ,Kocaeli Atatürk Spor Salonu | ,Youtube / TBF TV,FATMA ÖZTÜRK,ALPER CAN BOZYEL,ATAKAN KAYMAK,ZAFER ÖZGÜN,GİZEM ŞAHİN,ERDEM ERGÜN,BİLGE SARBAN,ERAY CİVELEK,Kocaeli Atatürk Spor Salonu
29.01.2023,14:00,2BA4218,21. Hafta,TARSUS BELEDİYESİ,74 - 68,FENERBAHÇE GELİŞİM,,MERSİN,Tarsus Spor Salonu | ,Youtube / TBF TV,AHMET KEMAL DİGİLLİ,ÖZKAN ÇAĞLAYAN,SAİT NEDİM ÇELİK,EMRE BÜLENT ÖĞRAŞ,MERVE YAĞMA,LEVENT YORULMAZ,TUFAN EZER,SABAHİTTİN KAZAN,Tarsus Spor Salonu
29.01.2023,14:15,2BA4220,21. Hafta,ELAZIĞ İL ÖZEL İDARE,72 - 80,FERHATOĞLU EDREMİT BELEDİYESİ GÜRESPOR,,ELAZIĞ,Elazığ İl Özel İdare S.S. | ,Youtube / TBF TV,MEHMET BURAK ANLATICI,BUĞRA ÇAĞATAY SAVAŞ,ERSEL BÜYÜKKARA,SEDA GÜLLER,BEYZA GÜLŞEN,SEMANUR BOZKURT,AYŞE GÜNHAN,FATMA SELCEN HATİPOĞLU,Elazığ İl Özel İdare S.S.
29.01.2023,14:30,2BA4217,21. Hafta,TURGUTLU BELEDİYESPOR,91 - 88,KIRKLARELİ BASKETBOL,,MANİSA,Yıldırım Beyazıt Spor Salonu | ,Youtube / TBF TV,TOLGA AKKUŞOĞLU,MUSTAFA CANDEMİR TABAK,YUSUF SARPER DAĞLI,OKAN KAHRAMAN,İSMAİL ATAR,ÜMİT KONCA,KADİR ERDEN,SALİH KARAKURT,Yıldırım Beyazıt Spor Salonu
29.01.2023,16:00,2BA4222,21. Hafta,BOTAŞ GELİŞİM,79 - 67,ELAZIĞ BASKETBOL,,ANKARA,Ankara Spor Salonu (Küçük) | ,Youtube / TBF TV,NİYAZİ YASİN KAHRAMAN,AHMET BİLAL ÖZTÜRK,NİHAT FURKAN YÜZGEÇ,BURAK BAŞYILDIZ,EROL TUNCEL,FUNDA KONCA,ATAKAN EFE DEVECİ,FATMA ÇELİK,Ankara Spor Salonu (Küçük)
29.01.2023,16:45,2BA4219,21. Hafta,TOURISM X BOĞAZİÇİ BASKETBOL,60 - 71,DİBA,,İSTANBUL,Şehit Mustafa Özel Spor Kompleksi | ,Youtube / TBF TV,ÖMER SARI,SEYHAN TOPALOĞLU,OĞUZHAN GÜZEL,HÜSEYİN MELİH  GÜDEN,MERVE GÜLDAŞ,ESİN MÜEZZİNOĞLU,MURAT SÜMER,MURAT SEVGİL,Şehit Mustafa Özel Spor Kompleksi
29.01.2023,17:00,2BA4221,21. Hafta,EMLAK KONUT GELİŞİM,72 - 55,EGE YAPI URLA GENÇLİK,,İSTANBUL,Başakşehir Spor Kompleksi | ,Youtube / TBF TV,MESUT ÖZTÜRK,AYGÜN AKGÜL,HAKKI ÜNVER,ERKAN URASLI,EMRECAN ÇAKIRCA,MERVE SAĞLAM,KÜBRA TOPAL,MELDA ÇAKIRCA,Başakşehir Spor Kompleksi
3.02.2023,13:00,2BA4226,22. Hafta,DİBA,53 - 83,TARSUS BELEDİYESİ,,ANKARA,Sinan Şamil Sam Spor Salonu | ,Youtube / TBF TV,NİYAZİ YASİN KAHRAMAN,BURAK PEHLİVAN,BURAK ALKAN,BURAK KARAMUSTAFAOĞLU,ALİ DOĞUKAN ÇALIMLI,ANIL ENDER DURGUN,YASEMİN YILDIRIM,SAMET CAN ALICI,Sinan Şamil Sam Spor Salonu
4.02.2023,13:00,2BA4225,22. Hafta,FENERBAHÇE GELİŞİM,81 - 61,TURGUTLU BELEDİYESPOR,,İSTANBUL,Fenerbahçe Metro Enerji Spor Salonu | ,Youtube / TBF TV,METEHAN ALAÇAM,FURKAN  SÖYLEMEZOĞLU,ERHAN ERDOĞAN,TUĞBA YURTSEVEN,ALTAN CANDAN,FATMA GÖK,HALİL İBRAHİM ÖZBEK,TUĞBA DURNAOĞLU,Fenerbahçe Metro Enerji Spor Salonu
4.02.2023,14:00,2BA4227,22. Hafta,ELAZIĞ İL ÖZEL İDARE,62 - 75,TOURISM X BOĞAZİÇİ BASKETBOL,,ELAZIĞ,Elazığ İl Özel İdare S.S. | ,Youtube / TBF TV,ÖZKAN TALO,AHMET BASRİ YILDIZ,FURKAN ÜNLÜ,SEDA ÇELİKYÜZ,BEYZA GÜLŞEN,SEMANUR BOZKURT,AYŞE GÜNHAN,FATMA SELCEN HATİPOĞLU,Elazığ İl Özel İdare S.S.
4.02.2023,15:15,2BA4230,22. Hafta,FERHATOĞLU EDREMİT BELEDİYESİ GÜRESPOR,71 - 70,ELAZIĞ BASKETBOL,,BALIKESİR,Edremit Spor Salonu | ,Youtube / TBF TV,YÜCEL ÇİLİNGİR,SEDEF YARICI,GÖKHAN EĞLENOĞLU,ELA ONAT,MUSA ÇALIŞKAN,OĞUZHAN YEŞİL,ALİ TARIMOĞLU,EYLEM KAYA,Edremit Spor Salonu
4.02.2023,16:00,2BA4229,22. Hafta,EGE YAPI URLA GENÇLİK,59 - 73,BOTAŞ GELİŞİM,,İZMİR,12 Eylül Spor Salonu | ,Youtube / TBF TV,HASAN OK,MUSTAFA CANDEMİR TABAK,SONER ÖZAYDOĞAN,SİBEL SARIDAĞ,EMİNE KALKAN,MUSTAFA MESCİ,CEMRE ÇEKAL,ANIL DOĞAN,12 Eylül Spor Salonu
4.02.2023,16:00,2BA4223,22. Hafta,HDI SİGORTA YALOVA VIP,61 - 71,İZMİT BELEDİYESPOR,,YALOVA,90. Yıl Spor Salonu | ,Youtube / TBF TV,ABDULLAH KOPUTAN,MUSTAFA TOPALOĞLU,SALİH ACAR,ATİF AL,ZELİHA DEMİR,GÜLEN SÖNMEZ,AYNUR SAĞINDIK,ANIL BIYIKOĞLU,90. Yıl Spor Salonu
4.02.2023,17:00,2BA4228,22. Hafta,ALANYA BELEDİYESPOR ANTALYA GÜNEŞİ GSK,66 - 51,EMLAK KONUT GELİŞİM,,ANTALYA,Alanya 75.Yıl Spor Salonu | ,Youtube / TBF TV,CEMİL UYGÜL,SERHAT DÜLGER,AHMET BİLAL ÖZTÜRK,ÖZGÜR NALBANT,BURHAN ÇİÇEK,KORAY ASAL,BEYZA KILIÇ,ERKAN BÜDÜN,Alanya 75.Yıl Spor Salonu
4.03.2023,14:00,2BA4234,23. Hafta,TARSUS BELEDİYESİ,76 - 56,ELAZIĞ İL ÖZEL İDARE,,MERSİN,Edip Buran Spor Salonu | ,Youtube / TBF TV,MESUT ÖZTÜRK,MAHSUN ALANKO,HAMZA ÇALIŞKAN,YALÇIN DEDE,MELDA KÖKLÜER,MERVE YAĞMA,AHMET ÖZDOĞAN,CANER SERTEL,Edip Buran Spor Salonu
4.03.2023,14:00,2BA4238,23. Hafta,ELAZIĞ BASKETBOL,65 - 79,EGE YAPI URLA GENÇLİK,,ANKARA,Ankara Spor Salonu (Küçük) | ,Youtube / TBF TV,AYDIN KARAÇAM,ERSEL BÜYÜKKARA,FATİH OĞUZHAN,CANSIN BERK KÖSEOĞLU,ASLI DİNÇEL,YUNUS KAHRAMAN,FUNDA KONCA,YASEMİN YILDIRIM,Ankara Spor Salonu (Küçük)
4.03.2023,14:30,2BA4231,23. Hafta,İZMİT BELEDİYESPOR,67 - 82,KIRKLARELİ BASKETBOL,,KOCAELİ,Kocaeli Atatürk Spor Salonu | ,Youtube / TBF TV,TURGUT IŞIK,SEYHAN TOPALOĞLU,ALPER CAN BOZYEL,MEHMET İSMET BAYRİ,ÖZGE ERÇETİN,TÜRKER YILMAZ,SÜLEYMAN SIRRI YÜKSEL,ERAY CİVELEK,Kocaeli Atatürk Spor Salonu
4.03.2023,15:00,2BA4236,23. Hafta,EMLAK KONUT GELİŞİM,47 - 62,HDI SİGORTA YALOVA VIP,,İSTANBUL,Başakşehir Spor Kompleksi | ,Youtube / TBF TV,İBRAHİM ALTINTAŞ,NİHAT KARA,ÖZKAN ÇAĞLAYAN,TUĞBA EŞKİL,KÜBRA TOPAL,MERVE GÜLDAŞ,DİLEK ELİF ALBAYRAK,ÖZLEM TUNA,Başakşehir Spor Kompleksi
5.03.2023,13:00,2BA4235,23. Hafta,TOURISM X BOĞAZİÇİ BASKETBOL,59 - 78,FERHATOĞLU EDREMİT BELEDİYESİ GÜRESPOR,,İSTANBUL,Şehit Mustafa Özel Spor Kompleksi | ,Youtube / TBF TV,DUHAN KÖYİÇİ,OSMAN CAN GÜNDOĞDU,OZAN GÜNDÜZ,SERDAR ÇELİK,TUĞBA AKYÜZ,ZAFER RİFAİ,EYÜP KÜLLE,PINAR ŞAHİN,Şehit Mustafa Özel Spor Kompleksi
5.03.2023,14:30,2BA4233,23. Hafta,TURGUTLU BELEDİYESPOR,67 - 73,DİBA,,MANİSA,Yıldırım Beyazıt Spor Salonu | ,Youtube / TBF TV,ÖZKAN TALO,ALİ RIZA PİNAT,KADİR GİRAY ESEN,OKAN KAHRAMAN,RAMAZAN YAŞAR,GÜL YILDIRIM,EMRE OĞUL,SALİH KARAKURT,Yıldırım Beyazıt Spor Salonu
5.03.2023,17:00,2BA4237,23. Hafta,BOTAŞ GELİŞİM,74 - 47,ALANYA BELEDİYESPOR ANTALYA GÜNEŞİ GSK,,ANKARA,Ankara Spor Salonu (Küçük) | ,Youtube / TBF TV,YİĞİT EMRE ŞİMŞEK,MELİKŞAH MERCAN,MİHRİBAN PEKER,BURAK TALHA DOĞAN,EROL TUNCEL,ANIL ENDER DURGUN,KAMİL TOSUN,GÖZDE ÖZBEK,Ankara Spor Salonu (Küçük)
10.03.2023,17:00,2BA4242,24. Hafta,TOURISM X BOĞAZİÇİ BASKETBOL,72 - 88,TARSUS BELEDİYESİ,,İSTANBUL,Şehit Mustafa Özel Spor Kompleksi | ,Youtube / TBF TV,ÖNDER YILMAZ,NİHAT KARA,KAAN ÖZKAN,RAHŞAN ŞEBNEM TÜMER,DİLARA YEŞİLDAL,MURAT ÖZKAN,AYGÜN SEVGİL,TUĞÇE KAYA,Şehit Mustafa Özel Spor Kompleksi
10.03.2023,17:30,2BA4245,24. Hafta,ALANYA BELEDİYESPOR ANTALYA GÜNEŞİ GSK,74 - 77,ELAZIĞ BASKETBOL,,ANTALYA,Alanya 75.Yıl Spor Salonu | ,Youtube / TBF TV,FURKAN KESERATAR,AYGÜN AKGÜL,BARIŞ BURAK DURMUŞ,METE BULUT,DİLARA KILIÇ,KORAY ASAL,İRFAN YAŞAR,BURHAN ÇİÇEK,Alanya 75.Yıl Spor Salonu
10.03.2023,17:45,2BA4244,24. Hafta,HDI SİGORTA YALOVA VIP,75 - 76,BOTAŞ GELİŞİM,,YALOVA,90. Yıl Spor Salonu | ,Youtube / TBF TV,ALPER GÖKÇEBEL,ABDULLAH UYANIK,AHMET BİLAL ÖZTÜRK,MAHMUT TAN,ELMAS DEMİREL AYDEMİR,GÜLEN SÖNMEZ,NURSEVİL AKYOL,TAYFUN CAN DEMİR,90. Yıl Spor Salonu
10.03.2023,18:00,2BA4243,24. Hafta,KIRKLARELİ BASKETBOL,78 - 74,EMLAK KONUT GELİŞİM,,KIRKLARELİ,ATATÜRK | ,Youtube / TBF TV,METİN EROL,AHMET KÖSE,OĞUZHAN GÜZEL,ENİS GÜREL,GÜLİZ ÖZALTAN DİLMEN,AYDIN YILDIZ,PINAR DEMİR,FATMA SARI,ATATÜRK
11.03.2023,14:00,2BA4241,24. Hafta,ELAZIĞ İL ÖZEL İDARE,91 - 89,TURGUTLU BELEDİYESPOR,,ELAZIĞ,Elazığ İl Özel İdare S.S. | ,Youtube / TBF TV,KEREM YILMAZ,ORÇUN AKGÜL,FURKAN ÜNLÜ,SEDA ÇELİKYÜZ,AYŞE GÜNHAN,SEMANUR BOZKURT,YUNUS AYDIN,FATMA SELCEN HATİPOĞLU,Elazığ İl Özel İdare S.S.
11.03.2023,15:15,2BA4246,24. Hafta,FERHATOĞLU EDREMİT BELEDİYESİ GÜRESPOR,92 - 79,EGE YAPI URLA GENÇLİK,,BALIKESİR,Edremit Spor Salonu | ,Youtube / TBF TV,BURAK ERKAN,SEYHAN TOPALOĞLU,ŞEVKET KUTLUHAN KANBUROĞLU,ELA ONAT,EYLEM KAYA,OĞUZHAN YEŞİL,ESRA ÖZDEMİR,IŞIL ÖZKAN,Edremit Spor Salonu
12.03.2023,16:00,2BA4239,24. Hafta,FENERBAHÇE GELİŞİM,74 - 52,İZMİT BELEDİYESPOR,,İSTANBUL,Fenerbahçe Metro Enerji Spor Salonu | ,Youtube / TBF TV,ERDOĞAN ÇELEBİ,SEDEF YARICI,KAMİL TALHA OLGUN,ULVİ  ARIKAN,SEHER KAZANÇ,ALTAN CANDAN,TOLGAY ÖZCAN,GÜLTEKİN KABAŞ,Fenerbahçe Metro Enerji Spor Salonu
15.03.2023,14:00,2BA4250,25. Hafta,TARSUS BELEDİYESİ,66 - 69,FERHATOĞLU EDREMİT BELEDİYESİ GÜRESPOR,,MERSİN,Edip Buran Spor Salonu | ,Youtube / TBF TV,HALİL ERKOÇ,SİBEL KOÇ,EMRE YELDAŞ,MEYMİNE MİNE YAZGÖNÜL,NİL KİFAYET GÜRLÜ,MERVE YAĞMA,ABUZER BİLEN,MELDA KÖKLÜER,Edip Buran Spor Salonu
15.03.2023,14:00,2BA4253,25. Hafta,ELAZIĞ BASKETBOL,67 - 77,HDI SİGORTA YALOVA VIP,,ANKARA,Ankara Spor Salonu (Küçük) | ,Youtube / TBF TV,NAZLI ÇİSİL GÜNGÖR,HAVVA MİRHAN ATEŞER,OSMAN CAN GÜNDOĞDU,MUSTAFA KOCAEREN,SELDA UZUN,RESUL GEÇER,SİMGE ÇAKICI,SEDA KIDIK,Ankara Spor Salonu (Küçük)
15.03.2023,17:30,2BA4249,25. Hafta,TURGUTLU BELEDİYESPOR,92 - 86,TOURISM X BOĞAZİÇİ BASKETBOL,,MANİSA,Yıldırım Beyazıt Spor Salonu | ,Youtube / TBF TV,OZAN GÖNEN,DERYA ÇELİK,BUSE NUR KAHYAOĞULLARI,ZAFER ENÜŞTÜLÜ,RAUF ŞENEL,TURAN HAKAN KARAKILIÇ,EMRE OĞUL,SALİH KARAKURT,Yıldırım Beyazıt Spor Salonu
15.03.2023,17:45,2BA4252,25. Hafta,BOTAŞ GELİŞİM,65 - 58,KIRKLARELİ BASKETBOL,,ANKARA,Ankara Spor Salonu (Küçük) | ,Youtube / TBF TV,AHMET KEMAL DİGİLLİ,MUSTAFA ÇELTİKER,EMİRHAN SERTOĞLU,KARDELEN ERDAŞ,ASLI DİNÇEL,ALİ MURAT SUNGUR,MUSTAFA KAYA,ANIL ENDER DURGUN,Ankara Spor Salonu (Küçük)
15.03.2023,18:00,2BA4251,25. Hafta,EMLAK KONUT GELİŞİM,57 - 52,FENERBAHÇE GELİŞİM,,İSTANBUL,Başakşehir Spor Kompleksi | ,Youtube / TBF TV,KEREM YILMAZ,UYGAR KURT,METİN ÜSTER,TUĞBA YURTSEVEN,BARIŞ AKSAKAL,MURAT SEVGİL,GÖKHAN ALTUNTAŞ,REMZİ KILIÇ,Başakşehir Spor Kompleksi
15.03.2023,18:15,2BA4247,25. Hafta,İZMİT BELEDİYESPOR,97 - 68,DİBA,,KOCAELİ,Kocaeli Atatürk Spor Salonu | ,Youtube / TBF TV,AYDIN KARAÇAM,MURAT AMAÇ,MUSTAFA CANDEMİR TABAK,BÜLENT TANESEN,ERDEM ERGÜN,SUDENUR DUMAN,ÖZGE ERÇETİN,MUSTAFA SALMAN,Kocaeli Atatürk Spor Salonu
16.03.2023,18:00,2BA4254,25. Hafta,EGE YAPI URLA GENÇLİK,56 - 73,ALANYA BELEDİYESPOR ANTALYA GÜNEŞİ GSK,,İZMİR,12 Eylül Spor Salonu | ,Youtube / TBF TV,ORKUN YURTTAŞ,SONER ÖZAYDOĞAN,OZAN İNCE,MEHMET AKİF KARAGÖZ,TUĞBA ERTE,SENEM ARIN KOCATÜRK,OSMAN ARKIN BARUTCU,EMİNE KALKAN,12 Eylül Spor Salonu
18.03.2023,14:00,2BA4255,26. Hafta,ELAZIĞ İL ÖZEL İDARE,70 - 67,İZMİT BELEDİYESPOR,,ELAZIĞ,Elazığ İl Özel İdare S.S. | ,Youtube / TBF TV,MEHMET OZAN ÇAKAR,BUĞRA ÇAĞATAY SAVAŞ,MUSTAFA GÜRHAN SOYSAL,SEDA ÇELİKYÜZ,BEYZA GÜLŞEN,FATMA SELCEN HATİPOĞLU,AYŞE GÜNHAN,HAYRULLAH IŞIK,Elazığ İl Özel İdare S.S.
18.03.2023,14:30,2BA4257,26. Hafta,TARSUS BELEDİYESİ,79 - 72,TURGUTLU BELEDİYESPOR,,MERSİN,Edip Buran Spor Salonu | ,Youtube / TBF TV,MEHMET BURAK ANLATICI,AHMET BASRİ YILDIZ,ERSEL BÜYÜKKARA,AHMET ÖZKAN,RAMAZAN ÖZYİĞİT,LEVENT YORULMAZ,TÜRKAN KEKLİK,TUFAN EZER,Edip Buran Spor Salonu
18.03.2023,15:15,2BA4262,26. Hafta,FERHATOĞLU EDREMİT BELEDİYESİ GÜRESPOR,77 - 72,ALANYA BELEDİYESPOR ANTALYA GÜNEŞİ GSK,,BALIKESİR,Edremit Spor Salonu | ,Youtube / TBF TV,NİYAZİ YASİN KAHRAMAN,MURAT GENÇ,İLKNUR ÖZER,MERVE DOĞRU,EYLEM KAYA,NESLİHAN ÇOBAN,ECEM BERBEROĞLU,MUSA ÇALIŞKAN,Edremit Spor Salonu
19.03.2023,14:00,2BA4261,26. Hafta,HDI SİGORTA YALOVA VIP,60 - 63,EGE YAPI URLA GENÇLİK,,YALOVA,90. Yıl Spor Salonu | ,Youtube / TBF TV,MUHAMMED MURAT ZAFER,MUSTAFA CANDEMİR TABAK,HÜSEYİN SÖYLEMEZOĞLU,UĞUR TÜRKEL,EMİNE AK,NAZMİYE BIYIKOĞLU,GÜLEN SÖNMEZ,İBRAHİM HALİL SİVİL,90. Yıl Spor Salonu
19.03.2023,14:30,2BA4259,26. Hafta,FENERBAHÇE GELİŞİM,66 - 61,BOTAŞ GELİŞİM,,İSTANBUL,Fenerbahçe Metro Enerji Spor Salonu | ,Youtube / TBF TV,ÖMER SARI,EMRE YELDAŞ,SENAY COŞKUN,BOĞAÇHAN ŞERBETCİOĞLU,MERVE SERDAR,SERHAT LEVENT,SEHER KAZANÇ,ZEHRA AKAN,Fenerbahçe Metro Enerji Spor Salonu
19.03.2023,15:00,2BA4260,26. Hafta,KIRKLARELİ BASKETBOL,78 - 70,ELAZIĞ BASKETBOL,,KIRKLARELİ,ATATÜRK | ,Youtube / TBF TV,UĞUR YÜKSEL,BATUHAN MERT GÜL,BURAK PEHLİVAN,FERHAT SUNA,MELAHAT BURCU BERKMEN,FATMA SARI,GÜLİZ ÖZALTAN DİLMEN,AYDIN YILDIZ,ATATÜRK
19.03.2023,18:00,2BA4258,26. Hafta,DİBA,72 - 79,EMLAK KONUT GELİŞİM,,ANKARA,Sinan Şamil Sam Spor Salonu | ,Youtube / TBF TV,YİĞİT EMRE ŞİMŞEK,MELİKŞAH MERCAN,ARMAN ATLI,TAHA UMAY  UZUN,SİMGE ÇAKICI,SAMET CAN ALICI,EROL TUNCEL,ANIL ENDER DURGUN,Sinan Şamil Sam Spor Salonu
24.03.2023,17:45,2BA4270,27. Hafta,ALANYA BELEDİYESPOR ANTALYA GÜNEŞİ GSK,69 - 58,HDI SİGORTA YALOVA VIP,,ANTALYA,Alanya 75.Yıl Spor Salonu | ,Youtube / TBF TV,BURAK AKTAŞ,ABDULLAH UYANIK,ÖZKAN ÇAĞLAYAN,CELİL YOLDAN,İLKAY ERDOĞAN,HALİL ERDOĞAN,DERYA YILDIZ,VOLKAN YILDIZ,Alanya 75.Yıl Spor Salonu
24.03.2023,18:00,2BA4269,27. Hafta,EGE YAPI URLA GENÇLİK,50 - 55,KIRKLARELİ BASKETBOL,,İZMİR,12 Eylül Spor Salonu | ,Youtube / TBF TV,ŞEYHMUS MELEK,SERHAT DÜLGER,AYGÜN AKGÜL,SİBEL SARIDAĞ,MEHMET AKINCI,ONUR BURAK,TANER ÇİFTÇİ,SADIK ERGÜL,12 Eylül Spor Salonu
24.03.2023,19:30,2BA4267,27. Hafta,BOTAŞ GELİŞİM,71 - 64,DİBA,,ANKARA,Ankara Spor Salonu (Küçük) | ,Youtube / TBF TV,UĞUR ÖZEN,AHMET KÖSE,DERYA ÇELİK,LEVENT KANTAR,ESİN KALELİ,AKIN AYTEKİN,SERCAN YILDIRIM,BİLAL UZGÖREN,Ankara Spor Salonu (Küçük)
25.03.2023,13:00,2BA4266,27. Hafta,EMLAK KONUT GELİŞİM,60 - 51,ELAZIĞ İL ÖZEL İDARE,,İSTANBUL,Başakşehir Spor Kompleksi | ,Youtube / TBF TV,ORKUN YURTTAŞ,AHMET BİLAL ÖZTÜRK,SALİH ACAR,KORAY LEVENT  BİNGÖL,HALİL İBRAHİM SEVİLİR,MEHMET KAPUCU,KÜBRA TOPAL,EMRECAN ÇAKIRCA,Başakşehir Spor Kompleksi
25.03.2023,14:30,2BA4265,27. Hafta,TURGUTLU BELEDİYESPOR,76 - 61,FERHATOĞLU EDREMİT BELEDİYESİ GÜRESPOR,,MANİSA,Yıldırım Beyazıt Spor Salonu | ,Youtube / TBF TV,METİN EROL,HALUK YAKIN,İREM GÖRDES,MEHMET AKİF KARAGÖZ,OSMAN CİNGİL,ESRA GÜLSUYU,RAUF ŞENEL,RAMAZAN YAŞAR,Yıldırım Beyazıt Spor Salonu
25.03.2023,16:00,2BA4263,27. Hafta,İZMİT BELEDİYESPOR,71 - 85,TOURISM X BOĞAZİÇİ BASKETBOL,,KOCAELİ,Kocaeli Atatürk Spor Salonu | ,Youtube / TBF TV,AHMET KEMAL DİGİLLİ,MELİKŞAH MERCAN,SAİT NEDİM ÇELİK,ZAFER ÖZGÜN,CANSU ŞEFKATLİ,AYCAN PEKER,ÖZGE ERÇETİN,ERAY CİVELEK,Kocaeli Atatürk Spor Salonu
25.03.2023,19:30,2BA4268,27. Hafta,ELAZIĞ BASKETBOL,54 - 85,FENERBAHÇE GELİŞİM,,ANKARA,Ankara Spor Salonu (Küçük) | ,Youtube / TBF TV,AHMET MURAT ARIKANLI,BATUHAN KÜMÜKOĞLU,ÖZKAN ALTINÖRS,MEHMET KAAN  KANTAR,SELDA UZUN,ANIL ENDER DURGUN,MERT YILMAZ,AHMET BUĞRAHAN TÜRKER,Ankara Spor Salonu (Küçük)
29.03.2023,13:00,2BA4277,28. Hafta,KIRKLARELİ BASKETBOL,55 - 72,ALANYA BELEDİYESPOR ANTALYA GÜNEŞİ GSK,,İSTANBUL,Caferağa Spor Salonu | ,Youtube / TBF TV,HASAN OK,BARIŞ BURAK DURMUŞ,FATİH ERDOĞAN,SAVAŞ BAYRAM ERTÜRK,ESER FIRIL,FATMA GÖK,OSMAN OKUDAN,MERVE SERDAR,Caferağa Spor Salonu
29.03.2023,14:00,2BA4271,28. Hafta,TARSUS BELEDİYESİ,65 - 49,İZMİT BELEDİYESPOR,,MERSİN,Edip Buran Spor Salonu | ,Youtube / TBF TV,UĞUR AKYILDIZ,ÖZKAN ÇAĞLAYAN,BETÜL YENİSU,TURGAY KÖROĞLU,MERVE YAĞMA,NİL KİFAYET GÜRLÜ,EMİNE SEYREK,MELDA KÖKLÜER,Edip Buran Spor Salonu
29.03.2023,16:00,2BA4274,28. Hafta,ELAZIĞ İL ÖZEL İDARE,60 - 78,BOTAŞ GELİŞİM,,ELAZIĞ,Elazığ İl Özel İdare S.S. | ,Youtube / TBF TV,CEMİL UYGÜL,SİBEL KOÇ,DEYER AKÇAY,SEDA ÇELİKYÜZ,AYŞE GÜNHAN,FATMA SELCEN HATİPOĞLU,YUNUS AYDIN,HAYRULLAH IŞIK,Elazığ İl Özel İdare S.S.
29.03.2023,16:00,2BA4275,28. Hafta,DİBA,97 - 86,ELAZIĞ BASKETBOL,,ANKARA,Sinan Şamil Sam Spor Salonu | ,Youtube / TBF TV,ALİ OSMAN KANIK,MUSTAFA ÇELTİKER,ARTUN BAYRAKTAR,OZAN ÜSTÜN,AZRA ÖZKAN,ALİ MURAT SUNGUR,FİLİZ UYGUN,YASEMİN YILDIRIM,Sinan Şamil Sam Spor Salonu
29.03.2023,17:30,2BA4276,28. Hafta,FENERBAHÇE GELİŞİM,78 - 62,EGE YAPI URLA GENÇLİK,,İSTANBUL,Fenerbahçe Metro Enerji Spor Salonu | ,Youtube / TBF TV,SABRİ GÜNDÜZ,NİHAT KARA,DERYA ÇELİK,İSMAİL EVREN YÜZÜGÜZEL,MERVE SERDAR,GÖZDE BEGÜM AKÜZÜM,ZEHRA AKAN,ESER FIRIL,Fenerbahçe Metro Enerji Spor Salonu
30.03.2023,15:00,2BA4273,28. Hafta,TOURISM X BOĞAZİÇİ BASKETBOL,66 - 63,EMLAK KONUT GELİŞİM,,İSTANBUL,Şehit Mustafa Özel Spor Kompleksi | ,Youtube / TBF TV,BURAK ERKAN,BURAK PEHLİVAN,ALİ RIZA PİNAT,TUĞBA EŞKİL,YEŞİM AKAN,MURAT SEVGİL,REMZİ KILIÇ,BİROL ÖZDAL,Şehit Mustafa Özel Spor Kompleksi
30.03.2023,17:45,2BA4278,28. Hafta,FERHATOĞLU EDREMİT BELEDİYESİ GÜRESPOR,78 - 80,HDI SİGORTA YALOVA VIP,,BALIKESİR,Edremit Spor Salonu | ,Youtube / TBF TV,DORUKHAN KALYONCU,HAVVA MİRHAN ATEŞER,MUSTAFA CANDEMİR TABAK,MURAT KARTAL,ESİN ÖZSÜRMELİ,MUSA ÇALIŞKAN,IŞIL ÖZKAN,GAMZE ATİLA,Edremit Spor Salonu
3.04.2023,18:00,2BA4279,29. Hafta,İZMİT BELEDİYESPOR,67 - 72,TURGUTLU BELEDİYESPOR,,KOCAELİ,Kocaeli Atatürk Spor Salonu | ,Youtube / TBF TV,BURAK ERKAN,İZEL DENİZ PEHLİVAN ÇAKICI,CELAL GÖRMÜŞ,NAİM ÖZYEŞİLPINAR,AYBÜKE GAMZE ÖZEN,GAMZE KURT,CANSU ŞEFKATLİ,SEVGİ CANDAZ,Kocaeli Atatürk Spor Salonu
3.04.2023,18:00,2BA4281,29. Hafta,EMLAK KONUT GELİŞİM,85 - 65,TARSUS BELEDİYESİ,,İSTANBUL,Başakşehir Spor Kompleksi | ,Youtube / TBF TV,MÜNEVVER ÖZEMRE,MUSTAFA ÇELTİKER,İLKNUR ÖZER,MELİK YİĞİT BAYINDIR,ERMAN YÜCEL,MEHMET KAPUCU,REMZİ KILIÇ,YEŞİM AKAN,Başakşehir Spor Kompleksi
3.04.2023,18:00,2BA4282,29. Hafta,BOTAŞ GELİŞİM,70 - 82,TOURISM X BOĞAZİÇİ BASKETBOL,,ANKARA,Ankara Spor Salonu (Küçük) | ,Youtube / TBF TV,YİĞİT EMRE ŞİMŞEK,MURAT GENÇ,SERHAT DÜLGER,KARDELEN ERDAŞ,EROL TUNCEL,MİNE KARAMAN,ALPER KESEN,VOLKAN DARCAN,Ankara Spor Salonu (Küçük)
3.04.2023,18:00,2BA4283,29. Hafta,ELAZIĞ BASKETBOL,59 - 76,ELAZIĞ İL ÖZEL İDARE,,ANKARA,Ankara Spor Salonu | ,Youtube / TBF TV,NAZLI ÇİSİL GÜNGÖR,OZAN GÜNDÜZ,HÜSEYİN MERT ŞEKER,ERDEM EFE,SEDA KIDIK,FATMA ÇELİK,KAMİL TOSUN,HÜSEYİN ÖKMEN,Ankara Spor Salonu
3.04.2023,18:00,2BA4284,29. Hafta,EGE YAPI URLA GENÇLİK,81 - 71,DİBA,,İZMİR,12 Eylül Spor Salonu | ,Youtube / TBF TV,MESUT ÖZTÜRK,ABDULLAH UYANIK,SÜLEYMAN TEPE,TOLGA  AKSULAR,CEREN BARAN,SENEM ARIN KOCATÜRK,NİHAT ÇETİN,ÇAĞATAY KAMER VANLIOĞLU,12 Eylül Spor Salonu
3.04.2023,18:00,2BA4285,29. Hafta,ALANYA BELEDİYESPOR ANTALYA GÜNEŞİ GSK,69 - 55,FENERBAHÇE GELİŞİM,,ANTALYA,Alanya 75.Yıl Spor Salonu | ,Youtube / TBF TV,AHMET KEMAL DİGİLLİ,SONER ÖZAYDOĞAN,BUSE NUR KAHYAOĞULLARI,ÖZGÜR NALBANT,IŞIL ÇETİNTAŞ,KORAY ASAL,İRFAN YAŞAR,BURHAN ÇİÇEK,Alanya 75.Yıl Spor Salonu
3.04.2023,18:00,2BA4286,29. Hafta,HDI SİGORTA YALOVA VIP,67 - 63,KIRKLARELİ BASKETBOL,,YALOVA,90. Yıl Spor Salonu | ,Youtube / TBF TV,TOLGA AKKUŞOĞLU,NİHAT KARA,ÖZKAN ÇAĞLAYAN,UMUT GEDİK,ELMAS DEMİREL AYDEMİR,HANİFE CELEPOĞLU,SELÇUK KURT,İBRAHİM HALİL SİVİL,90. Yıl Spor Salonu
8.04.2023,14:00,2BA4288,30. Hafta,TURGUTLU BELEDİYESPOR,69 - 62,EMLAK KONUT GELİŞİM,,MANİSA,Yıldırım Beyazıt Spor Salonu | ,Youtube / TBF TV,HÜSEYİN ÇAMCI,MUSTAFA CANDEMİR TABAK,NİHAT KARA,ZAFER ENÜŞTÜLÜ,ESRA GÜLSUYU,ÜMİT KONCA,HEDİYE AYTAŞ SARIASLAN,RAMAZAN YAŞAR,Yıldırım Beyazıt Spor Salonu
8.04.2023,14:00,2BA4289,30. Hafta,TARSUS BELEDİYESİ,71 - 52,BOTAŞ GELİŞİM,,MERSİN,Edip Buran Spor Salonu | ,Youtube / TBF TV,ANIL VEZİROĞLU,GÜNDOĞAN ALİ BALABAN,EMRE YELDAŞ,MEYMİNE MİNE YAZGÖNÜL,SONGÜL HAZIMOĞLU,RAMAZAN ÖZYİĞİT,AHMET ÖZDOĞAN,MELDA KÖKLÜER,Edip Buran Spor Salonu
8.04.2023,14:00,2BA4290,30. Hafta,TOURISM X BOĞAZİÇİ BASKETBOL,91 - 79,ELAZIĞ BASKETBOL,,İSTANBUL,Şehit Mustafa Özel Spor Kompleksi | ,Youtube / TBF TV,ERDOĞAN ÇELEBİ,HAVVA MİRHAN ATEŞER,MELİH EREN,MUSTAFA AHİOĞLU,EMRECAN ÇAKIRCA,ESİN MÜEZZİNOĞLU,TUNA TAŞ,AHSEN CANBULAT,Şehit Mustafa Özel Spor Kompleksi
8.04.2023,14:00,2BA4291,30. Hafta,ELAZIĞ İL ÖZEL İDARE,70 - 63,EGE YAPI URLA GENÇLİK,,ELAZIĞ,Elazığ İl Özel İdare S.S. | ,Youtube / TBF TV,HALİL ERKOÇ,AHMET BASRİ YILDIZ,ÖZKAN ÇAĞLAYAN,SEDA ÇELİKYÜZ,BEYZA GÜLŞEN,FATMA SELCEN HATİPOĞLU,AYŞE GÜNHAN,HAYRULLAH IŞIK,Elazığ İl Özel İdare S.S.
8.04.2023,14:00,2BA4292,30. Hafta,DİBA,60 - 78,ALANYA BELEDİYESPOR ANTALYA GÜNEŞİ GSK,,ANKARA,Sinan Şamil Sam Spor Salonu | ,Youtube / TBF TV,UMUT MEMİŞ,MELİKŞAH MERCAN,BETÜL UNTUÇ,ARİF ÖZBAŞ,ALİ MURAT SUNGUR,SERCAN YILDIRIM,İSMAİL FULSER,SAMET CAN ALICI,Sinan Şamil Sam Spor Salonu
8.04.2023,14:00,2BA4293,30. Hafta,FENERBAHÇE GELİŞİM,63 - 49,HDI SİGORTA YALOVA VIP,,İSTANBUL,Fenerbahçe Metro Enerji Spor Salonu | ,Youtube / TBF TV,NİYAZİ YASİN KAHRAMAN,SİBEL KOÇ,AHMET KÖSE,TUNAHAN  DEMİR,DEMET ULUCUTSOY,ECE DİKMENLİ,UFUK CAN SARI,SERCAN DEMİRÖREN,Fenerbahçe Metro Enerji Spor Salonu
8.04.2023,14:00,2BA4294,30. Hafta,FERHATOĞLU EDREMİT BELEDİYESİ GÜRESPOR,80 - 66,KIRKLARELİ BASKETBOL,,BALIKESİR,Edremit Spor Salonu | ,Youtube / TBF TV,BURAK AKTAŞ,SEYHAN TOPALOĞLU,MURAT BERK KAYA,HAKAN ŞAHİN,NESLİHAN ÇOBAN,OĞUZHAN YEŞİL,ESRA ÖZDEMİR,MUSA ÇALIŞKAN,Edremit Spor Salonu
11.04.2023,16:00,2BA4296,Playoff Çeyrek Final,İZMİT BELEDİYESPOR,72 - 70,TOURISM X BOĞAZİÇİ BASKETBOL,,KOCAELİ,Kocaeli Atatürk Spor Salonu | ,Youtube / TBF TV,UĞUR ÖZEN,BARIŞ BURAK DURMUŞ,BARIŞ ÖZTÜRK,MEHMET İSMET BAYRİ,CANSU ŞEFKATLİ,ERDEM ERGÜN,ÖZGE ERÇETİN,MUSTAFA SALMAN,Kocaeli Atatürk Spor Salonu
11.04.2023,17:30,2BA4298,Playoff Çeyrek Final,FERHATOĞLU EDREMİT BELEDİYESİ GÜRESPOR,69 - 73,KIRKLARELİ BASKETBOL,,BALIKESİR,Edremit Spor Salonu | ,Youtube / TBF TV,AYDIN KARAÇAM,HAVVA MİRHAN ATEŞER,FATİH ERDOĞAN,ELA ONAT,GAMZE ATİLA,IŞIL ÖZKAN,ECEM BERBEROĞLU,ESİN ÖZSÜRMELİ,Edremit Spor Salonu
11.04.2023,17:30,2BA4295,Playoff Çeyrek Final,FENERBAHÇE GELİŞİM,67 - 60,ALANYA BELEDİYESPOR ANTALYA GÜNEŞİ GSK,,İSTANBUL,Fenerbahçe Metro Enerji Spor Salonu | ,Youtube / TBF TV,OZAN GÖNEN,MUSTAFA ÇELTİKER,GÖZDE KAFADAR,MELİK YİĞİT BAYINDIR,MERVE SERDAR,ESER FIRIL,GÜLTEKİN KABAŞ,ZEHRA AKAN,Fenerbahçe Metro Enerji Spor Salonu
13.04.2023,13:00,2BA4297,Playoff Çeyrek Final,BOTAŞ GELİŞİM,72 - 43,ELAZIĞ İL ÖZEL İDARE,,ANKARA,Ankara Spor Salonu (Küçük) | ,Youtube / TBF TV,TURGUT IŞIK,NİHAT KARA,BURAK PEHLİVAN,BURAK DEDE,SELDA UZUN,ANIL ENDER DURGUN,YASEMİN YILDIRIM,SEDA KIDIK,Ankara Spor Salonu (Küçük)
14.04.2023,17:00,2BA4300,Playoff Çeyrek Final,TOURISM X BOĞAZİÇİ BASKETBOL,84 - 94,İZMİT BELEDİYESPOR,,İSTANBUL,Şehit Mustafa Özel Spor Kompleksi | ,Youtube / TBF TV,ÖNDER YILMAZ,SEDEF YARICI,MUSTAFA TOPALOĞLU,EMİR GÜNEY,PINAR ŞAHİN,CEYDA KAPKAÇ,MURAT SÜMER,TUĞÇE KAYA,Şehit Mustafa Özel Spor Kompleksi
14.04.2023,17:45,2BA4302,Playoff Çeyrek Final,KIRKLARELİ BASKETBOL,57 - 82,FERHATOĞLU EDREMİT BELEDİYESİ GÜRESPOR,,KIRKLARELİ,ATATÜRK | ,Youtube / TBF TV,KEREM YILMAZ,MURAT AMAÇ,EREN AKPULAT,ENİS GÜREL,BETÜL ERDEM,GÜLİZ ÖZALTAN DİLMEN,PINAR DEMİR,AYDIN YILDIZ,ATATÜRK
16.04.2023,14:00,2BA4301,Playoff Çeyrek Final,ELAZIĞ İL ÖZEL İDARE,73 - 69,BOTAŞ GELİŞİM,,ELAZIĞ,Elazığ İl Özel İdare S.S. | ,Youtube / TBF TV,MEHMET OZAN ÇAKAR,ORÇUN AKGÜL,SAİT NEDİM ÇELİK,SEDA ÇELİKYÜZ,BEYZA GÜLŞEN,FATMA SELCEN HATİPOĞLU,AYŞE GÜNHAN,HAYRULLAH IŞIK,Elazığ İl Özel İdare S.S.
17.04.2023,17:30,2BA4303,Playoff Çeyrek Final,FERHATOĞLU EDREMİT BELEDİYESİ GÜRESPOR,72 - 70,KIRKLARELİ BASKETBOL,,BALIKESİR,Edremit Spor Salonu | ,Youtube / TBF TV,TOLGA AKKUŞOĞLU,MURAT GENÇ,SİBEL KOÇ,ELA ONAT,ESİN ÖZSÜRMELİ,EYLEM KAYA,IŞIL ÖZKAN,GAMZE ATİLA,Edremit Spor Salonu
19.04.2023,14:00,2BA4299,Playoff Çeyrek Final,ALANYA BELEDİYESPOR ANTALYA GÜNEŞİ GSK,66 - 49,FENERBAHÇE GELİŞİM,,ANTALYA,Alanya 75.Yıl Spor Salonu | ,Youtube / TBF TV,İBRAHİM ALTINTAŞ,SERHAT DÜLGER,AYGÜN AKGÜL,ÖZGÜR NALBANT,İLKAY ERDOĞAN,HALİL ERDOĞAN,SEDA AYDIN,İRFAN YAŞAR,Alanya 75.Yıl Spor Salonu
20.04.2023,18:00,2BA4304,Playoff Çeyrek Final,BOTAŞ GELİŞİM,73 - 66,ELAZIĞ İL ÖZEL İDARE,,ANKARA,Ankara Spor Salonu (Küçük) | ,Youtube / TBF TV,METEHAN ALAÇAM,ABDULLAH UYANIK,MUSTAFA CANDEMİR TABAK,ERDEM EFE,SELDA UZUN,TUNCER ULUŞEKER,SÜMEYYE SENEKLİOĞLU,YUNUS KAHRAMAN,Ankara Spor Salonu (Küçük)
24.04.2023,13:00,2BA4308,Playoff Çeyrek Final,FENERBAHÇE GELİŞİM,65 - 72,ALANYA BELEDİYESPOR ANTALYA GÜNEŞİ GSK,,İSTANBUL,Fenerbahçe Metro Enerji Spor Salonu | ,Youtube / TBF TV,MÜNEVVER ÖZEMRE,HAVVA MİRHAN ATEŞER,BATUHAN MERT GÜL,RAHŞAN ŞEBNEM TÜMER,TOLGAY ÖZCAN,ZEHRA AKAN,GÜLTEKİN KABAŞ,FATMA GÖK,Fenerbahçe Metro Enerji Spor Salonu
23.04.2023,16:00,2BA4305,Playoff Yarı Final,İZMİT BELEDİYESPOR,69 - 54,BOTAŞ GELİŞİM,,KOCAELİ,Kocaeli Atatürk Spor Salonu | ,Youtube / TBF TV,SERTAN KIRKLAR,UYGAR KURT,SEYHAN TOPALOĞLU,TAYFUN AY,AYCAN PEKER,TARIK ERDOĞAN,ÖZGE ERÇETİN,ERAY CİVELEK,Kocaeli Atatürk Spor Salonu
25.04.2023,16:00,2BA4306,Playoff Yarı Final,İZMİT BELEDİYESPOR,65 - 68,BOTAŞ GELİŞİM,,KOCAELİ,Kocaeli Atatürk Spor Salonu | ,Youtube / TBF TV,FURKAN KESERATAR,NİHAT KARA,BARIŞ BURAK DURMUŞ,HURŞİT CEM AKAN,ÖZGE ERÇETİN,BERFU BARUT,ERTUĞRUL YAVAŞOĞLU,ERDEM ERGÜN,Kocaeli Atatürk Spor Salonu
27.04.2023,17:30,2BA4309,Playoff Yarı Final,FERHATOĞLU EDREMİT BELEDİYESİ GÜRESPOR,80 - 48,ALANYA BELEDİYESPOR ANTALYA GÜNEŞİ GSK,,BALIKESİR,Edremit Spor Salonu | ,Youtube / TBF TV,MESUT ÖZTÜRK,MUSTAFA CANDEMİR TABAK,GÖKHAN EĞLENOĞLU,İBRAHİM EMRE AYDEMİR,GAMZE ATİLA,MUSA ÇALIŞKAN,EYLEM KAYA,ESİN ÖZSÜRMELİ,Edremit Spor Salonu
28.04.2023,18:00,2BA4307,Playoff Yarı Final,BOTAŞ GELİŞİM,70 - 61,İZMİT BELEDİYESPOR,,ANKARA,Ankara Spor Salonu (Küçük) | ,Youtube / TBF TV,AHMET KEMAL DİGİLLİ,SERHAT DÜLGER,FATİH ERDOĞAN,ERDEM EFE,SİMGE ÇAKICI,BİLAL UZGÖREN,EROL TUNCEL,ALPER KESEN,Ankara Spor Salonu (Küçük)
29.04.2023,17:30,2BA4310,Playoff Yarı Final,FERHATOĞLU EDREMİT BELEDİYESİ GÜRESPOR,74 - 92,ALANYA BELEDİYESPOR ANTALYA GÜNEŞİ GSK,,BALIKESİR,Edremit Spor Salonu | ,Youtube / TBF TV,ÖZKAN TALO,BURAK PEHLİVAN,CANER BAHADIR,MURAT KARTAL,GAMZE ATİLA,ERCAN ÇAVUŞOĞLU,ESİN ÖZSÜRMELİ,METİN IŞIK,Edremit Spor Salonu
30.04.2023,14:00,2BA4312,Playoff Yarı Final,BOTAŞ GELİŞİM,46 - 64,İZMİT BELEDİYESPOR,,ANKARA,Ankara Spor Salonu (Küçük) | ,Youtube / TBF TV,HALİL ERKOÇ,AHMET BASRİ YILDIZ,BATUHAN KÜMÜKOĞLU,MEHMET KAAN  KANTAR,MİNE MİHRİCAN KANBUR,FATİH ŞEN,ANIL ENDER DURGUN,TUNCER ULUŞEKER,Ankara Spor Salonu (Küçük)
2.05.2023,18:00,2BA4311,Playoff Yarı Final,ALANYA BELEDİYESPOR ANTALYA GÜNEŞİ GSK,73 - 55,FERHATOĞLU EDREMİT BELEDİYESİ GÜRESPOR,,ANTALYA,Alanya 75.Yıl Spor Salonu | ,Youtube / TBF TV,MEHMET OZAN ÇAKAR,SONER ÖZAYDOĞAN,AYGÜN AKGÜL,ÖZGÜR NALBANT,DERYA YILDIZ,VOLKAN YILDIZ,DİLARA KILIÇ,İRFAN YAŞAR,Alanya 75.Yıl Spor Salonu
3.05.2023,17:00,2BA4314,Playoff Yarı Final,İZMİT BELEDİYESPOR,65 - 57,BOTAŞ GELİŞİM,,KOCAELİ,Kocaeli Atatürk Spor Salonu | ,Youtube / TBF TV,TURGUT IŞIK,MURAT AMAÇ,BATUHAN MERT GÜL,EMİN FAZIL KESERATAR,ERDEM ERGÜN,GAMZE KURT,SUDENUR DUMAN,MUSTAFA SALMAN,Kocaeli Atatürk Spor Salonu
10.05.2023,18:00,2BA4315,Playoff Final,İZMİT BELEDİYESPOR,71 - 72,ALANYA BELEDİYESPOR ANTALYA GÜNEŞİ GSK,,KOCAELİ,Kocaeli Atatürk Spor Salonu | ,Youtube / TBF TV,ÖNDER YILMAZ,ABDULLAH UYANIK,HAVVA MİRHAN ATEŞER,ÖMER KESKİN,SUDENUR DUMAN,GAMZE KURT,ERDEM ERGÜN,TARIK ERDOĞAN,Kocaeli Atatürk Spor Salonu
12.05.2023,18:00,2BA4316,Playoff Final,İZMİT BELEDİYESPOR,97 - 62,ALANYA BELEDİYESPOR ANTALYA GÜNEŞİ GSK,,KOCAELİ,Kocaeli Atatürk Spor Salonu | ,Youtube / TBF TV,AYDIN KARAÇAM,MURAT GENÇ,SİBEL KOÇ,RAHŞAN ŞEBNEM TÜMER,ÖZGE ERÇETİN,TÜRKER YILMAZ,DİDEM ŞENGEL,MUSTAFA SALMAN,Kocaeli Atatürk Spor Salonu
16.05.2023,18:00,2BA4317,Playoff Final,ALANYA BELEDİYESPOR ANTALYA GÜNEŞİ GSK,61 - 65,İZMİT BELEDİYESPOR,,ANTALYA,Alanya 75.Yıl Spor Salonu | ,Youtube / TBF TV,ORKUN YURTTAŞ,SEYHAN TOPALOĞLU,BURAK PEHLİVAN,MUSTAFA BİÇER,DİLARA KILIÇ,VOLKAN YILDIZ,IŞIL ÇETİNTAŞ,DERYA YILDIZ,Alanya 75.Yıl Spor Salonu
18.05.2023,17:00,2BA4318,Playoff Final,ALANYA BELEDİYESPOR ANTALYA GÜNEŞİ GSK,56 - 53,İZMİT BELEDİYESPOR,,ANTALYA,Alanya 75.Yıl Spor Salonu | ,Youtube / TBF TV,İBRAHİM ALTINTAŞ,MUSTAFA CANDEMİR TABAK,FATİH ERDOĞAN,LÜTFİYE TAŞPINAR,DERYA YILDIZ,BURHAN ÇİÇEK,DİLARA KILIÇ,VOLKAN YILDIZ,Alanya 75.Yıl Spor Salonu
22.05.2023,18:00,2BA4319,Playoff Final,İZMİT BELEDİYESPOR,57 - 56,ALANYA BELEDİYESPOR ANTALYA GÜNEŞİ GSK,,KOCAELİ,Kocaeli Atatürk Spor Salonu | ,Youtube / TBF TV,MEHMET OZAN ÇAKAR,UYGAR KURT,NİHAT KARA,HURŞİT CEM AKAN,ÖZGE ERÇETİN,ÖZER COŞKUN,SUDENUR DUMAN,TÜRKER YILMAZ,Kocaeli Atatürk Spor Salonu
