{
  "league_acronym": "tkbl",
  "league_name": "Türkiye Kadın Basketbol Ligi",
  "gender": "Kadın",
  "season": "2015-2016",
  "sponsor": "",
  "scraped_at": "2025-06-23T00:00:09.178162",
  "rows": 0,
  "columns": 20,
  "column_names": [
    "Tarih",
    "Saat",
    "Maç No",
    "Hafta",
    "A Takım",
    "Sonuç",
    "B Takım",
    "Grubu",
    "Şehir",
    "Salon",
    "TV",
    "Baş Hakem",
    "1. Yrd. Hakem",
    "2. Yrd. Hakem",
    "Temsilci",
    "1. Masa G.",
    "2. Masa G.",
    "3. Masa G.",
    "4. Masa G.",
    "Salon.1"
  ],
  "excel_file": "tkbl_Kadın_2015-2016.xlsx",
  "csv_file": "tkbl_Kadın_2015-2016.csv"
}