Tarih,Saat,Maç No,Hafta,A Takım,Sonuç,B Takım,Grubu,Şehir,Salon,TV,Baş Hakem,1. Yrd. Hakem,2. Yrd. Hakem,Temsilci,1. Masa G.,2. Masa G.,3. Masa G.,4. Masa G.,Salon.1
4.12.2020,14:00,2BA3476,01. Hafta,MENEMEN BELEDİYESİ KARŞIYAKA ÇARŞI KOLEJİ,68 - 62,BOTAŞ GELİŞİM,,İZMİR,Vali Hüseyin Öğütcen Spor Salonu,,AHMET BİLAL ÖZTÜRK,BARIŞ BURAK DURMUŞ,GÖNENÇ ÇETİN,GÖRKEM BIÇAKCIOĞLU,HALDUN TAŞKAVAK,CEYDA SARICA KUZU,OSMAN ARKIN BARUTCU,HAKAN DÖNMEZ,Vali Hüseyin Öğütcen Spor Salonu
4.12.2020,14:00,2BA3481,01. Hafta,MERSİN ÜNİVERSİTESİ MERSİN BÜYÜKŞEHİR BELEDİYESİ GSK,44 - 72,BURSA BÜYÜKŞEHİR BELEDİYESPOR,,MERSİN,Mersin Üniversitesi Spor Salonu,,MEHMET BURAK ANLATICI,ÖZKAN ÇAĞLAYAN,SAMET BİNER,TURGAY KÖROĞLU,MELDA KÖKLÜER,VİLDAN KÖROĞLU EZER,FATMA ITIR ÖNCEL,LEVENT YORULMAZ,Mersin Üniversitesi Spor Salonu
5.12.2020,14:00,2BA3474,01. Hafta,ÇEŞME BASKETBOL,103 - 54,İSTANBUL ÜNİVERSİTESİ,,İZMİR,ATATÜRK Çeşme Spor Salonu,,SONER ÖZAYDOĞAN,NUR AKÇA,ALPER CAN BOZYEL,FAYSAL AYDEMİR,SİNEM YENİ,ELİF KALENDER,SİNEM BİRTÜRK,GÜLÇİN AKIN,ATATÜRK Çeşme Spor Salonu
5.12.2020,14:00,2BA3480,01. Hafta,ANTALYA 07 BASKETBOL,76 - 69,YALOVA VİP,,ANTALYA,Akdeniz Üni. Gazi Mustafa Kemal Spor Salonu,,HALDUN ÇOBAN,ERCAN BOZDOĞAN,HAKAN YİĞİT,MERT ELMA,BURHAN ÇİÇEK,ERKAN BÜDÜN,FATMA MAFACAN,NESLİHAN SÜTLÜ,Akdeniz Üni. Gazi Mustafa Kemal Spor Salonu
5.12.2020,16:00,2BA3477,01. Hafta,GLOBAL CONNECT TRAVEL DÜZCE,46 - 69,FERHATOĞLU EDREMİT BELEDİYESİ GÜRESPOR,,DÜZCE,Kalıcı Konutlar Merkez Spor Salonu,Youtube / TBF TV,SAMET FIRAT SAVAŞ,ESRA YILDIZ,BATUHAN MERT GÜL,UĞUR ERHAN DEDEŞAH,UFUK DOĞANAY,MERT CAN YAZGELDİ,MERTCAN AKGÜL,METEHAN AKGÜL,Kalıcı Konutlar Merkez Spor Salonu
6.12.2020,14:00,2BA3479,01. Hafta,BODRUM KARYA,75 - 77,CEYHAN BELEDİYESİ,,MUĞLA,Bodrum Binnaz Karakaya Spor Salonu,,GÖZDE KAFADAR,OKAN GÜNGÖR,KAĞAN SÖNMEZ,MEHMET DURU,ALİ BEŞİROĞLU,NEVİN YAVAŞ ERTUĞRUL,HÜSEYİN EŞKİ,SÜLEYMAN ALPER YILDIZ,Bodrum Binnaz Karakaya Spor Salonu
6.12.2020,18:30,2BA3475,01. Hafta,FENERBAHÇE GELİŞİM,57 - 61,EMLAK KONUT,,İSTANBUL,Fenerbahçe Metro Enerji Spor Salonu,,ÇETİN ARTAN,UĞUR AKYILDIZ,UĞUR YÜKSEL,AHMET MÜNİR GÖKMEN,BÜŞRA ERKAN,DEMET ULUCUTSOY,İREM KESKİN,EDA ELFİDAN,Fenerbahçe Metro Enerji Spor Salonu
12.12.2020,14:00,2BA3488,02. Hafta,BURSA BÜYÜKŞEHİR BELEDİYESPOR,76 - 73,ANTALYA 07 BASKETBOL,,BURSA,Yıldırım Şahin Başol Spor Kompleksi,Youtube / TBF TV,CANER BAHADIR,ALPER GÖKÇEBEL,FATMA ÖZTÜRK,MUSTAFA DURGUT,ÖZLEM ÖZKAN,EMEL ÖZTÜRK,TEOMAN ÖYLEK,ESRA AL,Yıldırım Şahin Başol Spor Kompleksi
12.12.2020,14:30,2BA3487,02. Hafta,YALOVA VİP,79 - 73,BODRUM KARYA,,YALOVA,90. Yıl Spor Salonu,,ABDULLAH UYANIK,SALİH ARDA UNUL,BERK KURTULMUŞ,HAKAN AK,ÖZGEN KIRKIŞ,AYSEL GÜNER,HÜLYA DOĞAN,ÖMER FARUK KOCA,90. Yıl Spor Salonu
12.12.2020,15:00,2BA3484,02. Hafta,FERHATOĞLU EDREMİT BELEDİYESİ GÜRESPOR,84 - 71,MENEMEN BELEDİYESİ KARŞIYAKA ÇARŞI KOLEJİ,,BALIKESİR,Edremit Spor Salonu,Youtube / TBF TV,ELİF İNCİ,SALİH ÖZYURT,ASLI KOÇAK,MURAT KARTAL,NESLİHAN ÇOBAN,MUSA ÇALIŞKAN,ALEV GÜLAÇTI,IŞIL ÖZKAN,Edremit Spor Salonu
12.12.2020,16:00,2BA3489,02. Hafta,İSTANBUL ÜNİVERSİTESİ,81 - 65,MERSİN ÜNİVERSİTESİ MERSİN BÜYÜKŞEHİR BELEDİYESİ GSK,,İSTANBUL,Şehit Mustafa Özel Spor Kompleksi,,ÖZKAN TALO,AHMET TAYLAN ÖZTÜRK,DOĞU BERK İNNAL,HURŞİT CEM AKAN,MURAT SEVGİL,GÖKHAN BAŞARAN,MEHMET KAPUCU,AYGÜN SEVGİL,Şehit Mustafa Özel Spor Kompleksi
12.12.2020,16:00,2BA3482,02. Hafta,EMLAK KONUT,83 - 60,ÇEŞME BASKETBOL,,İSTANBUL,Ahmet Cömert Spor Salonu,Youtube / TBF TV,SALİH SERKAN KOÇAK,BURAK MERT DEMİRTAŞ,NURİ DİLMEN,ÖMER KESKİN,MURAT ÖZKAN,OSMAN AŞIK,SERDAR ERHAN,ALİ MALÇOK,Ahmet Cömert Spor Salonu
13.12.2020,16:30,2BA3483,02. Hafta,BOTAŞ GELİŞİM,52 - 70,FENERBAHÇE GELİŞİM,,ANKARA,Ankara Dsi Etlik Spor Salonu,Youtube / TBF TV,METİN AKSOYAK,MELİKŞAH MERCAN,OZAN GÜNDÜZ,MEHMET KAŞİF BATTAL,ARZU ÖKSÜZ,İSMAİL FULSER,BETÜL BÜLBÜL,SİBEL FAZLIOĞLU,Ankara Dsi Etlik Spor Salonu
13.12.2020,17:30,2BA3486,02. Hafta,CEYHAN BELEDİYESİ,53 - 60,URLA BELEDİYESİ,,ADANA,Menderes Spor Salonu,,AHMET BASRİ YILDIZ,EREN KILINÇ,GÜRKAN DEMİR,YUSUF BÜYÜKFİDAN,CUMALİ TOSUN,HÜLYA ÖZKAN,CUMALİ BEKTAŞ,BURAK SEZEN,Menderes Spor Salonu
18.12.2020,18:00,2BA3494,03. Hafta,URLA BELEDİYESİ,70 - 67,YALOVA VİP,,İZMİR,12 Eylül Spor Salonu,,METİN EROL,OKAN MUHAMMET ANLATICI,MEHMET BOZKURT,MURAT MISIRLI,YELİZ SEZEN,SİNEM BİRTÜRK,SENEM ARIN KOCATÜRK,CEREN BARAN,12 Eylül Spor Salonu
18.12.2020,18:30,2BA3491,03. Hafta,FENERBAHÇE GELİŞİM,55 - 57,FERHATOĞLU EDREMİT BELEDİYESİ GÜRESPOR,,İSTANBUL,Fenerbahçe Metro Enerji Spor Salonu,,MUSTAFA TOPALOĞLU,MUSTAFA ÇELTİKER,ABDURRAHMAN AYDOĞDU,BURAK DEMİR,FATMA GÖK,ESER FIRIL,TUĞBA DURNAOĞLU,İREM KESKİN,Fenerbahçe Metro Enerji Spor Salonu
19.12.2020,14:00,2BA3490,03. Hafta,ÇEŞME BASKETBOL,79 - 66,BOTAŞ GELİŞİM,,İZMİR,ATATÜRK Çeşme Spor Salonu,,AHMET KÖSE,OKAN BERK TUNÇEL,TARIK ARAZ,GÖRKEM BIÇAKCIOĞLU,CEYDA SARICA KUZU,ALİ DEVECİ,FATİH ÖZEN,MESUT KARABULUT,ATATÜRK Çeşme Spor Salonu
19.12.2020,14:00,2BA3496,03. Hafta,ANTALYA 07 BASKETBOL,88 - 73,MERSİN ÜNİVERSİTESİ MERSİN BÜYÜKŞEHİR BELEDİYESİ GSK,,ANTALYA,Akdeniz Üni. Gazi Mustafa Kemal Spor Salonu,,AHMET TUNCA EVCİL,MUSTAFA SELÇUK,ÜNAL GÜNDOĞDU,METE BULUT,KEZİBAN KARTCA,SEVCAN CELİL,MÜZEYYEN TÜRKCAN,NASUH ÜZER,Akdeniz Üni. Gazi Mustafa Kemal Spor Salonu
19.12.2020,16:00,2BA3493,03. Hafta,GLOBAL CONNECT TRAVEL DÜZCE,82 - 81,CEYHAN BELEDİYESİ,,DÜZCE,Kalıcı Konutlar Merkez Spor Salonu,Youtube / TBF TV,NİHAT KARA,ÖMER SARI,BERK KURTULMUŞ,ZAFER ÖZGÜN,UFUK DOĞANAY,MERTCAN AKGÜL,GÜVEN AKSOY,EYÜP ESEN,Kalıcı Konutlar Merkez Spor Salonu
19.12.2020,17:00,2BA3497,03. Hafta,EMLAK KONUT,92 - 58,İSTANBUL ÜNİVERSİTESİ,,İSTANBUL,Ahmet Cömert Spor Salonu,Youtube / TBF TV,SÜLEYMAN EREN PEKDOĞAN,BURAK ERKAN,ALPEREN BAŞER,ELHAN ÜLGENER,DERYA ÖZTÜRK,GÖKHAN BAŞARAN,MURAT SEVGİL,NEŞE KIRAN,Ahmet Cömert Spor Salonu
20.12.2020,14:00,2BA3495,03. Hafta,BODRUM KARYA,61 - 91,BURSA BÜYÜKŞEHİR BELEDİYESPOR,,MUĞLA,Bodrum Binnaz Karakaya Spor Salonu,,AHMET OĞUZHAN CİRİT,MERT KAYALI,KADİR GİRAY ESEN,EMRE BAŞA,ALİ BEŞİROĞLU,HÜSEYİN EŞKİ,EMRE TURAN,SÜLEYMAN ALPER YILDIZ,Bodrum Binnaz Karakaya Spor Salonu
23.12.2020,14:00,2BA3503,04. Hafta,MERSİN ÜNİVERSİTESİ MERSİN BÜYÜKŞEHİR BELEDİYESİ GSK,71 - 90,BODRUM KARYA,,MERSİN,Mersin Üniversitesi Spor Salonu,,AHMET BASRİ YILDIZ,HİKMET FEN,AHMET MALİK ŞAN,MUHAMMED DİYAÜDDİN SAĞIR,VİLDAN KÖROĞLU EZER,MEHMET ALİ ÖNCÜ,FATMA ITIR ÖNCEL,CANER SERTEL,Mersin Üniversitesi Spor Salonu
23.12.2020,14:30,2BA3501,04. Hafta,YALOVA VİP,78 - 61,GLOBAL CONNECT TRAVEL DÜZCE,,YALOVA,90. Yıl Spor Salonu,,MUSTAFA BAŞTÜRK,DERYA ÇELİK,METEHAN ALAÇAM,HAKAN AK,EMİNE AK,AYSEL GÜNER,ÖZGEN KIRKIŞ,TAYFUN CAN DEMİR,90. Yıl Spor Salonu
23.12.2020,15:00,2BA3498,04. Hafta,FERHATOĞLU EDREMİT BELEDİYESİ GÜRESPOR,68 - 61,ÇEŞME BASKETBOL,,BALIKESİR,Edremit Spor Salonu,Youtube / TBF TV,ÖMER SARI,FATİH ERDOĞAN,ALİ RIZA PİNAT,ELA ONAT,MUSA ÇALIŞKAN,GAMZE ATİLA,IŞIL ÖZKAN,ESİN ÖZSÜRMELİ,Edremit Spor Salonu
23.12.2020,17:00,2BA3504,04. Hafta,İSTANBUL ÜNİVERSİTESİ,59 - 80,ANTALYA 07 BASKETBOL,,İSTANBUL,Şehit Mustafa Özel Spor Kompleksi,,SİBEL KOÇ,BURAK AKTAŞ,YARKIN KESKİN,FİRDEVS EBRU ONARAN,TUĞÇE KAYA,BİROL ÖZDAL,REMZİ KILIÇ,MEHMET KAPUCU,Şehit Mustafa Özel Spor Kompleksi
23.12.2020,18:00,2BA3505,04. Hafta,BOTAŞ GELİŞİM,50 - 66,EMLAK KONUT,,ANKARA,Ankara Dsi Etlik Spor Salonu,Youtube / TBF TV,AHMET BİLAL ÖZTÜRK,SERAY AK,ENES DURAN,HALDUN KUNT,SİMAY ÇAKMAK,FATİH ŞEN,ARZU ÖKSÜZ,FATMA ÇELİK,Ankara Dsi Etlik Spor Salonu
23.12.2020,18:00,2BA3502,04. Hafta,BURSA BÜYÜKŞEHİR BELEDİYESPOR,75 - 50,URLA BELEDİYESİ,,BURSA,Yıldırım Şahin Başol Spor Kompleksi,Youtube / TBF TV,SEZER BOR,ÇAĞLAR ÖZKAN,NAGEHAN ŞEYDA KURDEN AKTAŞ,ATİF AL,GÜLŞEN MÜGE KAHRAMAN,TEOMAN ÖYLEK,HİLAL YÜKSEL TERCAN,ESRA AL,Yıldırım Şahin Başol Spor Kompleksi
30.12.2020,14:30,2BA3500,04. Hafta,CEYHAN BELEDİYESİ,61 - 60,MENEMEN BELEDİYESİ KARŞIYAKA ÇARŞI KOLEJİ,,ADANA,Menderes Spor Salonu,,SAMET BİNER,HASAN MESUT DEMİR,İBRAHİM BARIŞ ERDOLU,YEŞİM ATUŞ KARAGÖZ,ERTUĞRUL BÜYÜKCE,EMİNE NUR ÖNCÜ,GÜLŞAH GÜLER SEZEN,AZİZ KAAN KARAT,Menderes Spor Salonu
26.12.2020,14:00,2BA3507,05. Hafta,FENERBAHÇE GELİŞİM,64 - 53,CEYHAN BELEDİYESİ,,İSTANBUL,Fenerbahçe Metro Enerji Spor Salonu,,SALİH SERKAN KOÇAK,ERDOĞAN ÇELEBİ,GÜNEY BİRLİK,HÜSEYİN OSMAN BÜYÜKGÖKSU,EDA ELFİDAN,ECE DİKMENLİ,TOLGAY ÖZCAN,TİMUR TOPUZ,Fenerbahçe Metro Enerji Spor Salonu
26.12.2020,14:00,2BA3510,05. Hafta,URLA BELEDİYESİ,100 - 51,MERSİN ÜNİVERSİTESİ MERSİN BÜYÜKŞEHİR BELEDİYESİ GSK,,İZMİR,12 Eylül Spor Salonu,,SÜLEYMAN EREN PEKDOĞAN,SALİH ARDA UNUL,UĞUR YÜKSEL,MURAT MISIRLI,EMİNE KALKAN,HALİL TEPEBAĞ,MUSTAFA MESCİ,GÜNAY ALPUĞUZ,12 Eylül Spor Salonu
26.12.2020,16:00,2BA3508,05. Hafta,MENEMEN BELEDİYESİ KARŞIYAKA ÇARŞI KOLEJİ,53 - 67,YALOVA VİP,,İZMİR,Vali Hüseyin Öğütcen Spor Salonu,,SONER ÖZAYDOĞAN,FIRAT ATAR,HASAN KAMİL TAKINYALIOĞLU,FAYSAL AYDEMİR,BETÜL AKDOĞAN,DİLEK KESGİN,ANIL DOĞAN,ONUR BURAK,Vali Hüseyin Öğütcen Spor Salonu
26.12.2020,17:30,2BA3512,05. Hafta,EMLAK KONUT,90 - 77,FERHATOĞLU EDREMİT BELEDİYESİ GÜRESPOR,,İSTANBUL,Ahmet Cömert Spor Salonu,Youtube / TBF TV,MURAT GENÇ,AHMET KÖSE,ALMİNA KOCABAŞ,GÖZDE ERSÖZ,EROL TAHTAKESEN,MURAT ÖZKAN,SERDAR ERHAN,REMZİ KILIÇ,Ahmet Cömert Spor Salonu
27.12.2020,14:00,2BA3511,05. Hafta,BODRUM KARYA,67 - 74,ANTALYA 07 BASKETBOL,,MUĞLA,Bodrum Binnaz Karakaya Spor Salonu,,DORUKHAN KALYONCU,BURAK DURMUŞ,TOLGA AKKUŞOĞLU,MEHMET DURU,HÜSEYİN EŞKİ,SÜLEYMAN ALPER YILDIZ,NEVİN YAVAŞ ERTUĞRUL,BEYZA GÜLŞEN,Bodrum Binnaz Karakaya Spor Salonu
27.12.2020,16:00,2BA3509,05. Hafta,GLOBAL CONNECT TRAVEL DÜZCE,47 - 90,BURSA BÜYÜKŞEHİR BELEDİYESPOR,,DÜZCE,Kalıcı Konutlar Merkez Spor Salonu,Youtube / TBF TV,METİN AKSOYAK,SEZER BOR,UĞUR AKYILDIZ,ÖNDER ŞENEL,ONUR OROÇ,MERTCAN AKGÜL,GÜLNİHAL ERDEM,MURAT ORHAN,Kalıcı Konutlar Merkez Spor Salonu
27.12.2020,16:30,2BA3513,05. Hafta,BOTAŞ GELİŞİM,82 - 52,İSTANBUL ÜNİVERSİTESİ,,ANKARA,Ankara Dsi Etlik Spor Salonu,Youtube / TBF TV,KAMİL ALOK,HAKAN ÇETİN,OSMAN CAN GÜNDOĞDU,FİLİZ ÖGET,FATMA ÇELİK,SİNA KÜÇÜKDİLEK,PELİN KUZU,MEHMET AKİF CUMHURLU,Ankara Dsi Etlik Spor Salonu
2.01.2021,14:00,2BA3517,06. Hafta,MERSİN ÜNİVERSİTESİ MERSİN BÜYÜKŞEHİR BELEDİYESİ GSK,79 - 65,GLOBAL CONNECT TRAVEL DÜZCE,,MERSİN,Mersin Üniversitesi Spor Salonu,,ORÇUN AKGÜL,BEYHAN ERBİLGİN,BERK BEŞGEN,MUHAMMED DİYAÜDDİN SAĞIR,RABİA YILDIZ ÖZTÜRK,MEHMET ALİ ÖNCÜ,FATMA ITIR ÖNCEL,LEVENT YORULMAZ,Mersin Üniversitesi Spor Salonu
2.01.2021,14:00,2BA3515,06. Hafta,YALOVA VİP,51 - 59,FENERBAHÇE GELİŞİM,,YALOVA,90. Yıl Spor Salonu,,NİHAT KARA,MELİKŞAH MERCAN,MERT KAYALI,ALPER ERİN,ELMAS DEMİREL AYDEMİR,MERVE ÖNADIM,ÖZGEN KIRKIŞ,TAYFUN CAN DEMİR,90. Yıl Spor Salonu
2.01.2021,14:00,2BA3516,06. Hafta,BURSA BÜYÜKŞEHİR BELEDİYESPOR,93 - 35,MENEMEN BELEDİYESİ KARŞIYAKA ÇARŞI KOLEJİ,,BURSA,Yıldırım Şahin Başol Spor Kompleksi,Youtube / TBF TV,SERHAT DÜLGER,DERYA ÇELİK,YUNUS EMRE ALICI,MACİT ZEREN,SUELNUR ÇELİK,ADEM ÇATALKAŞ,SABRİYE ERKAPLAN,ESRA AL,Yıldırım Şahin Başol Spor Kompleksi
2.01.2021,14:00,2BA3518,06. Hafta,ANTALYA 07 BASKETBOL,88 - 72,URLA BELEDİYESİ,,ANTALYA,Akdeniz Üni. Gazi Mustafa Kemal Spor Salonu,,AHMET TUNCA EVCİL,AYGÜN AKGÜL,ERKMEN KAYA,MERT ELMA,NİLÜFER GÖK AKDAĞ,TANSU BOZOK,SEZEN AKSU,HALİL ERDOĞAN,Akdeniz Üni. Gazi Mustafa Kemal Spor Salonu
2.01.2021,15:00,2BA3521,06. Hafta,FERHATOĞLU EDREMİT BELEDİYESİ GÜRESPOR,90 - 72,BOTAŞ GELİŞİM,,BALIKESİR,Edremit Spor Salonu,Youtube / TBF TV,HAVVA MİRHAN ATEŞER,SABRİ GÜNDÜZ,ONUR AÇIKYÜZ,SERKAN İNCE,ERCAN ÇAVUŞOĞLU,MERT TELLİBAYRAKTAR,GÜRBÜZ KOÇOĞLU,METİN IŞIK,Edremit Spor Salonu
2.01.2021,16:00,2BA3519,06. Hafta,İSTANBUL ÜNİVERSİTESİ,76 - 85,BODRUM KARYA,,İSTANBUL,Şehit Mustafa Özel Spor Kompleksi,,ESRA YILDIZ,AHMET BİLAL ÖZTÜRK,NUR AKÇA,GÖZDE ERSÖZ,MURAT SEVGİL,GÖKHAN BAŞARAN,REMZİ KILIÇ,ERMAN YÜCEL,Şehit Mustafa Özel Spor Kompleksi
3.01.2021,18:00,2BA3514,06. Hafta,CEYHAN BELEDİYESİ,63 - 101,ÇEŞME BASKETBOL,,ADANA,Menderes Spor Salonu,,KAMİL TALHA OLGUN,SAMET BİNER,ALİ BARAN TECİRLİ,YEŞİM ATUŞ KARAGÖZ,CANSU DİKİLİTAŞ,MUSTAFA ERDİNÇ,BUKET SEZEN,CUMALİ TOSUN,Menderes Spor Salonu
5.01.2021,14:00,2BA3524,07. Hafta,MENEMEN BELEDİYESİ KARŞIYAKA ÇARŞI KOLEJİ,55 - 47,MERSİN ÜNİVERSİTESİ MERSİN BÜYÜKŞEHİR BELEDİYESİ GSK,,İZMİR,Vali Hüseyin Öğütcen Spor Salonu,,MURAT GENÇ,SİBEL KOÇ,AYGÜN AKGÜL,FAYSAL AYDEMİR,YELİZ SEZEN,OSMAN ARKIN BARUTCU,EBRU DIVRAK,İLAYDA DİNÇEL,Vali Hüseyin Öğütcen Spor Salonu
5.01.2021,18:00,2BA3526,07. Hafta,URLA BELEDİYESİ,79 - 56,BODRUM KARYA,,İZMİR,12 Eylül Spor Salonu,,MUSTAFA TOPALOĞLU,FATMA ÖZTÜRK,BURAK ERKAN,MURAT MISIRLI,HALDUN TAŞKAVAK,MEHMET AKINCI,EMİNE KALKAN,CEREN BARAN,12 Eylül Spor Salonu
5.01.2021,18:30,2BA3523,07. Hafta,FENERBAHÇE GELİŞİM,71 - 72,BURSA BÜYÜKŞEHİR BELEDİYESPOR,,İSTANBUL,Fenerbahçe Metro Enerji Spor Salonu,,ESRA YILDIZ,ALPER TACETTİN,ALİHAN CİVELEK,SAVAŞ BAYRAM ERTÜRK,ALTAN CANDAN,ESER FIRIL,ECE DİKMENLİ,YEŞİM ÖZCAN ÖZTÜRK,Fenerbahçe Metro Enerji Spor Salonu
6.01.2021,15:00,2BA3529,07. Hafta,FERHATOĞLU EDREMİT BELEDİYESİ GÜRESPOR,82 - 65,İSTANBUL ÜNİVERSİTESİ,,BALIKESİR,Edremit Spor Salonu,Youtube / TBF TV,DORUKHAN KALYONCU,SAMET TEKİN,ALİ RIZA PİNAT,ELA ONAT,GAMZE ATİLA,ESİN ÖZSÜRMELİ,MERVE TELLİBAYRAKTAR,IŞIL ÖZKAN,Edremit Spor Salonu
6.01.2021,16:00,2BA3522,07. Hafta,ÇEŞME BASKETBOL,78 - 73,YALOVA VİP,,İZMİR,ATATÜRK Çeşme Spor Salonu,,ÖZKAN TALO,FURKAN KESERATAR,BARIŞ BURAK DURMUŞ,GÖRKEM BIÇAKCIOĞLU,HURİYE BUDAK,FATMA DÖNMEZ,İBRAHİM SERT,HAKAN DÖNMEZ,ATATÜRK Çeşme Spor Salonu
6.01.2021,16:00,2BA3527,07. Hafta,EMLAK KONUT,95 - 46,CEYHAN BELEDİYESİ,,İSTANBUL,Ahmet Cömert Spor Salonu,Youtube / TBF TV,SERHAT DÜLGER,TAYLAN KAYA,FURKAN  SÖYLEMEZOĞLU,GÖZDE ERSÖZ,TUĞÇE KAYA,ESİN MÜEZZİNOĞLU,ASİYE MERVE OĞUR,MEHMET KAPUCU,Ahmet Cömert Spor Salonu
6.01.2021,17:00,2BA3525,07. Hafta,GLOBAL CONNECT TRAVEL DÜZCE,64 - 87,ANTALYA 07 BASKETBOL,,DÜZCE,Kalıcı Konutlar Merkez Spor Salonu,Youtube / TBF TV,BARAN AVŞAR,BURAK AKTAŞ,BERK YÜCEL,UĞUR ERHAN DEDEŞAH,TANSU PERÇİN,EMRE ARSLAN,RABİA YILDIZ ÖZTÜRK,EYÜP ESEN,Kalıcı Konutlar Merkez Spor Salonu
8.01.2021,14:00,2BA3531,08. Hafta,MERSİN ÜNİVERSİTESİ MERSİN BÜYÜKŞEHİR BELEDİYESİ GSK,62 - 60,FENERBAHÇE GELİŞİM,,MERSİN,Mersin Üniversitesi Spor Salonu,,MEHMET BURAK ANLATICI,MUSTAFA AKSOY,ZEYNETTİN BİNÇ,SERKAN SU,RABİA YILDIZ ÖZTÜRK,BETÜL ÖZCAN,ŞÜKRÜ SITKI,LEVENT YORULMAZ,Mersin Üniversitesi Spor Salonu
9.01.2021,14:00,2BA3533,08. Hafta,BODRUM KARYA,87 - 84,GLOBAL CONNECT TRAVEL DÜZCE,,MUĞLA,Bodrum Binnaz Karakaya Spor Salonu,,AHMET TUNCA EVCİL,SERAY AK,MESUT ÇINAR,EMRE BAŞA,ALİ BEŞİROĞLU,TUNCER FİKRİ ERTUĞRUL,ORHAN SELÇUK,EMRE TURAN,Bodrum Binnaz Karakaya Spor Salonu
9.01.2021,14:00,2BA3530,08. Hafta,BURSA BÜYÜKŞEHİR BELEDİYESPOR,101 - 41,ÇEŞME BASKETBOL,,BURSA,Yıldırım Şahin Başol Spor Kompleksi,Youtube / TBF TV,HAVVA MİRHAN ATEŞER,UĞUR AKYILDIZ,FATİH OĞUZHAN,ATİF AL,GÜLŞEN MÜGE KAHRAMAN,BERNA EKBİÇ,HİLAL YÜKSEL TERCAN,ESRA AL,Yıldırım Şahin Başol Spor Kompleksi
9.01.2021,14:30,2BA3535,08. Hafta,YALOVA VİP,53 - 56,EMLAK KONUT,,YALOVA,90. Yıl Spor Salonu,,ABDULLAH UYANIK,HASAN KAMİL TAKINYALIOĞLU,GÖZDE KAFADAR,ALPER ERİN,ELMAS DEMİREL AYDEMİR,MERVE ÖNADIM,NAZMİYE BIYIKOĞLU,TAYFUN CAN DEMİR,90. Yıl Spor Salonu
9.01.2021,16:00,2BA3534,08. Hafta,İSTANBUL ÜNİVERSİTESİ,59 - 67,URLA BELEDİYESİ,,İSTANBUL,Şehit Mustafa Özel Spor Kompleksi,,GÖNENÇ ÇETİN,SELENA GAMZE ÖGET ÇERÇİ,KUBİLAY SERDAR DURAN,HÜSEYİN OSMAN BÜYÜKGÖKSU,DERYA ÖZTÜRK,YÜCEL FIRAT,VEDAT SAVAŞ,AYGÜN SEVGİL,Şehit Mustafa Özel Spor Kompleksi
10.01.2021,14:00,2BA3532,08. Hafta,ANTALYA 07 BASKETBOL,82 - 41,MENEMEN BELEDİYESİ KARŞIYAKA ÇARŞI KOLEJİ,,ANTALYA,Akdeniz Üni. Gazi Mustafa Kemal Spor Salonu,,FATİH EVLİ,BURAK PEHLİVAN,ATAKAN KOLCU,MERT ELMA,FATMA MAFACAN,SEVCAN CELİL,ELİF KÜBRA TÜRKCAN,ERKAN BÜDÜN,Akdeniz Üni. Gazi Mustafa Kemal Spor Salonu
10.01.2021,18:00,2BA3536,08. Hafta,CEYHAN BELEDİYESİ,52 - 77,BOTAŞ GELİŞİM,,ADANA,Menderes Spor Salonu,,HİKMET FEN,RABİHA TANK,VEYSEL ASLAN,AHMET ÖZKAN,DENİZ ORGÜN,HÜLYA ÖZKAN,DİDEM YALANCA,BETÜL YENİSU,Menderes Spor Salonu
15.01.2021,16:00,2BA3540,09. Hafta,MENEMEN BELEDİYESİ KARŞIYAKA ÇARŞI KOLEJİ,75 - 55,BODRUM KARYA,,İZMİR,Vali Hüseyin Öğütcen Spor Salonu,,HAVVA MİRHAN ATEŞER,DOĞU BERK İNNAL,TAYLAN KAYA,MURAT MISIRLI,FATMA DÖNMEZ,İLAYDA DİNÇEL,MEHMET AKINCI,HAKAN DÖNMEZ,Vali Hüseyin Öğütcen Spor Salonu
15.01.2021,18:30,2BA3539,09. Hafta,FENERBAHÇE GELİŞİM,70 - 74,ANTALYA 07 BASKETBOL,,İSTANBUL,Fenerbahçe Metro Enerji Spor Salonu,,UĞUR ÇETİNEL,BATUHAN MERT GÜL,MUSTAFA GÜRHAN SOYSAL,BURAK DEMİR,TUĞBA DURNAOĞLU,GÜLTEKİN KABAŞ,OSMAN OKUDAN,DEMET ULUCUTSOY,Fenerbahçe Metro Enerji Spor Salonu
16.01.2021,14:00,2BA3538,09. Hafta,ÇEŞME BASKETBOL,76 - 79,MERSİN ÜNİVERSİTESİ MERSİN BÜYÜKŞEHİR BELEDİYESİ GSK,,İZMİR,ATATÜRK Çeşme Spor Salonu,,CANER BAHADIR,ALPEREN BAŞER,FATMA ÖZTÜRK,MEHMET AKİF KARAGÖZ,CEYDA SARICA KUZU,ALİ DEVECİ,ZEYNEP GÖRÜMLÜ,MESUT KARABULUT,ATATÜRK Çeşme Spor Salonu
16.01.2021,15:00,2BA3544,09. Hafta,FERHATOĞLU EDREMİT BELEDİYESİ GÜRESPOR,100 - 70,CEYHAN BELEDİYESİ,,BALIKESİR,Edremit Spor Salonu,Youtube / TBF TV,MUSTAFA TOPALOĞLU,OKAN GÜNGÖR,OSMAN YETİŞKİN,SERKAN İNCE,ERCAN ÇAVUŞOĞLU,MERT TELLİBAYRAKTAR,GÜRBÜZ KOÇOĞLU,METİN IŞIK,Edremit Spor Salonu
16.01.2021,16:00,2BA3541,09. Hafta,GLOBAL CONNECT TRAVEL DÜZCE,82 - 75,URLA BELEDİYESİ,,DÜZCE,Kalıcı Konutlar Merkez Spor Salonu,Youtube / TBF TV,ÇETİN ARTAN,HEYBET NASIROĞLU,CELAL GÖRMÜŞ,MEHMET KAŞİF BATTAL,ONUR OROÇ,EMRE ARSLAN,ANIL ÖZTÜRK,MURAT ORHAN,Kalıcı Konutlar Merkez Spor Salonu
16.01.2021,16:00,2BA3542,09. Hafta,EMLAK KONUT,68 - 86,BURSA BÜYÜKŞEHİR BELEDİYESPOR,,İSTANBUL,Ahmet Cömert Spor Salonu,Youtube / TBF TV,METİN AKSOYAK,SALİH ACAR,ALPER CAN BOZYEL,GÖZDE ERSÖZ,BERK MERT,CEYDA KAPKAÇ,REMZİ KILIÇ,NEŞE KIRAN,Ahmet Cömert Spor Salonu
17.01.2021,16:30,2BA3543,09. Hafta,BOTAŞ GELİŞİM,73 - 82,YALOVA VİP,,ANKARA,Ankara Dsi Etlik Spor Salonu,Youtube / TBF TV,ABDULLAH UYANIK,ERSEL BÜYÜKKARA,ALİ BARAN TECİRLİ,FİLİZ ÖGET,FUNDA KONCA,TUNCER ULUŞEKER,KAMİL TOSUN,BİLAL UZGÖREN,Ankara Dsi Etlik Spor Salonu
19.01.2021,14:00,2BA3550,10. Hafta,MERSİN ÜNİVERSİTESİ MERSİN BÜYÜKŞEHİR BELEDİYESİ GSK,67 - 75,EMLAK KONUT,,MERSİN,Mersin Üniversitesi Spor Salonu,,ÖZKAN ÇAĞLAYAN,ERCAN BOZDOĞAN,YAKUP BUTASIM,SİBEL KANIK,SABAHİTTİN KAZAN,LEVENT YORULMAZ,MEHMET ALİ ÖNCÜ,ŞÜKRÜ SITKI,Mersin Üniversitesi Spor Salonu
19.01.2021,14:00,2BA3547,10. Hafta,BODRUM KARYA,86 - 82,FENERBAHÇE GELİŞİM,,MUĞLA,Bodrum Binnaz Karakaya Spor Salonu,,AHMET BİLAL ÖZTÜRK,KADİR GİRAY ESEN,GÖKHAN EĞLENOĞLU,MEHMET DURU,HÜSEYİN EŞKİ,SÜLEYMAN ALPER YILDIZ,BEYZA GÜLŞEN,ORHAN SELÇUK,Bodrum Binnaz Karakaya Spor Salonu
19.01.2021,18:00,2BA3548,10. Hafta,URLA BELEDİYESİ,52 - 64,MENEMEN BELEDİYESİ KARŞIYAKA ÇARŞI KOLEJİ,,İZMİR,12 Eylül Spor Salonu,,BURAK DURMUŞ,FATİH ERDOĞAN,MERT KAYALI,FAYSAL AYDEMİR,EMİNE KALKAN,SİNEM BİRTÜRK,CEREN BARAN,GÜLÇİN AKIN,12 Eylül Spor Salonu
20.01.2021,14:00,2BA3552,10. Hafta,YALOVA VİP,53 - 59,FERHATOĞLU EDREMİT BELEDİYESİ GÜRESPOR,,BURSA,Yıldırım Şahin Başol Spor Kompleksi,Youtube / TBF TV,ELİF İNCİ,SALİH SERKAN KOÇAK,ALİ CAN YILMAZ,EBRU ÖZTAŞKIRAN,AYÇA ÜNLÜ,TEOMAN ÖYLEK,GÜLŞEN MÜGE KAHRAMAN,ESRA AL,Yıldırım Şahin Başol Spor Kompleksi
20.01.2021,14:00,2BA3546,10. Hafta,ANTALYA 07 BASKETBOL,89 - 72,ÇEŞME BASKETBOL,,ANTALYA,Akdeniz Üni. Gazi Mustafa Kemal Spor Salonu,,ÖMER KALAYDIN,YASİN AK,ABDULLAH SERGEN ÇAKICI,METE BULUT,SEZEN AKSU,NESLİHAN SÜTLÜ,MÜZEYYEN TÜRKCAN,ELAY ARICAN,Akdeniz Üni. Gazi Mustafa Kemal Spor Salonu
20.01.2021,17:00,2BA3549,10. Hafta,İSTANBUL ÜNİVERSİTESİ,59 - 63,GLOBAL CONNECT TRAVEL DÜZCE,,İSTANBUL,Şehit Mustafa Özel Spor Kompleksi,,NİHAT KARA,ANIL HAMİT SAYAR,BARIŞ TURGUT,ELHAN ÜLGENER,MURAT ÖZKAN,YUNUS EMRE SEVER,ASİYE MERVE OĞUR,AYGÜN SEVGİL,Şehit Mustafa Özel Spor Kompleksi
20.01.2021,18:00,2BA3551,10. Hafta,BURSA BÜYÜKŞEHİR BELEDİYESPOR,65 - 52,BOTAŞ GELİŞİM,,BURSA,Yıldırım Şahin Başol Spor Kompleksi,Youtube / TBF TV,HALUK YAKIN,BURAK MERT DEMİRTAŞ,EMRE YELDAŞ,MUSTAFA DURGUT,AYÇA ÜNLÜ,TEOMAN ÖYLEK,GÜLŞEN MÜGE KAHRAMAN,ESRA AL,Yıldırım Şahin Başol Spor Kompleksi
22.01.2021,16:00,2BA3555,11. Hafta,FENERBAHÇE GELİŞİM,85 - 80,URLA BELEDİYESİ,,İSTANBUL,Fenerbahçe Metro Enerji Spor Salonu,,MUSTAFA BAŞTÜRK,DERYA ÇELİK,NAGEHAN ŞEYDA KURDEN AKTAŞ,ÖMER KESKİN,ZEHRA AKAN,EBRU ULUDOĞAN,MURAT GÜRKAN,OSMAN OKUDAN,Fenerbahçe Metro Enerji Spor Salonu
23.01.2021,14:00,2BA3554,11. Hafta,ÇEŞME BASKETBOL,78 - 74,BODRUM KARYA,,İZMİR,ATATÜRK Çeşme Spor Salonu,,SALİH ARDA UNUL,NUR AKÇA,BERK KURTULMUŞ,FAYSAL AYDEMİR,İLAYDA DİNÇEL,OSMAN ARKIN BARUTCU,ANIL DOĞAN,ŞAHİN ŞANLI,ATATÜRK Çeşme Spor Salonu
23.01.2021,14:00,2BA3558,11. Hafta,BOTAŞ GELİŞİM,66 - 71,MERSİN ÜNİVERSİTESİ MERSİN BÜYÜKŞEHİR BELEDİYESİ GSK,,ANKARA,Ankara Dsi Etlik Spor Salonu,Youtube / TBF TV,DORUKHAN KALYONCU,GÖKHAN GÜRSOY,UĞUR YÜKSEL,HASAN GÜNGÖR,ŞERİFE YILMAZ,FATİH ŞEN,TUNCER ULUŞEKER,HÜSEYİN ÖKMEN,Ankara Dsi Etlik Spor Salonu
23.01.2021,15:00,2BA3559,11. Hafta,FERHATOĞLU EDREMİT BELEDİYESİ GÜRESPOR,60 - 85,BURSA BÜYÜKŞEHİR BELEDİYESPOR,,BALIKESİR,Edremit Spor Salonu,Youtube / TBF TV,MURAT AMAÇ,AHMET OĞUZHAN CİRİT,SEZER BOR,ELA ONAT,GAMZE ATİLA,ESİN ÖZSÜRMELİ,MERVE TELLİBAYRAKTAR,IŞIL ÖZKAN,Edremit Spor Salonu
23.01.2021,16:00,2BA3557,11. Hafta,EMLAK KONUT,84 - 78,ANTALYA 07 BASKETBOL,,İSTANBUL,Ahmet Cömert Spor Salonu,Youtube / TBF TV,AHMET BASRİ YILDIZ,METİN EROL,KADİR GİRAY ESEN,FİRDEVS EBRU ONARAN,GÜLİZ KONCA ADİLLER,ALİ MALÇOK,REMZİ KILIÇ,MELDA ÇAKIRCA,Ahmet Cömert Spor Salonu
23.01.2021,16:00,2BA3556,11. Hafta,MENEMEN BELEDİYESİ KARŞIYAKA ÇARŞI KOLEJİ,60 - 62,GLOBAL CONNECT TRAVEL DÜZCE,,İZMİR,Vali Hüseyin Öğütcen Spor Salonu,,SÜLEYMAN EREN PEKDOĞAN,UĞUR AKYILDIZ,ONUR AÇIKYÜZ,MEHMET AKİF KARAGÖZ,MURAT GEDİK,İBRAHİM SERT,EBRU AYDIN,KEMAL AYPARS,Vali Hüseyin Öğütcen Spor Salonu
24.01.2021,18:00,2BA3561,11. Hafta,CEYHAN BELEDİYESİ,53 - 66,İSTANBUL ÜNİVERSİTESİ,,ADANA,Menderes Spor Salonu,,EREN KILINÇ,ALMİNA KOCABAŞ,MEHMET BARUT,AHMET ÖZKAN,CANSU DİKİLİTAŞ,DENİZ ORGÜN,BETÜL AĞAR,AZİZ KAAN KARAT,Menderes Spor Salonu
29.01.2021,14:00,2BA3567,12. Hafta,MERSİN ÜNİVERSİTESİ MERSİN BÜYÜKŞEHİR BELEDİYESİ GSK,72 - 61,FERHATOĞLU EDREMİT BELEDİYESİ GÜRESPOR,,MERSİN,Mersin Üniversitesi Spor Salonu,Youtube / TBF TV,HALDUN ÇOBAN,ALİ CAN YILMAZ,MEHMET BATAK,MUHAMMED DİYAÜDDİN SAĞIR,SABAHİTTİN KAZAN,MEHMET ALİ ÖNCÜ,BEYHAN  AYÜSTÜN,ŞÜKRÜ SITKI,Mersin Üniversitesi Spor Salonu
29.01.2021,18:00,2BA3562,12. Hafta,URLA BELEDİYESİ,82 - 74,ÇEŞME BASKETBOL,,İZMİR,12 Eylül Spor Salonu,,BURAK İREM ÇELEBİ,AHMET OĞUZHAN CİRİT,KADİR GİRAY ESEN,FAYSAL AYDEMİR,YELİZ SEZEN,ONUR BURAK,MEHMET AKINCI,CEREN BARAN,12 Eylül Spor Salonu
30.01.2021,14:00,2BA3565,12. Hafta,BODRUM KARYA,62 - 68,EMLAK KONUT,,MUĞLA,Bodrum Binnaz Karakaya Spor Salonu,,AHMET BİLAL ÖZTÜRK,SERAY AK,TAYLAN ÖZGÜR ÜLTEN,MEHMET DURU,ALİ BEŞİROĞLU,NEVİN YAVAŞ ERTUĞRUL,ORHAN SELÇUK,EVREN ERTOY,Bodrum Binnaz Karakaya Spor Salonu
30.01.2021,14:00,2BA3566,12. Hafta,ANTALYA 07 BASKETBOL,78 - 57,BOTAŞ GELİŞİM,,ANTALYA,Akdeniz Üni. Gazi Mustafa Kemal Spor Salonu,,MURAT AMAÇ,AHMET TAYLAN ÖZTÜRK,BERK KURTULMUŞ,MERT ELMA,MELEK AKAN,PELİN TOPCU,MÜMÜNE YEŞİL,FATMA MAFACAN,Akdeniz Üni. Gazi Mustafa Kemal Spor Salonu
30.01.2021,14:30,2BA3569,12. Hafta,YALOVA VİP,91 - 64,CEYHAN BELEDİYESİ,,YALOVA,90. Yıl Spor Salonu,,SAMET FIRAT SAVAŞ,HANİFE AYTÜL PİRİM,METİN ÜSTER,ALPER ERİN,ELMAS DEMİREL AYDEMİR,ÖMER FARUK KOCA,NAZMİYE BIYIKOĞLU,TAYFUN CAN DEMİR,90. Yıl Spor Salonu
30.01.2021,16:00,2BA3563,12. Hafta,GLOBAL CONNECT TRAVEL DÜZCE,70 - 74,FENERBAHÇE GELİŞİM,,DÜZCE,Kalıcı Konutlar Merkez Spor Salonu,Youtube / TBF TV,METİN AKSOYAK,AHMET OZANER KUTAY,MUSTAFA YAVUZ TAŞ,UĞUR ERHAN DEDEŞAH,UFUK DOĞANAY,MERTCAN AKGÜL,EYÜP ESEN,MERT CAN YAZGELDİ,Kalıcı Konutlar Merkez Spor Salonu
30.01.2021,16:00,2BA3564,12. Hafta,İSTANBUL ÜNİVERSİTESİ,75 - 67,MENEMEN BELEDİYESİ KARŞIYAKA ÇARŞI KOLEJİ,,İSTANBUL,Şehit Mustafa Özel Spor Kompleksi,,SALİH SERKAN KOÇAK,ASLI KOÇAK,OSMAN CAN GÜNDOĞDU,GÖZDE ERSÖZ,BERK MERT,TUTKU MELİS AYGÜN,EMRECAN ÇAKIRCA,OSMAN AŞIK,Şehit Mustafa Özel Spor Kompleksi
6.02.2021,14:30,2BA3577,13. Hafta,YALOVA VİP,87 - 69,İSTANBUL ÜNİVERSİTESİ,,YALOVA,90. Yıl Spor Salonu,,SİBEL KOÇ,METİN EROL,NAGEHAN ŞEYDA KURDEN AKTAŞ,HAKAN AK,ELMAS DEMİREL AYDEMİR,MERVE ÖNADIM,NAZMİYE BIYIKOĞLU,TAYFUN CAN DEMİR,90. Yıl Spor Salonu
6.02.2021,15:00,2BA3574,13. Hafta,FERHATOĞLU EDREMİT BELEDİYESİ GÜRESPOR,91 - 83,ANTALYA 07 BASKETBOL,,BALIKESİR,Edremit Spor Salonu,Youtube / TBF TV,UĞUR AKYILDIZ,FURKAN KESERATAR,UĞUR YÜKSEL,ELA ONAT,ALEV GÜLAÇTI,MUSA ÇALIŞKAN,HÜSEYİN GİRGİN,IŞIL ÖZKAN,Edremit Spor Salonu
6.02.2021,16:00,2BA3572,13. Hafta,EMLAK KONUT,57 - 39,URLA BELEDİYESİ,,İSTANBUL,Bayrampaşa Spor Salonu,Youtube / TBF TV,ELİF İNCİ,BURAK AKTAŞ,YARKIN KESKİN,FİRDEVS EBRU ONARAN,SERDAR ERHAN,AYGÜN SEVGİL,DERYA ÖZTÜRK,MURAT SEVGİL,Bayrampaşa Spor Salonu
6.02.2021,17:00,2BA3576,13. Hafta,CEYHAN BELEDİYESİ,60 - 74,BURSA BÜYÜKŞEHİR BELEDİYESPOR,,ADANA,Menderes Spor Salonu,,GÖZDE SANCAR,HASAN OK,GÜNDOĞAN ALİ BALABAN,YUSUF BÜYÜKFİDAN,MEHTAP TOSUN,ERTUĞRUL BÜYÜKCE,BUKET SEZEN,MUSTAFA ERDİNÇ,Menderes Spor Salonu
7.02.2021,14:00,2BA3570,13. Hafta,ÇEŞME BASKETBOL,72 - 75,GLOBAL CONNECT TRAVEL DÜZCE,,İZMİR,ATATÜRK Çeşme Spor Salonu,,TAHSİN ONUR BALSUN,HALUK YAKIN,SADETTİN BAYCAN,İLKE ORTAÇ ALATAN,CEYDA SARICA KUZU,ŞAHİN ŞANLI,ZEYNEP GÖRÜMLÜ,MESUT KARABULUT,ATATÜRK Çeşme Spor Salonu
7.02.2021,16:00,2BA3571,13. Hafta,FENERBAHÇE GELİŞİM,59 - 63,MENEMEN BELEDİYESİ KARŞIYAKA ÇARŞI KOLEJİ,,İSTANBUL,Fenerbahçe Metro Enerji Spor Salonu,,HAVVA MİRHAN ATEŞER,HANİFE AYTÜL PİRİM,FURKAN  SÖYLEMEZOĞLU,ÖMER KESKİN,BEGÜM SAVAŞ,SEDA İŞLER,SEHER KAZANÇ,EDA ELFİDAN,Fenerbahçe Metro Enerji Spor Salonu
7.02.2021,16:30,2BA3573,13. Hafta,BOTAŞ GELİŞİM,89 - 83,BODRUM KARYA,,ANKARA,Ankara Dsi Etlik Spor Salonu,Youtube / TBF TV,METİN AKSOYAK,ALPER GÖKÇEBEL,RECEP GÜRKAN ÖZKAN,HASAN GÜNGÖR,FUNDA KONCA,FATİH ŞEN,FATİH DEMİRCİ,SİMAY ÇAKMAK,Ankara Dsi Etlik Spor Salonu
10.02.2021,14:00,2BA3582,14. Hafta,BODRUM KARYA,80 - 76,FERHATOĞLU EDREMİT BELEDİYESİ GÜRESPOR,,MUĞLA,Bodrum Binnaz Karakaya Spor Salonu,,AHMET TUNCA EVCİL,BARIŞ BURAK DURMUŞ,TAYLAN KAYA,EMRE BAŞA,YÜKSEL BÜYÜKADA,NEVİN YAVAŞ ERTUĞRUL,ALİ BEŞİROĞLU,SEVGİ ÖZKAN,Bodrum Binnaz Karakaya Spor Salonu
10.02.2021,14:00,2BA3584,14. Hafta,MERSİN ÜNİVERSİTESİ MERSİN BÜYÜKŞEHİR BELEDİYESİ GSK,74 - 64,CEYHAN BELEDİYESİ,,MERSİN,Mersin Üniversitesi Spor Salonu,Youtube / TBF TV,HASAN MESUT DEMİR,HEYBET NASIROĞLU,VEYSEL ASLAN,TURGAY KÖROĞLU,MELDA KÖKLÜER,VİLDAN KÖROĞLU EZER,ZİYA ERTAŞ,ŞÜKRÜ SITKI,Mersin Üniversitesi Spor Salonu
10.02.2021,16:00,2BA3578,14. Hafta,MENEMEN BELEDİYESİ KARŞIYAKA ÇARŞI KOLEJİ,61 - 71,ÇEŞME BASKETBOL,,İZMİR,Vali Hüseyin Öğütcen Spor Salonu,,AHMET BİLAL ÖZTÜRK,EMRE YELDAŞ,FARUK MİLLİ,MURAT MISIRLI,BETÜL AKDOĞAN,DİLEK GEDİK HANGÜL,EBRU DIVRAK,ŞAHİN ŞANLI,Vali Hüseyin Öğütcen Spor Salonu
10.02.2021,17:00,2BA3579,14. Hafta,İSTANBUL ÜNİVERSİTESİ,55 - 66,FENERBAHÇE GELİŞİM,,İSTANBUL,Şehit Mustafa Özel Spor Kompleksi,,ÖMER KALAYDIN,FATMA ÖZTÜRK,ONUR AÇIKYÜZ,BURAK DEMİR,NEŞE KIRAN,ERMAN YÜCEL,YUNUS EMRE SEVER,OSMAN OKUDAN,Şehit Mustafa Özel Spor Kompleksi
10.02.2021,17:00,2BA3580,14. Hafta,GLOBAL CONNECT TRAVEL DÜZCE,46 - 75,EMLAK KONUT,,DÜZCE,Kalıcı Konutlar Merkez Spor Salonu,Youtube / TBF TV,ÖZKAN ÇAĞLAYAN,YAKUP BUTASIM,METEHAN ALAÇAM,ADNAN YAKUT,ONUR OROÇ,MERTCAN AKGÜL,GÜVEN AKSOY,EYÜP ESEN,Kalıcı Konutlar Merkez Spor Salonu
10.02.2021,18:00,2BA3585,14. Hafta,BURSA BÜYÜKŞEHİR BELEDİYESPOR,80 - 63,YALOVA VİP,,BURSA,Yıldırım Şahin Başol Spor Kompleksi,Youtube / TBF TV,SALİH SERKAN KOÇAK,GÜRKAN DEMİR,FATİH OĞUZHAN,RAMAZAN ÖYLEK,GÜLŞEN MÜGE KAHRAMAN,TEOMAN ÖYLEK,HİLAL YÜKSEL TERCAN,ESRA AL,Yıldırım Şahin Başol Spor Kompleksi
10.02.2021,18:00,2BA3581,14. Hafta,URLA BELEDİYESİ,70 - 56,BOTAŞ GELİŞİM,,İZMİR,12 Eylül Spor Salonu,,MELİKŞAH MERCAN,ABDURRAHMAN AYDOĞDU,ÇAĞLAR ÖZKAN,MEHMET AKİF KARAGÖZ,HİLAL TARIER,YELİZ SEZEN,İBRAHİM SERT,CEREN BARAN,12 Eylül Spor Salonu
13.02.2021,14:00,2BA3586,15. Hafta,ÇEŞME BASKETBOL,95 - 61,FENERBAHÇE GELİŞİM,,İZMİR,ATATÜRK Çeşme Spor Salonu,,ELİF İNCİ,OKAN BERK TUNÇEL,HÜSEYİN EMRE EROL,GÖRKEM BIÇAKCIOĞLU,HURİYE BUDAK,ONUR BURAK,HALDUN TAŞKAVAK,ŞAHİN ŞANLI,ATATÜRK Çeşme Spor Salonu
13.02.2021,14:00,2BA3593,15. Hafta,BURSA BÜYÜKŞEHİR BELEDİYESPOR,70 - 55,İSTANBUL ÜNİVERSİTESİ,,BURSA,Yıldırım Şahin Başol Spor Kompleksi,Youtube / TBF TV,SERAY AK,RIDVAN CÖMERT,ÜNAL ÖZDEMİR,EBRU ÖZTAŞKIRAN,SABRİYE ERKAPLAN,ADEM ÇATALKAŞ,ÖZLEM ÖZKAN,TARIK KEMAL ÜNLÜ,Yıldırım Şahin Başol Spor Kompleksi
13.02.2021,14:30,2BA3592,15. Hafta,YALOVA VİP,62 - 59,MERSİN ÜNİVERSİTESİ MERSİN BÜYÜKŞEHİR BELEDİYESİ GSK,,YALOVA,90. Yıl Spor Salonu,,METİN AKSOYAK,SALİH ARDA UNUL,OSMAN CAN GÜNDOĞDU,HAKAN BEŞTEPE,ÖZGEN KIRKIŞ,ÖMER FARUK KOCA,HÜLYA DOĞAN,TUFAN KIRKIŞ,90. Yıl Spor Salonu
13.02.2021,15:00,2BA3589,15. Hafta,FERHATOĞLU EDREMİT BELEDİYESİ GÜRESPOR,70 - 67,URLA BELEDİYESİ,,BALIKESİR,Edremit Spor Salonu,Youtube / TBF TV,AHMET TUNCA EVCİL,NUR AKÇA,MUHAMMED TURP,MURAT KARTAL,ERCAN ÇAVUŞOĞLU,MERT TELLİBAYRAKTAR,GÜRBÜZ KOÇOĞLU,METİN IŞIK,Edremit Spor Salonu
13.02.2021,16:00,2BA3587,15. Hafta,EMLAK KONUT,73 - 53,MENEMEN BELEDİYESİ KARŞIYAKA ÇARŞI KOLEJİ,,İSTANBUL,Bayrampaşa Spor Salonu,Youtube / TBF TV,NİHAT KARA,İSMAİL BALPETEK,HAMZA ÇALIŞKAN,AHMET MÜNİR GÖKMEN,GÖZDE TUNA YILDIZ,EMRAH RİFAİ,NEŞE KIRAN,GÖKHAN BAŞARAN,Bayrampaşa Spor Salonu
14.02.2021,16:30,2BA3588,15. Hafta,BOTAŞ GELİŞİM,80 - 90,GLOBAL CONNECT TRAVEL DÜZCE,,ANKARA,Ankara Dsi Etlik Spor Salonu,Youtube / TBF TV,SONER TÜRKER,CELAL GÖRMÜŞ,MAHSUN ALANKO,HALDUN KUNT,SİMAY ÇAKMAK,ONUR YEŞİLBAĞ,KAMİL TOSUN,ANIL ENDER DURGUN,Ankara Dsi Etlik Spor Salonu
14.02.2021,18:00,2BA3591,15. Hafta,CEYHAN BELEDİYESİ,58 - 72,ANTALYA 07 BASKETBOL,,ADANA,Menderes Spor Salonu,,SÜLEYMAN EREN PEKDOĞAN,OSMAN YETİŞKİN,ABDURRAHMAN İNAL,YUSUF BÜYÜKFİDAN,CANSU DİKİLİTAŞ,MUSTAFA ERDİNÇ,İBRAHİM YALANCA,HÜLYA ÖZKAN,Menderes Spor Salonu
20.02.2021,14:00,2BA3601,16. Hafta,BURSA BÜYÜKŞEHİR BELEDİYESPOR,64 - 57,MERSİN ÜNİVERSİTESİ MERSİN BÜYÜKŞEHİR BELEDİYESİ GSK,,BURSA,Yıldırım Şahin Başol Spor Kompleksi,Youtube / TBF TV,HAVVA MİRHAN ATEŞER,SABRİ GÜNDÜZ,HÜSEYİN ÇAMCI,RAMAZAN ÖYLEK,SEVDA USTA,NİDA ECE TÜZÜK,TEOMAN ÖYLEK,BERNA EKBİÇ,Yıldırım Şahin Başol Spor Kompleksi
20.02.2021,14:00,2BA3599,16. Hafta,CEYHAN BELEDİYESİ,70 - 67,BODRUM KARYA,,ADANA,Menderes Spor Salonu,,SALİH SERKAN KOÇAK,RABİHA TANK,MUSTAFA AKSOY,AHMET ÖZKAN,MEHTAP TOSUN,ERTUĞRUL BÜYÜKCE,DENİZ ORGÜN,MEHMET MURAT KÖMÜRHANLI,Menderes Spor Salonu
20.02.2021,15:00,2BA3597,16. Hafta,FERHATOĞLU EDREMİT BELEDİYESİ GÜRESPOR,93 - 74,GLOBAL CONNECT TRAVEL DÜZCE,,BALIKESİR,Edremit Spor Salonu,Youtube / TBF TV,BURAK İREM ÇELEBİ,MERT KAYALI,KADİR GİRAY ESEN,ELA ONAT,ERCAN ÇAVUŞOĞLU,MERT TELLİBAYRAKTAR,METİN IŞIK,GÜRBÜZ KOÇOĞLU,Edremit Spor Salonu
20.02.2021,16:00,2BA3594,16. Hafta,İSTANBUL ÜNİVERSİTESİ,70 - 79,ÇEŞME BASKETBOL,,İSTANBUL,Şehit Mustafa Özel Spor Kompleksi,,METİN AKSOYAK,ABDURRAHMAN AYDOĞDU,ALMİNA KOCABAŞ,ÖMER KESKİN,EMRECAN ÇAKIRCA,SEMRA AKDUMAN,MELDA ÇAKIRCA,MİHRİBAN İBEK,Şehit Mustafa Özel Spor Kompleksi
20.02.2021,16:00,2BA3595,16. Hafta,EMLAK KONUT,66 - 53,FENERBAHÇE GELİŞİM,,İSTANBUL,Bayrampaşa Spor Salonu,Youtube / TBF TV,HALUK YAKIN,GÖZDE KAFADAR,SADETTİN BAYCAN,AHMET MÜNİR GÖKMEN,EROL TAHTAKESEN,ALİ MALÇOK,MURAT ÖZKAN,ASİYE MERVE OĞUR,Bayrampaşa Spor Salonu
21.02.2021,13:30,2BA3600,16. Hafta,YALOVA VİP,73 - 59,ANTALYA 07 BASKETBOL,,YALOVA,90. Yıl Spor Salonu,,FATİH EVLİ,FIRAT ATAR,METİN ÜSTER,UĞUR AYDEMİR,ELMAS DEMİREL AYDEMİR,AYSEL GÜNER,TAYFUN CAN DEMİR,NAZMİYE BIYIKOĞLU,90. Yıl Spor Salonu
21.02.2021,17:00,2BA3596,16. Hafta,BOTAŞ GELİŞİM,70 - 62,MENEMEN BELEDİYESİ KARŞIYAKA ÇARŞI KOLEJİ,,ANKARA,Ankara Dsi Etlik Spor Salonu,Youtube / TBF TV,AHMET BİLAL ÖZTÜRK,ALİHAN CİVELEK,BARIŞ TURGUT,HASAN GÜNGÖR,FUNDA KONCA,FATİH ŞEN,MEHMET AKİF CUMHURLU,ALİ MURAT SUNGUR,Ankara Dsi Etlik Spor Salonu
26.02.2021,14:00,2BA3609,17. Hafta,MERSİN ÜNİVERSİTESİ MERSİN BÜYÜKŞEHİR BELEDİYESİ GSK,80 - 66,İSTANBUL ÜNİVERSİTESİ,,MERSİN,Mersin Üniversitesi Spor Salonu,Youtube / TBF TV,SALİH OCAKOĞLU,AHMET MALİK ŞAN,MEHMET AKÇADAĞ,MUHAMMED DİYAÜDDİN SAĞIR,VİLDAN KÖROĞLU EZER,MEHMET ALİ ÖNCÜ,FATMA ITIR ÖNCEL,RABİA YILDIZ ÖZTÜRK,Mersin Üniversitesi Spor Salonu
26.02.2021,16:00,2BA3604,17. Hafta,MENEMEN BELEDİYESİ KARŞIYAKA ÇARŞI KOLEJİ,54 - 71,FERHATOĞLU EDREMİT BELEDİYESİ GÜRESPOR,,İZMİR,Vali Hüseyin Öğütcen Spor Salonu,,HASAN KAMİL TAKINYALIOĞLU,SAMET TEKİN,MUSTAFA YAVUZ TAŞ,MEHMET AKİF KARAGÖZ,DİLEK GEDİK HANGÜL,SADIK ERGÜL,ŞAHİN ŞANLI,OSMAN ARKIN BARUTCU,Vali Hüseyin Öğütcen Spor Salonu
26.02.2021,18:00,2BA3606,17. Hafta,URLA BELEDİYESİ,76 - 62,CEYHAN BELEDİYESİ,,İZMİR,12 Eylül Spor Salonu,,CAN ÜTKÜR,MUSTAFA SELÇUK,ASLI KOÇAK,BÜLENT GÖKÇE,CEREN BARAN,ONUR BURAK,İBRAHİM SERT,ZEYNEP GÖRÜMLÜ,12 Eylül Spor Salonu
26.02.2021,18:30,2BA3603,17. Hafta,FENERBAHÇE GELİŞİM,67 - 74,BOTAŞ GELİŞİM,,İSTANBUL,Fenerbahçe Metro Enerji Spor Salonu,,ALPER TACETTİN,YUNUS EMRE ALICI,GÖKHAN EĞLENOĞLU,GÖZDE ERSÖZ,FATMA GÖK,EBRU ULUDOĞAN,GÜLTEKİN KABAŞ,YEŞİM ÖZCAN ÖZTÜRK,Fenerbahçe Metro Enerji Spor Salonu
27.02.2021,14:00,2BA3602,17. Hafta,ÇEŞME BASKETBOL,62 - 56,EMLAK KONUT,,İZMİR,ATATÜRK Çeşme Spor Salonu,,UĞUR ÇETİNEL,METİN SARIOĞLU,ÜNAL GÜNDOĞDU,MURAT MISIRLI,YELİZ SEZEN,GİZEM ÖZAYDIN,DENİZ TAN,GÜLTEKİN DAĞDEVİREN,ATATÜRK Çeşme Spor Salonu
27.02.2021,14:00,2BA3607,17. Hafta,BODRUM KARYA,75 - 81,YALOVA VİP,,MUĞLA,Bodrum Binnaz Karakaya Spor Salonu,,ELİF İNCİ,SALİH ÖZYURT,BERKİ PEKER,MEHMET DURU,SEVGİ ÖZKAN,NEVİN YAVAŞ ERTUĞRUL,BEYZA GÜLŞEN,SÜLEYMAN ALPER YILDIZ,Bodrum Binnaz Karakaya Spor Salonu
27.02.2021,14:00,2BA3608,17. Hafta,ANTALYA 07 BASKETBOL,65 - 54,BURSA BÜYÜKŞEHİR BELEDİYESPOR,,ANTALYA,Akdeniz Üni. Gazi Mustafa Kemal Spor Salonu,,DORUKHAN KALYONCU,BURAK AKTAŞ,HAKAN YİĞİT,MERT ELMA,BURHAN ÇİÇEK,ERKAN BÜDÜN,MÜZEYYEN TÜRKCAN,NESLİHAN SÜTLÜ,Akdeniz Üni. Gazi Mustafa Kemal Spor Salonu
5.03.2021,14:00,2BA3615,18. Hafta,BURSA BÜYÜKŞEHİR BELEDİYESPOR,82 - 65,BODRUM KARYA,,BURSA,Yıldırım Şahin Başol Spor Kompleksi,Youtube / TBF TV,MURAT GENÇ,SELENA GAMZE ÖGET ÇERÇİ,ALİ BARAN TECİRLİ,ATİF AL,GÜLŞEN MÜGE KAHRAMAN,TEOMAN ÖYLEK,SUELNUR ÇELİK,ESRA AL,Yıldırım Şahin Başol Spor Kompleksi
5.03.2021,14:00,2BA3616,18. Hafta,MERSİN ÜNİVERSİTESİ MERSİN BÜYÜKŞEHİR BELEDİYESİ GSK,66 - 72,ANTALYA 07 BASKETBOL,,MERSİN,Mersin Üniversitesi Spor Salonu,,ORÇUN AKGÜL,İBRAHİM BARIŞ ERDOLU,GÜNDOĞAN ALİ BALABAN,SERKAN SU,MELDA KÖKLÜER,MEHMET ALİ ÖNCÜ,AYŞE AR,ŞÜKRÜ SITKI,Mersin Üniversitesi Spor Salonu
6.03.2021,14:00,2BA3613,18. Hafta,CEYHAN BELEDİYESİ,78 - 85,GLOBAL CONNECT TRAVEL DÜZCE,,ADANA,Menderes Spor Salonu,,GÖZDE SANCAR,ZEYNETTİN BİNÇ,MEHMET BATAK,AHMET ÖZKAN,ERTUĞRUL BÜYÜKCE,DENİZ ORGÜN,BETÜL AĞAR,BETÜL YENİSU,Menderes Spor Salonu
6.03.2021,14:00,2BA3614,18. Hafta,YALOVA VİP,43 - 57,URLA BELEDİYESİ,,YALOVA,90. Yıl Spor Salonu,,RAMAZAN SEZER BARAN,NURİ DİLMEN,ABDURRAHMAN İNAL,UĞUR AYDEMİR,ELMAS DEMİREL AYDEMİR,MERVE ÖNADIM,NAZMİYE BIYIKOĞLU,TAYFUN CAN DEMİR,90. Yıl Spor Salonu
6.03.2021,16:00,2BA3617,18. Hafta,İSTANBUL ÜNİVERSİTESİ,38 - 68,EMLAK KONUT,,İSTANBUL,Şehit Mustafa Özel Spor Kompleksi,,SEZER BOR,SEZER ELAMAN,BERK BEŞGEN,GÖZDE ERSÖZ,MURAT ÖZKAN,YÜCEL FIRAT,MURAT SEVGİL,AYGÜN SEVGİL,Şehit Mustafa Özel Spor Kompleksi
7.03.2021,15:00,2BA3611,18. Hafta,FERHATOĞLU EDREMİT BELEDİYESİ GÜRESPOR,77 - 75,FENERBAHÇE GELİŞİM,,BALIKESİR,Edremit Spor Salonu,Youtube / TBF TV,ÖZKAN TALO,SERAY AK,KUBİLAY SERDAR DURAN,ELA ONAT,ERCAN ÇAVUŞOĞLU,MERT TELLİBAYRAKTAR,GÜRBÜZ KOÇOĞLU,METİN IŞIK,Edremit Spor Salonu
7.03.2021,16:30,2BA3610,18. Hafta,BOTAŞ GELİŞİM,82 - 38,ÇEŞME BASKETBOL,,ANKARA,Ankara Dsi Etlik Spor Salonu,Youtube / TBF TV,KAMİL TALHA OLGUN,HAKAN ÇETİN,ÖMER USLU,HASAN GÜNGÖR,MELTEM KOLÇAK,FATİH ŞEN,KAMİL TOSUN,SİMAY ÇAKMAK,Ankara Dsi Etlik Spor Salonu
9.03.2021,13:00,2BA3623,19. Hafta,BODRUM KARYA,62 - 59,MERSİN ÜNİVERSİTESİ MERSİN BÜYÜKŞEHİR BELEDİYESİ GSK,,MUĞLA,Bodrum Binnaz Karakaya Spor Salonu,,DORUKHAN KALYONCU,BURAK DURMUŞ,ALPER TACETTİN,MEHMET DURU,SEVGİ ÖZKAN,NEVİN YAVAŞ ERTUĞRUL,HÜSEYİN EŞKİ,ORHAN SELÇUK,Bodrum Binnaz Karakaya Spor Salonu
9.03.2021,16:00,2BA3620,19. Hafta,MENEMEN BELEDİYESİ KARŞIYAKA ÇARŞI KOLEJİ,55 - 64,CEYHAN BELEDİYESİ,,İZMİR,Vali Hüseyin Öğütcen Spor Salonu,,SERHAT DÜLGER,ÖMER SARI,MELİKŞAH MERCAN,MEHMET AKİF KARAGÖZ,BETÜL AKDOĞAN,ŞAHİN ŞANLI,HALİL TEPEBAĞ,FATMA DÖNMEZ,Vali Hüseyin Öğütcen Spor Salonu
9.03.2021,18:00,2BA3622,19. Hafta,URLA BELEDİYESİ,63 - 88,BURSA BÜYÜKŞEHİR BELEDİYESPOR,,İZMİR,12 Eylül Spor Salonu,,AHMET KÖSE,SALİH ÖZYURT,BERK KURTULMUŞ,İLKE ORTAÇ ALATAN,MEHMET AKINCI,ONUR BURAK,ARZU AKINCI,CEREN BARAN,12 Eylül Spor Salonu
10.03.2021,14:00,2BA3624,19. Hafta,ANTALYA 07 BASKETBOL,77 - 63,İSTANBUL ÜNİVERSİTESİ,,ANTALYA,Akdeniz Üni. Gazi Mustafa Kemal Spor Salonu,,SONER ÖZAYDOĞAN,AYGÜN AKGÜL,ERKMEN KAYA,MERT ELMA,FATMA MAFACAN,NİLÜFER GÖK AKDAĞ,ELİF KÜBRA TÜRKCAN,HALİL ERDOĞAN,Akdeniz Üni. Gazi Mustafa Kemal Spor Salonu
10.03.2021,16:00,2BA3625,19. Hafta,EMLAK KONUT,77 - 49,BOTAŞ GELİŞİM,,İSTANBUL,Bayrampaşa Spor Salonu,Youtube / TBF TV,ELİF İNCİ,CAN ÜTKÜR,OZAN GÜNDÜZ,FİRDEVS EBRU ONARAN,BURHAN DEMİR,MERT İĞDELİ,MEHMET KAPUCU,OSMAN OKUDAN,Bayrampaşa Spor Salonu
10.03.2021,16:00,2BA3618,19. Hafta,ÇEŞME BASKETBOL,67 - 59,FERHATOĞLU EDREMİT BELEDİYESİ GÜRESPOR,,İZMİR,ATATÜRK Çeşme Spor Salonu,,METİN AKSOYAK,SALİH SERKAN KOÇAK,ALİ RIZA PİNAT,GÖRKEM BIÇAKCIOĞLU,İBRAHİM SERT,ALİ DEVECİ,OSMAN ARKIN BARUTCU,ŞAHİN ŞANLI,ATATÜRK Çeşme Spor Salonu
10.03.2021,17:00,2BA3621,19. Hafta,GLOBAL CONNECT TRAVEL DÜZCE,59 - 89,YALOVA VİP,,DÜZCE,Kalıcı Konutlar Merkez Spor Salonu,Youtube / TBF TV,ÖZKAN TALO,HASAN KAMİL TAKINYALIOĞLU,UĞUR YÜKSEL,ÖNDER ŞENEL,TANSU PERÇİN,EYÜP ESEN,GÜVEN AKSOY,MERTCAN AKGÜL,Kalıcı Konutlar Merkez Spor Salonu
12.03.2021,14:00,2BA3630,20. Hafta,MERSİN ÜNİVERSİTESİ MERSİN BÜYÜKŞEHİR BELEDİYESİ GSK,85 - 76,URLA BELEDİYESİ,,MERSİN,Mersin Üniversitesi Spor Salonu,,HASAN MESUT DEMİR,BEYHAN ERBİLGİN,FARUK MİLLİ,TURGAY KÖROĞLU,RABİA YILDIZ ÖZTÜRK,CANER SERTEL,BETÜL ÖZCAN,ŞÜKRÜ SITKI,Mersin Üniversitesi Spor Salonu
13.03.2021,14:00,2BA3631,20. Hafta,ANTALYA 07 BASKETBOL,85 - 51,BODRUM KARYA,,ANTALYA,Akdeniz Üni. Gazi Mustafa Kemal Spor Salonu,,AHMET TUNCA EVCİL,METİN EROL,OSMAN CAN GÜNDOĞDU,MERT ELMA,İLKAY ERDOĞAN,NASUH ÜZER,ŞEMSETTİN AÇİK,ERKAN ALTINOK,Akdeniz Üni. Gazi Mustafa Kemal Spor Salonu
13.03.2021,14:00,2BA3627,20. Hafta,CEYHAN BELEDİYESİ,58 - 69,FENERBAHÇE GELİŞİM,,ADANA,Menderes Spor Salonu,,SALİH OCAKOĞLU,ERSEL BÜYÜKKARA,MAHSUN ALANKO,YUSUF BÜYÜKFİDAN,CANSU DİKİLİTAŞ,CUMALİ TOSUN,BUKET SEZEN,HÜLYA ÖZKAN,Menderes Spor Salonu
13.03.2021,14:00,2BA3629,20. Hafta,BURSA BÜYÜKŞEHİR BELEDİYESPOR,67 - 51,GLOBAL CONNECT TRAVEL DÜZCE,,BURSA,Yıldırım Şahin Başol Spor Kompleksi,Youtube / TBF TV,METİN AKSOYAK,ONUR AÇIKYÜZ,MUSTAFA GÜRHAN SOYSAL,ZİYNİŞ ORUÇ,CEREN YAVUZ,TEOMAN ÖYLEK,ERAY BABAHANOĞLU,ŞAFAK IRMAK SARAÇOĞLU,Yıldırım Şahin Başol Spor Kompleksi
13.03.2021,14:30,2BA3628,20. Hafta,YALOVA VİP,84 - 72,MENEMEN BELEDİYESİ KARŞIYAKA ÇARŞI KOLEJİ,,YALOVA,90. Yıl Spor Salonu,,AHMET BASRİ YILDIZ,NUR AKÇA,SEZER BOR,UĞUR AYDEMİR,ELMAS DEMİREL AYDEMİR,MERVE ÖNADIM,NURAY SORUŞ,TAYFUN CAN DEMİR,90. Yıl Spor Salonu
13.03.2021,15:00,2BA3632,20. Hafta,FERHATOĞLU EDREMİT BELEDİYESİ GÜRESPOR,71 - 63,EMLAK KONUT,,BALIKESİR,Edremit Spor Salonu,Youtube / TBF TV,MUSTAFA TOPALOĞLU,BURAK DURMUŞ,GÖZDE KAFADAR,MURAT KARTAL,GAMZE ATİLA,MERVE TELLİBAYRAKTAR,YAĞMUR CEREN KARAGÖZ,ESİN ÖZSÜRMELİ,Edremit Spor Salonu
14.03.2021,16:00,2BA3633,20. Hafta,İSTANBUL ÜNİVERSİTESİ,67 - 63,BOTAŞ GELİŞİM,,İSTANBUL,Şehit Mustafa Özel Spor Kompleksi,,SALİH SERKAN KOÇAK,RABİHA TANK,VEYSEL ASLAN,BURAK DEMİR,BİROL ÖZDAL,AYGÜN SEVGİL,YÜCEL FIRAT,BERK MERT,Şehit Mustafa Özel Spor Kompleksi
19.03.2021,16:00,2BA3636,21. Hafta,MENEMEN BELEDİYESİ KARŞIYAKA ÇARŞI KOLEJİ,51 - 70,BURSA BÜYÜKŞEHİR BELEDİYESPOR,,İZMİR,Vali Hüseyin Öğütcen Spor Salonu,,METİN EROL,YARKIN KESKİN,UĞUR YÜKSEL,DİDEM SÜER,EBRU DIVRAK,YELİZ SEZEN,ZEYNEP GÖRÜMLÜ,SİNEM BİRTÜRK,Vali Hüseyin Öğütcen Spor Salonu
19.03.2021,18:00,2BA3638,21. Hafta,URLA BELEDİYESİ,71 - 82,ANTALYA 07 BASKETBOL,,İZMİR,12 Eylül Spor Salonu,,EREN KILINÇ,BURAK MERT DEMİRTAŞ,ÜNAL GÜNDOĞDU,MURAT MISIRLI,EMİNE KALKAN,MEHMET AKINCI,İBRAHİM SERT,ONUR BURAK,12 Eylül Spor Salonu
20.03.2021,14:00,2BA3634,21. Hafta,ÇEŞME BASKETBOL,68 - 62,CEYHAN BELEDİYESİ,,İZMİR,ATATÜRK Çeşme Spor Salonu,,AHMET BİLAL ÖZTÜRK,RECEP GÜRKAN ÖZKAN,BERKİ PEKER,MEHMET AKİF KARAGÖZ,HALDUN TAŞKAVAK,SİNEM YENİ,HALİME ULUDAĞ,HAKAN DÖNMEZ,ATATÜRK Çeşme Spor Salonu
20.03.2021,14:00,2BA3637,21. Hafta,GLOBAL CONNECT TRAVEL DÜZCE,63 - 61,MERSİN ÜNİVERSİTESİ MERSİN BÜYÜKŞEHİR BELEDİYESİ GSK,,DÜZCE,Kalıcı Konutlar Merkez Spor Salonu,Youtube / TBF TV,SALİH SERKAN KOÇAK,SÜLEYMAN EREN PEKDOĞAN,TARIK ARAZ,ZAFER ÖZGÜN,TANSU PERÇİN,MERTCAN AKGÜL,EYÜP ESEN,MERT CAN YAZGELDİ,Kalıcı Konutlar Merkez Spor Salonu
20.03.2021,14:00,2BA3639,21. Hafta,BODRUM KARYA,73 - 66,İSTANBUL ÜNİVERSİTESİ,,MUĞLA,Bodrum Binnaz Karakaya Spor Salonu,,ELİF İNCİ,ALMİNA KOCABAŞ,ENES DURAN,EMRE BAŞA,ALİ BEŞİROĞLU,SEVGİ ÖZKAN,ESMANUR ÖZAYDOĞAN,TUNCER FİKRİ ERTUĞRUL,Bodrum Binnaz Karakaya Spor Salonu
21.03.2021,16:30,2BA3641,21. Hafta,BOTAŞ GELİŞİM,78 - 76,FERHATOĞLU EDREMİT BELEDİYESİ GÜRESPOR,,ANKARA,Ankara Dsi Etlik Spor Salonu,Youtube / TBF TV,SALİH ÖZYURT,ÖMER KALAYDIN,METİN ÜSTER,MEHMET KAŞİF BATTAL,SİMAY ÇAKMAK,RESUL GEÇER,HÜSEYİN ÖKMEN,NİHAN ÜNSAL,Ankara Dsi Etlik Spor Salonu
21.03.2021,17:00,2BA3635,21. Hafta,FENERBAHÇE GELİŞİM,66 - 69,YALOVA VİP,,İSTANBUL,Fenerbahçe Metro Enerji Spor Salonu,,DOĞU BERK İNNAL,MELİKŞAH MERCAN,BARIŞ TURGUT,HURŞİT CEM AKAN,ALTAN CANDAN,MUSTAFA GÖKMEN DEMİRAY,ZEHRA AKAN,EBRU ULUDOĞAN,Fenerbahçe Metro Enerji Spor Salonu
23.03.2021,13:00,2BA3647,22. Hafta,CEYHAN BELEDİYESİ,47 - 82,EMLAK KONUT,,ADANA,Menderes Spor Salonu,,GÜRKAN DEMİR,BURAK AKTAŞ,BARIŞ BURAK DURMUŞ,YEŞİM ATUŞ KARAGÖZ,MEHTAP TOSUN,MUSTAFA ERDİNÇ,SEVDA YAŞAR,HÜLYA ÖZKAN,Menderes Spor Salonu
24.03.2021,14:00,2BA3644,22. Hafta,MERSİN ÜNİVERSİTESİ MERSİN BÜYÜKŞEHİR BELEDİYESİ GSK,78 - 71,MENEMEN BELEDİYESİ KARŞIYAKA ÇARŞI KOLEJİ,,MERSİN,Mersin Üniversitesi Spor Salonu,,ÖZKAN ÇAĞLAYAN,TAYLAN KAYA,ABDULLAH SERGEN ÇAKICI,MUHAMMED DİYAÜDDİN SAĞIR,SABAHİTTİN KAZAN,LEVENT YORULMAZ,BETÜL ÖZCAN,ŞÜKRÜ SITKI,Mersin Üniversitesi Spor Salonu
24.03.2021,14:00,2BA3645,22. Hafta,ANTALYA 07 BASKETBOL,82 - 43,GLOBAL CONNECT TRAVEL DÜZCE,,ANTALYA,Akdeniz Üni. Gazi Mustafa Kemal Spor Salonu,,AHMET OĞUZHAN CİRİT,DERYA ÇELİK,FATİH ERDOĞAN,METE BULUT,BURHAN ÇİÇEK,SEVCAN CELİL,ÖZLEM DOĞAN ÜNAL,NESLİHAN SÜTLÜ,Akdeniz Üni. Gazi Mustafa Kemal Spor Salonu
24.03.2021,14:00,2BA3646,22. Hafta,BODRUM KARYA,57 - 82,URLA BELEDİYESİ,,MUĞLA,Bodrum Binnaz Karakaya Spor Salonu,,HALUK YAKIN,ECEM BOZKURT,FATMA ÖZTÜRK,MEHMET DURU,SEVGİ ÖZKAN,NEVİN YAVAŞ ERTUĞRUL,ALİ BEŞİROĞLU,ORHAN SELÇUK,Bodrum Binnaz Karakaya Spor Salonu
24.03.2021,14:30,2BA3642,22. Hafta,YALOVA VİP,101 - 87,ÇEŞME BASKETBOL,,YALOVA,90. Yıl Spor Salonu,,MUSTAFA BAŞTÜRK,ERCAN BOZDOĞAN,FURKAN  SÖYLEMEZOĞLU,RAMAZAN ÖYLEK,EMİNE AK,AYSEL GÜNER,NURAY SORUŞ,TAYFUN CAN DEMİR,90. Yıl Spor Salonu
24.03.2021,16:00,2BA3643,22. Hafta,BURSA BÜYÜKŞEHİR BELEDİYESPOR,77 - 67,FENERBAHÇE GELİŞİM,,BURSA,Yıldırım Şahin Başol Spor Kompleksi,Youtube / TBF TV,BATUHAN MERT GÜL,MERT KAYALI,NAGEHAN ŞEYDA KURDEN AKTAŞ,MUSTAFA DURGUT,ÖZLEM ÖZKAN,EMEL ÖZTÜRK,ESRA SOLAK,FATİH DURGUT,Yıldırım Şahin Başol Spor Kompleksi
24.03.2021,17:00,2BA3649,22. Hafta,İSTANBUL ÜNİVERSİTESİ,65 - 71,FERHATOĞLU EDREMİT BELEDİYESİ GÜRESPOR,,İSTANBUL,Şehit Mustafa Özel Spor Kompleksi,,UĞUR ÇETİNEL,ALPER TACETTİN,FATİH OĞUZHAN,GÖZDE ERSÖZ,TUĞÇE KAYA,CEYDA KAPKAÇ,NEŞE KIRAN,GÜL URASLI,Şehit Mustafa Özel Spor Kompleksi
26.03.2021,16:00,2BA3656,23. Hafta,BOTAŞ GELİŞİM,87 - 76,CEYHAN BELEDİYESİ,,ANKARA,Ankara Dsi Etlik Spor Salonu,Youtube / TBF TV,METİN EROL,EMRE YELDAŞ,GÜNDOĞAN ALİ BALABAN,FİLİZ ÖGET,SİBEL FAZLIOĞLU,ONUR YEŞİLBAĞ,FATİH DEMİRCİ,TUNCER ULUŞEKER,Ankara Dsi Etlik Spor Salonu
27.03.2021,14:00,2BA3654,23. Hafta,URLA BELEDİYESİ,76 - 59,İSTANBUL ÜNİVERSİTESİ,,İZMİR,12 Eylül Spor Salonu,,NUR AKÇA,SABRİ GÜNDÜZ,METİN SARIOĞLU,MURAT MISIRLI,İLAYDA DİNÇEL,OSMAN ARKIN BARUTCU,OKAN ÇETİNBAŞ,CEREN BARAN,12 Eylül Spor Salonu
27.03.2021,14:00,2BA3650,23. Hafta,ÇEŞME BASKETBOL,62 - 71,BURSA BÜYÜKŞEHİR BELEDİYESPOR,,İZMİR,ATATÜRK Çeşme Spor Salonu,,ALİ OSMAN KANIK,OKAN BERK TUNÇEL,ALİ CAN YILMAZ,GÖRKEM BIÇAKCIOĞLU,MUSTAFA MESCİ,ALİ DEVECİ,SADIK ERGÜL,ONUR BURAK,ATATÜRK Çeşme Spor Salonu
27.03.2021,16:00,2BA3653,23. Hafta,GLOBAL CONNECT TRAVEL DÜZCE,56 - 81,BODRUM KARYA,,DÜZCE,Kalıcı Konutlar Merkez Spor Salonu,,SEZER BOR,SELENA GAMZE ÖGET ÇERÇİ,ALİ BARAN TECİRLİ,ÖNDER ŞENEL,ONUR OROÇ,EMRE ARSLAN,RABİA YILDIZ,MERTCAN AKGÜL,Kalıcı Konutlar Merkez Spor Salonu
27.03.2021,16:00,2BA3655,23. Hafta,EMLAK KONUT,67 - 70,YALOVA VİP,,İSTANBUL,Bayrampaşa Spor Salonu,Youtube / TBF TV,BURAK İREM ÇELEBİ,SONER TÜRKER,KUBİLAY SERDAR DURAN,ÖMER KESKİN,EROL TAHTAKESEN,HİLMİ CANKUT AYNAR,ASİYE MERVE OĞUR,LAL DENİZ ÇELİKER,Bayrampaşa Spor Salonu
27.03.2021,16:00,2BA3652,23. Hafta,MENEMEN BELEDİYESİ KARŞIYAKA ÇARŞI KOLEJİ,42 - 93,ANTALYA 07 BASKETBOL,,İZMİR,Vali Hüseyin Öğütcen Spor Salonu,,TAHSİN ONUR BALSUN,ALPER CAN BOZYEL,ÇAĞLAR ÖZKAN,MEHMET AKİF KARAGÖZ,CUMHUR AĞCAHAN,DİLEK KESGİN,ZEYNEP GÖRÜMLÜ,KEMAL AYPARS,Vali Hüseyin Öğütcen Spor Salonu
28.03.2021,16:00,2BA3651,23. Hafta,FENERBAHÇE GELİŞİM,79 - 62,MERSİN ÜNİVERSİTESİ MERSİN BÜYÜKŞEHİR BELEDİYESİ GSK,,İSTANBUL,Fenerbahçe Metro Enerji Spor Salonu,"Youtube / TBF TV,FB TV",HİKMET FEN,SERAY AK,ÖMER USLU,RAHŞAN ŞEBNEM TÜMER,ECE DİKMENLİ,EBRU ULUDOĞAN,İREM KESKİN,YEŞİM ÖZCAN ÖZTÜRK,Fenerbahçe Metro Enerji Spor Salonu
2.04.2021,14:00,2BA3658,24. Hafta,MERSİN ÜNİVERSİTESİ MERSİN BÜYÜKŞEHİR BELEDİYESİ GSK,93 - 91,ÇEŞME BASKETBOL,,MERSİN,Mersin Üniversitesi Spor Salonu,,NİHAT KARA,HASAN MESUT DEMİR,BERK BEŞGEN,SERKAN SU,MELDA KÖKLÜER,CANER SERTEL,VİLDAN KÖROĞLU EZER,ŞÜKRÜ SITKI,Mersin Üniversitesi Spor Salonu
2.04.2021,14:00,2BA3660,24. Hafta,BODRUM KARYA,59 - 47,MENEMEN BELEDİYESİ KARŞIYAKA ÇARŞI KOLEJİ,,MUĞLA,Bodrum Binnaz Karakaya Spor Salonu,,ÖZKAN TALO,HALUK YAKIN,OSMAN YETİŞKİN,EMRE BAŞA,ALİ BEŞİROĞLU,SEVGİ ÖZKAN,YÜKSEL BÜYÜKADA,ORHAN SELÇUK,Bodrum Binnaz Karakaya Spor Salonu
2.04.2021,14:00,2BA3664,24. Hafta,CEYHAN BELEDİYESİ,73 - 90,FERHATOĞLU EDREMİT BELEDİYESİ GÜRESPOR,,ADANA,Menderes Spor Salonu,,AHMET BASRİ YILDIZ,HANİFE AYTÜL PİRİM,BARIŞ TURGUT,YUSUF BÜYÜKFİDAN,MEHTAP TOSUN,EMİNE NUR ÖNCÜ,GÜLŞAH GÜLER SEZEN,HÜLYA ÖZKAN,Menderes Spor Salonu
2.04.2021,18:00,2BA3661,24. Hafta,URLA BELEDİYESİ,71 - 61,GLOBAL CONNECT TRAVEL DÜZCE,,İZMİR,12 Eylül Spor Salonu,,HAVVA MİRHAN ATEŞER,SALİH ARDA UNUL,HÜSEYİN ÇAMCI,MUSTAFA SAİT BATTALGAZİ,İBRAHİM SERT,CEREN BARAN,HALİL TEPEBAĞ,SİNEM BİRTÜRK,12 Eylül Spor Salonu
3.04.2021,14:00,2BA3662,24. Hafta,BURSA BÜYÜKŞEHİR BELEDİYESPOR,73 - 50,EMLAK KONUT,,BURSA,Yıldırım Şahin Başol Spor Kompleksi,Youtube / TBF TV,ÖMER SARI,ÖZKAN ÇAĞLAYAN,MUSTAFA YAVUZ TAŞ,MACİT ZEREN,GÜLŞEN MÜGE KAHRAMAN,ZEHRA PINAR ÖZGÜR,AYÇA ÜNLÜ,ESRA AL,Yıldırım Şahin Başol Spor Kompleksi
3.04.2021,14:00,2BA3659,24. Hafta,ANTALYA 07 BASKETBOL,67 - 83,FENERBAHÇE GELİŞİM,,ANTALYA,Akdeniz Üni. Gazi Mustafa Kemal Spor Salonu,,AHMET TUNCA EVCİL,TAYLAN ÖZGÜR ÜLTEN,HASAN OK,MERT ELMA,KEZİBAN KARTCA,NİLÜFER GÖK AKDAĞ,MÜZEYYEN TÜRKCAN,NASUH ÜZER,Akdeniz Üni. Gazi Mustafa Kemal Spor Salonu
3.04.2021,18:00,2BA3663,24. Hafta,YALOVA VİP,72 - 67,BOTAŞ GELİŞİM,,YALOVA,90. Yıl Spor Salonu,,RAMAZAN SEZER BARAN,AHMET TAYLAN ÖZTÜRK,ALPEREN BAŞER,HAKAN AK,ELMAS DEMİREL AYDEMİR,AYSEL GÜNER,NURAY SORUŞ,ANIL BIYIKOĞLU,90. Yıl Spor Salonu
6.04.2021,16:00,2BA3668,25. Hafta,MENEMEN BELEDİYESİ KARŞIYAKA ÇARŞI KOLEJİ,62 - 72,URLA BELEDİYESİ,,İZMİR,Vali Hüseyin Öğütcen Spor Salonu,,AHMET OĞUZHAN CİRİT,TOLGA AKKUŞOĞLU,KADİR GİRAY ESEN,DİDEM SÜER,HALDUN TAŞKAVAK,ŞAHİN ŞANLI,EBRU AYDIN,ONUR BURAK,Vali Hüseyin Öğütcen Spor Salonu
6.04.2021,17:00,2BA3667,25. Hafta,FENERBAHÇE GELİŞİM,82 - 64,BODRUM KARYA,,İSTANBUL,Fenerbahçe Metro Enerji Spor Salonu,FB TV,SİBEL KOÇ,MESUT ÇINAR,TAYLAN KAYA,FİRDEVS EBRU ONARAN,SEHER KAZANÇ,GÜLTEKİN KABAŞ,ZEHRA AKAN,ALTAN CANDAN,Fenerbahçe Metro Enerji Spor Salonu
7.04.2021,15:00,2BA3670,25. Hafta,EMLAK KONUT,80 - 85,MERSİN ÜNİVERSİTESİ MERSİN BÜYÜKŞEHİR BELEDİYESİ GSK,,İSTANBUL,Bayrampaşa Spor Salonu,Youtube / TBF TV,ELİF İNCİ,MELİKŞAH MERCAN,CELAL GÖRMÜŞ,YEŞER EROĞLU ESKİCİOĞLU,TUĞÇE KAYA,GÜL URASLI,NEŞE KIRAN,MERT İĞDELİ,Bayrampaşa Spor Salonu
7.04.2021,15:00,2BA3672,25. Hafta,FERHATOĞLU EDREMİT BELEDİYESİ GÜRESPOR,81 - 71,YALOVA VİP,,BALIKESİR,Edremit Spor Salonu,Youtube / TBF TV,UĞUR AKYILDIZ,ALPER GÖKÇEBEL,UĞUR YÜKSEL,ELA ONAT,GAMZE ATİLA,IŞIL ÖZKAN,ESRA ÖZDEMİR,ESİN ÖZSÜRMELİ,Edremit Spor Salonu
7.04.2021,16:00,2BA3666,25. Hafta,ÇEŞME BASKETBOL,67 - 75,ANTALYA 07 BASKETBOL,,İZMİR,ATATÜRK Çeşme Spor Salonu,,AHMET BİLAL ÖZTÜRK,ALMİNA KOCABAŞ,HAKAN YİĞİT,FAYSAL AYDEMİR,İLAYDA DİNÇEL,FATMA DÖNMEZ,OSMAN ARKIN BARUTCU,CEREN BARAN,ATATÜRK Çeşme Spor Salonu
7.04.2021,17:00,2BA3669,25. Hafta,GLOBAL CONNECT TRAVEL DÜZCE,65 - 77,İSTANBUL ÜNİVERSİTESİ,,DÜZCE,Kalıcı Konutlar Merkez Spor Salonu,Youtube / TBF TV,SALİH SERKAN KOÇAK,DERYA ÇELİK,METEHAN ALAÇAM,ÖNDER ŞENEL,TANSU PERÇİN,MERTCAN AKGÜL,EYÜP ESEN,MERT CAN YAZGELDİ,Kalıcı Konutlar Merkez Spor Salonu
7.04.2021,17:00,2BA3671,25. Hafta,BOTAŞ GELİŞİM,58 - 68,BURSA BÜYÜKŞEHİR BELEDİYESPOR,,ANKARA,Ankara Dsi Etlik Spor Salonu,Youtube / TBF TV,METİN AKSOYAK,SÜLEYMAN EREN PEKDOĞAN,ENES DURAN,HASAN GÜNGÖR,ŞERİFE YILMAZ,FATİH ŞEN,FATMA ÇELİK,BİLAL UZGÖREN,Ankara Dsi Etlik Spor Salonu
9.04.2021,18:00,2BA3675,26. Hafta,URLA BELEDİYESİ,56 - 68,FENERBAHÇE GELİŞİM,,İZMİR,12 Eylül Spor Salonu,,ÖZKAN TALO,MUSTAFA TOPALOĞLU,OSMAN CAN GÜNDOĞDU,EMRE BAŞA,EMİNE KALKAN,OSMAN ARKIN BARUTCU,SENEM ARIN KOCATÜRK,FATMA DÖNMEZ,12 Eylül Spor Salonu
10.04.2021,14:00,2BA3678,26. Hafta,MERSİN ÜNİVERSİTESİ MERSİN BÜYÜKŞEHİR BELEDİYESİ GSK,72 - 71,BOTAŞ GELİŞİM,,MERSİN,Mersin Üniversitesi Spor Salonu,,CANER BAHADIR,EREN KILINÇ,ERCAN BOZDOĞAN,SİBEL KANIK,MELDA KÖKLÜER,LEVENT YORULMAZ,FATMA ITIR ÖNCEL,ŞÜKRÜ SITKI,Mersin Üniversitesi Spor Salonu
10.04.2021,14:00,2BA3679,26. Hafta,BURSA BÜYÜKŞEHİR BELEDİYESPOR,66 - 59,FERHATOĞLU EDREMİT BELEDİYESİ GÜRESPOR,,BURSA,Yıldırım Şahin Başol Spor Kompleksi,Youtube / TBF TV,ABDULLAH UYANIK,BURAK PEHLİVAN,SADETTİN BAYCAN,ZİYNİŞ ORUÇ,SABRİYE ERKAPLAN,TARIK KEMAL ÜNLÜ,ESRA SOLAK,ERAY BABAHANOĞLU,Yıldırım Şahin Başol Spor Kompleksi
10.04.2021,16:00,2BA3676,26. Hafta,GLOBAL CONNECT TRAVEL DÜZCE,65 - 71,MENEMEN BELEDİYESİ KARŞIYAKA ÇARŞI KOLEJİ,,DÜZCE,Kalıcı Konutlar Merkez Spor Salonu,,HALUK YAKIN,BURAK ERKAN,BERKİ PEKER,ZAFER ÖZGÜN,UFUK DOĞANAY,MERTCAN AKGÜL,EYÜP ESEN,MERT CAN YAZGELDİ,Kalıcı Konutlar Merkez Spor Salonu
11.04.2021,14:00,2BA3677,26. Hafta,ANTALYA 07 BASKETBOL,78 - 53,EMLAK KONUT,,ANTALYA,Akdeniz Üni. Gazi Mustafa Kemal Spor Salonu,,MEHMET BURAK ANLATICI,KAMİL TALHA OLGUN,SELENA GAMZE ÖGET ÇERÇİ,MERT ELMA,SEZEN AKSU,ERKAN BÜDÜN,ELİF KÜBRA TÜRKCAN,HALİL ERDOĞAN,Akdeniz Üni. Gazi Mustafa Kemal Spor Salonu
11.04.2021,14:00,2BA3674,26. Hafta,BODRUM KARYA,55 - 76,ÇEŞME BASKETBOL,,MUĞLA,Bodrum Binnaz Karakaya Spor Salonu,,SALİH ARDA UNUL,BURAK MERT DEMİRTAŞ,HAKAN YİĞİT,MEHMET DURU,ESMANUR ÖZAYDOĞAN,NEVİN YAVAŞ ERTUĞRUL,BEYZA GÜLŞEN,ORHAN SELÇUK,Bodrum Binnaz Karakaya Spor Salonu
11.04.2021,16:00,2BA3681,26. Hafta,İSTANBUL ÜNİVERSİTESİ,74 - 65,CEYHAN BELEDİYESİ,,İSTANBUL,Şehit Mustafa Özel Spor Kompleksi,,MUSTAFA BAŞTÜRK,ALİHAN CİVELEK,RABİHA TANK,ELHAN ÜLGENER,EMRECAN ÇAKIRCA,GÖKHAN BAŞARAN,MURAT ÖZKAN,BİROL ÖZDAL,Şehit Mustafa Özel Spor Kompleksi
16.04.2021,16:00,2BA3684,27. Hafta,MENEMEN BELEDİYESİ KARŞIYAKA ÇARŞI KOLEJİ,56 - 80,İSTANBUL ÜNİVERSİTESİ,,İZMİR,Serdar Yereli Spor Salonu,,ESRA YILDIZ,HEYBET NASIROĞLU,ÜNAL GÜNDOĞDU,FAYSAL AYDEMİR,BETÜL AKDOĞAN,KEMAL AYPARS,EBRU AYDIN,FATMA DÖNMEZ,Serdar Yereli Spor Salonu
17.04.2021,13:30,2BA3683,27. Hafta,FENERBAHÇE GELİŞİM,64 - 65,GLOBAL CONNECT TRAVEL DÜZCE,,İSTANBUL,Fenerbahçe Metro Enerji Spor Salonu,,METİN EROL,ZEYNETTİN BİNÇ,VEYSEL ASLAN,HÜSEYİN OSMAN BÜYÜKGÖKSU,BÜŞRA ERKAN,DEMET ULUCUTSOY,TARIK DOMURCUK,ECE DİKMENLİ,Fenerbahçe Metro Enerji Spor Salonu
17.04.2021,14:00,2BA3682,27. Hafta,ÇEŞME BASKETBOL,84 - 66,URLA BELEDİYESİ,,İZMİR,ATATÜRK Çeşme Spor Salonu,,NUR AKÇA,BURAK İREM ÇELEBİ,MERT KAYALI,MEHMET AKİF KARAGÖZ,İLAYDA DİNÇEL,ONUR BURAK,ZEYNEP GÖRÜMLÜ,MESUT KARABULUT,ATATÜRK Çeşme Spor Salonu
17.04.2021,14:00,2BA3687,27. Hafta,FERHATOĞLU EDREMİT BELEDİYESİ GÜRESPOR,86 - 58,MERSİN ÜNİVERSİTESİ MERSİN BÜYÜKŞEHİR BELEDİYESİ GSK,,BALIKESİR,Edremit Spor Salonu,Youtube / TBF TV,METİN AKSOYAK,RECEP GÜRKAN ÖZKAN,ONUR AÇIKYÜZ,ELA ONAT,ERCAN ÇAVUŞOĞLU,MERT TELLİBAYRAKTAR,GÜRBÜZ KOÇOĞLU,METİN IŞIK,Edremit Spor Salonu
17.04.2021,16:00,2BA3685,27. Hafta,EMLAK KONUT,68 - 62,BODRUM KARYA,,İSTANBUL,Bayrampaşa Spor Salonu,Youtube / TBF TV,MUSTAFA BAŞTÜRK,CAN ÜTKÜR,ÖMER USLU,ÖMER KESKİN,EROL TAHTAKESEN,BEKİR SEVİMLİ,YEŞİM AKAN,GÜLİZ KONCA ADİLLER,Bayrampaşa Spor Salonu
17.04.2021,16:30,2BA3686,27. Hafta,BOTAŞ GELİŞİM,80 - 89,ANTALYA 07 BASKETBOL,,ANKARA,Ankara Dsi Etlik Spor Salonu,Youtube / TBF TV,SAMET FIRAT SAVAŞ,ECEM BOZKURT,KAMİL ALOK,DERYA ANTAŞ,SÜMEYYE SENEKLİOĞLU,RESUL GEÇER,ALİ MURAT SUNGUR,FATMA ÇELİK,Ankara Dsi Etlik Spor Salonu
18.04.2021,14:00,2BA3689,27. Hafta,CEYHAN BELEDİYESİ,74 - 105,YALOVA VİP,,ADANA,Menderes Spor Salonu,,GÖZDE SANCAR,GÜRKAN DEMİR,ERSEL BÜYÜKKARA,YEŞİM ATUŞ KARAGÖZ,CANSU DİKİLİTAŞ,ERTUĞRUL BÜYÜKCE,İBRAHİM YALANCA,GÜLŞAH GÜLER SEZEN,Menderes Spor Salonu
24.04.2021,13:30,2BA3697,28. Hafta,İSTANBUL ÜNİVERSİTESİ,63 - 86,YALOVA VİP,,İSTANBUL,Şehit Mustafa Özel Spor Kompleksi,,ELİF İNCİ,BARIŞ TURGUT,YAKUP BUTASIM,AHMET MÜNİR GÖKMEN,REMZİ KILIÇ,ERMAN YÜCEL,BİROL ÖZDAL,MURAT ÖZKAN,Şehit Mustafa Özel Spor Kompleksi
24.04.2021,14:00,2BA3694,28. Hafta,ANTALYA 07 BASKETBOL,74 - 69,FERHATOĞLU EDREMİT BELEDİYESİ GÜRESPOR,,ANTALYA,Akdeniz Üni. Gazi Mustafa Kemal Spor Salonu,,SONER ÖZAYDOĞAN,DOĞU BERK İNNAL,ALİ RIZA PİNAT,MERT ELMA,MEHMET KOÇ,FATMA MAFACAN,MERYEM PEHLİVAN,NASUH ÜZER,Akdeniz Üni. Gazi Mustafa Kemal Spor Salonu
24.04.2021,14:00,2BA3692,28. Hafta,URLA BELEDİYESİ,80 - 78,EMLAK KONUT,,İZMİR,12 Eylül Spor Salonu,,AHMET TUNCA EVCİL,AYGÜN AKGÜL,İSMAİL BALPETEK,MUSTAFA SAİT BATTALGAZİ,YEŞİM KOÇ,CEREN BARAN,HALİME ULUDAĞ,GİZEM ÖZAYDIN,12 Eylül Spor Salonu
24.04.2021,14:00,2BA3696,28. Hafta,BURSA BÜYÜKŞEHİR BELEDİYESPOR,101 - 47,CEYHAN BELEDİYESİ,,BURSA,Yıldırım Şahin Başol Spor Kompleksi,Youtube / TBF TV,MELİKŞAH MERCAN,SEZER BOR,MEHMET BARUT,ZİYNİŞ ORUÇ,GÜLŞEN MÜGE KAHRAMAN,TARIK KEMAL ÜNLÜ,SUELNUR ÇELİK,FATİH DURGUT,Yıldırım Şahin Başol Spor Kompleksi
24.04.2021,16:00,2BA3690,28. Hafta,GLOBAL CONNECT TRAVEL DÜZCE,72 - 88,ÇEŞME BASKETBOL,,DÜZCE,Kalıcı Konutlar Merkez Spor Salonu,,SİBEL KOÇ,BERK KURTULMUŞ,MUSTAFA SELÇUK,ADNAN YAKUT,ONUR OROÇ,MERTCAN AKGÜL,MURAT ORHAN,GÖKHAN ŞANLI,Kalıcı Konutlar Merkez Spor Salonu
24.04.2021,16:00,2BA3691,28. Hafta,MENEMEN BELEDİYESİ KARŞIYAKA ÇARŞI KOLEJİ,49 - 69,FENERBAHÇE GELİŞİM,,İZMİR,Vali Hüseyin Öğütcen Spor Salonu,,MUSTAFA BAŞTÜRK,METEHAN ALAÇAM,ÜNAL ÖZDEMİR,MURAT MISIRLI,HALDUN TAŞKAVAK,EMİNE KALKAN,MESUT KARABULUT,ZEYNEP GÖRÜMLÜ,Vali Hüseyin Öğütcen Spor Salonu
25.04.2021,14:00,2BA3693,28. Hafta,BODRUM KARYA,73 - 88,BOTAŞ GELİŞİM,,MUĞLA,Bodrum Binnaz Karakaya Spor Salonu,,HASAN KAMİL TAKINYALIOĞLU,BURAK AKTAŞ,BARIŞ BURAK DURMUŞ,MEHMET DURU,BEYZA GÜLŞEN,NEVİN YAVAŞ ERTUĞRUL,ORHAN SELÇUK,SÜLEYMAN ALPER YILDIZ,Bodrum Binnaz Karakaya Spor Salonu
28.04.2021,14:00,2BA3698,29. Hafta,ÇEŞME BASKETBOL,92 - 55,MENEMEN BELEDİYESİ KARŞIYAKA ÇARŞI KOLEJİ,,İZMİR,ATATÜRK Çeşme Spor Salonu,,SERAY AK,GÖZDE KAFADAR,FATİH ERDOĞAN,BÜLENT GÖKÇE,İBRAHİM SERT,CANSU ÇOBAN,HALİL TEPEBAĞ,ŞAHİN ŞANLI,ATATÜRK Çeşme Spor Salonu
28.04.2021,14:00,2BA3700,29. Hafta,EMLAK KONUT,83 - 79,GLOBAL CONNECT TRAVEL DÜZCE,,İSTANBUL,Bayrampaşa Spor Salonu,Youtube / TBF TV,ÖZKAN ÇAĞLAYAN,ESRA YILDIZ,RIDVAN CÖMERT,RAHŞAN ŞEBNEM TÜMER,TUĞÇE KAYA,CEYDA KAPKAÇ,YEŞİM AKAN,GÜL URASLI,Bayrampaşa Spor Salonu
28.04.2021,14:00,2BA3704,29. Hafta,CEYHAN BELEDİYESİ,66 - 100,MERSİN ÜNİVERSİTESİ MERSİN BÜYÜKŞEHİR BELEDİYESİ GSK,,ADANA,Menderes Spor Salonu,,HASAN MESUT DEMİR,HÜSEYİN EMRE EROL,MUHAMMED TURP,AHMET ÖZKAN,DENİZ ORGÜN,CUMALİ TOSUN,AZİZ KAAN KARAT,BETÜL AĞAR,Menderes Spor Salonu
28.04.2021,14:30,2BA3705,29. Hafta,YALOVA VİP,65 - 72,BURSA BÜYÜKŞEHİR BELEDİYESPOR,,YALOVA,90. Yıl Spor Salonu,,ÇETİN ARTAN,UĞUR AKYILDIZ,MUSTAFA ÇELTİKER,UĞUR AYDEMİR,EMİNE AK,AYSEL GÜNER,GÜLEN SÖNMEZ,TAYFUN CAN DEMİR,90. Yıl Spor Salonu
28.04.2021,15:00,2BA3702,29. Hafta,FERHATOĞLU EDREMİT BELEDİYESİ GÜRESPOR,84 - 56,BODRUM KARYA,,BALIKESİR,Edremit Spor Salonu,Youtube / TBF TV,SEZER BOR,SABRİ GÜNDÜZ,GÜNEY BİRLİK,SERKAN İNCE,GAMZE ATİLA,MERVE TELLİBAYRAKTAR,YAĞMUR CEREN KARAGÖZ,ESİN ÖZSÜRMELİ,Edremit Spor Salonu
28.04.2021,16:00,2BA3701,29. Hafta,BOTAŞ GELİŞİM,69 - 75,URLA BELEDİYESİ,,ANKARA,Ankara Dsi Etlik Spor Salonu,Youtube / TBF TV,SÜLEYMAN EREN PEKDOĞAN,FATMA ÖZTÜRK,ATAKAN KOLCU,DERYA ANTAŞ,ŞERİFE YILMAZ,SİNA KÜÇÜKDİLEK,FATİH ŞEN,RESUL GEÇER,Ankara Dsi Etlik Spor Salonu
28.04.2021,18:00,2BA3699,29. Hafta,FENERBAHÇE GELİŞİM,76 - 61,İSTANBUL ÜNİVERSİTESİ,,İSTANBUL,Fenerbahçe Metro Enerji Spor Salonu,,ECEM BOZKURT,SEZER ELAMAN,UĞUR YÜKSEL,BURAK DEMİR,EBRU ULUDOĞAN,ESER FIRIL,TUĞBA DURNAOĞLU,EDA ELFİDAN,Fenerbahçe Metro Enerji Spor Salonu
2.05.2021,14:00,2BA3706,30. Hafta,FENERBAHÇE GELİŞİM,72 - 69,ÇEŞME BASKETBOL,,İSTANBUL,Fenerbahçe Metro Enerji Spor Salonu,"Youtube / TBF TV,FB TV",RAMAZAN SEZER BARAN,ALİHAN CİVELEK,ÖMER USLU,ÖMER KESKİN,ALTAN CANDAN,SEÇİL SILA KORALP,YEŞİM ÖZCAN ÖZTÜRK,ECE DİKMENLİ,Fenerbahçe Metro Enerji Spor Salonu
2.05.2021,14:00,2BA3707,30. Hafta,MENEMEN BELEDİYESİ KARŞIYAKA ÇARŞI KOLEJİ,59 - 82,EMLAK KONUT,,İZMİR,Vali Hüseyin Öğütcen Spor Salonu,,NİHAT KARA,ALMİNA KOCABAŞ,MAHSUN ALANKO,MUSTAFA FIRAT,EBRU DIVRAK,GİZEM ÖZAYDIN,GÖZDE ONAN,EBRU AYDIN,Vali Hüseyin Öğütcen Spor Salonu
2.05.2021,14:00,2BA3709,30. Hafta,URLA BELEDİYESİ,67 - 57,FERHATOĞLU EDREMİT BELEDİYESİ GÜRESPOR,,İZMİR,12 Eylül Spor Salonu,,ÇETİN ARTAN,DERYA ÇELİK,ÇAĞLAR ÖZKAN,MURAT MISIRLI,SİNEM YENİ,MESUT KARABULUT,KEMAL AYPARS,BETÜL AKDOĞAN,12 Eylül Spor Salonu
2.05.2021,14:00,2BA3708,30. Hafta,GLOBAL CONNECT TRAVEL DÜZCE,82 - 64,BOTAŞ GELİŞİM,,DÜZCE,Kalıcı Konutlar Merkez Spor Salonu,Youtube / TBF TV,MUSTAFA BAŞTÜRK,ALPER GÖKÇEBEL,HAMZA ÇALIŞKAN,ÖNDER ŞENEL,UFUK DOĞANAY,MERTCAN AKGÜL,EYÜP ESEN,MERT CAN YAZGELDİ,Kalıcı Konutlar Merkez Spor Salonu
2.05.2021,14:00,2BA3711,30. Hafta,ANTALYA 07 BASKETBOL,107 - 79,CEYHAN BELEDİYESİ,,ANTALYA,Akdeniz Üni. Gazi Mustafa Kemal Spor Salonu,,SİBEL KOÇ,SEZER BOR,ERKMEN KAYA,METE BULUT,SEVCAN CELİL,PELİN TOPCU,ÖZLEM DOĞAN ÜNAL,NESLİHAN SÜTLÜ,Akdeniz Üni. Gazi Mustafa Kemal Spor Salonu
2.05.2021,14:00,2BA3712,30. Hafta,MERSİN ÜNİVERSİTESİ MERSİN BÜYÜKŞEHİR BELEDİYESİ GSK,85 - 76,YALOVA VİP,,MERSİN,Mersin Üniversitesi Spor Salonu,,METİN AKSOYAK,BEYHAN ERBİLGİN,MUSTAFA AKSOY,SERKAN SU,MELDA KÖKLÜER,CANER SERTEL,ŞÜKRÜ SITKI,FATMA ITIR ÖNCEL,Mersin Üniversitesi Spor Salonu
2.05.2021,14:00,2BA3713,30. Hafta,İSTANBUL ÜNİVERSİTESİ,53 - 112,BURSA BÜYÜKŞEHİR BELEDİYESPOR,,BURSA,Tofaş Spor Salonu,Youtube / TBF TV,AHMET TUNCA EVCİL,ALPER CAN BOZYEL,GÖKHAN EĞLENOĞLU,HAKAN BEŞTEPE,ESRA SOLAK,TUĞBA ÖYLEK,BERNA EKBİÇ,ÖZLEM ÖZKAN,Tofaş Spor Salonu
6.05.2021,14:00,2BA3714,Playoff Çeyrek Final,ANTALYA 07 BASKETBOL,97 - 86,MERSİN ÜNİVERSİTESİ MERSİN BÜYÜKŞEHİR BELEDİYESİ GSK,,ANTALYA,Akdeniz Üni. Gazi Mustafa Kemal Spor Salonu,,BURAK DURMUŞ,SONER ÖZAYDOĞAN,AYGÜN AKGÜL,EMRE BAŞA,İLKAY ERDOĞAN,ERKAN BÜDÜN,NİLÜFER GÖK AKDAĞ,MEHMET KOÇ,Akdeniz Üni. Gazi Mustafa Kemal Spor Salonu
6.05.2021,14:00,2BA3715,Playoff Çeyrek Final,EMLAK KONUT,63 - 57,FENERBAHÇE GELİŞİM,,İSTANBUL,Bayrampaşa Spor Salonu,Youtube / TBF TV,ÇETİN ARTAN,BARAN AVŞAR,BURAK PEHLİVAN,MEHMET İSMET BAYRİ,NEŞE KIRAN,YEŞİM AKAN,MERT İĞDELİ,BİROL ÖZDAL,Bayrampaşa Spor Salonu
6.05.2021,14:30,2BA3716,Playoff Çeyrek Final,YALOVA VİP,75 - 60,URLA BELEDİYESİ,,YALOVA,90. Yıl Spor Salonu,,ELİF İNCİ,NİHAT KARA,ALİ RIZA PİNAT,EBRU ÖZTAŞKIRAN,EMİNE AK,ELMAS DEMİREL AYDEMİR,TAYFUN CAN DEMİR,GÜLEN SÖNMEZ,90. Yıl Spor Salonu
6.05.2021,15:00,2BA3717,Playoff Çeyrek Final,FERHATOĞLU EDREMİT BELEDİYESİ GÜRESPOR,70 - 85,ÇEŞME BASKETBOL,,BALIKESİR,Edremit Spor Salonu,Youtube / TBF TV,HAVVA MİRHAN ATEŞER,MUSTAFA TOPALOĞLU,SABRİ GÜNDÜZ,MACİT ZEREN,ALEV GÜLAÇTI,GAMZE ATİLA,ESRA ÖZDEMİR,IŞIL ÖZKAN,Edremit Spor Salonu
9.05.2021,14:00,2BA3718,Playoff Çeyrek Final,MERSİN ÜNİVERSİTESİ MERSİN BÜYÜKŞEHİR BELEDİYESİ GSK,59 - 67,ANTALYA 07 BASKETBOL,,MERSİN,Mersin Üniversitesi Spor Salonu,,ÖZKAN ÇAĞLAYAN,SAMET BİNER,GÜRKAN DEMİR,AHMET ÖZKAN,MELDA KÖKLÜER,LEVENT YORULMAZ,RABİA YILDIZ ÖZTÜRK,ŞÜKRÜ SITKI,Mersin Üniversitesi Spor Salonu
9.05.2021,14:00,2BA3719,Playoff Çeyrek Final,URLA BELEDİYESİ,79 - 60,YALOVA VİP,,İZMİR,12 Eylül Spor Salonu,,GÖNENÇ ÇETİN,NUR AKÇA,HASAN KAMİL TAKINYALIOĞLU,EMRE BAŞA,CEREN BARAN,ELİF KALENDER,GÜLTEKİN DAĞDEVİREN,İBRAHİM SERT,12 Eylül Spor Salonu
9.05.2021,14:00,2BA3720,Playoff Çeyrek Final,ÇEŞME BASKETBOL,62 - 67,FERHATOĞLU EDREMİT BELEDİYESİ GÜRESPOR,,İZMİR,Atatürk Çeşme Spor Salonu,,AHMET TUNCA EVCİL,BURAK AKTAŞ,BARIŞ BURAK DURMUŞ,MURAT KARTAL,SİNEM BİRTÜRK,MESUT KARABULUT,ALİ DEVECİ,ŞAHİN ŞANLI,Atatürk Çeşme Spor Salonu
10.05.2021,16:00,2BA3721,Playoff Çeyrek Final,FENERBAHÇE GELİŞİM,59 - 70,EMLAK KONUT,,İSTANBUL,Fenerbahçe Metro Enerji Spor Salonu,"Youtube / TBF TV,FB TV",SEZER BOR,CANER BAHADIR,FURKAN KESERATAR,ENİS GÜREL,EDA ELFİDAN,EBRU ULUDOĞAN,FATMA GÖK,GÜLTEKİN KABAŞ,Fenerbahçe Metro Enerji Spor Salonu
12.05.2021,14:30,2BA3722,Playoff Çeyrek Final,YALOVA VİP,75 - 57,URLA BELEDİYESİ,,YALOVA,90. Yıl Spor Salonu,,MURAT GENÇ,ABDULLAH UYANIK,ÖMER SARI,RAMAZAN ÖYLEK,EMİNE AK,ELMAS DEMİREL AYDEMİR,NURAY SORUŞ,ANIL BIYIKOĞLU,90. Yıl Spor Salonu
12.05.2021,15:00,2BA3723,Playoff Çeyrek Final,FERHATOĞLU EDREMİT BELEDİYESİ GÜRESPOR,62 - 60,ÇEŞME BASKETBOL,,BALIKESİR,Edremit Spor Salonu,Youtube / TBF TV,ÖZKAN TALO,MUSTAFA BAŞTÜRK,METİN EROL,MUSTAFA DURGUT,ERCAN ÇAVUŞOĞLU,GAMZE ATİLA,METİN IŞIK,YAĞMUR CEREN KARAGÖZ,Edremit Spor Salonu
15.05.2021,14:00,2BA3724,Playoff Yarı Final,ANTALYA 07 BASKETBOL,89 - 78,YALOVA VİP,,ANTALYA,Akdeniz Üni. Gazi Mustafa Kemal Spor Salonu,,HALDUN ÇOBAN,SALİH ÖZYURT,ERCAN BOZDOĞAN,MUSTAFA BİÇER,TANSU BOZOK,HALİL ERDOĞAN,MÜZEYYEN TÜRKCAN,NASUH ÜZER,Akdeniz Üni. Gazi Mustafa Kemal Spor Salonu
15.05.2021,14:00,2BA3725,Playoff Yarı Final,EMLAK KONUT,64 - 63,FERHATOĞLU EDREMİT BELEDİYESİ GÜRESPOR,,İSTANBUL,Bayrampaşa Spor Salonu,Youtube / TBF TV,METİN AKSOYAK,SİBEL KOÇ,CAN ÜTKÜR,MELİH ERGENE,EROL TAHTAKESEN,BİROL ÖZDAL,OSMAN OKUDAN,GÖKHAN BAŞARAN,Bayrampaşa Spor Salonu
17.05.2021,14:00,2BA3726,Playoff Yarı Final,ANTALYA 07 BASKETBOL,85 - 57,YALOVA VİP,,ANTALYA,Akdeniz Üni. Gazi Mustafa Kemal Spor Salonu,,AHMET BİLAL ÖZTÜRK,DOĞU BERK İNNAL,YARKIN KESKİN,EMRE BAŞA,FATMA MAFACAN,ERKAN BÜDÜN,NİLÜFER GÖK AKDAĞ,NEŞE KARTAL,Akdeniz Üni. Gazi Mustafa Kemal Spor Salonu
17.05.2021,14:00,2BA3727,Playoff Yarı Final,EMLAK KONUT,69 - 62,FERHATOĞLU EDREMİT BELEDİYESİ GÜRESPOR,,İSTANBUL,Bayrampaşa Spor Salonu,Youtube / TBF TV,SERHAT DÜLGER,SALİH SERKAN KOÇAK,METEHAN ALAÇAM,MEHMET İSMET BAYRİ,TUĞÇE KAYA,MERT İĞDELİ,SEMRA AKDUMAN,NEŞE KIRAN,Bayrampaşa Spor Salonu
20.05.2021,14:30,2BA3728,Playoff Yarı Final,YALOVA VİP,66 - 72,ANTALYA 07 BASKETBOL,,YALOVA,90. Yıl Spor Salonu,,AHMET KÖSE,SALİH ARDA UNUL,UĞUR AKYILDIZ,RAHŞAN ŞEBNEM TÜMER,EMİNE AK,SİNEM GÜL,NURAY SORUŞ,ANIL BIYIKOĞLU,90. Yıl Spor Salonu
20.05.2021,15:00,2BA3729,Playoff Yarı Final,FERHATOĞLU EDREMİT BELEDİYESİ GÜRESPOR,62 - 57,EMLAK KONUT,,BALIKESİR,Edremit Spor Salonu,Youtube / TBF TV,DORUKHAN KALYONCU,BURAK DURMUŞ,TOLGA AKKUŞOĞLU,EBRU ÖZTAŞKIRAN,IŞIL ÖZKAN,GAMZE ATİLA,MERVE TELLİBAYRAKTAR,ESİN ÖZSÜRMELİ,Edremit Spor Salonu
22.05.2021,15:00,2BA3730,Playoff Yarı Final,FERHATOĞLU EDREMİT BELEDİYESİ GÜRESPOR,56 - 66,EMLAK KONUT,,BALIKESİR,Edremit Spor Salonu,Youtube / TBF TV,ÖZKAN TALO,SABRİ GÜNDÜZ,ERDOĞAN ÇELEBİ,MACİT ZEREN,METİN IŞIK,ERCAN ÇAVUŞOĞLU,MERT TELLİBAYRAKTAR,GÜRBÜZ KOÇOĞLU,Edremit Spor Salonu
25.05.2021,14:00,2BA3731,Final,ANTALYA 07 BASKETBOL,81 - 75,EMLAK KONUT,,ANTALYA,Akdeniz Üni. Gazi Mustafa Kemal Spor Salonu,,DORUKHAN KALYONCU,HALDUN ÇOBAN,ALİ RIZA PİNAT,MUSTAFA BİÇER,FATMA MAFACAN,SEVCAN CELİL,MEHMET KOÇ,NESLİHAN SÜTLÜ,Akdeniz Üni. Gazi Mustafa Kemal Spor Salonu
27.05.2021,14:00,2BA3732,Final,ANTALYA 07 BASKETBOL,82 - 65,EMLAK KONUT,,ANTALYA,Akdeniz Üni. Gazi Mustafa Kemal Spor Salonu,,METİN AKSOYAK,MURAT GENÇ,BURAK DURMUŞ,MEHMET KANER,NESLİHAN SÜTLÜ,ERKAN BÜDÜN,HALİL ERDOĞAN,NİLÜFER GÖK AKDAĞ,Akdeniz Üni. Gazi Mustafa Kemal Spor Salonu
30.05.2021,14:00,2BA3733,Final,EMLAK KONUT,61 - 69,ANTALYA 07 BASKETBOL,,İSTANBUL,Bayrampaşa Spor Salonu,Youtube / TBF TV,MEHMET BURAK ANLATICI,ABDULLAH UYANIK,ÖMER SARI,MEHMET İSMET BAYRİ,EROL TAHTAKESEN,GÖKHAN BAŞARAN,BERK MERT,NEŞE KIRAN,Bayrampaşa Spor Salonu
