{
  "league_acronym": "tkbl",
  "league_name": "Türkiye Kadın Basketbol Ligi",
  "gender": "Kadın",
  "season": "2023-2024",
  "sponsor": "",
  "scraped_at": "2025-06-22T23:57:26.544569",
  "rows": 260,
  "columns": 20,
  "column_names": [
    "Tarih",
    "Saat",
    "Maç No",
    "Hafta",
    "A Takım",
    "Sonuç",
    "B Takım",
    "Grubu",
    "Şehir",
    "Salon",
    "TV",
    "Baş Hakem",
    "1. Yrd. Hakem",
    "2. Yrd. Hakem",
    "Temsilci",
    "1. Masa G.",
    "2. Masa G.",
    "3. Masa G.",
    "4. Masa G.",
    "Salon.1"
  ],
  "excel_file": "tkbl_Kadın_2023-2024.xlsx",
  "csv_file": "tkbl_Kadın_2023-2024.csv"
}