Tarih,Saat,Maç No,Hafta,A Takım,Sonuç,B Takım,Grubu,Şehir,Salon,TV,Baş Hakem,1. Yrd. Hakem,2. Yrd. Hakem,Temsilci,1. Masa G.,2. Masa G.,3. Masa G.,4. Masa G.,Salon.1
13.09.2024,18:00,2BA4580,01. Hafta,ROMATEM BURSA ULUDAĞ BASKETBOL,75 - 69,URLA BELEDİYESİ,,BURSA,Tofaş Spor Salonu | ,Youtube / TBF TV,SEDEF YARICI,HASAN TUNÇ KESKİN,FATİH ŞAFAK,RAMAZAN ÖYLEK,AYÇA ÜNLÜ,SUELNUR ÇELİK,TEOMAN ÖYLEK,ERAY BABAHANOĞLU,Tofaş Spor Salonu
13.09.2024,20:00,2BA4581,01. Hafta,GALLARDO,58 - 79,FERHATOĞLU EDREMİT BELEDİYESİ GÜRESPOR,,ANKARA,Sinan Şamil Sam Spor Salonu | ,Youtube / TBF TV,MURAT AMAÇ,MURAT GENÇ,SALİH SERKAN KOÇAK,OZAN ÜSTÜN,BURCU NUR KIVRAK,MELİKE DENİZ BAYRAM,VEYSEL SİNAN TUNCER,MELİKE DENİZ BAYRAM,Sinan Şamil Sam Spor Salonu
14.09.2024,14:00,2BA4582,01. Hafta,YALOVA VİP,62 - 85,J&amp;M ÇANAKKALE BELEDİYESPOR,,YALOVA,90. Yıl Spor Salonu | ,Youtube / TBF TV,YUNUS ÖZTÜRK,MERT ENVER GERMEN,EFE ÖZALKAN,AHMET ÖZKAN,NURAY SORUŞ,NAZMİYE BIYIKOĞLU,CEYLAN BİRLİK,ANIL BIYIKOĞLU,90. Yıl Spor Salonu
14.09.2024,14:30,2BA4583,01. Hafta,SEÇİL KAUÇUK MERSİN BASKETBALL,70 - 73,ÇİMSA ÇBK MERSİN GELİŞİM,,MERSİN,Edip Buran Spor Salonu | ,Youtube / TBF TV,ALİ CAN YILMAZ,HAKAN MENNAN,ALİ BARAK,TURGAY KÖROĞLU,YELİZ KAZAN,RABİA YILDIZ ÖZTÜRK,MUZAFFER HARUN ÖZSOY,LEVENT YORULMAZ,Edip Buran Spor Salonu
14.09.2024,17:00,2BA4584,01. Hafta,ASLAN YOL BURHANİYE BELEDİYESPOR,76 - 68,ÇANKAYA ÜNİVERSİTESİ,,BALIKESİR,Burhaniye Spor Salonu | ,Youtube / TBF TV,KEREM ALTINTAŞ,ERTUĞRUL TURAN TOPAL,ALPER OĞUZCAN CİRİT,SERKAN İNCE,IŞIL ÖZKAN,ALEV GÜLAÇTI,EYLEM KAYA,GAMZE ATİLA,Burhaniye Spor Salonu
14.09.2024,17:30,2BA4585,01. Hafta,EDİRNE DSİ,53 - 79,LİDYA GARDEN CİTY TURGUTLU BELEDİYESPOR,,EDİRNE,Edirne Mimar Sinan Spor Salonu | ,Youtube / TBF TV,SÜLEYMAN EREN PEKDOĞAN,ALPER CAN BOZYEL,KAAN BERK BALCIOĞLU,MELİH ERGENE,CEMRESU DİRİCAN,SELENAY DEĞİRMENDERELİ,BURAK TUNALI,ELİF ÖÇAL,Edirne Mimar Sinan Spor Salonu
15.09.2024,15:00,2BA4586,01. Hafta,KIRKLARELİ BELEDİYESİ KIRKLARELİ FEN BİLİMLERİ,72 - 68,01 ADANA BASKETBOL,,KIRKLARELİ,Yeni Kırklareli Spor Salonu | ,Youtube / TBF TV,SAMET TEKİN,MUSA ONUR SAVAŞ,KAMİL TALHA OLGUN,ENİS GÜREL,BETÜL ERDEM,SEMRA SOLAK,GÜLİZ ÖZALTAN DİLMEN,ASLI ŞİMŞEK,Yeni Kırklareli Spor Salonu
16.09.2024,18:00,2BA4587,01. Hafta,FENERBAHÇE GELİŞİM,60 - 64,EMLAK KONUT GELİŞİM,,İSTANBUL,Fenerbahçe Metro Enerji Spor Salonu | ,Youtube / TBF TV,ABDULLAH İLİK,HÜSEYİN SÖYLEMEZOĞLU,İSMAİL ARSLAN,ALİGÜRHAN UZUNAY,TİMUR TOPUZ,HAKAN KARAGÖZ,TUĞBA DURNAOĞLU,AYSEL GÜNER,Fenerbahçe Metro Enerji Spor Salonu
20.09.2024,14:00,2BA4588,02. Hafta,ÇANKAYA ÜNİVERSİTESİ,49 - 55,ROMATEM BURSA ULUDAĞ BASKETBOL,,ANKARA,ATA Spor Salonu | ,Youtube / TBF TV,OSMAN CAN GÜNDOĞDU,TARIK ENES BAŞ,ŞÜKRİYE NUR KIZIL,HACI MUSTAFA  BORA,AZRA ÖZKAN,FATİH ŞEN,FATMA ÇELİK,ANIL ENDER DURGUN,ATA Spor Salonu
20.09.2024,18:30,2BA4589,02. Hafta,URLA BELEDİYESİ,82 - 73,EDİRNE DSİ,,İZMİR,12 Eylül Spor Salonu | ,Youtube / TBF TV,AYGÜN AKGÜL,MELİK KAYA,BUSE NUR KAHYAOĞULLARI,BÜLENT GÖKÇE,SADIK ERGÜL,BERRİN TURAN,BÜLENT TURAN,SENEM ARIN KOCATÜRK,12 Eylül Spor Salonu
21.09.2024,13:00,2BA4590,02. Hafta,ÇİMSA ÇBK MERSİN GELİŞİM,76 - 83,KIRKLARELİ BELEDİYESİ KIRKLARELİ FEN BİLİMLERİ,,MERSİN,Edip Buran Spor Salonu | ,Youtube / TBF TV,ERSEL BÜYÜKKARA,OSMAN KINCAL,YUSUF KARABAĞ,MEYMİNE MİNE YAZGÖNÜL,MUZAFFER HARUN ÖZSOY,TUFAN EZER,ERDİNÇ BOZKURT,TÜRKAN KEKLİK,Edip Buran Spor Salonu
21.09.2024,14:00,2BA4591,02. Hafta,J&amp;M ÇANAKKALE BELEDİYESPOR,80 - 56,GALLARDO,,ÇANAKKALE,18 Mart Spor Salonu | ,Youtube / TBF TV,SEYHAN TOPALOĞLU,MUSTAFA TOPALOĞLU,HASAN KAMİL TAKINYALIOĞLU,MURAT KARTAL,AYŞE YILDIZ,BÜŞRANUR ÇELİKGÖZ,ARZU KÖRKEN,CUMALİ ÖZLER,18 Mart Spor Salonu
21.09.2024,14:30,2BA4592,02. Hafta,EMLAK KONUT GELİŞİM,73 - 76,ASLAN YOL BURHANİYE BELEDİYESPOR,,İSTANBUL,Başakşehir Spor Kompleksi | ,Youtube / TBF TV,NİHAT KARA,HÜSEYİN MERİÇ ÇAKIR,İZZET ATALAY TAŞKIN,ENES HİKMET ERMANER,ZEHRA ABLAK,MEHMET KAPUCU,BİROL ŞİMŞEK,REMZİ KILIÇ,Başakşehir Spor Kompleksi
21.09.2024,15:00,2BA4593,02. Hafta,FERHATOĞLU EDREMİT BELEDİYESİ GÜRESPOR,67 - 62,FENERBAHÇE GELİŞİM,,BALIKESİR,Güre ATATÜRK  Spor Salonu | ,Youtube / TBF TV,HAVVA MİRHAN ATEŞER,SEÇKİN ŞENTÜRK,ŞEVKET KUTLUHAN KANBUROĞLU,CEM ATMACA,IŞIL ÖZKAN,NESLİHAN ÇOBAN,ALEV GÜLAÇTI,ESİN ÖZSÜRMELİ,Güre ATATÜRK  Spor Salonu
21.09.2024,15:30,2BA4594,02. Hafta,01 ADANA BASKETBOL,72 - 53,YALOVA VİP,,ADANA,Menderes Spor Salonu | ,Youtube / TBF TV,DEYER AKÇAY,DERYA ÇELİK,TALHA ÜNAL,YUSUF BÜYÜKFİDAN,DENİZ ORGÜN,ALİ DUVARCI,LETAFET FEYZA YÜKSEL,MEHTAP TOSUN,Menderes Spor Salonu
21.09.2024,16:00,2BA4595,02. Hafta,LİDYA GARDEN CİTY TURGUTLU BELEDİYESPOR,75 - 68,SEÇİL KAUÇUK MERSİN BASKETBALL,,MANİSA,Yıldırım Beyazıt Spor Salonu | ,Youtube / TBF TV,SABRİ GÜNDÜZ,SONER ÖZAYDOĞAN,GÖZDE KAFADAR,OKAN KAHRAMAN,OSMAN CİNGİL,HEDİYE AYTAŞ SARIASLAN,ENGİN ABATAY,ÜMİT KONCA,Yıldırım Beyazıt Spor Salonu
27.09.2024,18:00,2BA4596,03. Hafta,ROMATEM BURSA ULUDAĞ BASKETBOL,63 - 55,ASLAN YOL BURHANİYE BELEDİYESPOR,,BURSA,Tofaş Spor Salonu | ,Youtube / TBF TV,ERHAN ERDOĞAN,İBRAHİM DENİZ,ARDA NAVRUZ,MACİT ZEREN,ESRA SOLAK,ESRA AL,AHMET CAN ŞAPÇI,ŞAFAK IRMAK SARAÇOĞLU,Tofaş Spor Salonu
28.09.2024,14:00,2BA4598,03. Hafta,YALOVA VİP,50 - 84,ÇİMSA ÇBK MERSİN GELİŞİM,,YALOVA,90. Yıl Spor Salonu | ,Youtube / TBF TV,ALPEREN BAŞER,ÇAĞRI TEMUR,EGEHAN SERT,HAKAN AK,EMİNE AK,NURSEVİL AKYOL,HANİFE CELEPOĞLU,GÜLEN SÖNMEZ,90. Yıl Spor Salonu
28.09.2024,15:00,2BA4599,03. Hafta,FERHATOĞLU EDREMİT BELEDİYESİ GÜRESPOR,71 - 69,EMLAK KONUT GELİŞİM,,BALIKESİR,Güre ATATÜRK  Spor Salonu | ,Youtube / TBF TV,SALİH ACAR,IŞILAY ÇAPRAZ,OKTAY ÇETİN SAĞDEMİR,GÜNAY YAYLI,IŞIL ÖZKAN,MAHMUT DEMİR,ESRA ÖZDEMİR,MUSA ÇALIŞKAN,Güre ATATÜRK  Spor Salonu
28.09.2024,16:00,2BA4600,03. Hafta,SEÇİL KAUÇUK MERSİN BASKETBALL,78 - 65,URLA BELEDİYESİ,,MERSİN,Edip Buran Spor Salonu | ,Youtube / TBF TV,FURKAN ÜNLÜ,HASAN KORKMAZ,ANIL YEŞİLDAĞ,VEYSİ ORUK,YELİZ KAZAN,LEVENT YORULMAZ,BETÜL ÖZCAN,BERK MERT,Edip Buran Spor Salonu
28.09.2024,17:30,2BA4601,03. Hafta,EDİRNE DSİ,77 - 64,ÇANKAYA ÜNİVERSİTESİ,,EDİRNE,Edirne Mimar Sinan Spor Salonu | ,Youtube / TBF TV,BEYHAN ERBİLGİN,BORA ÇEVİK,SEDAT ERKOL,BURHAN BAŞARAN,GAMZE GÜL,BURAK TUNALI,İREM TAVŞANTEPE,DENİZ AZAZ,Edirne Mimar Sinan Spor Salonu
28.09.2024,18:00,2BA4597,03. Hafta,GALLARDO,60 - 95,01 ADANA BASKETBOL,,ANKARA,Sinan Şamil Sam Spor Salonu | ,Youtube / TBF TV,ALİHAN CİVELEK,AHMET EMRE PEHLİVAN,YASEMİN KUNDAKÇI,HACI MUSTAFA  BORA,FİKRET MERCAN,SERCAN YILDIRIM,EREN UYGUN,VOLKAN DARCAN,Sinan Şamil Sam Spor Salonu
29.09.2024,16:00,2BA4602,03. Hafta,KIRKLARELİ BELEDİYESİ KIRKLARELİ FEN BİLİMLERİ,63 - 61,LİDYA GARDEN CİTY TURGUTLU BELEDİYESPOR,,KIRKLARELİ,Yeni Kırklareli Spor Salonu | ,Youtube / TBF TV,METİN SARIOĞLU,MELİH BAĞLAR,KEREM EKE,TAYFUN AY,BETÜL ERDEM,ASLI ŞİMŞEK,AYBİKE KURTULDU,GÜLİZ ÖZALTAN DİLMEN,Yeni Kırklareli Spor Salonu
30.09.2024,14:00,2BA4603,03. Hafta,FENERBAHÇE GELİŞİM,56 - 62,J&amp;M ÇANAKKALE BELEDİYESPOR,,İSTANBUL,Fenerbahçe Metro Enerji Spor Salonu | ,Youtube / TBF TV,HÜSEYİN MERT ŞEKER,HALİL İBRAHİM CANTÜRK,MAHİR ÇITAK,GÖZDE ERSÖZ,EBRU ULUDOĞAN,ZEHRA AKAN,EDA ELFİDAN,ESER FIRIL,Fenerbahçe Metro Enerji Spor Salonu
4.10.2024,14:00,2BA4604,04. Hafta,ÇANKAYA ÜNİVERSİTESİ,50 - 60,SEÇİL KAUÇUK MERSİN BASKETBALL,,ANKARA,ATA Spor Salonu | ,Youtube / TBF TV,KAMİL ALOK,TAYFUN KARAKUM,HALİL SAMET KESKİN,CANSIN BERK KÖSEOĞLU,ESİN KALELİ,VEYSEL SİNAN TUNCER,EROL TUNCEL,ANIL ENDER DURGUN,ATA Spor Salonu
4.10.2024,15:30,2BA4605,04. Hafta,01 ADANA BASKETBOL,60 - 58,FENERBAHÇE GELİŞİM,,ADANA,Menderes Spor Salonu | ,Youtube / TBF TV,YAVUZHAN KÜRŞAT AYDIN,ZEKİ BAYRAM,BERKİN YÜCER,MUSTAFA KEMAL ERSÖZ,LETAFET FEYZA YÜKSEL,FERHAT ÜLGE,MEHTAP TOSUN,MEHMET MURAT KÖMÜRHANLI,Menderes Spor Salonu
4.10.2024,18:30,2BA4606,04. Hafta,URLA BELEDİYESİ,86 - 66,KIRKLARELİ BELEDİYESİ KIRKLARELİ FEN BİLİMLERİ,,İZMİR,12 Eylül Spor Salonu | ,Youtube / TBF TV,OSMAN YETİŞKİN,EMİN YEŞİL,ALMİR CEM SINACI,MERVE DOĞRU,DİLEK GEDİK HANGÜL,ÇAĞATAY KAMER VANLIOĞLU,ESMA UNTUÇ,ERKAN TURAN,12 Eylül Spor Salonu
5.10.2024,15:00,2BA4607,04. Hafta,FERHATOĞLU EDREMİT BELEDİYESİ GÜRESPOR,70 - 53,J&amp;M ÇANAKKALE BELEDİYESPOR,,BALIKESİR,Güre ATATÜRK  Spor Salonu | ,Youtube / TBF TV,YASİN ALKAN,ELİF ÇELİKTEPE,NECİP ERALP SER,HAKAN ŞAHİN,ERCAN ÇAVUŞOĞLU,MERT İĞDELİ,CANEL BOYAR,METİN IŞIK,Güre ATATÜRK  Spor Salonu
5.10.2024,16:00,2BA4608,04. Hafta,LİDYA GARDEN CİTY TURGUTLU BELEDİYESPOR,85 - 69,YALOVA VİP,,MANİSA,Yıldırım Beyazıt Spor Salonu | ,Youtube / TBF TV,NUR AKÇA,BEKİR BOZKURT,ALİ KAAN USLU,KAAN KARTAL,OSMAN CİNGİL,HEDİYE AYTAŞ SARIASLAN,KADİR ERDEN,ENGİN ABATAY,Yıldırım Beyazıt Spor Salonu
5.10.2024,17:00,2BA4609,04. Hafta,ASLAN YOL BURHANİYE BELEDİYESPOR,89 - 66,EDİRNE DSİ,,BALIKESİR,Burhaniye Spor Salonu | ,Youtube / TBF TV,ONUR AÇIKYÜZ,FURKAN KÖSE,MEHMET HAKAN ALATAŞ,SERKAN İNCE,EYLEM KAYA,ALİ ERDEM,ALEV GÜLAÇTI,MUSA ÇALIŞKAN,Burhaniye Spor Salonu
6.10.2024,17:00,2BA4611,04. Hafta,EMLAK KONUT GELİŞİM,62 - 45,ROMATEM BURSA ULUDAĞ BASKETBOL,,İSTANBUL,Başakşehir Spor Kompleksi | ,Youtube / TBF TV,İSMAİL BALPETEK,EMİRHAN SERTOĞLU,TAHİR EROĞLU,DURSUN ÇAĞDAŞ AKALIN,BİROL ÖZDAL,MEHMET KAPUCU,REMZİ KILIÇ,MURAT SÜMER,Başakşehir Spor Kompleksi
7.10.2024,14:00,2BA4610,04. Hafta,ÇİMSA ÇBK MERSİN GELİŞİM,66 - 57,GALLARDO,,MERSİN,Servet Tazegül Spor Salonu | ,Youtube / TBF TV,HAMZA ÇALIŞKAN,HASAN HÜSEYİN DEVECİ,BETÜL ERKAN,YEŞİM ATUŞ KARAGÖZ,SERAAY ŞİMŞEK,TÜRKAN KEKLİK,ERDİNÇ BOZKURT,LEVENT YORULMAZ,Servet Tazegül Spor Salonu
11.10.2024,18:00,2BA4612,05. Hafta,FENERBAHÇE GELİŞİM,56 - 40,ÇİMSA ÇBK MERSİN GELİŞİM,,İSTANBUL,Fenerbahçe Metro Enerji Spor Salonu | ,Youtube / TBF TV,SONER TÜRKER,KADİR BERDAN ŞEKER,OSMAN OZAN ÇALAP,NURSEL İSLAM,OSMAN OKUDAN,GÜLTEKİN KABAŞ,TUĞBA DURNAOĞLU,DUYGU USTAOĞLU,Fenerbahçe Metro Enerji Spor Salonu
11.10.2024,18:00,2BA4613,05. Hafta,J&amp;M ÇANAKKALE BELEDİYESPOR,73 - 67,EMLAK KONUT GELİŞİM,,ÇANAKKALE,Anafartalar Spor Salonu | ,Youtube / TBF TV,HALİL ATA GÜNAL,MEHMET EMİN RAŞİTOĞLU,BETÜL UNTUÇ,ATİF AL,BÜŞRANUR ÇELİKGÖZ,ZEYNEP YILDIRIM,KADRİYE SEVİLAY BAYRAM,AHMET YILDIRIM,Anafartalar Spor Salonu
11.10.2024,18:00,2BA4614,05. Hafta,GALLARDO,43 - 75,LİDYA GARDEN CİTY TURGUTLU BELEDİYESPOR,,ANKARA,Sinan Şamil Sam Spor Salonu | ,Youtube / TBF TV,FATİH OĞUZHAN,SÜLEYMAN YILDIZ,MUHAMMET ALİ YAVUZ,OZAN ÜSTÜN,SÜLEYMAN YALÇIN TORUNOĞLU,ANIL ENDER DURGUN,EREN UYGUN,DOĞUKAN TOPRAK,Sinan Şamil Sam Spor Salonu
12.10.2024,14:00,2BA4615,05. Hafta,YALOVA VİP,83 - 73,URLA BELEDİYESİ,,YALOVA,90. Yıl Spor Salonu | ,Youtube / TBF TV,OZAN GÜNDÜZ,KÜRŞAT DENİZ,ONUR UĞUR ÇİÇEKDENK,UĞUR AYDEMİR,ELMAS DEMİREL AYDEMİR,ESRA YOLCU ESEN,AYNUR SAĞINDIK,TAYFUN CAN DEMİR,90. Yıl Spor Salonu
12.10.2024,15:00,2BA4618,05. Hafta,FERHATOĞLU EDREMİT BELEDİYESİ GÜRESPOR,83 - 68,01 ADANA BASKETBOL,,BALIKESİR,Güre ATATÜRK  Spor Salonu | ,Youtube / TBF TV,GÜRKAN DEMİR,METİN ÜSTER,AYHAN CEM AKAN,ELA ONAT,NESLİHAN ÇOBAN,MAHMUT DEMİR,ALEV GÜLAÇTI,MUSA ÇALIŞKAN,Güre ATATÜRK  Spor Salonu
12.10.2024,16:00,2BA4616,05. Hafta,SEÇİL KAUÇUK MERSİN BASKETBALL,65 - 62,ASLAN YOL BURHANİYE BELEDİYESPOR,,MERSİN,Edip Buran Spor Salonu | ,Youtube / TBF TV,ORÇUN AKGÜL,SALİH DALMAN,BATUHAN ORHAN,TURGAY KÖROĞLU,SEMRA ŞENEL,MUZAFFER HARUN ÖZSOY,HURİYE ERGENÇ,LEVENT YORULMAZ,Edip Buran Spor Salonu
12.10.2024,17:30,2BA4617,05. Hafta,EDİRNE DSİ,78 - 76,ROMATEM BURSA ULUDAĞ BASKETBOL,,EDİRNE,Edirne Mimar Sinan Spor Salonu | ,Youtube / TBF TV,HAVVA MİRHAN ATEŞER,SALİH ARDA UNUL,ATA GÜRAKAN,ENİS GÜREL,CEMRESU DİRİCAN,BURAK TUNALI,İREM TAVŞANTEPE,KEMALCAN KOMAN,Edirne Mimar Sinan Spor Salonu
13.10.2024,16:00,2BA4619,05. Hafta,KIRKLARELİ BELEDİYESİ KIRKLARELİ FEN BİLİMLERİ,80 - 72,ÇANKAYA ÜNİVERSİTESİ,,KIRKLARELİ,Yeni Kırklareli Spor Salonu | ,Youtube / TBF TV,SEDEF YARICI,NİHAT FURKAN YÜZGEÇ,UTKU SARI,YAŞAR TERZİOĞLU,NURDAN ERGÜL,SEMRA SOLAK,ÜLKER KEMALOĞLU,GÜLİZ ÖZALTAN DİLMEN,Yeni Kırklareli Spor Salonu
18.10.2024,14:00,2BA4621,06. Hafta,ÇANKAYA ÜNİVERSİTESİ,86 - 80,YALOVA VİP,,ANKARA,ATA Spor Salonu | ,Youtube / TBF TV,YASİN ALKAN,EMRE EFE CİHAN,SÜLEYMAN DORUK KERKEZ,HACI MUSTAFA  BORA,AZRA ÖZKAN,TUNCER ULUŞEKER,YÜSRA BAKIRCI,MİNE MİHRİCAN KANBUR,ATA Spor Salonu
18.10.2024,17:30,2BA4620,06. Hafta,ÇİMSA ÇBK MERSİN GELİŞİM,55 - 84,FERHATOĞLU EDREMİT BELEDİYESİ GÜRESPOR,,MERSİN,Servet Tazegül Spor Salonu | ,Youtube / TBF TV,SALİH SERKAN KOÇAK,MEHMET KURTULUŞ SAVAŞ,MEHMET NEZİR DUNMAZ,MURAT DEMİRATAN,NAİL ŞARAPLI,ERDİNÇ BOZKURT,SERAAY ŞİMŞEK,ZİYA ERTAŞ,Servet Tazegül Spor Salonu
18.10.2024,18:00,2BA4623,06. Hafta,ROMATEM BURSA ULUDAĞ BASKETBOL,78 - 74,SEÇİL KAUÇUK MERSİN BASKETBALL,,BURSA,Tofaş Spor Salonu | ,Youtube / TBF TV,MELİH EREN,ALİ KÜÇÜKERDEM,HÜSEYİN CENGİZ,MAHMUT TAN,MELTEM UĞURLU,EMEL ÖZTÜRK,AYÇA ÜNLÜ,AHMET CAN ŞAPÇI,Tofaş Spor Salonu
18.10.2024,18:30,2BA4624,06. Hafta,URLA BELEDİYESİ,99 - 81,GALLARDO,,İZMİR,12 Eylül Spor Salonu | ,Youtube / TBF TV,SERHAT DÜLGER,MURAT BERK KAYA,TALİP KOCAÖZ,MURAT MISIRLI,DİLEK GEDİK HANGÜL,ÇAĞATAY KAMER VANLIOĞLU,SEHER ÇAKMAK,SİNEM BİRTÜRK,12 Eylül Spor Salonu
19.10.2024,15:30,2BA4622,06. Hafta,01 ADANA BASKETBOL,55 - 62,J&amp;M ÇANAKKALE BELEDİYESPOR,,ADANA,Menderes Spor Salonu | ,Youtube / TBF TV,ERHAN ERDOĞAN,MEHMET SEÇKİN ÖZTÜRK,YILDIZ NESLİHAN PEKER,YUSUF BÜYÜKFİDAN,FERHAT ÜLGE,ALİ DUVARCI,ERKAN İNCE,MEHMET MURAT KÖMÜRHANLI,Menderes Spor Salonu
19.10.2024,17:00,2BA4625,06. Hafta,ASLAN YOL BURHANİYE BELEDİYESPOR,86 - 78,KIRKLARELİ BELEDİYESİ KIRKLARELİ FEN BİLİMLERİ,,BALIKESİR,Burhaniye Spor Salonu | ,Youtube / TBF TV,NİHAT KARA,EREN AKPULAT,BURAK TATOĞLU,MURAT KARTAL,NESLİHAN ÇOBAN,MAHMUT DEMİR,ALİ ERDEM,MUSA ÇALIŞKAN,Burhaniye Spor Salonu
20.10.2024,18:00,2BA4626,06. Hafta,LİDYA GARDEN CİTY TURGUTLU BELEDİYESPOR,75 - 60,FENERBAHÇE GELİŞİM,,MANİSA,Yıldırım Beyazıt Spor Salonu | ,Youtube / TBF TV,YUNUS ÖZTÜRK,RAMAZAN YENİ,NAMİ SUNAY SOYDAN,BARIŞ KILIÇKAYA,ESRA GÜLSUYU,ZEKERİYA YAŞAR,ENGİN ABATAY,SALİH KARAKURT,Yıldırım Beyazıt Spor Salonu
21.10.2024,18:00,2BA4627,06. Hafta,EMLAK KONUT GELİŞİM,98 - 43,EDİRNE DSİ,,İSTANBUL,Başakşehir Spor Kompleksi | ,Youtube / TBF TV,SENAY COŞKUN,ENES BAŞARAN ÖZTÜRK,ULAŞ ARSLAN,TUĞBA YURTSEVEN,GÖKHAN ALTUNTAŞ,MERVE SAĞLAM,MEHMET KAPUCU,REMZİ KILIÇ,Başakşehir Spor Kompleksi
25.10.2024,18:00,2BA4628,07. Hafta,GALLARDO,81 - 94,ÇANKAYA ÜNİVERSİTESİ,,ANKARA,Ankara Spor Salonu (Küçük) | ,Youtube / TBF TV,ENES DURAN,DERYA ÇELİK,ERHAN ERDOĞAN,NURSEN AYDIN,VEFA ÇELİK,AKIN AYTEKİN,YÜSRA BAKIRCI,FİKRET MERCAN,Ankara Spor Salonu (Küçük)
25.10.2024,18:00,2BA4629,07. Hafta,J&amp;M ÇANAKKALE BELEDİYESPOR,84 - 56,ÇİMSA ÇBK MERSİN GELİŞİM,,ÇANAKKALE,Anafartalar Spor Salonu | ,Youtube / TBF TV,ALİ RIZA PİNAT,SAMET TEKİN,KAMİL TALHA OLGUN,CEM ATMACA,ARZU KÖRKEN,AHMET YILDIRIM,CUMALİ ÖZLER,ZEYNEP YILDIRIM,Anafartalar Spor Salonu
26.10.2024,15:00,2BA4631,07. Hafta,FERHATOĞLU EDREMİT BELEDİYESİ GÜRESPOR,64 - 56,LİDYA GARDEN CİTY TURGUTLU BELEDİYESPOR,,BALIKESİR,Güre ATATÜRK  Spor Salonu | ,Youtube / TBF TV,HASAN OK,MURAT GENÇ,KEREM ALTINTAŞ,SERKAN İNCE,ERCAN ÇAVUŞOĞLU,MERT TELLİBAYRAKTAR,CANEL BOYAR,METİN IŞIK,Güre ATATÜRK  Spor Salonu
26.10.2024,16:00,2BA4632,07. Hafta,SEÇİL KAUÇUK MERSİN BASKETBALL,77 - 66,EDİRNE DSİ,,MERSİN,Edip Buran Spor Salonu | ,Youtube / TBF TV,ÖMER SARI,DEYER AKÇAY,FURKAN ÜNLÜ,BAHA KAÇIN,TÜRKAN KEKLİK,MUZAFFER HARUN ÖZSOY,ERDİNÇ BOZKURT,SABAHİTTİN KAZAN,Edip Buran Spor Salonu
26.10.2024,18:00,2BA4630,07. Hafta,YALOVA VİP,70 - 67,ASLAN YOL BURHANİYE BELEDİYESPOR,,YALOVA,90. Yıl Spor Salonu | ,Youtube / TBF TV,AHMET TANER İBİN,HAVVA MİRHAN ATEŞER,ŞEVKET KUTLUHAN KANBUROĞLU,ZİYNİŞ ORUÇ,EMİNE AK,ESRA YOLCU ESEN,SELÇUK KURT,GÜLEN SÖNMEZ,90. Yıl Spor Salonu
27.10.2024,15:00,2BA4633,07. Hafta,FENERBAHÇE GELİŞİM,85 - 79,URLA BELEDİYESİ,,İSTANBUL,Fenerbahçe Metro Enerji Spor Salonu | ,Youtube / TBF TV,BATUHAN MERT GÜL,SABRİ GÜNDÜZ,HAKAN ÇETİN,TUĞBA YURTSEVEN,DİLAN SARIBULAK,EBRU ULUDOĞAN,MURAT SONER DURADEMİR,BEGÜM SAVAŞ,Fenerbahçe Metro Enerji Spor Salonu
27.10.2024,16:00,2BA4634,07. Hafta,KIRKLARELİ BELEDİYESİ KIRKLARELİ FEN BİLİMLERİ,74 - 51,ROMATEM BURSA ULUDAĞ BASKETBOL,,KIRKLARELİ,Yeni Kırklareli Spor Salonu | ,Youtube / TBF TV,BUĞRA ÇAĞATAY SAVAŞ,MURAT AMAÇ,GÖZDE KAFADAR,YAŞAR SİNAN ÇELİKOĞLU,BETÜL ERDEM,GÜLİZ ÖZALTAN DİLMEN,AYBİKE KURTULDU,ASLI ŞİMŞEK,Yeni Kırklareli Spor Salonu
28.10.2024,15:30,2BA4635,07. Hafta,01 ADANA BASKETBOL,82 - 78,EMLAK KONUT GELİŞİM,,ADANA,Menderes Spor Salonu | ,Youtube / TBF TV,SAİT NEDİM ÇELİK,ORÇUN AKGÜL,OSMAN KINCAL,VEYSİ ORUK,MEHTAP TOSUN,ALİ DUVARCI,FERHAT ÜLGE,MEHMET MURAT KÖMÜRHANLI,Menderes Spor Salonu
1.11.2024,18:00,2BA4636,08. Hafta,ROMATEM BURSA ULUDAĞ BASKETBOL,76 - 62,YALOVA VİP,,BURSA,Tofaş Spor Salonu | ,Youtube / TBF TV,AHMET MURAT ARIKANLI,SEYHAN TOPALOĞLU,SÜLEYMAN EREN PEKDOĞAN,ATİF AL,NİDA ECE TÜZÜK,ŞAFAK IRMAK SARAÇOĞLU,BÜŞRA HEKİMOĞLU,AHMET CAN ŞAPÇI,Tofaş Spor Salonu
1.11.2024,18:30,2BA4637,08. Hafta,URLA BELEDİYESİ,74 - 85,FERHATOĞLU EDREMİT BELEDİYESİ GÜRESPOR,,İZMİR,12 Eylül Spor Salonu | ,Youtube / TBF TV,BURAK AKTAŞ,MUSTAFA TOPALOĞLU,KAAN BERK BALCIOĞLU,MEHMET AKİF KARAGÖZ,ERKAN TURAN,BERRİN TURAN,ARZU AKINCI,MEHMET AKINCI,12 Eylül Spor Salonu
2.11.2024,14:00,2BA4641,08. Hafta,ÇİMSA ÇBK MERSİN GELİŞİM,66 - 87,01 ADANA BASKETBOL,,MERSİN,Edip Buran Spor Salonu | ,Youtube / TBF TV,HALDUN ÇOBAN,ERSEL BÜYÜKKARA,ALİ CAN YILMAZ,MUSTAFA KEMAL ERSÖZ,ZEKİYE EZER,TUFAN EZER,AHMET ÖZDOĞAN,LEVENT YORULMAZ,Edip Buran Spor Salonu
2.11.2024,14:30,2BA4642,08. Hafta,EMLAK KONUT GELİŞİM,85 - 84,SEÇİL KAUÇUK MERSİN BASKETBALL,,İSTANBUL,Ahmet Cömert Spor Salonu | ,Youtube / TBF TV,BENHÜR İRCEL,SEDEF YARICI,YUNUS ÖZTÜRK,HÜSEYİN OSMAN BÜYÜKGÖKSU,ÖZLEM TUNA,ERMAN YÜCEL,ÖYKÜ GÜNGÖR,MERT İĞDELİ,Ahmet Cömert Spor Salonu
2.11.2024,15:00,2BA4643,08. Hafta,ÇANKAYA ÜNİVERSİTESİ,54 - 57,FENERBAHÇE GELİŞİM,,ANKARA,ATA Spor Salonu | ,Youtube / TBF TV,SÜLEYMAN TEPE,OZAN GÜNDÜZ,MELİH EREN,NİYAZİ ALİŞAN,VEFA ÇELİK,SİBEL FAZLIOĞLU,MUSA SAFA SARI,ONUR YEŞİLBAĞ,ATA Spor Salonu
2.11.2024,16:00,2BA4638,08. Hafta,LİDYA GARDEN CİTY TURGUTLU BELEDİYESPOR,62 - 60,J&amp;M ÇANAKKALE BELEDİYESPOR,,MANİSA,Yıldırım Beyazıt Spor Salonu | ,Youtube / TBF TV,NİYAZİ YASİN KAHRAMAN,AYGÜN AKGÜL,KÜRŞAT DENİZ,OKAN KAHRAMAN,ESRA GÜLSUYU,HEDİYE AYTAŞ SARIASLAN,ENGİN ABATAY,ÜMİT KONCA,Yıldırım Beyazıt Spor Salonu
2.11.2024,17:00,2BA4639,08. Hafta,ASLAN YOL BURHANİYE BELEDİYESPOR,93 - 58,GALLARDO,,BALIKESİR,Burhaniye Spor Salonu | ,Youtube / TBF TV,KADİR GİRAY ESEN,GÜRKAN DEMİR,HASAN KAMİL TAKINYALIOĞLU,ELA ONAT,GAMZE ATİLA,EYLEM KAYA,ERCAN ÇAVUŞOĞLU,ESİN ÖZSÜRMELİ,Burhaniye Spor Salonu
2.11.2024,17:30,2BA4640,08. Hafta,EDİRNE DSİ,67 - 76,KIRKLARELİ BELEDİYESİ KIRKLARELİ FEN BİLİMLERİ,,EDİRNE,Edirne Mimar Sinan Spor Salonu | ,Youtube / TBF TV,SEZER BOR,SALİH ARDA UNUL,ARDA NAVRUZ,FERHAT SUNA,DENİZ AZAZ,BURAK TUNALI,KAMİLE MERVE AÇIKGÖZ,KEMALCAN KOMAN,Edirne Mimar Sinan Spor Salonu
8.11.2024,14:00,2BA4644,09. Hafta,ÇİMSA ÇBK MERSİN GELİŞİM,60 - 70,EMLAK KONUT GELİŞİM,,MERSİN,Edip Buran Spor Salonu | ,Youtube / TBF TV,HAKAN GEREY,DEYER AKÇAY,HASAN HÜSEYİN DEVECİ,TURGAY KÖROĞLU,BETÜL ÖZCAN,HURİYE ERGENÇ,SERAAY ŞİMŞEK,RABİA YILDIZ ÖZTÜRK,Edip Buran Spor Salonu
8.11.2024,18:00,2BA4645,09. Hafta,GALLARDO,74 - 65,ROMATEM BURSA ULUDAĞ BASKETBOL,,ANKARA,Sinan Şamil Sam Spor Salonu | ,Youtube / TBF TV,SEDA ESEN,SALİH SERKAN KOÇAK,HALİL İBRAHİM CANTÜRK,CANSIN BERK KÖSEOĞLU,HAMDİ BULUREL,RESUL GEÇER,ELİF CAN,FİKRET MERCAN,Sinan Şamil Sam Spor Salonu
9.11.2024,14:00,2BA4646,09. Hafta,YALOVA VİP,74 - 69,EDİRNE DSİ,,YALOVA,90. Yıl Spor Salonu | ,Youtube / TBF TV,BURAK PEHLİVAN,NİHAT KARA,İZZET ATALAY TAŞKIN,MACİT ZEREN,NURAY SORUŞ,NURSEVİL AKYOL,AYNUR SAĞINDIK,İBRAHİM HALİL SİVİL,90. Yıl Spor Salonu
9.11.2024,14:00,2BA4647,09. Hafta,J&amp;M ÇANAKKALE BELEDİYESPOR,66 - 68,URLA BELEDİYESİ,,ÇANAKKALE,Anafartalar Spor Salonu | ,Youtube / TBF TV,ÖMER SARI,ALPER CAN BOZYEL,MUSA ONUR SAVAŞ,MURAT KARTAL,BÜŞRANUR ÇELİKGÖZ,KADRİYE SEVİLAY BAYRAM,ULAŞ ÜLKÜ,ZEYNEP YILDIRIM,Anafartalar Spor Salonu
9.11.2024,14:30,2BA4648,09. Hafta,FENERBAHÇE GELİŞİM,76 - 72,ASLAN YOL BURHANİYE BELEDİYESPOR,,İSTANBUL,Fenerbahçe Metro Enerji Spor Salonu | ,Youtube / TBF TV,MUSTAFA ÇELTİKER,MURAT GENÇ,MELİK KAYA,TAYFUN AY,NURGÜL TOPAL ARDOĞAN,ZEHRA AKAN,MERVE SERDAR,TİMUR TOPUZ,Fenerbahçe Metro Enerji Spor Salonu
9.11.2024,15:00,2BA4649,09. Hafta,FERHATOĞLU EDREMİT BELEDİYESİ GÜRESPOR,97 - 68,ÇANKAYA ÜNİVERSİTESİ,,BALIKESİR,Güre ATATÜRK  Spor Salonu | ,Youtube / TBF TV,METİN EROL,MURAT AMAÇ,SENAY COŞKUN,CEM ATMACA,IŞIL ÖZKAN,ERCAN ÇAVUŞOĞLU,ESRA ÖZDEMİR,ESİN ÖZSÜRMELİ,Güre ATATÜRK  Spor Salonu
9.11.2024,15:30,2BA4650,09. Hafta,01 ADANA BASKETBOL,62 - 61,LİDYA GARDEN CİTY TURGUTLU BELEDİYESPOR,,ADANA,Menderes Spor Salonu | ,Youtube / TBF TV,CEMİL UYGÜL,MEHMET SEÇKİN ÖZTÜRK,OSMAN KINCAL,BAHA KAÇIN,CANSU DİKİLİTAŞ,FERHAT ÜLGE,İBRAHİM YALANCA,MEHMET MURAT KÖMÜRHANLI,Menderes Spor Salonu
10.11.2024,16:00,2BA4651,09. Hafta,KIRKLARELİ BELEDİYESİ KIRKLARELİ FEN BİLİMLERİ,82 - 71,SEÇİL KAUÇUK MERSİN BASKETBALL,,KIRKLARELİ,Yeni Kırklareli Spor Salonu | ,Youtube / TBF TV,HASAN OK,HAVVA MİRHAN ATEŞER,EREN AKPULAT,ENİS GÜREL,NURDAN ERGÜL,SEMRA SOLAK,GÜLİZ ÖZALTAN DİLMEN,AYDIN YILDIZ,Yeni Kırklareli Spor Salonu
15.11.2024,14:00,2BA4652,10. Hafta,ÇANKAYA ÜNİVERSİTESİ,68 - 88,J&amp;M ÇANAKKALE BELEDİYESPOR,,ANKARA,ATA Spor Salonu | ,Youtube / TBF TV,AHMET TANER İBİN,SONER TÜRKER,FATİH OĞUZHAN,NURSEN AYDIN,ELİF CAN,VEYSEL SİNAN TUNCER,MİNE MİHRİCAN KANBUR,VOLKAN DARCAN,ATA Spor Salonu
15.11.2024,16:30,2BA4655,10. Hafta,URLA BELEDİYESİ,91 - 88,01 ADANA BASKETBOL,,İZMİR,12 Eylül Spor Salonu | ,Youtube / TBF TV,CANER BAHADIR,SONER ÖZAYDOĞAN,ARDA NAVRUZ,AHMET ÖNEY,CEMRE ÇEKAL,ÇAĞATAY KAMER VANLIOĞLU,OKAN ÇETİNBAŞ,ELİF KALENDER,12 Eylül Spor Salonu
15.11.2024,17:00,2BA4653,10. Hafta,EMLAK KONUT GELİŞİM,59 - 68,KIRKLARELİ BELEDİYESİ KIRKLARELİ FEN BİLİMLERİ,,İSTANBUL,Başakşehir Spor Kompleksi | ,Youtube / TBF TV,ÇAĞATAY TAŞKIN,ERHAN ERDOĞAN,HÜSEYİN MERT ŞEKER,ERSİN ÇELİK,FARUK RAMOĞLU,BİROL ÖZDAL,GÖKHAN ALTUNTAŞ,AYGÜN SEVGİL,Başakşehir Spor Kompleksi
15.11.2024,18:00,2BA4654,10. Hafta,ROMATEM BURSA ULUDAĞ BASKETBOL,55 - 69,FENERBAHÇE GELİŞİM,,BURSA,Tofaş Spor Salonu | ,Youtube / TBF TV,HAKAN GEREY,İSMAİL BALPETEK,HASAN TUNÇ KESKİN,ZİYNİŞ ORUÇ,TUĞBA ÖZMEN,NİDA ECE TÜZÜK,SERKAN ILGAR,ŞAFAK IRMAK SARAÇOĞLU,Tofaş Spor Salonu
15.11.2024,19:00,2BA4656,10. Hafta,LİDYA GARDEN CİTY TURGUTLU BELEDİYESPOR,76 - 59,ÇİMSA ÇBK MERSİN GELİŞİM,,MANİSA,Yıldırım Beyazıt Spor Salonu | ,Youtube / TBF TV,BATUHAN MERT GÜL,KEREM ALTINTAŞ,GÖZDE KAFADAR,OKAN KAHRAMAN,ESRA GÜLSUYU,İSMAİL ATAR,SONGÜL ÇELİK,ÜMİT KONCA,Yıldırım Beyazıt Spor Salonu
16.11.2024,16:00,2BA4657,10. Hafta,SEÇİL KAUÇUK MERSİN BASKETBALL,63 - 55,YALOVA VİP,,MERSİN,Edip Buran Spor Salonu | ,Youtube / TBF TV,CEMİL UYGÜL,DERYA ÇELİK,ALİ KÜÇÜKERDEM,TURGAY KÖROĞLU,AHMET ÖZDOĞAN,BERK MERT,TUFAN EZER,LEVENT YORULMAZ,Edip Buran Spor Salonu
16.11.2024,17:00,2BA4658,10. Hafta,ASLAN YOL BURHANİYE BELEDİYESPOR,53 - 62,FERHATOĞLU EDREMİT BELEDİYESİ GÜRESPOR,,BALIKESİR,Burhaniye Spor Salonu | ,Youtube / TBF TV,MÜNEVVER ÖZEMRE,SAMET TEKİN,HASAN KAMİL TAKINYALIOĞLU,SERKAN İNCE,MUSA ÇALIŞKAN,NESLİHAN ÇOBAN,EYLEM KAYA,ESİN ÖZSÜRMELİ,Burhaniye Spor Salonu
16.11.2024,17:30,2BA4659,10. Hafta,EDİRNE DSİ,79 - 63,GALLARDO,,EDİRNE,Edirne Mimar Sinan Spor Salonu | ,Youtube / TBF TV,BARIŞ BURAK DURMUŞ,ONUR AÇIKYÜZ,EFE ÖZALKAN,HAKAN ŞAHİN,CEMRESU DİRİCAN,BURAK TUNALI,ÖZGÜR GENÇ,DENİZ AZAZ,Edirne Mimar Sinan Spor Salonu
22.11.2024,13:30,2BA4665,11. Hafta,01 ADANA BASKETBOL,79 - 75,ÇANKAYA ÜNİVERSİTESİ,,ADANA,Menderes Spor Salonu | ,Youtube / TBF TV,SAMET BİNER,HİKMET FEN,MEHMET SEÇKİN ÖZTÜRK,YUSUF BÜYÜKFİDAN,ERKAN İNCE,MEHTAP TOSUN,CUMALİ BEKTAŞ,BETÜL AĞAR,Menderes Spor Salonu
22.11.2024,18:00,2BA4660,11. Hafta,GALLARDO,61 - 86,SEÇİL KAUÇUK MERSİN BASKETBALL,,ANKARA,Sinan Şamil Sam Spor Salonu | ,Youtube / TBF TV,NAGEHAN ŞEYDA KURDEN AKTAŞ,OSMAN CAN GÜNDOĞDU,EMRE EFE CİHAN,ALPER DÖNMEZ,ANIL ENDER DURGUN,SİMAY ÇAKMAK,MUSTAFA KAYA,SERCAN YILDIRIM,Sinan Şamil Sam Spor Salonu
23.11.2024,13:30,2BA4662,11. Hafta,FENERBAHÇE GELİŞİM,60 - 58,EDİRNE DSİ,,İSTANBUL,Fenerbahçe Metro Enerji Spor Salonu | ,Youtube / TBF TV,ALİ OSMAN KANIK,UMUT MEMİŞ,TUANA ATEŞ,ZELİHA BAYRAKTAR,SİNAN ERSOY,YEŞİM ÖZCAN ÖZTÜRK,ALTAN CANDAN,İLYAS KURTULUŞ,Fenerbahçe Metro Enerji Spor Salonu
23.11.2024,14:00,2BA4663,11. Hafta,YALOVA VİP,57 - 66,KIRKLARELİ BELEDİYESİ KIRKLARELİ FEN BİLİMLERİ,,YALOVA,90. Yıl Spor Salonu | ,Youtube / TBF TV,METİN EROL,SEDEF YARICI,SABRİ GÜNDÜZ,SERDAR ÇELİK,ZELİHA DEMİR,ELMAS DEMİREL AYDEMİR,SELÇUK KURT,TAYFUN CAN DEMİR,90. Yıl Spor Salonu
23.11.2024,14:00,2BA4664,11. Hafta,J&amp;M ÇANAKKALE BELEDİYESPOR,68 - 62,ASLAN YOL BURHANİYE BELEDİYESPOR,,ÇANAKKALE,Anafartalar Spor Salonu | ,Youtube / TBF TV,SEDA ESEN,UYGAR KURT,GÖKHAN EĞLENOĞLU,CEM ATMACA,SULTAN MERVE AK,ARZU KÖRKEN,ZEYNEP YILDIRIM,AHMET YILDIRIM,Anafartalar Spor Salonu
23.11.2024,15:00,2BA4661,11. Hafta,FERHATOĞLU EDREMİT BELEDİYESİ GÜRESPOR,78 - 63,ROMATEM BURSA ULUDAĞ BASKETBOL,,BALIKESİR,Güre ATATÜRK  Spor Salonu | ,Youtube / TBF TV,SAMİ İREK,ŞEYHMUS MELEK,İZEL DENİZ PEHLİVAN ÇAKICI,ELA ONAT,GAMZE ATİLA,IŞIL ÖZKAN,ECEM BERBEROĞLU,ESİN ÖZSÜRMELİ,Güre ATATÜRK  Spor Salonu
24.11.2024,16:00,2BA4666,11. Hafta,LİDYA GARDEN CİTY TURGUTLU BELEDİYESPOR,67 - 56,EMLAK KONUT GELİŞİM,,MANİSA,Yıldırım Beyazıt Spor Salonu | ,Youtube / TBF TV,OĞUZHAN GÜZEL,FATİH ERDOĞAN,NUR AKÇA,OKAN ÖZER,RAUF ŞENEL,ZEKERİYA YAŞAR,FİGEN GÜNER,SALİH KARAKURT,Yıldırım Beyazıt Spor Salonu
25.11.2024,13:00,2BA4667,11. Hafta,ÇİMSA ÇBK MERSİN GELİŞİM,55 - 82,URLA BELEDİYESİ,,MERSİN,Edip Buran Spor Salonu | ,Youtube / TBF TV,SAİT NEDİM ÇELİK,ÖZKAN ÇAĞLAYAN,ÜNAL ÖZDEMİR,MURAT DEMİRATAN,TÜRKAN KEKLİK,MERVE YAĞMA,SERAAY ŞİMŞEK,MUZAFFER HARUN ÖZSOY,Edip Buran Spor Salonu
29.11.2024,14:00,2BA4670,12. Hafta,ÇANKAYA ÜNİVERSİTESİ,66 - 72,ÇİMSA ÇBK MERSİN GELİŞİM,,ANKARA,ATA Spor Salonu | ,Youtube / TBF TV,ENES DURAN,KEREM ALTINTAŞ,CELAL GÖRMÜŞ,OZAN ÜSTÜN,DOĞAN CAN KUZU,ALİ MURAT SUNGUR,HAMDİ BULUREL,BURCU NUR KIVRAK,ATA Spor Salonu
29.11.2024,18:00,2BA4668,12. Hafta,SEÇİL KAUÇUK MERSİN BASKETBALL,74 - 68,FENERBAHÇE GELİŞİM,,MERSİN,Edip Buran Spor Salonu | ,Youtube / TBF TV,HALDUN ÇOBAN,ORÇUN AKGÜL,AHMET ERTUĞRUL AŞKIN,AHMET ÖZKAN,ERDİNÇ BOZKURT,HURİYE ERGENÇ,SEMRA ŞENEL,ZİYA ERTAŞ,Edip Buran Spor Salonu
29.11.2024,18:30,2BA4671,12. Hafta,URLA BELEDİYESİ,47 - 78,LİDYA GARDEN CİTY TURGUTLU BELEDİYESPOR,,İZMİR,Urla Spor Salonu | ,Youtube / TBF TV,ATAKAN KAYMAK,AHMET KÖSE,OZAN İNCE,MURATCAN KOCABAY,SEHER ÇAKMAK,ÇAĞATAY KAMER VANLIOĞLU,ESMA UNTUÇ,ELİF KALENDER,Urla Spor Salonu
30.11.2024,17:00,2BA4672,12. Hafta,ASLAN YOL BURHANİYE BELEDİYESPOR,83 - 73,01 ADANA BASKETBOL,,BALIKESİR,Burhaniye Spor Salonu | ,Youtube / TBF TV,ÖZKAN TALO,HAVVA MİRHAN ATEŞER,FURKAN KÖSE,ELA ONAT,GAMZE ATİLA,IŞIL ÖZKAN,ECEM BERBEROĞLU,ESİN ÖZSÜRMELİ,Burhaniye Spor Salonu
30.11.2024,17:30,2BA4673,12. Hafta,EDİRNE DSİ,72 - 76,FERHATOĞLU EDREMİT BELEDİYESİ GÜRESPOR,,EDİRNE,Edirne Mimar Sinan Spor Salonu | ,Youtube / TBF TV,UĞUR YÜKSEL,SABRİ GÜNDÜZ,İSMAİL ARSLAN,TAYFUN AY,DENİZ AZAZ,BURAK TUNALI,EVİN AĞRAŞ,KEMALCAN KOMAN,Edirne Mimar Sinan Spor Salonu
1.12.2024,16:00,2BA4674,12. Hafta,KIRKLARELİ BELEDİYESİ KIRKLARELİ FEN BİLİMLERİ,61 - 59,GALLARDO,,KIRKLARELİ,Yeni Kırklareli Spor Salonu | ,Youtube / TBF TV,ALİ RIZA PİNAT,İZEL DENİZ PEHLİVAN ÇAKICI,METİN SARIOĞLU,TUĞBA YURTSEVEN,NURDAN ERGÜL,SEMRA SOLAK,ASLI ŞİMŞEK,SEYHAN GÜNTÜRK,Yeni Kırklareli Spor Salonu
2.12.2024,17:00,2BA4675,12. Hafta,EMLAK KONUT GELİŞİM,45 - 41,YALOVA VİP,,İSTANBUL,Başakşehir Spor Kompleksi | ,Youtube / TBF TV,ÖMER SARI,ABDULLAH UYANIK,DEYER AKÇAY,FURKAN DEDE,ZEHRA ABLAK,AYGÜN SEVGİL,REMZİ KILIÇ,BİROL ÖZDAL,Başakşehir Spor Kompleksi
2.12.2024,18:00,2BA4669,12. Hafta,ROMATEM BURSA ULUDAĞ BASKETBOL,81 - 101,J&amp;M ÇANAKKALE BELEDİYESPOR,,BURSA,Tofaş Spor Salonu | ,Youtube / TBF TV,KADİR GİRAY ESEN,UMUT MEMİŞ,KÜRŞAT DENİZ,ZİYNİŞ ORUÇ,RABİA KUNUK,NİDA ECE TÜZÜK,SUELNUR ÇELİK,AHMET CAN ŞAPÇI,Tofaş Spor Salonu
6.12.2024,18:00,2BA4677,13. Hafta,GALLARDO,76 - 82,YALOVA VİP,,ANKARA,Sinan Şamil Sam Spor Salonu | ,Youtube / TBF TV,MUSTAFA GÜRHAN SOYSAL,ÖZKAN ÇAĞLAYAN,KAMİL ALOK,BURAK TALHA DOĞAN,YURDAGÜL YALÇIN,HAMDİ BULUREL,YENER SALMAN,ŞİLAN BERRA ATLI,Sinan Şamil Sam Spor Salonu
6.12.2024,18:30,2BA4678,13. Hafta,URLA BELEDİYESİ,78 - 65,EMLAK KONUT GELİŞİM,,İZMİR,Urla Spor Salonu | ,Youtube / TBF TV,ALMİNA KOCABAŞ,SAMET TEKİN,ANASTASIIA USOVA,TOLGA  AKSULAR,CEREN BARAN,OKAN ÇETİNBAŞ,SERPİL AKIN,ELİF KALENDER,Urla Spor Salonu
7.12.2024,14:00,2BA4679,13. Hafta,J&amp;M ÇANAKKALE BELEDİYESPOR,81 - 72,EDİRNE DSİ,,ÇANAKKALE,Anafartalar Spor Salonu | ,Youtube / TBF TV,MELİKŞAH MERCAN,ABDULLAH UYANIK,NİHAT KARA,SERKAN İNCE,AYŞE YILDIZ,BÜŞRANUR ÇELİKGÖZ,CUMALİ ÖZLER,AHMET YILDIRIM,Anafartalar Spor Salonu
7.12.2024,15:00,2BA4680,13. Hafta,FERHATOĞLU EDREMİT BELEDİYESİ GÜRESPOR,77 - 64,SEÇİL KAUÇUK MERSİN BASKETBALL,,BALIKESİR,Güre ATATÜRK  Spor Salonu | ,Youtube / TBF TV,MEHMET BURAK ANLATICI,MUSTAFA TOPALOĞLU,HASAN ENES AYAZ,HAKAN ŞAHİN,GAMZE ATİLA,ERCAN ÇAVUŞOĞLU,ECEM BERBEROĞLU,ESİN ÖZSÜRMELİ,Güre ATATÜRK  Spor Salonu
7.12.2024,16:00,2BA4681,13. Hafta,LİDYA GARDEN CİTY TURGUTLU BELEDİYESPOR,83 - 53,ÇANKAYA ÜNİVERSİTESİ,,MANİSA,Yıldırım Beyazıt Spor Salonu | ,Youtube / TBF TV,SÜLEYMAN TEPE,SEDEF YARICI,EMİN YEŞİL,BARIŞ KILIÇKAYA,OSMAN CİNGİL,HEDİYE AYTAŞ SARIASLAN,FİGEN GÜNER,TUĞBERK ŞENGÜLDÜREN,Yıldırım Beyazıt Spor Salonu
7.12.2024,16:30,2BA4682,13. Hafta,01 ADANA BASKETBOL,79 - 62,ROMATEM BURSA ULUDAĞ BASKETBOL,,ADANA,Menderes Spor Salonu | ,Youtube / TBF TV,SAİT NEDİM ÇELİK,ORÇUN AKGÜL,DEYER AKÇAY,MEYMİNE MİNE YAZGÖNÜL,MEHTAP TOSUN,MEHMET MURAT KÖMÜRHANLI,BETÜL YENİSU,ERKAN İNCE,Menderes Spor Salonu
9.12.2024,14:00,2BA4676,13. Hafta,ÇİMSA ÇBK MERSİN GELİŞİM,72 - 67,ASLAN YOL BURHANİYE BELEDİYESPOR,,MERSİN,Edip Buran Spor Salonu | ,Youtube / TBF TV,HASAN OK,HİKMET FEN,HASAN HÜSEYİN DEVECİ,TURGAY KÖROĞLU,ERDİNÇ BOZKURT,SERAAY ŞİMŞEK,TÜRKAN KEKLİK,RABİA YILDIZ ÖZTÜRK,Edip Buran Spor Salonu
9.12.2024,18:00,2BA4683,13. Hafta,FENERBAHÇE GELİŞİM,67 - 55,KIRKLARELİ BELEDİYESİ KIRKLARELİ FEN BİLİMLERİ,,İSTANBUL,Fenerbahçe Metro Enerji Spor Salonu | ,Youtube / TBF TV,GÜNDOĞAN ALİ BALABAN,GÖKHAN EĞLENOĞLU,TEOMAN ALTAR AKIN,FURKAN DEDE,TUĞBA DURNAOĞLU,EDA ELFİDAN,SİNAN ERSOY,DİDEM ARPACI KARAGÖZ,Fenerbahçe Metro Enerji Spor Salonu
13.12.2024,14:00,2BA4691,14. Hafta,ÇANKAYA ÜNİVERSİTESİ,100 - 91,URLA BELEDİYESİ,,ANKARA,ATA Spor Salonu | ,Youtube / TBF TV,NİHAT ÇETİN,ANIL VEZİROĞLU,FATİH OĞUZHAN,HACI MUSTAFA  BORA,SELDA UZUN,TUNCER ULUŞEKER,BORA MERT KARADEMİR,SÜMEYYE SENEKLİOĞLU,ATA Spor Salonu
14.12.2024,14:00,2BA4684,14. Hafta,YALOVA VİP,71 - 75,FENERBAHÇE GELİŞİM,,YALOVA,90. Yıl Spor Salonu | ,Youtube / TBF TV,MUSTAFA CANDEMİR TABAK,NİHAT KARA,ERHAN ERDOĞAN,ZİYNİŞ ORUÇ,EMİNE AK,ELMAS DEMİREL AYDEMİR,ESRA YOLCU ESEN,TAYFUN CAN DEMİR,90. Yıl Spor Salonu
14.12.2024,15:30,2BA4687,14. Hafta,SEÇİL KAUÇUK MERSİN BASKETBALL,69 - 86,J&amp;M ÇANAKKALE BELEDİYESPOR,,MERSİN,Edip Buran Spor Salonu | ,Youtube / TBF TV,FATİH KURT,ÖZKAN ÇAĞLAYAN,OSMAN KINCAL,VEYSİ ORUK,ZEKİYE EZER,LEVENT YORULMAZ,CANER CANDAR,SABAHİTTİN KAZAN,Edip Buran Spor Salonu
14.12.2024,16:30,2BA4685,14. Hafta,EMLAK KONUT GELİŞİM,63 - 50,GALLARDO,,İSTANBUL,Başakşehir Spor Kompleksi | ,Youtube / TBF TV,SEZER BOR,SEDEF YARICI,HASAN KORKMAZ,NURSEL İSLAM,ZEHRA ABLAK,EMRECAN ÇAKIRCA,AYGÜN SEVGİL,DERYA ÖZTÜRK,Başakşehir Spor Kompleksi
14.12.2024,17:00,2BA4690,14. Hafta,ASLAN YOL BURHANİYE BELEDİYESPOR,64 - 76,LİDYA GARDEN CİTY TURGUTLU BELEDİYESPOR,,BALIKESİR,Burhaniye Spor Salonu | ,Youtube / TBF TV,TURGUT IŞIK,MURAT GENÇ,YUNUS ÖZTÜRK,SERKAN İNCE,IŞIL ÖZKAN,MUSA ÇALIŞKAN,EYLEM KAYA,MAHMUT DEMİR,Burhaniye Spor Salonu
14.12.2024,17:30,2BA4688,14. Hafta,EDİRNE DSİ,58 - 56,01 ADANA BASKETBOL,,EDİRNE,Edirne Mimar Sinan Spor Salonu | ,Youtube / TBF TV,BURAK ERKAN,GÜRKAN DEMİR,HÜSEYİN MERİÇ ÇAKIR,YAŞAR TERZİOĞLU,DENİZ AZAZ,BURAK TUNALI,KAMİLE MERVE AÇIKGÖZ,ELİF ÖÇAL,Edirne Mimar Sinan Spor Salonu
15.12.2024,16:00,2BA4686,14. Hafta,KIRKLARELİ BELEDİYESİ KIRKLARELİ FEN BİLİMLERİ,63 - 72,FERHATOĞLU EDREMİT BELEDİYESİ GÜRESPOR,,KIRKLARELİ,Yeni Kırklareli Spor Salonu | ,Youtube / TBF TV,METEHAN ALAÇAM,MURAT AMAÇ,YASİN ALKAN,YAŞAR SİNAN ÇELİKOĞLU,ASLI ŞİMŞEK,SEMRA SOLAK,AYBİKE KURTULDU,GÜLİZ ÖZALTAN DİLMEN,Yeni Kırklareli Spor Salonu
16.12.2024,18:00,2BA4689,14. Hafta,ROMATEM BURSA ULUDAĞ BASKETBOL,80 - 84,ÇİMSA ÇBK MERSİN GELİŞİM,,BURSA,Tofaş Spor Salonu | ,Youtube / TBF TV,BURAK DURMUŞ,SAMET TEKİN,TEOMAN ALTAR AKIN,ATİF AL,SEVİLAY ÖZDEMİR,TUĞBA ÖYLEK,AHMET CAN ŞAPÇI,ESRA AL,Tofaş Spor Salonu
20.12.2024,14:00,2BA4699,15. Hafta,ÇANKAYA ÜNİVERSİTESİ,58 - 84,EMLAK KONUT GELİŞİM,,ANKARA,ATA Spor Salonu | ,Youtube / TBF TV,HALDUN ÇOBAN,MUSTAFA TOPALOĞLU,EMİRHAN SERTOĞLU,VEYSEL PEKDOĞAN,ÖYKÜ BÖYÜKÇAKIR,FATİH ŞEN,EREN YILDIRIM,MİNE MİHRİCAN KANBUR,ATA Spor Salonu
20.12.2024,17:00,2BA4696,15. Hafta,ÇİMSA ÇBK MERSİN GELİŞİM,54 - 111,EDİRNE DSİ,,MERSİN,Edip Buran Spor Salonu | ,Youtube / TBF TV,SÜLEYMAN TEPE,DEYER AKÇAY,SALİH DALMAN,TURGAY KÖROĞLU,İLKNUR DABLAN,SERAAY ŞİMŞEK,İPEK GÜREL,LEVENT YORULMAZ,Edip Buran Spor Salonu
20.12.2024,18:30,2BA4698,15. Hafta,URLA BELEDİYESİ,63 - 71,ASLAN YOL BURHANİYE BELEDİYESPOR,,İZMİR,Urla Spor Salonu | ,Youtube / TBF TV,ÖZKAN TALO,HASAN KAMİL TAKINYALIOĞLU,FATİH ŞAFAK,OKAN ÖZER,CEREN BARAN,OKAN ÇETİNBAŞ,ESMA UNTUÇ,MEHMET AKINCI,Urla Spor Salonu
21.12.2024,14:00,2BA4694,15. Hafta,J&amp;M ÇANAKKALE BELEDİYESPOR,72 - 53,KIRKLARELİ BELEDİYESİ KIRKLARELİ FEN BİLİMLERİ,,ÇANAKKALE,Anafartalar Spor Salonu | ,Youtube / TBF TV,HAKAN GEREY,SÜLEYMAN EREN PEKDOĞAN,ZEKİ BAYRAM,CEM ATMACA,ARZU KÖRKEN,KADRİYE SEVİLAY BAYRAM,ZEYNEP YILDIRIM,AHMET YILDIRIM,Anafartalar Spor Salonu
21.12.2024,15:00,2BA4693,15. Hafta,FERHATOĞLU EDREMİT BELEDİYESİ GÜRESPOR,107 - 46,YALOVA VİP,,BALIKESİR,Güre ATATÜRK  Spor Salonu | ,Youtube / TBF TV,ALİ OSMAN KANIK,KAMİL TALHA OLGUN,METİN ÜSTER,ELA ONAT,IŞIL ÖZKAN,GAMZE ATİLA,ECEM BERBEROĞLU,ESİN ÖZSÜRMELİ,Güre ATATÜRK  Spor Salonu
21.12.2024,16:00,2BA4697,15. Hafta,LİDYA GARDEN CİTY TURGUTLU BELEDİYESPOR,83 - 47,ROMATEM BURSA ULUDAĞ BASKETBOL,,MANİSA,Yıldırım Beyazıt Spor Salonu | ,Youtube / TBF TV,BARIŞ BURAK DURMUŞ,İZEL DENİZ PEHLİVAN ÇAKICI,ONUR AÇIKYÜZ,MURAT KARTAL,SONGÜL ÇELİK,FİGEN GÜNER,MÜZEYYEN SİNEM YÖRÜK,HEDİYE AYTAŞ SARIASLAN,Yıldırım Beyazıt Spor Salonu
21.12.2024,16:30,2BA4695,15. Hafta,01 ADANA BASKETBOL,87 - 52,SEÇİL KAUÇUK MERSİN BASKETBALL,,ADANA,Menderes Spor Salonu | ,Youtube / TBF TV,GÖKSUN ÖZ,UYGAR KURT,ALİ KÜÇÜKERDEM,AHMET ÖZKAN,BETÜL AĞAR,MUSTAFA ERDİNÇ,MEHMET MURAT KÖMÜRHANLI,BATUHAN TEPE,Menderes Spor Salonu
22.12.2024,14:00,2BA4692,15. Hafta,FENERBAHÇE GELİŞİM,74 - 57,GALLARDO,,İSTANBUL,Fenerbahçe Metro Enerji Spor Salonu | ,Youtube / TBF TV,RAMAZAN SEZER BARAN,SENAY COŞKUN,ALPER CAN BOZYEL,SERDAR ÇELİK,SİNAN ERSOY,ZEHRA AKAN,MERVE SERDAR,EBRU ULUDOĞAN,Fenerbahçe Metro Enerji Spor Salonu
27.12.2024,14:00,2BA4707,16. Hafta,ÇANKAYA ÜNİVERSİTESİ,75 - 59,ASLAN YOL BURHANİYE BELEDİYESPOR,,ANKARA,ATA Spor Salonu | ,Youtube / TBF TV,HÜSEYİN ÇAMCI,ABDULLAH UYANIK,NİHAT KARA,NURSEN AYDIN,SELDA UZUN,TUNCER ULUŞEKER,ELİF CAN,MİNE MİHRİCAN KANBUR,ATA Spor Salonu
27.12.2024,18:00,2BA4704,16. Hafta,ÇİMSA ÇBK MERSİN GELİŞİM,66 - 99,SEÇİL KAUÇUK MERSİN BASKETBALL,,MERSİN,Edip Buran Spor Salonu | ,Youtube / TBF TV,AHMET MURAT ARIKANLI,MEHMET SEÇKİN ÖZTÜRK,HAKAN MENNAN,MUSTAFA KEMAL ERSÖZ,BÜŞRA İLCAY,YELİZ KAZAN,SERAAY ŞİMŞEK,BERK MERT,Edip Buran Spor Salonu
27.12.2024,18:30,2BA4706,16. Hafta,URLA BELEDİYESİ,72 - 67,ROMATEM BURSA ULUDAĞ BASKETBOL,,İZMİR,Urla Spor Salonu | ,Youtube / TBF TV,OZAN GÖNEN,ANASTASIIA USOVA,OZAN İNCE,KAAN KARTAL,ESMA UNTUÇ,MEHMET AKINCI,CEREN BARAN,CEMRE ÇEKAL,Urla Spor Salonu
28.12.2024,14:00,2BA4702,16. Hafta,J&amp;M ÇANAKKALE BELEDİYESPOR,76 - 53,YALOVA VİP,,ÇANAKKALE,Anafartalar Spor Salonu | ,Youtube / TBF TV,HAKKI ÜNVER,FATİH ERDOĞAN,SALİH ARDA UNUL,HAKAN ŞAHİN,KADRİYE SEVİLAY BAYRAM,AHMET YILDIRIM,BÜŞRANUR ÇELİKGÖZ,ZEYNEP YILDIRIM,Anafartalar Spor Salonu
28.12.2024,15:00,2BA4701,16. Hafta,FERHATOĞLU EDREMİT BELEDİYESİ GÜRESPOR,98 - 61,GALLARDO,,BALIKESİR,Güre ATATÜRK  Spor Salonu | ,Youtube / TBF TV,FURKAN KESERATAR,ALPER OĞUZCAN CİRİT,IŞILAY ÇAPRAZ,SERKAN İNCE,ESRA ÖZDEMİR,MAHMUT DEMİR,CANEL BOYAR,MUSA ÇALIŞKAN,Güre ATATÜRK  Spor Salonu
28.12.2024,16:00,2BA4705,16. Hafta,LİDYA GARDEN CİTY TURGUTLU BELEDİYESPOR,72 - 57,EDİRNE DSİ,,MANİSA,Yıldırım Beyazıt Spor Salonu | ,Youtube / TBF TV,SAMİ İREK,BUSE NUR KAHYAOĞULLARI,BURAK MERT DEMİRTAŞ,BARIŞ KILIÇKAYA,KADİR ERDEN,RAUF ŞENEL,ZEKERİYA YAŞAR,ENGİN ABATAY,Yıldırım Beyazıt Spor Salonu
28.12.2024,16:30,2BA4703,16. Hafta,01 ADANA BASKETBOL,85 - 58,KIRKLARELİ BELEDİYESİ KIRKLARELİ FEN BİLİMLERİ,,ADANA,Menderes Spor Salonu | ,Youtube / TBF TV,AHMET KEMAL DİGİLLİ,ERSEL BÜYÜKKARA,DERYA ÇELİK,MEYMİNE MİNE YAZGÖNÜL,CUMALİ BEKTAŞ,CANSU DİKİLİTAŞ,İBRAHİM YALANCA,MEHTAP TOSUN,Menderes Spor Salonu
30.12.2024,18:00,2BA4700,16. Hafta,EMLAK KONUT GELİŞİM,56 - 66,FENERBAHÇE GELİŞİM,,İSTANBUL,Başakşehir Spor Kompleksi | ,Youtube / TBF TV,YÜCEL ÇİLİNGİR,ŞEYHMUS MELEK,FURKAN  SÖYLEMEZOĞLU,TUĞBA EŞKİL,ZEHRA ABLAK,AYGÜN SEVGİL,REMZİ KILIÇ,ONUR İLHAN,Başakşehir Spor Kompleksi
3.01.2025,18:00,2BA4709,17. Hafta,SEÇİL KAUÇUK MERSİN BASKETBALL,45 - 83,LİDYA GARDEN CİTY TURGUTLU BELEDİYESPOR,,MERSİN,Edip Buran Spor Salonu | ,Youtube / TBF TV,YİĞİT EMRE ŞİMŞEK,DEYER AKÇAY,HAMZA ÇALIŞKAN,YUSUF BÜYÜKFİDAN,TÜRKAN KEKLİK,YELİZ KAZAN,ABUZER BİLEN,AHMET ÖZDOĞAN,Edip Buran Spor Salonu
3.01.2025,18:15,2BA4708,17. Hafta,GALLARDO,70 - 96,J&amp;M ÇANAKKALE BELEDİYESPOR,,ANKARA,Sinan Şamil Sam Spor Salonu | ,Youtube / TBF TV,BUĞRA ÇAĞATAY SAVAŞ,AHMET KÖSE,BEYHAN ERBİLGİN,ERGÜN GÜNGÖR,MELTEM BULUREL,EREN UYGUN,FİLİZ UYGUN,DOĞUKAN TOPRAK,Sinan Şamil Sam Spor Salonu
4.01.2025,14:00,2BA4711,17. Hafta,YALOVA VİP,66 - 76,01 ADANA BASKETBOL,,YALOVA,90. Yıl Spor Salonu | ,Youtube / TBF TV,YARKIN KESKİN,MURAT GENÇ,MELİK KAYA,UĞUR AYDEMİR,NURAY SORUŞ,GÜLEN SÖNMEZ,NURSEVİL AKYOL,ANIL BIYIKOĞLU,90. Yıl Spor Salonu
4.01.2025,17:30,2BA4712,17. Hafta,EDİRNE DSİ,77 - 64,URLA BELEDİYESİ,,EDİRNE,Edirne Mimar Sinan Spor Salonu | ,Youtube / TBF TV,BURAK PEHLİVAN,RECEP GÜRKAN ÖZKAN,EREN AKPULAT,YAŞAR SİNAN ÇELİKOĞLU,GAMZE GÜL,DENİZ AZAZ,BURAK TUNALI,ELİF ÖÇAL,Edirne Mimar Sinan Spor Salonu
5.01.2025,16:00,2BA4713,17. Hafta,KIRKLARELİ BELEDİYESİ KIRKLARELİ FEN BİLİMLERİ,100 - 43,ÇİMSA ÇBK MERSİN GELİŞİM,,KIRKLARELİ,Yeni Kırklareli Spor Salonu | ,Youtube / TBF TV,ALİ OSMAN KANIK,GÜRKAN DEMİR,SEÇKİN ŞENTÜRK,ENİS GÜREL,NURDAN ERGÜL,BETÜL ERDEM,MELAHAT BURCU BERKMEN,GÜLİZ ÖZALTAN DİLMEN,Yeni Kırklareli Spor Salonu
5.01.2025,16:00,2BA4714,17. Hafta,FENERBAHÇE GELİŞİM,57 - 62,FERHATOĞLU EDREMİT BELEDİYESİ GÜRESPOR,,İSTANBUL,Fenerbahçe Metro Enerji Spor Salonu | ,Youtube / TBF TV,MUSTAFA GÜRHAN SOYSAL,SABRİ GÜNDÜZ,HASAN KAMİL TAKINYALIOĞLU,ALİGÜRHAN UZUNAY,BURAK DEMİREL,BEKİR BAHÇE,SİNAN ERSOY,TUĞBA DURNAOĞLU,Fenerbahçe Metro Enerji Spor Salonu
5.01.2025,17:00,2BA4715,17. Hafta,ASLAN YOL BURHANİYE BELEDİYESPOR,70 - 51,EMLAK KONUT GELİŞİM,,BALIKESİR,Burhaniye Spor Salonu | ,Youtube / TBF TV,MÜNEVVER ÖZEMRE,ALPER OĞUZCAN CİRİT,EMRE ÖZÜTOK,MURAT KARTAL,IŞIL ÖZKAN,ERCAN ÇAVUŞOĞLU,HÜSEYİN GİRGİN,ESİN ÖZSÜRMELİ,Burhaniye Spor Salonu
6.01.2025,19:00,2BA4710,17. Hafta,ROMATEM BURSA ULUDAĞ BASKETBOL,95 - 89,ÇANKAYA ÜNİVERSİTESİ,,BURSA,Tofaş Spor Salonu | ,Youtube / TBF TV,SERTAN KIRKLAR,HASAN TUNÇ KESKİN,İREM KORKMAZ,UMUT GEDİK,SEVİLAY ÖZDEMİR,BÜŞRA HEKİMOĞLU,SERKAN ILGAR,ERAY BABAHANOĞLU,Tofaş Spor Salonu
10.01.2025,14:00,2BA4720,18. Hafta,ÇİMSA ÇBK MERSİN GELİŞİM,42 - 99,YALOVA VİP,,MERSİN,Edip Buran Spor Salonu | ,Youtube / TBF TV,BURAK ERKAN,DERYA ÇELİK,ERHAN ERDOĞAN,EMRE BÜLENT ÖĞRAŞ,İHSAN SARI,SERAAY ŞİMŞEK,ERDİNÇ BOZKURT,MERVE YAĞMA,Edip Buran Spor Salonu
10.01.2025,14:00,2BA4721,18. Hafta,ÇANKAYA ÜNİVERSİTESİ,79 - 81,EDİRNE DSİ,,ANKARA,ATA Spor Salonu | ,Youtube / TBF TV,BARIŞ TURGUT,OSMAN CAN GÜNDOĞDU,SERKAN İPEK,NİYAZİ ALİŞAN,GÜLSEREN ÇORAKLIK,TUNCER ULUŞEKER,SEDA İLTER,BERNA EKBİÇ,ATA Spor Salonu
10.01.2025,15:00,2BA4722,18. Hafta,EMLAK KONUT GELİŞİM,62 - 71,FERHATOĞLU EDREMİT BELEDİYESİ GÜRESPOR,,İSTANBUL,Başakşehir Spor Kompleksi | ,Youtube / TBF TV,ERDOĞAN ÇELEBİ,HAVVA MİRHAN ATEŞER,ALİHAN CİVELEK,TUĞBA EŞKİL,MURAT SEVGİL,MEHMET KAPUCU,TEVFİK ATAY DEVELİ,REMZİ KILIÇ,Başakşehir Spor Kompleksi
10.01.2025,18:00,2BA4723,18. Hafta,J&amp;M ÇANAKKALE BELEDİYESPOR,80 - 60,FENERBAHÇE GELİŞİM,,ÇANAKKALE,Anafartalar Spor Salonu | ,Youtube / TBF TV,ÇAĞATAY TAŞKIN,SEYHAN TOPALOĞLU,HASAN TUNÇ KESKİN,CEM ATMACA,BÜŞRANUR ÇELİKGÖZ,AHMET YILDIRIM,CUMALİ ÖZLER,ZEYNEP YILDIRIM,Anafartalar Spor Salonu
10.01.2025,18:00,2BA4724,18. Hafta,01 ADANA BASKETBOL,75 - 48,GALLARDO,,ADANA,Menderes Spor Salonu | ,Youtube / TBF TV,HASAN OK,HAMZA ÇALIŞKAN,HASAN KORKMAZ,AHMET ÖZKAN,MEHTAP TOSUN,MEHMET MURAT KÖMÜRHANLI,ERKAN İNCE,ALİ DUVARCI,Menderes Spor Salonu
10.01.2025,18:30,2BA4725,18. Hafta,URLA BELEDİYESİ,71 - 76,SEÇİL KAUÇUK MERSİN BASKETBALL,,İZMİR,Urla Spor Salonu | ,Youtube / TBF TV,ABDULLAH KOPUTAN,SÜLEYMAN EREN PEKDOĞAN,BERK BÜKE,SİBEL SARIDAĞ,SEHER ÇAKMAK,SADIK ERGÜL,ESMA UNTUÇ,CEREN BARAN,Urla Spor Salonu
11.01.2025,16:00,2BA4726,18. Hafta,LİDYA GARDEN CİTY TURGUTLU BELEDİYESPOR,70 - 60,KIRKLARELİ BELEDİYESİ KIRKLARELİ FEN BİLİMLERİ,,MANİSA,Yıldırım Beyazıt Spor Salonu | ,Youtube / TBF TV,ENES DURAN,FATİH ERDOĞAN,OZAN GÜNDÜZ,OKAN ÖZER,ESRA GÜLSUYU,KADİR ERDEN,FİGEN GÜNER,ÜMİT KONCA,Yıldırım Beyazıt Spor Salonu
11.01.2025,17:00,2BA4727,18. Hafta,ASLAN YOL BURHANİYE BELEDİYESPOR,67 - 59,ROMATEM BURSA ULUDAĞ BASKETBOL,,BALIKESİR,Burhaniye Spor Salonu | ,Youtube / TBF TV,UĞUR YÜKSEL,GÖZDE KAFADAR,EMRE ÖZÜTOK,HAKAN ŞAHİN,EYLEM KAYA,MAHMUT DEMİR,NESLİHAN ÇOBAN,ALEV GÜLAÇTI,Burhaniye Spor Salonu
24.01.2025,13:30,2BA4728,19. Hafta,ROMATEM BURSA ULUDAĞ BASKETBOL,74 - 81,EMLAK KONUT GELİŞİM,,BURSA,Tofaş Spor Salonu | ,Youtube / TBF TV,NAGEHAN ŞEYDA KURDEN AKTAŞ,ALPER CAN BOZYEL,ANASTASIIA USOVA,BÜLENT GÖKÇE,ÖZLEM ÖZKAN,BÜŞRA HEKİMOĞLU,SEVDA USTA,NİDA ECE TÜZÜK,Tofaş Spor Salonu
24.01.2025,18:00,2BA4729,19. Hafta,SEÇİL KAUÇUK MERSİN BASKETBALL,76 - 81,ÇANKAYA ÜNİVERSİTESİ,,MERSİN,Edip Buran Spor Salonu | ,Youtube / TBF TV,SAİT NEDİM ÇELİK,ÖZKAN ÇAĞLAYAN,SÜLEYMAN YILDIZ,BAHA KAÇIN,FİGEN YÜKSEL,AHMET ÖZDOĞAN,ABUZER BİLEN,RABİA YILDIZ ÖZTÜRK,Edip Buran Spor Salonu
24.01.2025,18:00,2BA4730,19. Hafta,GALLARDO,79 - 44,ÇİMSA ÇBK MERSİN GELİŞİM,,ANKARA,Sinan Şamil Sam Spor Salonu | ,Youtube / TBF TV,SÜLEYMAN TEPE,KAMİL TALHA OLGUN,OSMAN CAN GÜNDOĞDU,SİBEL KANIK,DOĞAN CAN KUZU,FATİH DEMİRCİ,FİKRET MERCAN,ELİF CAN,Sinan Şamil Sam Spor Salonu
25.01.2025,17:30,2BA4733,19. Hafta,EDİRNE DSİ,58 - 79,ASLAN YOL BURHANİYE BELEDİYESPOR,,EDİRNE,Edirne Mimar Sinan Spor Salonu | ,Youtube / TBF TV,BURAK DURMUŞ,SALİH ACAR,MUSA ONUR SAVAŞ,ENİS GÜREL,CEMRESU DİRİCAN,DENİZ AZAZ,BURAK TUNALI,KEMALCAN KOMAN,Edirne Mimar Sinan Spor Salonu
26.01.2025,14:00,2BA4732,19. Hafta,J&amp;M ÇANAKKALE BELEDİYESPOR,57 - 65,FERHATOĞLU EDREMİT BELEDİYESİ GÜRESPOR,,ÇANAKKALE,Anafartalar Spor Salonu | ,Youtube / TBF TV,BATUHAN MERT GÜL,MUSTAFA TOPALOĞLU,SAMET TEKİN,OKAN KAHRAMAN,ARZU KÖRKEN,CUMALİ ÖZLER,BÜŞRANUR ÇELİKGÖZ,ZEYNEP YILDIRIM,Anafartalar Spor Salonu
26.01.2025,16:00,2BA4734,19. Hafta,KIRKLARELİ BELEDİYESİ KIRKLARELİ FEN BİLİMLERİ,78 - 59,URLA BELEDİYESİ,,KIRKLARELİ,Yeni Kırklareli Spor Salonu | ,Youtube / TBF TV,MÜNEVVER ÖZEMRE,TEOMAN ALTAR AKIN,İBRAHİM DENİZ,ALİGÜRHAN UZUNAY,NURDAN ERGÜL,SEMRA SOLAK,GÜLİZ ÖZALTAN DİLMEN,ASLI ŞİMŞEK,Yeni Kırklareli Spor Salonu
26.01.2025,17:00,2BA4735,19. Hafta,FENERBAHÇE GELİŞİM,64 - 70,01 ADANA BASKETBOL,,İSTANBUL,Fenerbahçe Metro Enerji Spor Salonu | ,Youtube / TBF TV,METİN EROL,UMUT MEMİŞ,TAHİR EROĞLU,MACİT ZEREN,DEMET ULUCUTSOY,PERİHAN GİZEM ÜNSAL,SİNAN ERSOY,SEHER KAZANÇ,Fenerbahçe Metro Enerji Spor Salonu
26.01.2025,17:00,2BA4731,19. Hafta,YALOVA VİP,75 - 71,LİDYA GARDEN CİTY TURGUTLU BELEDİYESPOR,,YALOVA,90. Yıl Spor Salonu | ,Youtube / TBF TV,MUSTAFA GÜRHAN SOYSAL,OZAN GÜNDÜZ,İSMAİL BAYRAM,ZİYNİŞ ORUÇ,ZELİHA DEMİR,HANİFE CELEPOĞLU,AYNUR SAĞINDIK,TAYFUN CAN DEMİR,90. Yıl Spor Salonu
31.01.2025,14:00,2BA4736,20. Hafta,ÇANKAYA ÜNİVERSİTESİ,87 - 82,KIRKLARELİ BELEDİYESİ KIRKLARELİ FEN BİLİMLERİ,,ANKARA,ATA Spor Salonu | ,Youtube / TBF TV,OĞUZHAN GÜZEL,BEYHAN ERBİLGİN,EMİRHAN SERTOĞLU,VEYSEL PEKDOĞAN,ÖYKÜ BÖYÜKÇAKIR,HASAN BAŞKURT,SÜMEYYE SENEKLİOĞLU,MELİKE DENİZ BAYRAM,ATA Spor Salonu
31.01.2025,14:00,2BA4737,20. Hafta,ROMATEM BURSA ULUDAĞ BASKETBOL,78 - 65,EDİRNE DSİ,,BURSA,Tofaş Spor Salonu | ,Youtube / TBF TV,FATİH KURT,SALİH ARDA UNUL,METİN ÜSTER,MEHMET AKİF KARAGÖZ,MELTEM UĞURLU,SEVDA USTA,ESRA SOLAK,AHMET CAN ŞAPÇI,Tofaş Spor Salonu
31.01.2025,18:30,2BA4738,20. Hafta,URLA BELEDİYESİ,82 - 77,YALOVA VİP,,İZMİR,Urla Spor Salonu | ,Youtube / TBF TV,ENES DURAN,BURAK MERT DEMİRTAŞ,OSMAN YETİŞKİN,OKAN ÖZER,CEREN BARAN,OKAN ÇETİNBAŞ,SERPİL AKIN,SADIK ERGÜL,Urla Spor Salonu
1.02.2025,16:00,2BA4739,20. Hafta,LİDYA GARDEN CİTY TURGUTLU BELEDİYESPOR,64 - 59,GALLARDO,,MANİSA,Yıldırım Beyazıt Spor Salonu | ,Youtube / TBF TV,BARIŞ BURAK DURMUŞ,SEDEF YARICI,RAMAZAN YENİ,ZAFER ENÜŞTÜLÜ,SELDA KOYUNLU,RAUF ŞENEL,ENGİN ABATAY,TUĞBERK ŞENGÜLDÜREN,Yıldırım Beyazıt Spor Salonu
1.02.2025,16:30,2BA4740,20. Hafta,01 ADANA BASKETBOL,50 - 67,FERHATOĞLU EDREMİT BELEDİYESİ GÜRESPOR,,ADANA,Menderes Spor Salonu | ,Youtube / TBF TV,CANER BAHADIR,ANIL VEZİROĞLU,SÜLEYMAN YILDIZ,MEYMİNE MİNE YAZGÖNÜL,BETÜL AĞAR,ALİ DUVARCI,ERKAN İNCE,MELEK YILMAZ,Menderes Spor Salonu
1.02.2025,17:00,2BA4741,20. Hafta,ASLAN YOL BURHANİYE BELEDİYESPOR,88 - 69,SEÇİL KAUÇUK MERSİN BASKETBALL,,BALIKESİR,Burhaniye Spor Salonu | ,Youtube / TBF TV,MUSTAFA ÇELTİKER,FATİH ERDOĞAN,ANASTASIIA USOVA,BÜLENT GÖKÇE,GAMZE ATİLA,ERCAN ÇAVUŞOĞLU,ALEV GÜLAÇTI,ESİN ÖZSÜRMELİ,Burhaniye Spor Salonu
2.02.2025,16:00,2BA4742,20. Hafta,EMLAK KONUT GELİŞİM,64 - 81,J&amp;M ÇANAKKALE BELEDİYESPOR,,İSTANBUL,Başakşehir Spor Kompleksi | ,Youtube / TBF TV,HAKAN GEREY,HASAN KAMİL TAKINYALIOĞLU,SENAY COŞKUN,EMİN FAZIL KESERATAR,MURAT SÜMER,MEHMET KAPUCU,BİROL ÖZDAL,AYGÜN SEVGİL,Başakşehir Spor Kompleksi
3.02.2025,13:00,2BA4743,20. Hafta,ÇİMSA ÇBK MERSİN GELİŞİM,44 - 102,FENERBAHÇE GELİŞİM,,MERSİN,Edip Buran Spor Salonu | ,Youtube / TBF TV,İSMAİL BİNBİR,ÖZKAN ÇAĞLAYAN,ALİ BARAK,AHMET ÖZKAN,İPEK GÜREL,SEMRA ŞENEL,ERDİNÇ BOZKURT,LEVENT YORULMAZ,Edip Buran Spor Salonu
7.02.2025,18:00,2BA4744,21. Hafta,SEÇİL KAUÇUK MERSİN BASKETBALL,73 - 82,ROMATEM BURSA ULUDAĞ BASKETBOL,,MERSİN,Toroslar 7.Bölge Spor Salonu | ,Youtube / TBF TV,YİĞİT EMRE ŞİMŞEK,HAMZA ÇALIŞKAN,FURKAN ÜNLÜ,YUSUF BÜYÜKFİDAN,BÜŞRA İLCAY,HURİYE ERGENÇ,İHSAN SARI,BERK MERT,Toroslar 7.Bölge Spor Salonu
7.02.2025,18:00,2BA4745,21. Hafta,GALLARDO,78 - 66,URLA BELEDİYESİ,,ANKARA,Sinan Şamil Sam Spor Salonu | ,Youtube / TBF TV,MELİKŞAH MERCAN,AHMET KÖSE,SEDAT ERKOL,ÖNDER ŞENEL,SELDA UZUN,NİHAN ÜNSAL,BORA MERT KARADEMİR,MİNE MİHRİCAN KANBUR,Sinan Şamil Sam Spor Salonu
8.02.2025,13:30,2BA4746,21. Hafta,YALOVA VİP,88 - 78,ÇANKAYA ÜNİVERSİTESİ,,YALOVA,90. Yıl Spor Salonu | ,Youtube / TBF TV,HAKAN GEREY,MUSTAFA TOPALOĞLU,ALPEREN BAŞER,FERHAT SUNA,NURSEVİL AKYOL,ESRA YOLCU ESEN,SELÇUK KURT,İBRAHİM HALİL SİVİL,90. Yıl Spor Salonu
8.02.2025,15:00,2BA4748,21. Hafta,FERHATOĞLU EDREMİT BELEDİYESİ GÜRESPOR,106 - 48,ÇİMSA ÇBK MERSİN GELİŞİM,,BALIKESİR,Güre ATATÜRK  Spor Salonu | ,Youtube / TBF TV,ALİ RIZA PİNAT,ŞEVKET KUTLUHAN KANBUROĞLU,İSMAİL BALPETEK,HAKAN ŞAHİN,ESRA ÖZDEMİR,MAHMUT DEMİR,NESLİHAN ÇOBAN,GAMZE ATİLA,Güre ATATÜRK  Spor Salonu
8.02.2025,16:00,2BA4751,21. Hafta,FENERBAHÇE GELİŞİM,61 - 54,LİDYA GARDEN CİTY TURGUTLU BELEDİYESPOR,,İSTANBUL,Fenerbahçe Metro Enerji Spor Salonu | ,Youtube / TBF TV,GÜNDOĞAN ALİ BALABAN,SONER TÜRKER,MEHMET EMİN RAŞİTOĞLU,REŞAT ATAY,YEŞİM ÖZCAN ÖZTÜRK,ZEHRA AKAN,TUĞBA DURNAOĞLU,BEKİR BAHÇE,Fenerbahçe Metro Enerji Spor Salonu
8.02.2025,17:30,2BA4749,21. Hafta,EDİRNE DSİ,69 - 59,EMLAK KONUT GELİŞİM,,EDİRNE,Edirne Mimar Sinan Spor Salonu | ,Youtube / TBF TV,ATAKAN KAYMAK,SEYHAN TOPALOĞLU,İBRAHİM DENİZ,CEM ATMACA,DENİZ AZAZ,BURAK TUNALI,İREM TAVŞANTEPE,ELİF ÖÇAL,Edirne Mimar Sinan Spor Salonu
9.02.2025,14:00,2BA4747,21. Hafta,J&amp;M ÇANAKKALE BELEDİYESPOR,67 - 71,01 ADANA BASKETBOL,,ÇANAKKALE,Anafartalar Spor Salonu | ,Youtube / TBF TV,UMUT ÖZGÜN ERGÜN,ALPER CAN BOZYEL,TEOMAN ALTAR AKIN,ELA ONAT,EDA GÜNAY,AHMET YILDIRIM,ARZU KÖRKEN,ZEYNEP YILDIRIM,Anafartalar Spor Salonu
9.02.2025,16:00,2BA4750,21. Hafta,KIRKLARELİ BELEDİYESİ KIRKLARELİ FEN BİLİMLERİ,73 - 74,ASLAN YOL BURHANİYE BELEDİYESPOR,,KIRKLARELİ,Yeni Kırklareli Spor Salonu | ,Youtube / TBF TV,BATUHAN MERT GÜL,SAMET TEKİN,HALUK YAKIN,SEVGİNAZ DIRAHOR,MELAHAT BURCU BERKMEN,ASLI ŞİMŞEK,GÜLİZ ÖZALTAN DİLMEN,SEYHAN GÜNTÜRK,Yeni Kırklareli Spor Salonu
14.02.2025,13:30,2BA4753,22. Hafta,EMLAK KONUT GELİŞİM,60 - 64,01 ADANA BASKETBOL,,İSTANBUL,Başakşehir Spor Kompleksi | ,Youtube / TBF TV,MUSTAFA GÜRHAN SOYSAL,SEDEF YARICI,SALİH ACAR,ENİS GÜREL,YEŞİM AKAN,MEHMET KAPUCU,MERVE SAĞLAM,MURAT ÖZKAN,Başakşehir Spor Kompleksi
14.02.2025,17:00,2BA4755,22. Hafta,ROMATEM BURSA ULUDAĞ BASKETBOL,68 - 86,KIRKLARELİ BELEDİYESİ KIRKLARELİ FEN BİLİMLERİ,,BURSA,Tofaş Spor Salonu | ,Youtube / TBF TV,FURKAN KESERATAR,HAVVA MİRHAN ATEŞER,TEOMAN ALTAR AKIN,ELA ONAT,MELTEM UĞURLU,SEVDA USTA,AHMET CAN ŞAPÇI,NİDA ECE TÜZÜK,Tofaş Spor Salonu
14.02.2025,18:30,2BA4756,22. Hafta,URLA BELEDİYESİ,72 - 78,FENERBAHÇE GELİŞİM,,İZMİR,Urla Spor Salonu | ,Youtube / TBF TV,MUSTAFA CANDEMİR TABAK,YUNUS ÖZTÜRK,OSMAN YETİŞKİN,BORA HAZIR,CEREN BARAN,BERRİN TURAN,SEHER ÇAKMAK,ERKAN TURAN,Urla Spor Salonu
15.02.2025,16:00,2BA4757,22. Hafta,LİDYA GARDEN CİTY TURGUTLU BELEDİYESPOR,69 - 73,FERHATOĞLU EDREMİT BELEDİYESİ GÜRESPOR,,MANİSA,Yıldırım Beyazıt Spor Salonu | ,Youtube / TBF TV,SAMİ İREK,GÖKHAN EĞLENOĞLU,MELİH BAĞLAR,SALTUK BUĞRA  ASLAN,FİGEN GÜNER,ENGİN ABATAY,ESRA GÜLSUYU,MÜZEYYEN SİNEM YÖRÜK,Yıldırım Beyazıt Spor Salonu
15.02.2025,17:00,2BA4758,22. Hafta,ASLAN YOL BURHANİYE BELEDİYESPOR,60 - 53,YALOVA VİP,,BALIKESİR,Burhaniye Spor Salonu | ,Youtube / TBF TV,KADİR GİRAY ESEN,NİHAT KARA,HÜSEYİN SÖYLEMEZOĞLU,TOLGA  AKSULAR,MUSA ÇALIŞKAN,IŞIL ÖZKAN,ERAY ÖZDEMİR,ESİN ÖZSÜRMELİ,Burhaniye Spor Salonu
15.02.2025,17:30,2BA4759,22. Hafta,EDİRNE DSİ,68 - 65,SEÇİL KAUÇUK MERSİN BASKETBALL,,EDİRNE,Edirne Mimar Sinan Spor Salonu | ,Youtube / TBF TV,UĞUR YÜKSEL,GÜRKAN DEMİR,ELİF ÇELİKTEPE,NAİM ÖZYEŞİLPINAR,GİZEM MUTLU TOROSLU,AHMET BURAK TUNÇ,DENİZ AZAZ,ELİF ÖÇAL,Edirne Mimar Sinan Spor Salonu
16.02.2025,13:00,2BA4752,22. Hafta,ÇİMSA ÇBK MERSİN GELİŞİM,64 - 114,J&amp;M ÇANAKKALE BELEDİYESPOR,,MERSİN,Edip Buran Spor Salonu | ,Youtube / TBF TV,ALMİNA KOCABAŞ,TAYLAN KAYA,ALİ CAN YILMAZ,BAHA KAÇIN,CANER CANDAR,AHMET ÖZDOĞAN,LEVENT YORULMAZ,RABİA YILDIZ ÖZTÜRK,Edip Buran Spor Salonu
17.02.2025,14:00,2BA4754,22. Hafta,ÇANKAYA ÜNİVERSİTESİ,90 - 81,GALLARDO,,ANKARA,ATA Spor Salonu | ,Youtube / TBF TV,ÖMER SARI,ERHAN ERDOĞAN,ALİ KÜÇÜKERDEM,MÜBERRA ÖZTÜRK,SERKAN DOĞRUTÜRK,FATİH DEMİRCİ,ELİF CAN,MİNE MİHRİCAN KANBUR,ATA Spor Salonu
21.02.2025,18:00,2BA4763,23. Hafta,GALLARDO,68 - 73,ASLAN YOL BURHANİYE BELEDİYESPOR,,ANKARA,Sinan Şamil Sam Spor Salonu | ,Youtube / TBF TV,YİĞİT GÖNÜLTAŞ,ŞEYHMUS MELEK,FURKAN  SÖYLEMEZOĞLU,SİBEL KANIK,FİLİZ UYGUN,SÜLEYMAN YALÇIN TORUNOĞLU,DOĞUKAN TOPRAK,EREN UYGUN,Sinan Şamil Sam Spor Salonu
22.02.2025,14:00,2BA4764,23. Hafta,YALOVA VİP,92 - 76,ROMATEM BURSA ULUDAĞ BASKETBOL,,YALOVA,90. Yıl Spor Salonu | ,Youtube / TBF TV,ÖNDER YILMAZ,ABDULLAH UYANIK,METİN SARIOĞLU,NURSEL İSLAM,ELMAS DEMİREL AYDEMİR,AYNUR SAĞINDIK,SELÇUK KURT,NAZMİYE BIYIKOĞLU,90. Yıl Spor Salonu
22.02.2025,15:00,2BA4766,23. Hafta,FERHATOĞLU EDREMİT BELEDİYESİ GÜRESPOR,95 - 58,URLA BELEDİYESİ,,BALIKESİR,Güre ATATÜRK  Spor Salonu | ,Youtube / TBF TV,ORKUN YURTTAŞ,SABRİ GÜNDÜZ,OZAN İNCE,TUĞBA YURTSEVEN,GAMZE ATİLA,MAHMUT DEMİR,MUSA ÇALIŞKAN,ESİN ÖZSÜRMELİ,Güre ATATÜRK  Spor Salonu
22.02.2025,16:30,2BA4767,23. Hafta,01 ADANA BASKETBOL,84 - 49,ÇİMSA ÇBK MERSİN GELİŞİM,,ADANA,Menderes Spor Salonu | ,Youtube / TBF TV,YARKIN KESKİN,ERSEL BÜYÜKKARA,OSMAN KINCAL,NİYAZİ ALİŞAN,MEHTAP TOSUN,FERHAT ÜLGE,BETÜL AĞAR,CANSU DİKİLİTAŞ,Menderes Spor Salonu
23.02.2025,14:00,2BA4768,23. Hafta,J&amp;M ÇANAKKALE BELEDİYESPOR,75 - 66,LİDYA GARDEN CİTY TURGUTLU BELEDİYESPOR,,ÇANAKKALE,Anafartalar Spor Salonu | ,Youtube / TBF TV,MEHMET BURAK ANLATICI,UYGAR KURT,BEYHAN ERBİLGİN,SEDEF ÜSTÜNER,CUMALİ ÖZLER,AHMET YILDIRIM,ARZU KÖRKEN,ZEYNEP YILDIRIM,Anafartalar Spor Salonu
23.02.2025,16:00,2BA4769,23. Hafta,KIRKLARELİ BELEDİYESİ KIRKLARELİ FEN BİLİMLERİ,78 - 67,EDİRNE DSİ,,KIRKLARELİ,Yeni Kırklareli Spor Salonu | ,Youtube / TBF TV,ALİ OSMAN KANIK,İZEL DENİZ PEHLİVAN ÇAKICI,EREN AKPULAT,FURKAN DEDE,AYDIN YILDIZ,GÜLİZ ÖZALTAN DİLMEN,SEMRA SOLAK,NURDAN ERGÜL,Yeni Kırklareli Spor Salonu
24.02.2025,18:00,2BA4770,23. Hafta,FENERBAHÇE GELİŞİM,77 - 80,ÇANKAYA ÜNİVERSİTESİ,,İSTANBUL,Fenerbahçe Metro Enerji Spor Salonu | ,Youtube / TBF TV,MUSTAFA ÇELTİKER,SALİH ACAR,MERT ENVER GERMEN,YAŞAR SİNAN ÇELİKOĞLU,FATMA GÖK,ZEHRA AKAN,ALTAN CANDAN,SİNAN ERSOY,Fenerbahçe Metro Enerji Spor Salonu
25.02.2025,13:00,2BA4765,23. Hafta,SEÇİL KAUÇUK MERSİN BASKETBALL,71 - 59,EMLAK KONUT GELİŞİM,,MERSİN,Edip Buran Spor Salonu | ,Youtube / TBF TV,AHMET MURAT ARIKANLI,ORÇUN AKGÜL,DEYER AKÇAY,MUSTAFA KEMAL ERSÖZ,İHSAN SARI,ABUZER BİLEN,SEMRA ŞENEL,SABAHİTTİN KAZAN,Edip Buran Spor Salonu
28.02.2025,14:00,2BA4771,24. Hafta,ÇANKAYA ÜNİVERSİTESİ,67 - 95,FERHATOĞLU EDREMİT BELEDİYESİ GÜRESPOR,,ANKARA,ATA Spor Salonu | ,Youtube / TBF TV,OĞUZHAN GÜZEL,KAMİL ALOK,BEYHAN ERBİLGİN,SİBEL KANIK,BEYZA MERYEM BOLAT,FATİH ŞEN,ELİF CAN,VOLKAN DARCAN,ATA Spor Salonu
28.02.2025,18:00,2BA4772,24. Hafta,SEÇİL KAUÇUK MERSİN BASKETBALL,67 - 60,KIRKLARELİ BELEDİYESİ KIRKLARELİ FEN BİLİMLERİ,,MERSİN,Edip Buran Spor Salonu | ,Youtube / TBF TV,FATİH KURT,ANIL VEZİROĞLU,SALİH DALMAN,AHMET ÖZKAN,İHSAN SARI,ERDİNÇ BOZKURT,İLKNUR DABLAN,TÜRKAN KEKLİK,Edip Buran Spor Salonu
28.02.2025,18:30,2BA4773,24. Hafta,URLA BELEDİYESİ,61 - 80,J&amp;M ÇANAKKALE BELEDİYESPOR,,İZMİR,Urla Spor Salonu | ,Youtube / TBF TV,NAGEHAN ŞEYDA KURDEN AKTAŞ,SERHAT DÜLGER,SONER ÖZAYDOĞAN,SERKAN İNCE,SEHER ÇAKMAK,OKAN ÇETİNBAŞ,SERPİL AKIN,CEREN BARAN,Urla Spor Salonu
1.03.2025,14:00,2BA4777,24. Hafta,ROMATEM BURSA ULUDAĞ BASKETBOL,78 - 100,GALLARDO,,BURSA,Tofaş Spor Salonu | ,Youtube / TBF TV,BURAK ERKAN,MURAT AMAÇ,MUSA ONUR SAVAŞ,REŞAT ATAY,ESRA SOLAK,ŞAFAK IRMAK SARAÇOĞLU,TEOMAN ÖYLEK,ERAY BABAHANOĞLU,Tofaş Spor Salonu
1.03.2025,16:00,2BA4778,24. Hafta,EMLAK KONUT GELİŞİM,84 - 52,ÇİMSA ÇBK MERSİN GELİŞİM,,İSTANBUL,Başakşehir Spor Kompleksi | ,Youtube / TBF TV,GÜNDOĞAN ALİ BALABAN,AHMET BASRİ YILDIZ,BATUHAN ORHAN,YAŞAR TERZİOĞLU,ZEHRA ABLAK,MERVE SAĞLAM,MURAT SÜMER,BİROL ÖZDAL,Başakşehir Spor Kompleksi
1.03.2025,16:00,2BA4774,24. Hafta,LİDYA GARDEN CİTY TURGUTLU BELEDİYESPOR,61 - 63,01 ADANA BASKETBOL,,MANİSA,Yıldırım Beyazıt Spor Salonu | ,Youtube / TBF TV,MÜNEVVER ÖZEMRE,SABRİ GÜNDÜZ,SEDAT ERKOL,BÜLENT GÖKÇE,ESRA GÜLSUYU,KADİR ERDEN,ENGİN ABATAY,HEDİYE AYTAŞ SARIASLAN,Yıldırım Beyazıt Spor Salonu
1.03.2025,16:00,2BA4775,24. Hafta,EDİRNE DSİ,63 - 65,YALOVA VİP,,EDİRNE,Edirne Mimar Sinan Spor Salonu | ,Youtube / TBF TV,HASAN OK,HALUK YAKIN,SALİH ACAR,ENES HİKMET ERMANER,DENİZ AZAZ,ELİF ÖÇAL,ÖZGÜR GENÇ,KEMALCAN KOMAN,Edirne Mimar Sinan Spor Salonu
2.03.2025,17:00,2BA4776,24. Hafta,ASLAN YOL BURHANİYE BELEDİYESPOR,73 - 68,FENERBAHÇE GELİŞİM,,BALIKESİR,Burhaniye Spor Salonu | ,Youtube / TBF TV,HAKKI ÜNVER,İSMAİL BALPETEK,RAHMİ GÜNER,OKAN KAHRAMAN,EYLEM KAYA,MUSA ÇALIŞKAN,MAHMUT DEMİR,ECEM BERBEROĞLU,Burhaniye Spor Salonu
7.03.2025,13:00,2BA4786,25. Hafta,ÇİMSA ÇBK MERSİN GELİŞİM,53 - 77,LİDYA GARDEN CİTY TURGUTLU BELEDİYESPOR,,MERSİN,Edip Buran Spor Salonu | ,Youtube / TBF TV,SÜLEYMAN TEPE,FURKAN ÜNLÜ,ALİ BARAK,MUSTAFA KEMAL ERSÖZ,NAİL ŞARAPLI,RABİA YILDIZ ÖZTÜRK,İLKNUR DABLAN,SABAHİTTİN KAZAN,Edip Buran Spor Salonu
7.03.2025,18:00,2BA4782,25. Hafta,J&amp;M ÇANAKKALE BELEDİYESPOR,71 - 62,ÇANKAYA ÜNİVERSİTESİ,,ÇANAKKALE,Anafartalar Spor Salonu | ,Youtube / TBF TV,KADİR GİRAY ESEN,GÜRKAN DEMİR,HÜSEYİN SÖYLEMEZOĞLU,MEHMET AKİF KARAGÖZ,KADRİYE SEVİLAY BAYRAM,AHMET YILDIRIM,BÜŞRANUR ÇELİKGÖZ,ZEYNEP YILDIRIM,Anafartalar Spor Salonu
7.03.2025,18:00,2BA4779,25. Hafta,GALLARDO,77 - 76,EDİRNE DSİ,,ANKARA,Sinan Şamil Sam Spor Salonu | ,Youtube / TBF TV,MUSTAFA ÇELTİKER,AHMET KÖSE,TARIK ENES BAŞ,HACI MUSTAFA  BORA,FİLİZ UYGUN,SİMAY ÇAKMAK,SÜLEYMAN YALÇIN TORUNOĞLU,DOĞUKAN TOPRAK,Sinan Şamil Sam Spor Salonu
8.03.2025,14:00,2BA4785,25. Hafta,YALOVA VİP,81 - 62,SEÇİL KAUÇUK MERSİN BASKETBALL,,YALOVA,90. Yıl Spor Salonu | ,Youtube / TBF TV,FATİH GÜLER,HASAN KAMİL TAKINYALIOĞLU,TEOMAN ALTAR AKIN,HAKAN ŞAHİN,EMİNE AK,NURAY SORUŞ,ESRA YOLCU ESEN,TAYFUN CAN DEMİR,90. Yıl Spor Salonu
8.03.2025,15:00,2BA4780,25. Hafta,FERHATOĞLU EDREMİT BELEDİYESİ GÜRESPOR,79 - 50,ASLAN YOL BURHANİYE BELEDİYESPOR,,BALIKESİR,Güre ATATÜRK  Spor Salonu | ,Youtube / TBF TV,ATAKAN KAYMAK,FATİH ERDOĞAN,NUR AKÇA,ELA ONAT,NESLİHAN ÇOBAN,MAHMUT DEMİR,EYLEM KAYA,MUSA ÇALIŞKAN,Güre ATATÜRK  Spor Salonu
8.03.2025,16:30,2BA4781,25. Hafta,01 ADANA BASKETBOL,82 - 69,URLA BELEDİYESİ,,ADANA,Menderes Spor Salonu | ,Youtube / TBF TV,SAMET BİNER,HAMZA ÇALIŞKAN,HAKAN MENNAN,TURGAY KÖROĞLU,BETÜL AĞAR,LETAFET FEYZA YÜKSEL,BATUHAN TEPE,ERKAN İNCE,Menderes Spor Salonu
9.03.2025,16:00,2BA4783,25. Hafta,KIRKLARELİ BELEDİYESİ KIRKLARELİ FEN BİLİMLERİ,28 - 64,EMLAK KONUT GELİŞİM,,KIRKLARELİ,Yeni Kırklareli Spor Salonu | ,Youtube / TBF TV,ÖMER SARI,SEYHAN TOPALOĞLU,İBRAHİM DENİZ,BÜLENT GÖKÇE,MELAHAT BURCU BERKMEN,ÜLKER KEMALOĞLU,BETÜL ERDEM,ASLI ŞİMŞEK,Yeni Kırklareli Spor Salonu
10.03.2025,17:00,2BA4784,25. Hafta,FENERBAHÇE GELİŞİM,91 - 69,ROMATEM BURSA ULUDAĞ BASKETBOL,,İSTANBUL,Fenerbahçe Metro Enerji Spor Salonu | ,Youtube / TBF TV,RAMAZAN SEZER BARAN,HAVVA MİRHAN ATEŞER,SABRİ GÜNDÜZ,ZAFER ÖZGÜN,DİDEM ARPACI KARAGÖZ,AHMET ERKASAP,OSMAN OKUDAN,BUKET ÖZDEMİR,Fenerbahçe Metro Enerji Spor Salonu
14.03.2025,14:00,2BA4787,26. Hafta,ÇANKAYA ÜNİVERSİTESİ,64 - 76,01 ADANA BASKETBOL,,ANKARA,ATA Spor Salonu | ,Youtube / TBF TV,MELİKŞAH MERCAN,MURAT AMAÇ,SERKAN İPEK,BAHA KAÇIN,SELDA UZUN,FATİH ŞEN,DOĞAN CAN KUZU,SİMAY ÇAKMAK,ATA Spor Salonu
14.03.2025,17:00,2BA4789,26. Hafta,URLA BELEDİYESİ,101 - 47,ÇİMSA ÇBK MERSİN GELİŞİM,,İZMİR,Urla Spor Salonu | ,Youtube / TBF TV,ENES DURAN,OSMAN YETİŞKİN,BURAK MERT DEMİRTAŞ,MURATCAN KOCABAY,SEHER ÇAKMAK,CEREN BARAN,SERPİL AKIN,SADIK ERGÜL,Urla Spor Salonu
14.03.2025,17:00,2BA4794,26. Hafta,ROMATEM BURSA ULUDAĞ BASKETBOL,68 - 81,FERHATOĞLU EDREMİT BELEDİYESİ GÜRESPOR,,BURSA,Tofaş Spor Salonu | ,Youtube / TBF TV,SAMİ İREK,HALUK YAKIN,IŞILAY ÇAPRAZ,MELİH SABRİ KAZMAZ,SEVİLAY ÖZDEMİR,TEOMAN ÖYLEK,SEVDA USTA,TUĞBA ÖYLEK,Tofaş Spor Salonu
14.03.2025,18:00,2BA4788,26. Hafta,SEÇİL KAUÇUK MERSİN BASKETBALL,73 - 61,GALLARDO,,MERSİN,Edip Buran Spor Salonu | ,Youtube / TBF TV,YİĞİT EMRE ŞİMŞEK,ÖZKAN ÇAĞLAYAN,ÜNAL ÖZDEMİR,AHMET ÖZKAN,ABUZER BİLEN,LEVENT YORULMAZ,AHMET ÖZDOĞAN,DENİZHAN ÖZCAN,Edip Buran Spor Salonu
15.03.2025,17:00,2BA4790,26. Hafta,ASLAN YOL BURHANİYE BELEDİYESPOR,72 - 69,J&amp;M ÇANAKKALE BELEDİYESPOR,,BALIKESİR,Burhaniye Spor Salonu | ,Youtube / TBF TV,BURAK DURMUŞ,GÖZDE KAFADAR,ALPER OĞUZCAN CİRİT,BARIŞ KILIÇKAYA,ECEM BERBEROĞLU,MAHMUT DEMİR,CANEL BOYAR,ERCAN ÇAVUŞOĞLU,Burhaniye Spor Salonu
15.03.2025,17:30,2BA4792,26. Hafta,EDİRNE DSİ,61 - 91,FENERBAHÇE GELİŞİM,,EDİRNE,Edirne Mimar Sinan Spor Salonu | ,Youtube / TBF TV,FATİH KURT,HALİL ATA GÜNAL,FATİH ŞAFAK,BÜLENT GÖKÇE,GAMZE GÜL,BURAK TUNALI,CEMRESU DİRİCAN,DENİZ AZAZ,Edirne Mimar Sinan Spor Salonu
16.03.2025,16:00,2BA4793,26. Hafta,EMLAK KONUT GELİŞİM,43 - 73,LİDYA GARDEN CİTY TURGUTLU BELEDİYESPOR,,İSTANBUL,Başakşehir Spor Kompleksi | ,Youtube / TBF TV,MUSTAFA CANDEMİR TABAK,NİHAT KARA,MEHMET EMİN RAŞİTOĞLU,ENİS GÜREL,TEVFİK ATAY DEVELİ,TUĞÇE KAYA,MURAT SÜMER,REMZİ KILIÇ,Başakşehir Spor Kompleksi
16.03.2025,16:00,2BA4791,26. Hafta,KIRKLARELİ BELEDİYESİ KIRKLARELİ FEN BİLİMLERİ,89 - 68,YALOVA VİP,,KIRKLARELİ,Yeni Kırklareli Spor Salonu | ,Youtube / TBF TV,SEDA ESEN,OZAN GÜNDÜZ,MUSA ONUR SAVAŞ,ENES HİKMET ERMANER,NURDAN ERGÜL,GÜLİZ ÖZALTAN DİLMEN,AYBİKE KURTULDU,ASLI ŞİMŞEK,Yeni Kırklareli Spor Salonu
20.03.2025,14:00,2BA4800,27. Hafta,FENERBAHÇE GELİŞİM,72 - 74,SEÇİL KAUÇUK MERSİN BASKETBALL,,İSTANBUL,Fenerbahçe Metro Enerji Spor Salonu | ,Youtube / TBF TV,BATUHAN MERT GÜL,ALPER CAN BOZYEL,MEHMET EMİN RAŞİTOĞLU,UĞUR AYDEMİR,HÜSEYİN DENİZ KIZIL,ALTAN CANDAN,DEMET ULUCUTSOY,ESER FIRIL,Fenerbahçe Metro Enerji Spor Salonu
21.03.2025,13:00,2BA4802,27. Hafta,ÇİMSA ÇBK MERSİN GELİŞİM,64 - 106,ÇANKAYA ÜNİVERSİTESİ,,MERSİN,Edip Buran Spor Salonu | ,Youtube / TBF TV,HALDUN ÇOBAN,HAMZA ÇALIŞKAN,FURKAN ÜNLÜ,YUSUF BÜYÜKFİDAN,SEMA KÖR,MERVE YAĞMA,NAİL ŞARAPLI,ZİYA ERTAŞ,Edip Buran Spor Salonu
22.03.2025,15:00,2BA4796,27. Hafta,FERHATOĞLU EDREMİT BELEDİYESİ GÜRESPOR,105 - 51,EDİRNE DSİ,,BALIKESİR,Güre ATATÜRK  Spor Salonu | ,Youtube / TBF TV,ERDOĞAN ÇELEBİ,GÖZDE KAFADAR,EMRE ÖZÜTOK,CEM ATMACA,ECEM BERBEROĞLU,GAMZE ATİLA,ESRA ÖZDEMİR,ESİN ÖZSÜRMELİ,Güre ATATÜRK  Spor Salonu
22.03.2025,16:00,2BA4797,27. Hafta,LİDYA GARDEN CİTY TURGUTLU BELEDİYESPOR,75 - 64,URLA BELEDİYESİ,,MANİSA,Yıldırım Beyazıt Spor Salonu | ,Youtube / TBF TV,METEHAN ALAÇAM,AHMET KÖSE,OZAN İNCE,ZAFER ENÜŞTÜLÜ,OSMAN CİNGİL,HEDİYE AYTAŞ SARIASLAN,ENGİN ABATAY,MÜZEYYEN SİNEM YÖRÜK,Yıldırım Beyazıt Spor Salonu
22.03.2025,16:00,2BA4795,27. Hafta,GALLARDO,87 - 76,KIRKLARELİ BELEDİYESİ KIRKLARELİ FEN BİLİMLERİ,,ANKARA,Sinan Şamil Sam Spor Salonu | ,Youtube / TBF TV,SÜLEYMAN TEPE,KAMİL TALHA OLGUN,İSMAİL BAYRAM,PINAR ÖNER,HAMDİ BULUREL,ONUR YEŞİLBAĞ,MURATCAN KOLÇAK,EREN UYGUN,Sinan Şamil Sam Spor Salonu
22.03.2025,16:00,2BA4799,27. Hafta,J&amp;M ÇANAKKALE BELEDİYESPOR,90 - 67,ROMATEM BURSA ULUDAĞ BASKETBOL,,ÇANAKKALE,Anafartalar Spor Salonu | ,Youtube / TBF TV,ÖMER SARI,ALPEREN BAŞER,CELAL GÖRMÜŞ,ELA ONAT,CUMALİ ÖZLER,AHMET YILDIRIM,AYŞE YILDIZ,ZEYNEP YILDIRIM,Anafartalar Spor Salonu
22.03.2025,16:30,2BA4798,27. Hafta,01 ADANA BASKETBOL,69 - 46,ASLAN YOL BURHANİYE BELEDİYESPOR,,ADANA,Menderes Spor Salonu | ,Youtube / TBF TV,ÇAĞATAY TAŞKIN,ANIL VEZİROĞLU,BERKİN YÜCER,MURAT DEMİRATAN,MUSTAFA ERDİNÇ,CUMALİ BEKTAŞ,SERCAN TUNÇTAN,CİHAT YILMAZ,Menderes Spor Salonu
24.03.2025,14:00,2BA4801,27. Hafta,YALOVA VİP,78 - 52,EMLAK KONUT GELİŞİM,,YALOVA,90. Yıl Spor Salonu | ,Youtube / TBF TV,ATAKAN KAYMAK,SALİH ACAR,HASAN TUNÇ KESKİN,ZİYNİŞ ORUÇ,NURAY SORUŞ,NAZMİYE BIYIKOĞLU,HANİFE CELEPOĞLU,ANIL BIYIKOĞLU,90. Yıl Spor Salonu
28.03.2025,14:00,2BA4803,28. Hafta,ÇANKAYA ÜNİVERSİTESİ,70 - 91,LİDYA GARDEN CİTY TURGUTLU BELEDİYESPOR,,ANKARA,ATA Spor Salonu | ,Youtube / TBF TV,NİHAT ÇETİN,SÜLEYMAN EREN PEKDOĞAN,HALUK YAKIN,PINAR ÖNER,MELTEM BULUREL,ALİ MURAT SUNGUR,ÇAĞLA AKYÜZ,MİNE MİHRİCAN KANBUR,ATA Spor Salonu
28.03.2025,14:00,2BA4808,28. Hafta,ROMATEM BURSA ULUDAĞ BASKETBOL,79 - 63,01 ADANA BASKETBOL,,BURSA,Tofaş Spor Salonu | ,Youtube / TBF TV,AYDIN KARAÇAM,İZEL DENİZ PEHLİVAN ÇAKICI,KAMİL TALHA OLGUN,TAYFUN AY,MELTEM UĞURLU,TEOMAN ÖYLEK,AHMET CAN ŞAPÇI,NİDA ECE TÜZÜK,Tofaş Spor Salonu
28.03.2025,17:00,2BA4809,28. Hafta,ASLAN YOL BURHANİYE BELEDİYESPOR,73 - 43,ÇİMSA ÇBK MERSİN GELİŞİM,,BALIKESİR,Burhaniye Spor Salonu | ,Youtube / TBF TV,BARIŞ BURAK DURMUŞ,ONUR AÇIKYÜZ,GÖKHAN EĞLENOĞLU,BÜLENT GÖKÇE,EYLEM KAYA,MUSA ÇALIŞKAN,NESLİHAN ÇOBAN,ESİN ÖZSÜRMELİ,Burhaniye Spor Salonu
28.03.2025,18:00,2BA4804,28. Hafta,SEÇİL KAUÇUK MERSİN BASKETBALL,57 - 87,FERHATOĞLU EDREMİT BELEDİYESİ GÜRESPOR,,MERSİN,Edip Buran Spor Salonu | ,Youtube / TBF TV,SAİT NEDİM ÇELİK,ANIL VEZİROĞLU,ALİ CAN YILMAZ,AHMET ÖZKAN,İHSAN SARI,ERDİNÇ BOZKURT,NAİL ŞARAPLI,SABAHİTTİN KAZAN,Edip Buran Spor Salonu
29.03.2025,14:00,2BA4810,28. Hafta,EMLAK KONUT GELİŞİM,87 - 83,URLA BELEDİYESİ,,İSTANBUL,Başakşehir Spor Kompleksi | ,Youtube / TBF TV,BUĞRA ÇAĞATAY SAVAŞ,KEREM ALTINTAŞ,OZAN GÜNDÜZ,ZİYNİŞ ORUÇ,TEVFİK ATAY DEVELİ,MEHMET KAPUCU,GÖKHAN ALTUNTAŞ,EROL TAHTAKESEN,Başakşehir Spor Kompleksi
29.03.2025,14:00,2BA4807,28. Hafta,YALOVA VİP,83 - 86,GALLARDO,,YALOVA,90. Yıl Spor Salonu | ,Youtube / TBF TV,BENHÜR İRCEL,GÜRKAN DEMİR,HÜSEYİN SÖYLEMEZOĞLU,NAİM ÖZYEŞİLPINAR,ZELİHA DEMİR,GÜLEN SÖNMEZ,HANİFE CELEPOĞLU,İBRAHİM HALİL SİVİL,90. Yıl Spor Salonu
29.03.2025,16:00,2BA4805,28. Hafta,EDİRNE DSİ,51 - 71,J&amp;M ÇANAKKALE BELEDİYESPOR,,EDİRNE,Edirne Mimar Sinan Spor Salonu | ,Youtube / TBF TV,SEZER BOR,MURAT AMAÇ,METİN ÜSTER,ALİGÜRHAN UZUNAY,İREM TAVŞANTEPE,BURAK TUNALI,GAMZE GÜL,DENİZ AZAZ,Edirne Mimar Sinan Spor Salonu
30.03.2025,16:00,2BA4806,28. Hafta,KIRKLARELİ BELEDİYESİ KIRKLARELİ FEN BİLİMLERİ,67 - 81,FENERBAHÇE GELİŞİM,,KIRKLARELİ,Yeni Kırklareli Spor Salonu | ,Youtube / TBF TV,HAKAN GEREY,SAMET TEKİN,SALİH ACAR,YAŞAR SİNAN ÇELİKOĞLU,MELAHAT BURCU BERKMEN,SEMRA SOLAK,AYBİKE KURTULDU,GÜLİZ ÖZALTAN DİLMEN,Yeni Kırklareli Spor Salonu
4.04.2025,18:00,2BA4817,29. Hafta,GALLARDO,84 - 67,EMLAK KONUT GELİŞİM,,ANKARA,Sinan Şamil Sam Spor Salonu | ,Youtube / TBF TV,NİYAZİ YASİN KAHRAMAN,ÖZKAN ÇAĞLAYAN,AHMET KÖSE,SİBEL KANIK,ELİF CAN,VEYSEL SİNAN TUNCER,ÖYKÜ BÖYÜKÇAKIR,DOĞUKAN TOPRAK,Sinan Şamil Sam Spor Salonu
4.04.2025,18:30,2BA4811,29. Hafta,URLA BELEDİYESİ,91 - 71,ÇANKAYA ÜNİVERSİTESİ,,İZMİR,Urla Spor Salonu | ,Youtube / TBF TV,ATAKAN KAYMAK,HAVVA MİRHAN ATEŞER,OZAN İNCE,MURATCAN KOCABAY,HALİDE KAYA,OKAN ÇETİNBAŞ,SEHER ÇAKMAK,EMİNE KALKAN,Urla Spor Salonu
5.04.2025,15:00,2BA4812,29. Hafta,FERHATOĞLU EDREMİT BELEDİYESİ GÜRESPOR,90 - 60,KIRKLARELİ BELEDİYESİ KIRKLARELİ FEN BİLİMLERİ,,BALIKESİR,Güre ATATÜRK  Spor Salonu | ,Youtube / TBF TV,SAMİ İREK,NUR AKÇA,ALPER OĞUZCAN CİRİT,CEM ATMACA,ESRA ÖZDEMİR,EYLEM KAYA,ALEV GÜLAÇTI,MUSA ÇALIŞKAN,Güre ATATÜRK  Spor Salonu
5.04.2025,16:00,2BA4813,29. Hafta,LİDYA GARDEN CİTY TURGUTLU BELEDİYESPOR,84 - 70,ASLAN YOL BURHANİYE BELEDİYESPOR,,MANİSA,Yıldırım Beyazıt Spor Salonu | ,Youtube / TBF TV,MÜNEVVER ÖZEMRE,FATİH ERDOĞAN,MELİH BAĞLAR,SALTUK BUĞRA  ASLAN,KADİR ERDEN,ENGİN ABATAY,FİGEN GÜNER,MÜZEYYEN SİNEM YÖRÜK,Yıldırım Beyazıt Spor Salonu
5.04.2025,16:00,2BA4815,29. Hafta,J&amp;M ÇANAKKALE BELEDİYESPOR,82 - 43,SEÇİL KAUÇUK MERSİN BASKETBALL,,ÇANAKKALE,Anafartalar Spor Salonu | ,Youtube / TBF TV,SEDA ESEN,SÜLEYMAN EREN PEKDOĞAN,ATA GÜRAKAN,ELA ONAT,ARZU KÖRKEN,AHMET YILDIRIM,KADRİYE SEVİLAY BAYRAM,ZEYNEP YILDIRIM,Anafartalar Spor Salonu
5.04.2025,16:30,2BA4814,29. Hafta,01 ADANA BASKETBOL,83 - 55,EDİRNE DSİ,,ADANA,Menderes Spor Salonu | ,Youtube / TBF TV,GÖKSUN ÖZ,DERYA ÇELİK,HAMZA ÇALIŞKAN,MEYMİNE MİNE YAZGÖNÜL,DENİZ ORGÜN,DOĞA SÜREL,DELFİN TÜRKÖZÜ,CANSU DİKİLİTAŞ,Menderes Spor Salonu
6.04.2025,17:00,2BA4816,29. Hafta,FENERBAHÇE GELİŞİM,78 - 67,YALOVA VİP,,İSTANBUL,Fenerbahçe Metro Enerji Spor Salonu | ,Youtube / TBF TV,ÖZKAN TALO,SEYHAN TOPALOĞLU,KEREM ALTINTAŞ,ZİYNİŞ ORUÇ,PINAR PAR MAT,AYBERK PARALI,MUSTAFA KEMAL PENPE,BEKİR BAHÇE,Fenerbahçe Metro Enerji Spor Salonu
7.04.2025,13:00,2BA4818,29. Hafta,ÇİMSA ÇBK MERSİN GELİŞİM,54 - 73,ROMATEM BURSA ULUDAĞ BASKETBOL,,MERSİN,Edip Buran Spor Salonu | ,Youtube / TBF TV,ALMİNA KOCABAŞ,TAYLAN KAYA,FURKAN ÜNLÜ,YEŞİM ATUŞ KARAGÖZ,SEMA KÖR,HURİYE ERGENÇ,BETÜL ÖZCAN,ZİYA ERTAŞ,Edip Buran Spor Salonu
12.04.2025,16:00,2BA4819,30. Hafta,SEÇİL KAUÇUK MERSİN BASKETBALL,51 - 79,01 ADANA BASKETBOL,,MERSİN,Edip Buran Spor Salonu | ,Youtube / TBF TV,FATİH KURT,ORÇUN AKGÜL,OSMAN KINCAL,MUSTAFA KEMAL ERSÖZ,MERVE YAĞMA,TÜRKAN KEKLİK,SEMRA ŞENEL,AHMET ÖZDOĞAN,Edip Buran Spor Salonu
12.04.2025,16:00,2BA4820,30. Hafta,ASLAN YOL BURHANİYE BELEDİYESPOR,80 - 64,URLA BELEDİYESİ,,BALIKESİR,Burhaniye Spor Salonu | ,Youtube / TBF TV,MUSTAFA ÇELTİKER,SERHAT DÜLGER,BURAK MERT DEMİRTAŞ,HAKAN ŞAHİN,GAMZE ATİLA,MUSA ÇALIŞKAN,ECEM BERBEROĞLU,ESİN ÖZSÜRMELİ,Burhaniye Spor Salonu
12.04.2025,16:00,2BA4821,30. Hafta,KIRKLARELİ BELEDİYESİ KIRKLARELİ FEN BİLİMLERİ,78 - 64,J&amp;M ÇANAKKALE BELEDİYESPOR,,KIRKLARELİ,Yeni Kırklareli Spor Salonu | ,Youtube / TBF TV,MUSTAFA CANDEMİR TABAK,ŞEYHMUS MELEK,RECEP GÜRKAN ÖZKAN,NURSEL İSLAM,NURDAN ERGÜL,SEMRA SOLAK,BETÜL ERDEM,ASLI ŞİMŞEK,Yeni Kırklareli Spor Salonu
12.04.2025,16:00,2BA4822,30. Hafta,GALLARDO,63 - 76,FENERBAHÇE GELİŞİM,,ANKARA,Sinan Şamil Sam Spor Salonu | ,Youtube / TBF TV,GÜNDOĞAN ALİ BALABAN,MURAT GENÇ,OSMAN CAN GÜNDOĞDU,EREN KÜÇÜKSOLAKOĞLU,MURATCAN KOLÇAK,BERNA EKBİÇ,EREN UYGUN,YENER SALMAN,Sinan Şamil Sam Spor Salonu
12.04.2025,16:00,2BA4823,30. Hafta,YALOVA VİP,64 - 83,FERHATOĞLU EDREMİT BELEDİYESİ GÜRESPOR,,YALOVA,90. Yıl Spor Salonu | ,Youtube / TBF TV,BURAK DURMUŞ,HALUK YAKIN,FURKAN  SÖYLEMEZOĞLU,MEHMET AKİF KARAGÖZ,EMİNE AK,NAZMİYE BIYIKOĞLU,SELÇUK KURT,İBRAHİM HALİL SİVİL,90. Yıl Spor Salonu
12.04.2025,16:00,2BA4824,30. Hafta,EDİRNE DSİ,96 - 66,ÇİMSA ÇBK MERSİN GELİŞİM,,EDİRNE,Edirne Mimar Sinan Spor Salonu | ,Youtube / TBF TV,UĞUR YÜKSEL,ARDA NAVRUZ,EREN AKPULAT,ENİS GÜREL,ÖZGÜR GENÇ,DENİZ AZAZ,BURAK TUNALI,ELİF ÖÇAL,Edirne Mimar Sinan Spor Salonu
12.04.2025,16:00,2BA4825,30. Hafta,ROMATEM BURSA ULUDAĞ BASKETBOL,52 - 79,LİDYA GARDEN CİTY TURGUTLU BELEDİYESPOR,,BURSA,Yıldırım Şahin Başol Spor Kompleksi | ,Youtube / TBF TV,BUĞRA ÇAĞATAY SAVAŞ,UYGAR KURT,İREM KORKMAZ,BÜLENT GÖKÇE,MELTEM UĞURLU,SEVDA USTA,SUELNUR ÇELİK,AYTUNÇ SERTYILMAZ,Yıldırım Şahin Başol Spor Kompleksi
12.04.2025,16:00,2BA4826,30. Hafta,EMLAK KONUT GELİŞİM,69 - 59,ÇANKAYA ÜNİVERSİTESİ,,İSTANBUL,Başakşehir Spor Kompleksi | ,Youtube / TBF TV,ERDOĞAN ÇELEBİ,HASAN KAMİL TAKINYALIOĞLU,HALİL ATA GÜNAL,ZİYNİŞ ORUÇ,MURAT SÜMER,MEHMET KAPUCU,TUĞÇE KAYA,MERVE SAĞLAM,Başakşehir Spor Kompleksi
19.04.2025,17:00,2BA4828,Playoff Çeyrek Final,ASLAN YOL BURHANİYE BELEDİYESPOR,68 - 56,FENERBAHÇE GELİŞİM,,BALIKESİR,Burhaniye Spor Salonu | ,Youtube / TBF TV,METEHAN ALAÇAM,HASAN KAMİL TAKINYALIOĞLU,SABRİ GÜNDÜZ,BÜLENT GÖKÇE,GAMZE ATİLA,ERCAN ÇAVUŞOĞLU,ESRA ÖZDEMİR,ESİN ÖZSÜRMELİ,Burhaniye Spor Salonu
19.04.2025,19:30,2BA4827,Playoff Çeyrek Final,J&amp;M ÇANAKKALE BELEDİYESPOR,69 - 39,EMLAK KONUT GELİŞİM,,ÇANAKKALE,Anafartalar Spor Salonu | ,Youtube / TBF TV,BURAK DURMUŞ,SAMET TEKİN,MUSA ONUR SAVAŞ,ELA ONAT,CUMALİ ÖZLER,ARZU KÖRKEN,KAYHAN SEVİMLİ,SULTAN MERVE AK,Anafartalar Spor Salonu
20.04.2025,14:00,2BA4829,Playoff Çeyrek Final,01 ADANA BASKETBOL,70 - 74,SEÇİL KAUÇUK MERSİN BASKETBALL,,ADANA,Menderes Spor Salonu | ,Youtube / TBF TV,FURKAN KESERATAR,SEDEF YARICI,ANIL VEZİROĞLU,PINAR ÖNER,MEHTAP TOSUN,ALİ DUVARCI,CANSU DİKİLİTAŞ,MUSTAFA ERDİNÇ,Menderes Spor Salonu
20.04.2025,16:00,2BA4830,Playoff Çeyrek Final,LİDYA GARDEN CİTY TURGUTLU BELEDİYESPOR,68 - 46,KIRKLARELİ BELEDİYESİ KIRKLARELİ FEN BİLİMLERİ,,MANİSA,Yıldırım Beyazıt Spor Salonu | ,Youtube / TBF TV,MÜNEVVER ÖZEMRE,MURAT GENÇ,KEREM ALTINTAŞ,SERKAN İNCE,İSMAİL ATAR,OSMAN CİNGİL,TURAN HAKAN KARAKILIÇ,ENGİN ABATAY,Yıldırım Beyazıt Spor Salonu
21.04.2025,15:00,2BA4831,Playoff Çeyrek Final,EMLAK KONUT GELİŞİM,62 - 72,J&amp;M ÇANAKKALE BELEDİYESPOR,,İSTANBUL,Başakşehir Spor Kompleksi | ,Youtube / TBF TV,HAKAN GEREY,MUSTAFA TOPALOĞLU,DEYER AKÇAY,ZAFER ÖZGÜN,YEŞİM AKAN,ALPKAN HACIYAKUPOĞLU,DİLARA YEŞİLDAL,BURHAN DEMİR,Başakşehir Spor Kompleksi
21.04.2025,17:00,2BA4832,Playoff Çeyrek Final,FENERBAHÇE GELİŞİM,68 - 59,ASLAN YOL BURHANİYE BELEDİYESPOR,,İSTANBUL,Fenerbahçe Metro Enerji Spor Salonu | ,Youtube / TBF TV,ÖMER SARI,ÖZKAN ÇAĞLAYAN,ALİHAN CİVELEK,NAİM ÖZYEŞİLPINAR,DİDEM ARPACI KARAGÖZ,GÜLTEKİN KABAŞ,BURAK DEMİREL,ZEHRA AKAN,Fenerbahçe Metro Enerji Spor Salonu
22.04.2025,15:00,2BA4834,Playoff Çeyrek Final,KIRKLARELİ BELEDİYESİ KIRKLARELİ FEN BİLİMLERİ,57 - 78,LİDYA GARDEN CİTY TURGUTLU BELEDİYESPOR,,KIRKLARELİ,Yeni Kırklareli Spor Salonu | ,Youtube / TBF TV,ÖZKAN TALO,ABDULLAH UYANIK,İSMAİL ARSLAN,TUĞBA EŞKİL,NURDAN ERGÜL,SEMRA SOLAK,ÜLKER KEMALOĞLU,ASLI ŞİMŞEK,Yeni Kırklareli Spor Salonu
22.04.2025,17:00,2BA4833,Playoff Çeyrek Final,SEÇİL KAUÇUK MERSİN BASKETBALL,46 - 63,01 ADANA BASKETBOL,,MERSİN,Edip Buran Spor Salonu | ,Youtube / TBF TV,SEDA ESEN,MURAT AMAÇ,ERHAN ERDOĞAN,BAHA KAÇIN,AYŞE ÖZDAĞ,ERDİNÇ BOZKURT,NAİL ŞARAPLI,ZİYA ERTAŞ,Edip Buran Spor Salonu
23.04.2025,17:00,2BA4835,Playoff Çeyrek Final,ASLAN YOL BURHANİYE BELEDİYESPOR,65 - 68,FENERBAHÇE GELİŞİM,,BALIKESİR,Burhaniye Spor Salonu | ,Youtube / TBF TV,ERDOĞAN ÇELEBİ,SEDEF YARICI,ANIL VEZİROĞLU,HAKAN ŞAHİN,IŞIL ÖZKAN,MUSA ÇALIŞKAN,ESRA ÖZDEMİR,ERCAN ÇAVUŞOĞLU,Burhaniye Spor Salonu
24.04.2025,17:00,2BA4836,Playoff Çeyrek Final,01 ADANA BASKETBOL,70 - 64,SEÇİL KAUÇUK MERSİN BASKETBALL,,ADANA,Menderes Spor Salonu | ,Youtube / TBF TV,AHMET KEMAL DİGİLLİ,DEYER AKÇAY,ALİ CAN YILMAZ,MÜBERRA ÖZTÜRK,BETÜL AĞAR,LETAFET FEYZA YÜKSEL,DENİZ ORGÜN,CUMALİ BEKTAŞ,Menderes Spor Salonu
26.04.2025,17:00,2BA4837,Playoff Yarı Final,J&amp;M ÇANAKKALE BELEDİYESPOR,70 - 57,FENERBAHÇE GELİŞİM,,ÇANAKKALE,Anafartalar Spor Salonu | ,Youtube / TBF TV,BENHÜR İRCEL,ABDULLAH UYANIK,SEYHAN TOPALOĞLU,REŞAT ATAY,SULTAN MERVE AK,AHMET YILDIRIM,CUMALİ ÖZLER,ZEYNEP YILDIRIM,Anafartalar Spor Salonu
29.04.2025,18:00,2BA4838,Playoff Yarı Final,FENERBAHÇE GELİŞİM,62 - 78,J&amp;M ÇANAKKALE BELEDİYESPOR,,İSTANBUL,Fenerbahçe Metro Enerji Spor Salonu | ,Youtube / TBF TV,YARKIN KESKİN,NİHAT KARA,ERHAN ERDOĞAN,MACİT ZEREN,MUSTAFA KEMAL PENPE,GÖZDE BEGÜM AKÜZÜM,DİDEM ARPACI KARAGÖZ,ALTAN CANDAN,Fenerbahçe Metro Enerji Spor Salonu
27.04.2025,17:00,2BA4839,Playoff Yarı Final,01 ADANA BASKETBOL,47 - 56,LİDYA GARDEN CİTY TURGUTLU BELEDİYESPOR,,ADANA,Menderes Spor Salonu | ,Youtube / TBF TV,YİĞİT EMRE ŞİMŞEK,ERSEL BÜYÜKKARA,HAMZA ÇALIŞKAN,MURAT DEMİRATAN,LETAFET FEYZA YÜKSEL,CANSU DİKİLİTAŞ,MEHMET RIFAT AYBAR,MEHMET MURAT KÖMÜRHANLI,Menderes Spor Salonu
30.04.2025,19:00,2BA4840,Playoff Yarı Final,LİDYA GARDEN CİTY TURGUTLU BELEDİYESPOR,72 - 69,01 ADANA BASKETBOL,,MANİSA,Yıldırım Beyazıt Spor Salonu | ,Youtube / TBF TV,NİYAZİ YASİN KAHRAMAN,SERHAT DÜLGER,SONER ÖZAYDOĞAN,ÖZHAN ÖZDEMİR,KADİR ERDEN,ÜMİT KONCA,ENGİN ABATAY,SALİH KARAKURT,Yıldırım Beyazıt Spor Salonu
3.05.2025,17:30,2BA4841,Playoff Final,J&amp;M ÇANAKKALE BELEDİYESPOR,70 - 59,LİDYA GARDEN CİTY TURGUTLU BELEDİYESPOR,,ÇANAKKALE,Anafartalar Spor Salonu | ,Youtube / TBF TV,UMUT ÖZGÜN ERGÜN,UYGAR KURT,GÜRKAN DEMİR,ATİF AL,SULTAN MERVE AK,AHMET YILDIRIM,CUMALİ ÖZLER,ZEYNEP YILDIRIM,Anafartalar Spor Salonu
5.05.2025,18:30,2BA4842,Playoff Final,J&amp;M ÇANAKKALE BELEDİYESPOR,65 - 51,LİDYA GARDEN CİTY TURGUTLU BELEDİYESPOR,,ÇANAKKALE,Anafartalar Spor Salonu | ,Youtube / TBF TV,ÖNDER YILMAZ,MURAT AMAÇ,SÜLEYMAN EREN PEKDOĞAN,MELİH SABRİ KAZMAZ,SULTAN MERVE AK,AHMET YILDIRIM,CUMALİ ÖZLER,ZEYNEP YILDIRIM,Anafartalar Spor Salonu
8.05.2025,19:00,2BA4843,Playoff Final,LİDYA GARDEN CİTY TURGUTLU BELEDİYESPOR,73 - 51,J&amp;M ÇANAKKALE BELEDİYESPOR,,MANİSA,Yıldırım Beyazıt Spor Salonu | ,"Youtube / TBF TV,TRT Spor Yıldız",ORKUN YURTTAŞ,ABDULLAH UYANIK,ANIL VEZİROĞLU,BÜLENT GÖKÇE,HEDİYE AYTAŞ SARIASLAN,ÜMİT KONCA,OSMAN CİNGİL,SALİH KARAKURT,Yıldırım Beyazıt Spor Salonu
10.05.2025,18:00,2BA4844,Playoff Final,LİDYA GARDEN CİTY TURGUTLU BELEDİYESPOR,70 - 54,J&amp;M ÇANAKKALE BELEDİYESPOR,,MANİSA,Yıldırım Beyazıt Spor Salonu | ,"Youtube / TBF TV,TRT Spor Yıldız",TURGUT IŞIK,İZEL DENİZ PEHLİVAN ÇAKICI,YUNUS ÖZTÜRK,GÖRKEM BIÇAKCIOĞLU,HEDİYE AYTAŞ SARIASLAN,ÜMİT KONCA,KADİR ERDEN,SALİH KARAKURT,Yıldırım Beyazıt Spor Salonu
13.05.2025,19:30,2BA4845,Playoff Final,J&amp;M ÇANAKKALE BELEDİYESPOR,69 - 51,LİDYA GARDEN CİTY TURGUTLU BELEDİYESPOR,,ÇANAKKALE,Anafartalar Spor Salonu | ,"Youtube / TBF TV,TRT Spor Yıldız",AYDIN KARAÇAM,SEYHAN TOPALOĞLU,SAMET TEKİN,ELA ONAT,CUMALİ ÖZLER,AHMET YILDIRIM,ARZU KÖRKEN,ZEYNEP YILDIRIM,Anafartalar Spor Salonu
