Tarih,Saat,Maç No,Hafta,A Takım,Sonuç,B Takım,Grubu,Şehir,Salon,TV,Baş Hakem,1. Yrd. Hakem,2. Yrd. Hakem,Temsilci,1. Masa G.,2. Masa G.,3. Masa G.,4. Masa G.,Salon.1
6.10.2017,14:00,2BA2550,01. Hafta,ÇANKAYA ÜNİVERSİTESİ,81 - 65,FERKO ILGAZ HOTEL KBSK,,ANKARA,Arı Koleji Olimpik Spor Salonu | ,,METİN AKSOYAK,SALİH ARDA UNUL,SERAY AK,,GÜL DENİZ ASİLDAĞ,HİKMET NİSA YILDIZ,FATİH ŞEN,SERVET TUĞRUL DEMİREL,Arı Koleji Olimpik Spor Salonu
7.10.2017,15:00,2BA2552,01. Hafta,EDREMİT BLD. GÜRESPOR,61 - 86,KIRÇİÇEĞİ BODRUM BASKETBOL,,BALIKESİR,Edremit Spor Salonu | ,,ELİF İNCİ,ÖZKAN TALO,ÖMER SARI,,EYLEM KAYA,MERT TELLİBAYRAKTAR,OGÜN KURTULUŞ,ERCAN ÇAVUŞOĞLU,Edremit Spor Salonu
7.10.2017,16:00,2BA2553,01. Hafta,ELAZIĞ İL ÖZEL İDARE,52 - 66,İSTANBULGÜCÜ,,ELAZIĞ,Elazığ İl Özel İdare S.S. | ,,EBUBEKİR KILIÇ,EYYÜP AYHAN,SEREN ÇEŞİT,,TUNA GÜZEL,SEMANUR BOZKURT,FATMA SELCEN HATİPOĞLU,AYŞE GÜNHAN,Elazığ İl Özel İdare S.S.
7.10.2017,17:00,2BA2546,01. Hafta,İZMİT BELEDİYESPOR,88 - 67,YALOVA VİP,,KOCAELİ,Kocaeli Atatürk Spor Salonu | ,,BATUHAN MERT GÜL,CİHAN CEYLAN,MURAT YURTSEVER,,BEYZA NUR ALTUN,MAHMUT CAYLAN,,,Kocaeli Atatürk Spor Salonu
8.10.2017,14:00,2BA2551,01. Hafta,BURSA BŞB. BUDO,85 - 59,MERSİN ÜNİVERSİTESİ,,BURSA,Yıldırım Şahin Başol Spor Kompleksi | ,,SEDEF YARICI,MUSTAFA ÇELTİKER,YUSUF SARPER DAĞLI,,YASEMİN AKTAN,TUĞBA ÖYLEK,HASAN YILDIZ,ABDULLAH KURT,Yıldırım Şahin Başol Spor Kompleksi
8.10.2017,14:00,2BA2547,01. Hafta,URLA BELEDİYESİ,64 - 62,MERSİN BŞB.GELİŞİM,,İZMİR,12 Eylül Spor Salonu | ,,HAKAN GEREY,ECE AKMAN,BATUHAN SÖYLEMEZOĞLU,,,,,,12 Eylül Spor Salonu
8.10.2017,14:00,2BA2554,01. Hafta,MERSİN BASKETBOL,80 - 59,BAYRAKLI BELEDİYESİ,,MERSİN,Servet Tazegül Spor Salonu | ,,TANER ŞEKER,ABDULLAH UYANIK,NECMETTİN ULUÖZLÜ,,MERVE AKICI,SADIK ŞAHİN,FİKRET KARAYAĞMURLU,HATİCE GÜLER,Servet Tazegül Spor Salonu
13.10.2017,13:00,2BA2557,02. Hafta,İSTANBULGÜCÜ,52 - 70,EDREMİT BLD. GÜRESPOR,,İSTANBUL,Caferağa Spor Salonu | ,,NİHAT KARA,HAKAN GEREY,ÜLVİYE ÖMÜR BEŞE,,KEREM SIRMAGİL,EBRU ULUDOĞAN,ESER FIRIL,NEŞE KIRAN,Caferağa Spor Salonu
13.10.2017,17:00,2BA2559,02. Hafta,MERSİN ÜNİVERSİTESİ,42 - 52,ÇANKAYA ÜNİVERSİTESİ,,MERSİN,Mersin Üniversitesi Spor Salonu | ,,TANER ŞEKER,EYYÜP AYHAN,NECMETTİN ULUÖZLÜ,,FATMA ITIR ÖNCEL,FİKRET KARAYAĞMURLU,ŞÜKRÜ SITKI,MERVE AKICI,Mersin Üniversitesi Spor Salonu
13.10.2017,18:00,2BA2556,02. Hafta,BAYRAKLI BELEDİYESİ,71 - 80,ELAZIĞ İL ÖZEL İDARE,,İZMİR,Bayraklı Mustafa Kemal Atatürk Spor Salonu | ,,ELİF İNCİ,MURAT GENÇ,BATUHAN MERT GÜL,,,,,,Bayraklı Mustafa Kemal Atatürk Spor Salonu
14.10.2017,15:00,2BA2558,02. Hafta,KIRÇİÇEĞİ BODRUM BASKETBOL,75 - 67,BURSA BŞB. BUDO,,MUĞLA,Bodrum Binnaz Karakaya Spor Salonu | ,,AHMET BİLAL ÖZTÜRK,SERAY AK,MURAT YURTSEVER,,SEVGİ ÖZKAN,NEVİN YAVAŞ ERTUĞRUL,DUYGU ÇİMEN,MİNE ALPASLAN,Bodrum Binnaz Karakaya Spor Salonu
14.10.2017,17:00,2BA2560,02. Hafta,FERKO ILGAZ HOTEL KBSK,62 - 71,EDİRNE BLD. EDİRNESPOR,,KASTAMONU,Hüsnü Tandoğan Spor Salonu | ,,ÖZKAN TALO,ECE AKMAN,ENES ŞENTÜRK,,BİRCAN EVRİM ARSLAN,HAMDİ KICIROĞLU,SUAT KARKACIOĞLU,ŞENOL KARABALTAOĞLU,Hüsnü Tandoğan Spor Salonu
14.10.2017,17:00,2BA2555,02. Hafta,YALOVA VİP,65 - 77,MERSİN BASKETBOL,,KOCAELİ,Karamürsel ATATÜRK Spor Salonu | ,,EBUBEKİR KILIÇ,HAVVA MİRHAN ATEŞER,NUR AKÇA,,SEVGİ CANDAZ,MAHMUT CAYLAN,KÜBRA AYDOĞAN,TÜLİN AYDOĞAN,Karamürsel ATATÜRK Spor Salonu
15.10.2017,14:00,2BA2563,02. Hafta,MERSİN BŞB.GELİŞİM,40 - 70,İZMİT BELEDİYESPOR,,MERSİN,Servet Tazegül Spor Salonu | ,,SEDEF YARICI,KAMİL TALHA OLGUN,SELENA GAMZE ÖGET ÇERÇİ,,VİLDAN KÖROĞLU EZER,SÜREYYA KANALICI,CANER SERTEL,HATİCE GÜLER,Servet Tazegül Spor Salonu
20.10.2017,14:00,2BA2568,03. Hafta,ÇANKAYA ÜNİVERSİTESİ,62 - 74,KIRÇİÇEĞİ BODRUM BASKETBOL,,ANKARA,Arı Koleji Olimpik Spor Salonu | ,,BATUHAN MERT GÜL,ECE AKMAN,ALİHAN CİVELEK,,BERKSU ÖZBEY,SELİN AVNAMAK,ONUR YEŞİLBAĞ,ARZU ÖKSÜZ,Arı Koleji Olimpik Spor Salonu
20.10.2017,17:00,2BA2566,03. Hafta,FENERBAHÇE GELİŞİM,53 - 65,FERKO ILGAZ HOTEL KBSK,,İSTANBUL,Fenerbahçe Koleji Spor Salonu | ,,TANER ŞEKER,NUR AKÇA,YUSUF SARPER DAĞLI,,SERHAT LEVENT,EBRU ULUDOĞAN,SEDA İŞLER,MUSTAFA GÖKMEN DEMİRAY,Fenerbahçe Koleji Spor Salonu
21.10.2017,15:00,2BA2570,03. Hafta,EDREMİT BLD. GÜRESPOR,86 - 45,BAYRAKLI BELEDİYESİ,,BALIKESİR,Edremit Spor Salonu | ,,HAVVA MİRHAN ATEŞER,SALİH ARDA UNUL,ENES ŞENTÜRK,,IŞIL ÖZKAN,OGÜN KURTULUŞ,METİN IŞIK,CANEL BOYAR,Edremit Spor Salonu
21.10.2017,16:00,2BA2571,03. Hafta,ELAZIĞ İL ÖZEL İDARE,78 - 66,YALOVA VİP,,ELAZIĞ,Elazığ İl Özel İdare S.S. | ,,ABDULLAH UYANIK,GÖZDE SANCAR,HAKAN GEREY,,YASEMİN DÜNDAR,SEMANUR BOZKURT,FATMA SELCEN HATİPOĞLU,AYŞE GÜNHAN,Elazığ İl Özel İdare S.S.
21.10.2017,17:00,2BA2567,03. Hafta,EDİRNE BLD. EDİRNESPOR,69 - 59,MERSİN ÜNİVERSİTESİ,,EDİRNE,Mimar Sinan Spor Salonu | ,,EBUBEKİR KILIÇ,ÖMER SARI,SERAY AK,,DENİZ AZAZ,ELİF ÖÇAL,MERVE EMRE,TUNA TAŞ,Mimar Sinan Spor Salonu
21.10.2017,17:00,2BA2564,03. Hafta,İZMİT BELEDİYESPOR,70 - 79,MERSİN BASKETBOL,,KOCAELİ,Kocaeli Atatürk Spor Salonu | ,,EDA DEMİR,NİHAT KARA,BURAK ERKAN,,MEHTAP DANIŞMAN,SEVGİ CANDAZ,MUSTAFA SALMAN,,Kocaeli Atatürk Spor Salonu
22.10.2017,14:00,2BA2569,03. Hafta,BURSA BŞB. BUDO,86 - 78,İSTANBULGÜCÜ,,BURSA,Yıldırım Şahin Başol Spor Kompleksi | ,,METİN AKSOYAK,MURAT GENÇ,CİHAN CEYLAN,,ŞAFAK IRMAK SARAÇOĞLU,EMEL ÖZTÜRK,BÜŞRA HEKİMOĞLU,SİNEM ERTEM,Yıldırım Şahin Başol Spor Kompleksi
27.10.2017,13:00,2BA2575,04. Hafta,İSTANBULGÜCÜ,54 - 75,ÇANKAYA ÜNİVERSİTESİ,,İSTANBUL,Caferağa Spor Salonu | ,,ÖZKAN TALO,MÜNEVVER ÖZEMRE,GÖKSU TEKSÖZ,,BEGÜM SAVAŞ,EBRU ULUDOĞAN,GÜLŞAH ÇEBİ,EYLÜL DEDE,Caferağa Spor Salonu
27.10.2017,17:00,2BA2577,04. Hafta,MERSİN ÜNİVERSİTESİ,92 - 67,FENERBAHÇE GELİŞİM,,MERSİN,Mersin Üniversitesi Spor Salonu | ,,NİHAT KARA,AHMET BİLAL ÖZTÜRK,EMRE DURSUN,,MERVE AKICI,KÜBRA GÜNGÖR,FİKRET KARAYAĞMURLU,MELDA KÖKLÜER,Mersin Üniversitesi Spor Salonu
27.10.2017,18:00,2BA2574,04. Hafta,BAYRAKLI BELEDİYESİ,81 - 52,BURSA BŞB. BUDO,,İZMİR,Bayraklı Mustafa Kemal Atatürk Spor Salonu | ,,EDA DEMİR,GÖZDE SANCAR,BARIŞ ÖZTÜRK,,SİBEL DÖŞEMECİ,ASUMAN ARICAN ATAY,SEVERCAN GÜVEN,ZEYNEP GÖRÜMLÜ,Bayraklı Mustafa Kemal Atatürk Spor Salonu
28.10.2017,14:00,2BA2578,04. Hafta,FERKO ILGAZ HOTEL KBSK,59 - 78,URLA BELEDİYESİ,,KASTAMONU,Hüsnü Tandoğan Spor Salonu | ,,EBUBEKİR KILIÇ,LEYLA GÜLEN,HÜSEYİN DALMAN,,FATMA HURİYE HIRLI,METİN GÖKGÖZ,ŞENOL KARABALTAOĞLU,ZEHRA ANBARCI,Hüsnü Tandoğan Spor Salonu
28.10.2017,15:00,2BA2576,04. Hafta,KIRÇİÇEĞİ BODRUM BASKETBOL,63 - 56,EDİRNE BLD. EDİRNESPOR,,MUĞLA,Bodrum Binnaz Karakaya Spor Salonu | ,,SEDEF YARICI,SELENA GAMZE ÖGET ÇERÇİ,BURAK MERT DEMİRTAŞ,,DİLEK SAZAK,NEVİN YAVAŞ ERTUĞRUL,BEDİR KARABÖRKLÜ,DUYGU ÇİMEN,Bodrum Binnaz Karakaya Spor Salonu
28.10.2017,17:00,2BA2573,04. Hafta,YALOVA VİP,59 - 80,EDREMİT BLD. GÜRESPOR,,YALOVA,90. Yıl Spor Salonu | ,,ÖMER SARI,BATUHAN SÖYLEMEZOĞLU,UMUT MEMİŞ,,,,,,90. Yıl Spor Salonu
29.10.2017,16:00,2BA2581,04. Hafta,MERSİN BASKETBOL,53 - 56,ELAZIĞ İL ÖZEL İDARE,,MERSİN,Edip Buran Spor Salonu | ,,METİN AKSOYAK,EMRE YELDAŞ,YETER DOĞAN,,MERVE AKICI,SÜREYYA KANALICI,LEVENT YORULMAZ,VİLDAN KÖROĞLU EZER,Edip Buran Spor Salonu
3.11.2017,14:00,2BA2586,05. Hafta,ÇANKAYA ÜNİVERSİTESİ,73 - 65,BAYRAKLI BELEDİYESİ,,ANKARA,Arı Koleji Olimpik Spor Salonu | ,Youtube / TBF TV,NİHAT KARA,ÜLVİYE ÖMÜR BEŞE,MURAT YURTSEVER,,FATİH ŞEN,EZGİ HAN,ONUR YEŞİLBAĞ,HİLAL ÖZKÜ,Arı Koleji Olimpik Spor Salonu
3.11.2017,17:00,2BA2584,05. Hafta,FENERBAHÇE GELİŞİM,55 - 90,KIRÇİÇEĞİ BODRUM BASKETBOL,,İSTANBUL,Fenerbahçe Koleji Spor Salonu | ,,ELİF İNCİ,EYYÜP AYHAN,MUSTAFA ÇELTİKER,,ALTAN CANDAN,DEMET ULUCUTSOY,YEŞİM ÖZCAN ÖZTÜRK,EBRU ULUDOĞAN,Fenerbahçe Koleji Spor Salonu
4.11.2017,14:00,2BA2587,05. Hafta,BURSA BŞB. BUDO,82 - 68,YALOVA VİP,,BURSA,Yıldırım Şahin Başol Spor Kompleksi | ,,TANER ŞEKER,MÜNEVVER ÖZEMRE,SELENA GAMZE ÖGET ÇERÇİ,,SİNEM ERTEM,ZEHRA PINAR ÖZGÜR,BÜŞRA HEKİMOĞLU,TAMER DENİZ,Yıldırım Şahin Başol Spor Kompleksi
4.11.2017,15:00,2BA2588,05. Hafta,EDREMİT BLD. GÜRESPOR,71 - 73,MERSİN BASKETBOL,,BALIKESİR,Edremit Spor Salonu | ,Youtube / TBF TV,MURAT GENÇ,SEDEF YARICI,YUSUF SARPER DAĞLI,,ERCAN ÇAVUŞOĞLU,MERT TELLİBAYRAKTAR,METİN IŞIK,CANEL BOYAR,Edremit Spor Salonu
4.11.2017,17:00,2BA2585,05. Hafta,EDİRNE BLD. EDİRNESPOR,71 - 65,İSTANBULGÜCÜ,,EDİRNE,Mimar Sinan Spor Salonu | ,,HAVVA MİRHAN ATEŞER,MUSTAFA TOPALOĞLU,BATUHAN SÖYLEMEZOĞLU,,MERVE EMRE,ELİF ÖÇAL,TUNA TAŞ,DENİZ AZAZ,Mimar Sinan Spor Salonu
4.11.2017,17:00,2BA2582,05. Hafta,İZMİT BELEDİYESPOR,65 - 58,ELAZIĞ İL ÖZEL İDARE,,KOCAELİ,Kocaeli Atatürk Spor Salonu | ,,ÖZKAN TALO,SALİH ARDA UNUL,AHMET BİLAL ÖZTÜRK,,SEVGİ CANDAZ,GAMZE KURT,KÜBRA AYDOĞAN,,Kocaeli Atatürk Spor Salonu
5.11.2017,14:00,2BA2583,05. Hafta,URLA BELEDİYESİ,72 - 65,MERSİN ÜNİVERSİTESİ,,İZMİR,12 Eylül Spor Salonu | ,,METİN AKSOYAK,EDA DEMİR,ALİ OSMAN KANIK,,EBRU DIVRAK,MESUT KARABULUT,ÖZGE GÜNKIZIL,SÜLEYMAN YALÇIN TORUNOĞLU,12 Eylül Spor Salonu
5.11.2017,14:00,2BA2590,05. Hafta,MERSİN BŞB.GELİŞİM,78 - 67,FERKO ILGAZ HOTEL KBSK,,MERSİN,Servet Tazegül Spor Salonu | ,,ABDULLAH UYANIK,ÖMER SARI,CİHAN CEYLAN,,FATMA ITIR ÖNCEL,MEHMET ALİ KÖROĞLU,LEVENT YORULMAZ,,Servet Tazegül Spor Salonu
7.11.2017,17:30,2BA2591,06. Hafta,YALOVA VİP,68 - 74,ÇANKAYA ÜNİVERSİTESİ,,YALOVA,90. Yıl Spor Salonu | ,,AHMET BİLAL ÖZTÜRK,ALİ OSMAN KANIK,MUSTAFA ÇELTİKER,,,,,,90. Yıl Spor Salonu
7.11.2017,18:00,2BA2599,06. Hafta,MERSİN BASKETBOL,57 - 62,BURSA BŞB. BUDO,,MERSİN,Servet Tazegül Spor Salonu | ,,ABDULLAH UYANIK,ÖMER SARI,BARIŞ ÖZTÜRK,,KÜBRA GÜNGÖR,ŞÜKRÜ SITKI,FİKRET KARAYAĞMURLU,MELDA KÖKLÜER,Servet Tazegül Spor Salonu
8.11.2017,17:00,2BA2595,06. Hafta,MERSİN ÜNİVERSİTESİ,52 - 44,MERSİN BŞB.GELİŞİM,,MERSİN,Mersin Üniversitesi Spor Salonu | ,,GÖZDE SANCAR,YUSUF SARPER DAĞLI,ALİHAN CİVELEK,,MERVE AKICI,ŞÜKRÜ SITKI,MEHMET ALİ KÖROĞLU,LEVENT YORULMAZ,Mersin Üniversitesi Spor Salonu
8.11.2017,18:00,2BA2598,06. Hafta,ELAZIĞ İL ÖZEL İDARE,68 - 63,EDREMİT BLD. GÜRESPOR,,ELAZIĞ,Elazığ İl Özel İdare S.S. | ,,ERSEL BÜYÜKKARA,SERAY AK,MURAT YURTSEVER,,AYŞE GÜNHAN,SEMANUR BOZKURT,FATMA SELCEN HATİPOĞLU,YASEMİN DÜNDAR,Elazığ İl Özel İdare S.S.
8.11.2017,18:00,2BA2594,06. Hafta,KIRÇİÇEĞİ BODRUM BASKETBOL,78 - 69,URLA BELEDİYESİ,,MUĞLA,Bodrum Binnaz Karakaya Spor Salonu | ,,HAVVA MİRHAN ATEŞER,SALİH ARDA UNUL,ÜLVİYE ÖMÜR BEŞE,,DİLEK SAZAK,DUYGU ÇİMEN,NİMET DİNÇER,MİNE ALPASLAN,Bodrum Binnaz Karakaya Spor Salonu
8.11.2017,18:00,2BA2592,06. Hafta,BAYRAKLI BELEDİYESİ,63 - 76,EDİRNE BLD. EDİRNESPOR,,İZMİR,Bayraklı Mustafa Kemal Atatürk Spor Salonu | ,,METİN AKSOYAK,MÜNEVVER ÖZEMRE,AYGÜN AKGÜL,,ERHAN AYDIN,ALİ DEVECİ,SİNEM BİRTÜRK,ONUR BURAK,Bayraklı Mustafa Kemal Atatürk Spor Salonu
22.11.2017,12:30,2BA2593,06. Hafta,İSTANBULGÜCÜ,54 - 44,FENERBAHÇE GELİŞİM,,İSTANBUL,Caferağa Spor Salonu | ,,HAKAN GEREY,ECE AKMAN,BURAK ERKAN,,ESER FIRIL,EBRU ULUDOĞAN,SEDA İŞLER,OSMAN OKUDAN,Caferağa Spor Salonu
11.11.2017,15:00,2BA2604,07. Hafta,ÇANKAYA ÜNİVERSİTESİ,81 - 79,MERSİN BASKETBOL,,ANKARA,Arı Koleji Olimpik Spor Salonu | ,Youtube / TBF TV,ELİF İNCİ,EBUBEKİR KILIÇ,SERAY AK,,,SİBEL DÖRTKOL CANLI,SİNA KÜÇÜKDİLEK,,Arı Koleji Olimpik Spor Salonu
11.11.2017,17:00,2BA2602,07. Hafta,FENERBAHÇE GELİŞİM,51 - 91,BAYRAKLI BELEDİYESİ,,İSTANBUL,Fenerbahçe Metro Enerji Spor Salonu | ,,MURAT GENÇ,ÖMER SARI,BATUHAN MERT GÜL,,HİLMİ CANKUT AYNAR,ESER FIRIL,ALTAN CANDAN,YEŞİM ÖZCAN ÖZTÜRK,Fenerbahçe Metro Enerji Spor Salonu
11.11.2017,17:00,2BA2603,07. Hafta,EDİRNE BLD. EDİRNESPOR,59 - 56,YALOVA VİP,,EDİRNE,Mimar Sinan Spor Salonu | ,,ABDULLAH UYANIK,NİHAT KARA,CİHAN CEYLAN,,MERVE EMRE,ELİF ÖÇAL,TUNA TAŞ,GAMZE ERSOY,Mimar Sinan Spor Salonu
11.11.2017,17:00,2BA2600,07. Hafta,İZMİT BELEDİYESPOR,57 - 59,EDREMİT BLD. GÜRESPOR,,KOCAELİ,Kocaeli Atatürk Spor Salonu | ,,HAVVA MİRHAN ATEŞER,METİN AKSOYAK,GÖZDE SANCAR,,SEVGİ CANDAZ,BUSEGÜL ÇAY,MUSTAFA SALMAN,UMUT KORKUT,Kocaeli Atatürk Spor Salonu
12.11.2017,13:00,2BA2608,07. Hafta,MERSİN BŞB.GELİŞİM,55 - 71,KIRÇİÇEĞİ BODRUM BASKETBOL,,MERSİN,Servet Tazegül Spor Salonu | ,,EDA DEMİR,HAKAN GEREY,NUR AKÇA,,KÜBRA GÜNGÖR,LEVENT YORULMAZ,SADIK ŞAHİN,SİNEM DENİZ,Servet Tazegül Spor Salonu
12.11.2017,14:00,2BA2605,07. Hafta,BURSA BŞB. BUDO,80 - 76,ELAZIĞ İL ÖZEL İDARE,,BURSA,Yıldırım Şahin Başol Spor Kompleksi | ,,SALİH ARDA UNUL,ECE AKMAN,MUSTAFA ÇELTİKER,,BÜŞRA CİN,FATİH DURGUT,HASAN YILDIZ,ESRA SOLAK,Yıldırım Şahin Başol Spor Kompleksi
12.11.2017,14:00,2BA2601,07. Hafta,URLA BELEDİYESİ,66 - 54,İSTANBULGÜCÜ,,İZMİR,12 Eylül Spor Salonu | ,,SEDEF YARICI,EYYÜP AYHAN,AHMET BİLAL ÖZTÜRK,,FATİH ÖZEN,GÜNAY ALPUĞUZ,ELİF KALENDER,ÖZGE GÜNKIZIL,12 Eylül Spor Salonu
17.11.2017,13:00,2BA2611,08. Hafta,İSTANBULGÜCÜ,50 - 44,MERSİN BŞB.GELİŞİM,,İSTANBUL,Caferağa Spor Salonu | ,,METİN AKSOYAK,TANER ŞEKER,ALİ OSMAN KANIK,,BEGÜM SAVAŞ,EBRU ULUDOĞAN,ESER FIRIL,EYLÜL DEDE,Caferağa Spor Salonu
17.11.2017,18:00,2BA2610,08. Hafta,BAYRAKLI BELEDİYESİ,69 - 63,URLA BELEDİYESİ,,İZMİR,Bayraklı Mustafa Kemal Atatürk Spor Salonu | ,,YUSUF SARPER DAĞLI,SERAY AK,NUR AKÇA,,SİBEL DÖŞEMECİ,DENİZ TAN,FATMA DÖNMEZ,ERHAN AYDIN,Bayraklı Mustafa Kemal Atatürk Spor Salonu
18.11.2017,15:00,2BA2615,08. Hafta,EDREMİT BLD. GÜRESPOR,73 - 63,BURSA BŞB. BUDO,,BALIKESİR,Edremit Spor Salonu | ,Youtube / TBF TV,SEDEF YARICI,HAKAN GEREY,AHMET BİLAL ÖZTÜRK,,NESLİHAN ÇOBAN,IŞIL ÖZKAN,OGÜN KURTULUŞ,YAĞMUR CEREN KARAGÖZ,Edremit Spor Salonu
18.11.2017,16:00,2BA2616,08. Hafta,ELAZIĞ İL ÖZEL İDARE,75 - 72,ÇANKAYA ÜNİVERSİTESİ,,ELAZIĞ,Elazığ İl Özel İdare S.S. | ,,ABDULLAH UYANIK,MURAT GENÇ,ÖMER SARI,,SEMANUR BOZKURT,AYŞE GÜNHAN,FATMA SELCEN HATİPOĞLU,DİDEM YAVUZ SÖYLER,Elazığ İl Özel İdare S.S.
18.11.2017,17:00,2BA2614,08. Hafta,FERKO ILGAZ HOTEL KBSK,58 - 67,İZMİT BELEDİYESPOR,,KASTAMONU,Hüsnü Tandoğan Spor Salonu | ,,ELİF İNCİ,NİHAT KARA,BATUHAN SÖYLEMEZOĞLU,,BİRCAN EVRİM ARSLAN,METİN GÖKGÖZ,SUAT KARKACIOĞLU,İRFAN KÜTÜKOĞLU,Hüsnü Tandoğan Spor Salonu
18.11.2017,17:00,2BA2609,08. Hafta,YALOVA VİP,82 - 85,FENERBAHÇE GELİŞİM,,YALOVA,90. Yıl Spor Salonu | ,,HAVVA MİRHAN ATEŞER,GÖZDE SANCAR,MURAT YURTSEVER,,GÖKÇEN ŞAHİN,,,,90. Yıl Spor Salonu
19.11.2017,14:00,2BA2617,08. Hafta,MERSİN BASKETBOL,73 - 61,EDİRNE BLD. EDİRNESPOR,,MERSİN,Servet Tazegül Spor Salonu | ,,ÖZKAN TALO,SEREN ÇEŞİT,ALİHAN CİVELEK,,MELDA KÖKLÜER,MEHMET ALİ KÖROĞLU,SÜREYYA KANALICI,BİLGEN AYDIN,Servet Tazegül Spor Salonu
24.11.2017,14:00,2BA2622,09. Hafta,ÇANKAYA ÜNİVERSİTESİ,67 - 54,EDREMİT BLD. GÜRESPOR,,ANKARA,Arı Koleji Olimpik Spor Salonu | ,Youtube / TBF TV,NİHAT KARA,YUSUF SARPER DAĞLI,ECE AKMAN,,EBRU DEMİR,TUNCER ULUŞEKER,ONUR YEŞİLBAĞ,BERKSU ÖZBEY,Arı Koleji Olimpik Spor Salonu
24.11.2017,17:00,2BA2620,09. Hafta,FENERBAHÇE GELİŞİM,46 - 90,MERSİN BASKETBOL,,İSTANBUL,Fenerbahçe Koleji Spor Salonu | ,,AHMET BİLAL ÖZTÜRK,BATUHAN MERT GÜL,MÜNEVVER ÖZEMRE,,BEGÜM SAVAŞ,DEMET ULUCUTSOY,BEKİR BAHÇE,TOLGAY ÖZCAN,Fenerbahçe Koleji Spor Salonu
25.11.2017,16:00,2BA2621,09. Hafta,EDİRNE BLD. EDİRNESPOR,63 - 54,ELAZIĞ İL ÖZEL İDARE,,EDİRNE,Mimar Sinan Spor Salonu | ,,EYYÜP AYHAN,NUR AKÇA,SELENA GAMZE ÖGET ÇERÇİ,,MERVE EMRE,DENİZ AZAZ,TUNA TAŞ,DENİZ TAŞDEMİR BULUR,Mimar Sinan Spor Salonu
25.11.2017,17:00,2BA2623,09. Hafta,FERKO ILGAZ HOTEL KBSK,62 - 70,MERSİN ÜNİVERSİTESİ,,KASTAMONU,Hüsnü Tandoğan Spor Salonu | ,,HAKAN GEREY,SEDEF YARICI,CİHAN CEYLAN,,FATMA HURİYE HIRLI,HAMDİ KICIROĞLU,SEDA DIRAĞ,ERCAN ÇİÇEK,Hüsnü Tandoğan Spor Salonu
25.11.2017,17:00,2BA2618,09. Hafta,İZMİT BELEDİYESPOR,77 - 72,BURSA BŞB. BUDO,,KOCAELİ,Kocaeli Atatürk Spor Salonu | ,,EDA DEMİR,MURAT GENÇ,SEREN ÇEŞİT,,BUSEGÜL ÇAY,AYCAN PEKER,SEVGİ BOZKURT ÇALIŞKAN,KÜBRA AYDOĞAN,Kocaeli Atatürk Spor Salonu
26.11.2017,14:00,2BA2619,09. Hafta,URLA BELEDİYESİ,72 - 45,YALOVA VİP,,İZMİR,12 Eylül Spor Salonu | ,,SALİH ARDA UNUL,ALİ OSMAN KANIK,MUSTAFA ÇELTİKER,,FATİH ÖZEN,SİNEM BİRTÜRK,ÖZGE GÜNKIZIL,SEVERCAN GÜVEN,12 Eylül Spor Salonu
26.11.2017,14:00,2BA2626,09. Hafta,MERSİN BŞB.GELİŞİM,66 - 49,BAYRAKLI BELEDİYESİ,,MERSİN,Servet Tazegül Spor Salonu | ,,HAVVA MİRHAN ATEŞER,ALİHAN CİVELEK,NECMETTİN ULUÖZLÜ,,FATMA ITIR ÖNCEL,MELDA KÖKLÜER,LEVENT YORULMAZ,KÜBRA GÜNGÖR,Servet Tazegül Spor Salonu
28.11.2017,17:00,2BA2631,10. Hafta,MERSİN ÜNİVERSİTESİ,60 - 68,İZMİT BELEDİYESPOR,,MERSİN,Mersin Üniversitesi Spor Salonu | ,,BATUHAN MERT GÜL,EYYÜP AYHAN,NUR AKÇA,,MELEK MERVE SÖYLEMEZ,FİKRET KARAYAĞMURLU,SADIK ŞAHİN,MELDA KÖKLÜER,Mersin Üniversitesi Spor Salonu
28.11.2017,18:00,2BA2633,10. Hafta,EDREMİT BLD. GÜRESPOR,66 - 49,EDİRNE BLD. EDİRNESPOR,,BALIKESİR,Edremit Spor Salonu | ,,MURAT GENÇ,SALİH ARDA UNUL,ALİ OSMAN KANIK,,NESLİHAN ÇOBAN,IŞIL ÖZKAN,MUSA ÇALIŞKAN,YAĞMUR CEREN KARAGÖZ,Edremit Spor Salonu
28.11.2017,18:00,2BA2634,10. Hafta,ELAZIĞ İL ÖZEL İDARE,90 - 59,FENERBAHÇE GELİŞİM,,ELAZIĞ,Elazığ İl Özel İdare S.S. | ,,METİN AKSOYAK,ALİHAN CİVELEK,MUSTAFA ÇELTİKER,,AYŞE GÜNHAN,SEMANUR BOZKURT,FATMA SELCEN HATİPOĞLU,YASEMİN DÜNDAR,Elazığ İl Özel İdare S.S.
28.11.2017,18:00,2BA2630,10. Hafta,KIRÇİÇEĞİ BODRUM BASKETBOL,82 - 65,FERKO ILGAZ HOTEL KBSK,,MUĞLA,Bodrum Binnaz Karakaya Spor Salonu | ,,ENES ŞENTÜRK,ECE AKMAN,MÜNEVVER ÖZEMRE,,GÜLCAN KARABULUT,DUYGU ÇİMEN,ERKMEN KAYA,DİLEK SAZAK,Bodrum Binnaz Karakaya Spor Salonu
29.11.2017,14:00,2BA2635,10. Hafta,MERSİN BASKETBOL,65 - 64,URLA BELEDİYESİ,,MERSİN,Servet Tazegül Spor Salonu | ,,TANER ŞEKER,HAKAN GEREY,MURAT YURTSEVER,,SİNEM DENİZ,MEHMET ALİ KÖROĞLU,FİKRET KARAYAĞMURLU,MELDA KÖKLÜER,Servet Tazegül Spor Salonu
29.11.2017,17:30,2BA2627,10. Hafta,YALOVA VİP,73 - 65,MERSİN BŞB.GELİŞİM,,YALOVA,90. Yıl Spor Salonu | ,,ABDULLAH UYANIK,NİHAT KARA,ÖMER SARI,,SİNEM ARIN YILMAZ,ÇAĞLAR SARIDEDE,,,90. Yıl Spor Salonu
29.11.2017,18:00,2BA2632,10. Hafta,BURSA BŞB. BUDO,61 - 57,ÇANKAYA ÜNİVERSİTESİ,,BURSA,Yıldırım Şahin Başol Spor Kompleksi | ,,HAVVA MİRHAN ATEŞER,NECMETTİN ULUÖZLÜ,BURAK ERKAN,,ESRA SOLAK,ÖZGE ÇETİN,TARIK KEMAL ÜNLÜ,ESRA AL,Yıldırım Şahin Başol Spor Kompleksi
1.12.2017,15:00,2BA2640,11. Hafta,MERSİN ÜNİVERSİTESİ,41 - 72,KIRÇİÇEĞİ BODRUM BASKETBOL,,MERSİN,Mersin Üniversitesi Spor Salonu | ,,ÖMER SARI,ALİ OSMAN KANIK,YUSUF SARPER DAĞLI,,SİNEM DENİZ,MEHMET ALİ KÖROĞLU,FİKRET KARAYAĞMURLU,KÜBRA GÜNGÖR,Mersin Üniversitesi Spor Salonu
1.12.2017,17:00,2BA2638,11. Hafta,FENERBAHÇE GELİŞİM,54 - 99,EDREMİT BLD. GÜRESPOR,,İSTANBUL,Fenerbahçe Koleji Spor Salonu | ,,ABDULLAH UYANIK,ÜLVİYE ÖMÜR BEŞE,SERAY AK,,SEDA İŞLER,GÜLTEKİN KABAŞ,BUKET ÖZDEMİR,BEKİR BAHÇE,Fenerbahçe Koleji Spor Salonu
2.12.2017,14:00,2BA2644,11. Hafta,MERSİN BŞB.GELİŞİM,60 - 81,MERSİN BASKETBOL,,MERSİN,Servet Tazegül Spor Salonu | ,,METİN AKSOYAK,SEDEF YARICI,CİHAN CEYLAN,,MERVE AKICI,CANER SERTEL,ŞÜKRÜ SITKI,SÜREYYA KANALICI,Servet Tazegül Spor Salonu
2.12.2017,17:00,2BA2639,11. Hafta,EDİRNE BLD. EDİRNESPOR,65 - 92,BURSA BŞB. BUDO,,EDİRNE,Mimar Sinan Spor Salonu | ,,EBUBEKİR KILIÇ,MÜNEVVER ÖZEMRE,BATUHAN SÖYLEMEZOĞLU,,DENİZ AZAZ,ELİF ÖÇAL,TUNA TAŞ,MERVE EMRE,Mimar Sinan Spor Salonu
2.12.2017,17:00,2BA2641,11. Hafta,FERKO ILGAZ HOTEL KBSK,66 - 68,İSTANBULGÜCÜ,,KASTAMONU,Hüsnü Tandoğan Spor Salonu | ,,HAVVA MİRHAN ATEŞER,AHMET BİLAL ÖZTÜRK,BATUHAN MERT GÜL,,ZEHRA ANBARCI,İRFAN KÜTÜKOĞLU,ŞENOL KARABALTAOĞLU,ALEV KÖROĞLU,Hüsnü Tandoğan Spor Salonu
2.12.2017,17:00,2BA2636,11. Hafta,İZMİT BELEDİYESPOR,77 - 82,ÇANKAYA ÜNİVERSİTESİ,,KOCAELİ,Kocaeli Atatürk Spor Salonu | ,,TANER ŞEKER,SALİH ARDA UNUL,ENES ŞENTÜRK,,MERYEM TEKİNER,SEVGİ CANDAZ,UMUT KORKUT,GAMZE KURT,Kocaeli Atatürk Spor Salonu
3.12.2017,14:00,2BA2637,11. Hafta,URLA BELEDİYESİ,59 - 56,ELAZIĞ İL ÖZEL İDARE,,İZMİR,12 Eylül Spor Salonu | ,,ELİF İNCİ,ÖZKAN TALO,EDA DEMİR,,MELİS SERBEST,GÜLTEKİN DAĞDEVİREN,ÖZGE GÜNKIZIL,HASAN ÖZTÜRK,12 Eylül Spor Salonu
8.12.2017,14:00,2BA2649,12. Hafta,ÇANKAYA ÜNİVERSİTESİ,64 - 63,EDİRNE BLD. EDİRNESPOR,,ANKARA,Arı Koleji Olimpik Spor Salonu | ,,METİN AKSOYAK,SEREN ÇEŞİT,AHMET KÖSE,,MESUDE ASLINUR OYAN,VEYSEL SİNAN TUNCER,SERDAR KARAGÜÇ,VOLKAN PEHLİVANLI,Arı Koleji Olimpik Spor Salonu
8.12.2017,18:00,2BA2646,12. Hafta,BAYRAKLI BELEDİYESİ,76 - 67,FERKO ILGAZ HOTEL KBSK,,İZMİR,Bayraklı Mustafa Kemal Atatürk Spor Salonu | ,,SALİH ARDA UNUL,ALİ OSMAN KANIK,ALİHAN CİVELEK,,SİBEL DÖŞEMECİ,BURÇİN DURAN,KEMAL AYPARS,ERHAN AYDIN,Bayraklı Mustafa Kemal Atatürk Spor Salonu
9.12.2017,14:00,2BA2647,12. Hafta,İSTANBULGÜCÜ,58 - 59,MERSİN ÜNİVERSİTESİ,,İSTANBUL,Caferağa Spor Salonu | ,,ELİF İNCİ,MURAT GENÇ,SAMET BİNER,,ECE DİKMENLİ,BİRGÜL KALE,DEMET ULUCUTSOY,EYLÜL DEDE,Caferağa Spor Salonu
9.12.2017,15:00,2BA2651,12. Hafta,EDREMİT BLD. GÜRESPOR,74 - 65,URLA BELEDİYESİ,,BALIKESİR,Edremit Spor Salonu | ,,EDA DEMİR,BATUHAN MERT GÜL,SAMET FIRAT SAVAŞ,,GAMZE ATİLA,MERT TELLİBAYRAKTAR,METİN IŞIK,OGÜN KURTULUŞ,Edremit Spor Salonu
9.12.2017,15:00,2BA2648,12. Hafta,KIRÇİÇEĞİ BODRUM BASKETBOL,102 - 64,İZMİT BELEDİYESPOR,,MUĞLA,Bodrum Binnaz Karakaya Spor Salonu | ,,ABDULLAH UYANIK,DOĞU BERK İNNAL,NİHAT KARA,,FERİDE BAHTINUR AĞIOĞLU,NEVİN YAVAŞ ERTUĞRUL,DUYGU ÇİMEN,MİNE ALPASLAN,Bodrum Binnaz Karakaya Spor Salonu
9.12.2017,16:00,2BA2652,12. Hafta,ELAZIĞ İL ÖZEL İDARE,71 - 62,MERSİN BŞB.GELİŞİM,,ELAZIĞ,Elazığ İl Özel İdare S.S. | ,,HAVVA MİRHAN ATEŞER,AHMET BİLAL ÖZTÜRK,MÜNEVVER ÖZEMRE,,TUNA GÜZEL,SEMANUR BOZKURT,FATMA SELCEN HATİPOĞLU,AYŞE GÜNHAN,Elazığ İl Özel İdare S.S.
10.12.2017,14:00,2BA2650,12. Hafta,BURSA BŞB. BUDO,113 - 67,FENERBAHÇE GELİŞİM,,BURSA,Yıldırım Şahin Başol Spor Kompleksi | ,,ÖMER SARI,CİHAN CEYLAN,YUSUF SARPER DAĞLI,,ESRA SOLAK,SEVDA USTA,ABDULLAH KURT,TAMER DENİZ,Yıldırım Şahin Başol Spor Kompleksi
15.12.2017,17:00,2BA2656,13. Hafta,FENERBAHÇE GELİŞİM,89 - 70,ÇANKAYA ÜNİVERSİTESİ,,İSTANBUL,Fenerbahçe Koleji Spor Salonu | ,,ELİF İNCİ,NECMETTİN ULUÖZLÜ,MELİKŞAH MERCAN,,EBRU ULUDOĞAN,ESER FIRIL,DEMET ULUCUTSOY,EYLÜL DEDE,Fenerbahçe Koleji Spor Salonu
15.12.2017,17:00,2BA2658,13. Hafta,MERSİN ÜNİVERSİTESİ,74 - 60,BAYRAKLI BELEDİYESİ,,MERSİN,Mersin Üniversitesi Spor Salonu | ,,ABDULLAH UYANIK,ÖMER SARI,HALUK YAKIN,,KÜBRA GÜNGÖR,MELDA KÖKLÜER,MEHMET ALİ KÖROĞLU,MERVE AKICI,Mersin Üniversitesi Spor Salonu
16.12.2017,15:00,2BA2657,13. Hafta,KIRÇİÇEĞİ BODRUM BASKETBOL,69 - 43,İSTANBULGÜCÜ,,MUĞLA,Bodrum Binnaz Karakaya Spor Salonu | ,,AHMET KÖSE,MÜNEVVER ÖZEMRE,EYYÜP AYHAN,,FERİDE BAHTINUR AĞIOĞLU,NEVİN YAVAŞ ERTUĞRUL,DUYGU ÇİMEN,SEVDA KÖSE,Bodrum Binnaz Karakaya Spor Salonu
16.12.2017,17:00,2BA2659,13. Hafta,FERKO ILGAZ HOTEL KBSK,74 - 54,YALOVA VİP,,KASTAMONU,Hüsnü Tandoğan Spor Salonu | ,,EBUBEKİR KILIÇ,SAMET BİNER,DOĞU BERK İNNAL,,BİRCAN EVRİM ARSLAN,ERCAN ÇİÇEK,METİN GÖKGÖZ,SUAT KARKACIOĞLU,Hüsnü Tandoğan Spor Salonu
16.12.2017,17:00,2BA2654,13. Hafta,İZMİT BELEDİYESPOR,78 - 76,EDİRNE BLD. EDİRNESPOR,,KOCAELİ,Kocaeli Atatürk Spor Salonu | ,,SEDEF YARICI,SABRİ GÜNDÜZ,ALMİNA KOCABAŞ,,BUSEGÜL ÇAY,AYCAN PEKER,SEVGİ CANDAZ,GAMZE KURT,Kocaeli Atatürk Spor Salonu
17.12.2017,14:00,2BA2655,13. Hafta,URLA BELEDİYESİ,61 - 65,BURSA BŞB. BUDO,,İZMİR,12 Eylül Spor Salonu | ,,ZEYNEP FUNDA AŞIK,GÖZDE SANCAR,CAN YANAR,,AYÇA ZEYBEK KUYUCU,CEREN BARAN,ÖZGE GÜNKIZIL,ELİF KALENDER,12 Eylül Spor Salonu
17.12.2017,14:00,2BA2662,13. Hafta,MERSİN BŞB.GELİŞİM,65 - 86,EDREMİT BLD. GÜRESPOR,,MERSİN,Servet Tazegül Spor Salonu | ,,ENES ŞENTÜRK,KAMİL TALHA OLGUN,GÜRKAN DEMİR,,FATMA ITIR ÖNCEL,CANER SERTEL,LEVENT YORULMAZ,KÜBRA GÜNGÖR,Servet Tazegül Spor Salonu
22.12.2017,14:00,2BA2667,14. Hafta,ÇANKAYA ÜNİVERSİTESİ,51 - 71,URLA BELEDİYESİ,,ANKARA,Arı Koleji Olimpik Spor Salonu | ,Youtube / TBF TV,SALİH ARDA UNUL,ÖMER SARI,MÜNEVVER ÖZEMRE,,ERTUĞRUL BÜYÜKCE,TUNCER ULUŞEKER,BERKSU ÖZBEY,MESUDE ASLINUR OYAN,Arı Koleji Olimpik Spor Salonu
22.12.2017,18:00,2BA2664,14. Hafta,BAYRAKLI BELEDİYESİ,68 - 54,KIRÇİÇEĞİ BODRUM BASKETBOL,,İZMİR,Bayraklı Mustafa Kemal Atatürk Spor Salonu | ,,HAVVA MİRHAN ATEŞER,HAKAN GEREY,ENES ŞENTÜRK,,AYBİKE GÖCEKLİ,BURÇİN DURAN,ONUR BURAK,HÜSNİYE ÇOBAN,Bayraklı Mustafa Kemal Atatürk Spor Salonu
23.12.2017,14:00,2BA2665,14. Hafta,İSTANBULGÜCÜ,51 - 52,İZMİT BELEDİYESPOR,,İSTANBUL,Caferağa Spor Salonu | ,,GÖZDE SANCAR,YUSUF SARPER DAĞLI,NECMETTİN ULUÖZLÜ,,BEGÜM SAVAŞ,BİRGÜL KALE,ECE DİKMENLİ,EDA KÜBRA BARIN,Caferağa Spor Salonu
23.12.2017,17:00,2BA2666,14. Hafta,EDİRNE BLD. EDİRNESPOR,71 - 93,FENERBAHÇE GELİŞİM,,EDİRNE,Mimar Sinan Spor Salonu | ,,TANER ŞEKER,MURAT GENÇ,ALİ OSMAN KANIK,,DENİZ AZAZ,ELİF ÖÇAL,MERVE EMRE,DENİZ TAŞDEMİR BULUR,Mimar Sinan Spor Salonu
23.12.2017,18:00,2BA2663,14. Hafta,YALOVA VİP,69 - 66,MERSİN ÜNİVERSİTESİ,,YALOVA,90. Yıl Spor Salonu | ,,ABDULLAH UYANIK,CİHAN CEYLAN,BATUHAN MERT GÜL,,,ÇAĞLAR SARIDEDE,MEHMET ALABACAK,EMRE SERT,90. Yıl Spor Salonu
24.12.2017,14:00,2BA2668,14. Hafta,BURSA BŞB. BUDO,79 - 64,MERSİN BŞB.GELİŞİM,,BURSA,Yıldırım Şahin Başol Spor Kompleksi | ,,EDA DEMİR,ECE AKMAN,ALİHAN CİVELEK,,İREM ERGEN,EMEL ÖZTÜRK,BÜŞRA HEKİMOĞLU,ESRA AL,Yıldırım Şahin Başol Spor Kompleksi
24.12.2017,16:30,2BA2671,14. Hafta,MERSİN BASKETBOL,68 - 44,FERKO ILGAZ HOTEL KBSK,,MERSİN,Edip Buran Spor Salonu | ,,ELİF İNCİ,KAMİL TALHA OLGUN,GÜRKAN DEMİR,,MERVE AKICI,SÜREYYA KANALICI,ŞÜKRÜ SITKI,VİLDAN KÖROĞLU EZER,Edip Buran Spor Salonu
29.12.2017,14:00,2BA2674,15. Hafta,İSTANBULGÜCÜ,56 - 64,BAYRAKLI BELEDİYESİ,,İSTANBUL,Caferağa Spor Salonu | ,,METİN AKSOYAK,TANER ŞEKER,CAN YANAR,,BEGÜM SAVAŞ,EBRU ULUDOĞAN,SEDA İŞLER,ESER FIRIL,Caferağa Spor Salonu
29.12.2017,14:00,2BA2680,15. Hafta,MERSİN BŞB.GELİŞİM,59 - 71,ÇANKAYA ÜNİVERSİTESİ,,MERSİN,Edip Buran Spor Salonu | ,,HAKAN GEREY,SAMET BİNER,EYYÜP AYHAN,,KÜBRA GÜNGÖR,MELDA KÖKLÜER,ŞÜKRÜ SITKI,FERİDE ÇOBANOĞLU,Edip Buran Spor Salonu
29.12.2017,14:00,2BA2672,15. Hafta,İZMİT BELEDİYESPOR,106 - 65,FENERBAHÇE GELİŞİM,,KOCAELİ,Kocaeli Atatürk Spor Salonu | ,,AHMET KÖSE,NUR AKÇA,TAYLAN ÖZGÜR ÜLTEN,,SEVGİ CANDAZ,GAMZE KURT,UMUT KORKUT,UĞUR TÜRKYILMAZ,Kocaeli Atatürk Spor Salonu
29.12.2017,17:00,2BA2673,15. Hafta,URLA BELEDİYESİ,67 - 58,EDİRNE BLD. EDİRNESPOR,,İZMİR,12 Eylül Spor Salonu | ,Ege Türk TV,ELİF İNCİ,HALUK YAKIN,ALİHAN CİVELEK,,DENİZ TAN,BURÇİN DURAN,FATMA DÖNMEZ,AYBİKE GÖCEKLİ,12 Eylül Spor Salonu
29.12.2017,17:00,2BA2677,15. Hafta,FERKO ILGAZ HOTEL KBSK,71 - 70,ELAZIĞ İL ÖZEL İDARE,,KASTAMONU,Hüsnü Tandoğan Spor Salonu | ,,SALİH ARDA UNUL,ÖMER SARI,ECE AKMAN,,BİRCAN EVRİM ARSLAN,METİN GÖKGÖZ,SEDA DIRAĞ,HAMDİ KICIROĞLU,Hüsnü Tandoğan Spor Salonu
29.12.2017,17:00,2BA2676,15. Hafta,MERSİN ÜNİVERSİTESİ,61 - 78,MERSİN BASKETBOL,,MERSİN,Mersin Üniversitesi Spor Salonu | ,,GÖZDE SANCAR,DOĞU BERK İNNAL,ENES ŞENTÜRK,,SÜREYYA KANALICI,MEHMET ALİ ÖNCÜ,FİKRET KARAYAĞMURLU,AYLİN ÖZER,Mersin Üniversitesi Spor Salonu
30.12.2017,15:00,2BA2675,15. Hafta,KIRÇİÇEĞİ BODRUM BASKETBOL,72 - 36,YALOVA VİP,,MUĞLA,Bodrum Binnaz Karakaya Spor Salonu | ,,AHMET BİLAL ÖZTÜRK,SABRİ GÜNDÜZ,YUSUF SARPER DAĞLI,,DİLEK SAZAK,MİNE ALPASLAN,FERİDE BAHTINUR AĞIOĞLU,SEVDA KÖSE,Bodrum Binnaz Karakaya Spor Salonu
5.01.2018,17:00,2BA2683,16. Hafta,FENERBAHÇE GELİŞİM,67 - 97,URLA BELEDİYESİ,,İSTANBUL,Fenerbahçe Koleji Spor Salonu | ,,METİN AKSOYAK,DOĞU BERK İNNAL,GÜRKAN DEMİR,,ECE DİKMENLİ,ALTAN CANDAN,YEŞİM ÖZCAN ÖZTÜRK,EYLÜL DEDE,Fenerbahçe Koleji Spor Salonu
5.01.2018,18:00,2BA2682,16. Hafta,BAYRAKLI BELEDİYESİ,72 - 69,İZMİT BELEDİYESPOR,,İZMİR,Bayraklı Mustafa Kemal Atatürk Spor Salonu | ,,ELİF İNCİ,HALUK YAKIN,MÜNEVVER ÖZEMRE,,DİLEK GEDİK HANGÜL,MESUT KARABULUT,ŞAHİN ŞANLI,CEREN BARAN,Bayraklı Mustafa Kemal Atatürk Spor Salonu
6.01.2018,15:00,2BA2687,16. Hafta,EDREMİT BLD. GÜRESPOR,85 - 65,FERKO ILGAZ HOTEL KBSK,,BALIKESİR,Edremit Spor Salonu | ,,MURAT GENÇ,EDA DEMİR,SABRİ GÜNDÜZ,,MUSA ÇALIŞKAN,IŞIL ÖZKAN,EYLEM KAYA,NESLİHAN ÇOBAN,Edremit Spor Salonu
6.01.2018,16:00,2BA2688,16. Hafta,ELAZIĞ İL ÖZEL İDARE,88 - 74,MERSİN ÜNİVERSİTESİ,,ELAZIĞ,Elazığ İl Özel İdare S.S. | ,,EBUBEKİR KILIÇ,SEREN ÇEŞİT,KAMİL TALHA OLGUN,,AYŞE GÜNHAN,FATMA SELCEN HATİPOĞLU,TUNA GÜZEL,YASEMİN DÜNDAR,Elazığ İl Özel İdare S.S.
6.01.2018,17:00,2BA2684,16. Hafta,EDİRNE BLD. EDİRNESPOR,96 - 64,MERSİN BŞB.GELİŞİM,,EDİRNE,Mimar Sinan Spor Salonu | ,,BATUHAN MERT GÜL,NUR AKÇA,MELİKŞAH MERCAN,,DENİZ AZAZ,ELİF ÖÇAL,TUNA TAŞ,MERVE EMRE,Mimar Sinan Spor Salonu
7.01.2018,13:00,2BA2689,16. Hafta,MERSİN BASKETBOL,36 - 53,KIRÇİÇEĞİ BODRUM BASKETBOL,,MERSİN,Edip Buran Spor Salonu | ,,ZEYNEP FUNDA AŞIK,SALİH ARDA UNUL,SEDEF YARICI,,MELDA KÖKLÜER,SÜREYYA KANALICI,ŞÜKRÜ SITKI,FATMA ITIR ÖNCEL,Edip Buran Spor Salonu
7.01.2018,17:00,2BA2681,16. Hafta,YALOVA VİP,73 - 62,İSTANBULGÜCÜ,,YALOVA,90. Yıl Spor Salonu | ,,HAKAN GEREY,ÖMER SARI,ALİ OSMAN KANIK,,,,MEHMET ALABACAK,OĞUZ KARAHAN,90. Yıl Spor Salonu
12.01.2018,14:00,2BA2694,17. Hafta,MERSİN ÜNİVERSİTESİ,70 - 58,EDREMİT BLD. GÜRESPOR,,MERSİN,Mersin Üniversitesi Spor Salonu | ,,TANER ŞEKER,EYYÜP AYHAN,CAN YANAR,,MELDA KÖKLÜER,ŞÜKRÜ SITKI,MEHMET ALİ KÖROĞLU,KÜBRA GÜNGÖR,Mersin Üniversitesi Spor Salonu
12.01.2018,18:00,2BA2691,17. Hafta,BAYRAKLI BELEDİYESİ,85 - 69,YALOVA VİP,,İZMİR,Bayraklı Mustafa Kemal Atatürk Spor Salonu | ,,AHMET KÖSE,SALİH ARDA UNUL,NECMETTİN ULUÖZLÜ,,ERHAN AYDIN,ŞAHİN ŞANLI,DENİZ TAN,ANIL DOĞAN,Bayraklı Mustafa Kemal Atatürk Spor Salonu
13.01.2018,13:30,2BA2692,17. Hafta,İSTANBULGÜCÜ,51 - 55,MERSİN BASKETBOL,,İSTANBUL,Caferağa Spor Salonu | ,,ABDULLAH UYANIK,SABRİ GÜNDÜZ,GÜRKAN DEMİR,,ECE DİKMENLİ,DEMET ULUCUTSOY,BİRGÜL KALE,EDA ELFİDAN,Caferağa Spor Salonu
13.01.2018,15:00,2BA2693,17. Hafta,KIRÇİÇEĞİ BODRUM BASKETBOL,75 - 53,ELAZIĞ İL ÖZEL İDARE,,MUĞLA,Bodrum Binnaz Karakaya Spor Salonu | ,,METİN AKSOYAK,SAMET FIRAT SAVAŞ,ALİ OSMAN KANIK,,FERİDE BAHTINUR AĞIOĞLU,NEVİN YAVAŞ ERTUĞRUL,MİNE ALPASLAN,SEVDA KÖSE,Bodrum Binnaz Karakaya Spor Salonu
13.01.2018,17:00,2BA2695,17. Hafta,FERKO ILGAZ HOTEL KBSK,61 - 65,BURSA BŞB. BUDO,,KASTAMONU,Hüsnü Tandoğan Spor Salonu | ,,AHMET BİLAL ÖZTÜRK,SEDEF YARICI,ENES ŞENTÜRK,,HAMDİ KICIROĞLU,İRFAN KÜTÜKOĞLU,ŞENOL KARABALTAOĞLU,ERCAN ÇİÇEK,Hüsnü Tandoğan Spor Salonu
13.01.2018,17:00,2BA2690,17. Hafta,İZMİT BELEDİYESPOR,89 - 82,URLA BELEDİYESİ,,KOCAELİ,Kocaeli Atatürk Spor Salonu | ,,HAVVA MİRHAN ATEŞER,EDA DEMİR,SAMET BİNER,,MEHTAP DANIŞMAN,SEVGİ CANDAZ,UMUT KORKUT,GAMZE KURT,Kocaeli Atatürk Spor Salonu
14.01.2018,16:30,2BA2698,17. Hafta,MERSİN BŞB.GELİŞİM,82 - 88,FENERBAHÇE GELİŞİM,,MERSİN,Edip Buran Spor Salonu | ,,ELİF İNCİ,ÖMER SARI,YUSUF SARPER DAĞLI,,VİLDAN KÖROĞLU EZER,CANER SERTEL,SÜREYYA KANALICI,FİKRET KARAYAĞMURLU,Edip Buran Spor Salonu
19.01.2018,17:00,2BA2704,18. Hafta,MERSİN ÜNİVERSİTESİ,72 - 77,BURSA BŞB. BUDO,,MERSİN,Mersin Üniversitesi Spor Salonu | ,,SALİH ARDA UNUL,HALUK YAKIN,GÜRKAN DEMİR,,MELDA KÖKLÜER,ŞÜKRÜ SITKI,MEHMET ALİ KÖROĞLU,KÜBRA GÜNGÖR,Mersin Üniversitesi Spor Salonu
19.01.2018,18:00,2BA2707,18. Hafta,BAYRAKLI BELEDİYESİ,64 - 66,MERSİN BASKETBOL,,İZMİR,Bayraklı Mustafa Kemal Atatürk Spor Salonu | ,,HAKAN GEREY,ÖMER SARI,ALİ OSMAN KANIK,,SİBEL DÖŞEMECİ,ŞAHİN ŞANLI,AYBİKE GÖCEKLİ,ERHAN AYDIN,Bayraklı Mustafa Kemal Atatürk Spor Salonu
20.01.2018,13:00,2BA2706,18. Hafta,İSTANBULGÜCÜ,69 - 66,ELAZIĞ İL ÖZEL İDARE,,İSTANBUL,Caferağa Spor Salonu | ,,HAVVA MİRHAN ATEŞER,SAMET BİNER,ALMİNA KOCABAŞ,,BEGÜM SAVAŞ,GİZEM OFLUOĞLU KARAARSLAN,GÖZDE BEGÜM AKÜZÜM,ECE DİKMENLİ,Caferağa Spor Salonu
20.01.2018,15:00,2BA2705,18. Hafta,KIRÇİÇEĞİ BODRUM BASKETBOL,76 - 56,EDREMİT BLD. GÜRESPOR,,MUĞLA,Bodrum Binnaz Karakaya Spor Salonu | ,,ABDULLAH UYANIK,GÖZDE SANCAR,YUSUF SARPER DAĞLI,,FERİDE BAHTINUR AĞIOĞLU,NEVİN YAVAŞ ERTUĞRUL,DUYGU ÇİMEN,SEVDA KÖSE,Bodrum Binnaz Karakaya Spor Salonu
20.01.2018,16:30,2BA2700,18. Hafta,MERSİN BŞB.GELİŞİM,57 - 68,URLA BELEDİYESİ,,MERSİN,Edip Buran Spor Salonu | ,,MURAT GENÇ,ENES ŞENTÜRK,KAMİL TALHA OLGUN,,KÜBRA GÜNGÖR,MEHMET ALİ KÖROĞLU,SADIK ŞAHİN,MELDA KÖKLÜER,Edip Buran Spor Salonu
20.01.2018,17:00,2BA2703,18. Hafta,FERKO ILGAZ HOTEL KBSK,49 - 74,ÇANKAYA ÜNİVERSİTESİ,,KASTAMONU,Hüsnü Tandoğan Spor Salonu | ,,AHMET KÖSE,CAN YANAR,NECMETTİN ULUÖZLÜ,,BİRCAN EVRİM ARSLAN,İRFAN KÜTÜKOĞLU,SUAT KARKACIOĞLU,SEDA DIRAĞ,Hüsnü Tandoğan Spor Salonu
21.01.2018,17:00,2BA2699,18. Hafta,YALOVA VİP,58 - 99,İZMİT BELEDİYESPOR,,YALOVA,90. Yıl Spor Salonu | ,,METİN AKSOYAK,SEDEF YARICI,SAMET FIRAT SAVAŞ,,SİNEM GÜL,SİNAN ALAGÖZ,MEHMET ALABACAK,PINAR AYDIN,90. Yıl Spor Salonu
26.01.2018,14:00,2BA2712,19. Hafta,ÇANKAYA ÜNİVERSİTESİ,86 - 75,MERSİN ÜNİVERSİTESİ,,ANKARA,Arı Koleji Olimpik Spor Salonu | ,Youtube / TBF TV,ELİF İNCİ,MÜNEVVER ÖZEMRE,SAMET BİNER,,MUAMMER DUMAN,EBRU DEMİR,GÜL DENİZ ASİLDAĞ,ONUR YEŞİLBAĞ,Arı Koleji Olimpik Spor Salonu
27.01.2018,14:00,2BA2711,19. Hafta,BURSA BŞB. BUDO,54 - 47,KIRÇİÇEĞİ BODRUM BASKETBOL,,BURSA,Yıldırım Şahin Başol Spor Kompleksi | ,,EDA DEMİR,ÖMER SARI,SABRİ GÜNDÜZ,,İREM ERGEN,ZEHRA PINAR ÖZGÜR,TAMER DENİZ,ADEM ÇATALKAŞ,Yıldırım Şahin Başol Spor Kompleksi
27.01.2018,14:00,2BA2708,19. Hafta,MERSİN BASKETBOL,61 - 49,YALOVA VİP,,MERSİN,Edip Buran Spor Salonu | ,,MURAT GENÇ,NUR AKÇA,MELİKŞAH MERCAN,,MERVE AKICI,LEVENT YORULMAZ,KÜBRA GÜNGÖR,BEDİRHAN NAZLI,Edip Buran Spor Salonu
27.01.2018,15:00,2BA2710,19. Hafta,EDREMİT BLD. GÜRESPOR,78 - 60,İSTANBULGÜCÜ,,BALIKESİR,Edremit Spor Salonu | ,Youtube / TBF TV,AHMET BİLAL ÖZTÜRK,BATUHAN MERT GÜL,DOĞU BERK İNNAL,,GAMZE ATİLA,CANEL BOYAR,METİN IŞIK,SERHAT SANU,Edremit Spor Salonu
27.01.2018,16:00,2BA2709,19. Hafta,ELAZIĞ İL ÖZEL İDARE,86 - 72,BAYRAKLI BELEDİYESİ,,ELAZIĞ,Elazığ İl Özel İdare S.S. | ,,EBUBEKİR KILIÇ,SEDEF YARICI,EYYÜP AYHAN,,TUNA GÜZEL,SEMANUR BOZKURT,ERDAL KALEM,BERK BEŞGEN,Elazığ İl Özel İdare S.S.
27.01.2018,17:00,2BA2713,19. Hafta,EDİRNE BLD. EDİRNESPOR,72 - 69,FERKO ILGAZ HOTEL KBSK,,EDİRNE,Mimar Sinan Spor Salonu | ,,METİN AKSOYAK,ABDULLAH UYANIK,HAKAN GEREY,,MERVE EMRE,ELİF ÖÇAL,TUNA TAŞ,ENGİN SÜLEYMAN SİMOOĞLU,Mimar Sinan Spor Salonu
27.01.2018,17:00,2BA2716,19. Hafta,İZMİT BELEDİYESPOR,73 - 54,MERSİN BŞB.GELİŞİM,,KOCAELİ,Kocaeli Atatürk Spor Salonu | ,,TANER ŞEKER,CİHAN CEYLAN,ALİHAN CİVELEK,,AYCAN PEKER,SEVGİ CANDAZ,GAMZE KURT,EBRU ÖZMEN,Kocaeli Atatürk Spor Salonu
9.02.2018,14:00,2BA2720,20. Hafta,MERSİN ÜNİVERSİTESİ,72 - 60,EDİRNE BLD. EDİRNESPOR,,MERSİN,Mersin Üniversitesi Spor Salonu | ,,HAVVA MİRHAN ATEŞER,ALİ OSMAN KANIK,ECE AKMAN,,FATMA ITIR ÖNCEL,SENA KOZAN,ŞÜKRÜ SITKI,FİKRET KARAYAĞMURLU,Mersin Üniversitesi Spor Salonu
9.02.2018,18:00,2BA2723,20. Hafta,BAYRAKLI BELEDİYESİ,64 - 71,EDREMİT BLD. GÜRESPOR,,İZMİR,Bayraklı Mustafa Kemal Atatürk Spor Salonu | ,,ELİF İNCİ,HALUK YAKIN,GÜRKAN DEMİR,,SİBEL DÖŞEMECİ,DENİZ TAN,AYBİKE GÖCEKLİ,HASAN ÖZTÜRK,Bayraklı Mustafa Kemal Atatürk Spor Salonu
10.02.2018,15:00,2BA2721,20. Hafta,KIRÇİÇEĞİ BODRUM BASKETBOL,89 - 59,ÇANKAYA ÜNİVERSİTESİ,,MUĞLA,Bodrum Binnaz Karakaya Spor Salonu | ,,SEDEF YARICI,SAMET FIRAT SAVAŞ,ENES ŞENTÜRK,,NİMET DİNÇER,NEVİN YAVAŞ ERTUĞRUL,ORHAN SELÇUK,MİNE ALPASLAN,Bodrum Binnaz Karakaya Spor Salonu
10.02.2018,16:00,2BA2722,20. Hafta,İSTANBULGÜCÜ,69 - 53,BURSA BŞB. BUDO,,İSTANBUL,Caferağa Spor Salonu | ,,GÖZDE SANCAR,AHMET KÖSE,CAN YANAR,,ARZU KÖRKEN,HİLAL DOĞAN,GÖZDE BEGÜM AKÜZÜM,EYLÜL DEDE,Caferağa Spor Salonu
11.02.2018,14:00,2BA2717,20. Hafta,MERSİN BASKETBOL,56 - 66,İZMİT BELEDİYESPOR,,MERSİN,Edip Buran Spor Salonu | ,,ABDULLAH UYANIK,YUSUF SARPER DAĞLI,KAMİL TALHA OLGUN,,KÜBRA GÜNGÖR,MELDA KÖKLÜER,LEVENT YORULMAZ,BETÜL ÖZCAN,Edip Buran Spor Salonu
11.02.2018,15:00,2BA2724,20. Hafta,YALOVA VİP,64 - 62,ELAZIĞ İL ÖZEL İDARE,,YALOVA,90. Yıl Spor Salonu | ,,HAKAN GEREY,CİHAN CEYLAN,ÖMER SARI,,SİNEM GÜL,SİNAN ALAGÖZ,GÖKÇEN ŞAHİN,OĞUZ KARAHAN,90. Yıl Spor Salonu
21.02.2018,17:00,2BA2719,20. Hafta,FERKO ILGAZ HOTEL KBSK,81 - 65,FENERBAHÇE GELİŞİM,,KASTAMONU,Hüsnü Tandoğan Spor Salonu | ,,ÖMER SARI,MÜNEVVER ÖZEMRE,BATUHAN MERT GÜL,,SEDA DIRAĞ,METİN GÖKGÖZ,SUAT KARKACIOĞLU,ERCAN ÇİÇEK,Hüsnü Tandoğan Spor Salonu
16.02.2018,14:00,2BA2728,21. Hafta,ÇANKAYA ÜNİVERSİTESİ,80 - 69,İSTANBULGÜCÜ,,ANKARA,Arı Koleji Olimpik Spor Salonu | ,Youtube / TBF TV,ABDULLAH UYANIK,EYYÜP AYHAN,ALİHAN CİVELEK,,EBRU DEMİR,ARZU USLUOĞLU,MUAMMER DUMAN,FATMA ÇELİK,Arı Koleji Olimpik Spor Salonu
17.02.2018,15:00,2BA2726,21. Hafta,EDREMİT BLD. GÜRESPOR,75 - 68,YALOVA VİP,,BALIKESİR,Edremit Spor Salonu | ,Youtube / TBF TV,EBUBEKİR KILIÇ,EDA DEMİR,SALİH ARDA UNUL,,EYLEM KAYA,MAHMUT DEMİR,MUSA ÇALIŞKAN,NESLİHAN ÇOBAN,Edremit Spor Salonu
17.02.2018,16:00,2BA2734,21. Hafta,ELAZIĞ İL ÖZEL İDARE,62 - 49,MERSİN BASKETBOL,,ELAZIĞ,Elazığ İl Özel İdare S.S. | ,,HALUK YAKIN,SABRİ GÜNDÜZ,ENES ŞENTÜRK,,AYŞE GÜNHAN,SEMANUR BOZKURT,FATMA SELCEN HATİPOĞLU,DİDEM YAVUZ SÖYLER,Elazığ İl Özel İdare S.S.
17.02.2018,19:00,2BA2729,21. Hafta,EDİRNE BLD. EDİRNESPOR,48 - 66,KIRÇİÇEĞİ BODRUM BASKETBOL,,EDİRNE,Mimar Sinan Spor Salonu | ,,ELİF İNCİ,AHMET BİLAL ÖZTÜRK,YUSUF SARPER DAĞLI,,DENİZ AZAZ,ELİF ÖÇAL,,,Mimar Sinan Spor Salonu
18.02.2018,12:00,2BA2730,21. Hafta,FENERBAHÇE GELİŞİM,62 - 82,MERSİN ÜNİVERSİTESİ,,İSTANBUL,Fenerbahçe Metro Enerji Spor Salonu | ,,HAKAN GEREY,SEDEF YARICI,GÜRKAN DEMİR,,BEGÜM SAVAŞ,DEMET ULUCUTSOY,MUSTAFA GÖKMEN DEMİRAY,SEÇİL SILA KORALP,Fenerbahçe Metro Enerji Spor Salonu
18.02.2018,14:00,2BA2727,21. Hafta,BURSA BŞB. BUDO,89 - 75,BAYRAKLI BELEDİYESİ,,BURSA,Yıldırım Şahin Başol Spor Kompleksi | ,,SAMET FIRAT SAVAŞ,DOĞU BERK İNNAL,TAYLAN ÖZGÜR ÜLTEN,,SEVDA USTA,NİDA ECE TÜZÜK,GÖKHAN AVCI,ABDULLAH KURT,Yıldırım Şahin Başol Spor Kompleksi
18.02.2018,14:00,2BA2731,21. Hafta,URLA BELEDİYESİ,70 - 51,FERKO ILGAZ HOTEL KBSK,,İZMİR,12 Eylül Spor Salonu | ,,AHMET KÖSE,CİHAN CEYLAN,MELİKŞAH MERCAN,,İLAYDA DİNÇEL,GÜLTEKİN DAĞDEVİREN,ELİF KALENDER,ÖZGE GÜNKIZIL,12 Eylül Spor Salonu
23.02.2018,14:00,2BA2736,22. Hafta,MERSİN ÜNİVERSİTESİ,76 - 72,URLA BELEDİYESİ,,MERSİN,Mersin Üniversitesi Spor Salonu | ,,HALUK YAKIN,ÖMER SARI,ENES ŞENTÜRK,,KÜBRA GÜNGÖR,MEHMET ALİ KÖROĞLU,FİKRET KARAYAĞMURLU,MELDA KÖKLÜER,Mersin Üniversitesi Spor Salonu
23.02.2018,17:00,2BA2739,22. Hafta,BAYRAKLI BELEDİYESİ,81 - 59,ÇANKAYA ÜNİVERSİTESİ,,İZMİR,Bayraklı Mustafa Kemal Atatürk Spor Salonu | ,Ege Türk TV,HAKAN GEREY,CAN YANAR,SALİH ARDA UNUL,,SİBEL DÖŞEMECİ,CEREN BARAN,DENİZ TAN,MURAT GEDİK,Bayraklı Mustafa Kemal Atatürk Spor Salonu
24.02.2018,14:00,2BA2738,22. Hafta,İSTANBULGÜCÜ,66 - 52,EDİRNE BLD. EDİRNESPOR,,İSTANBUL,Caferağa Spor Salonu | ,,EBUBEKİR KILIÇ,SEDEF YARICI,CİHAN CEYLAN,,BEGÜM SAVAŞ,BİRGÜL KALE,ECE DİKMENLİ,DEMET ULUCUTSOY,Caferağa Spor Salonu
24.02.2018,15:00,2BA2737,22. Hafta,KIRÇİÇEĞİ BODRUM BASKETBOL,76 - 39,FENERBAHÇE GELİŞİM,,MUĞLA,Bodrum Binnaz Karakaya Spor Salonu | ,,GÖZDE SANCAR,ALİ OSMAN KANIK,MELİKŞAH MERCAN,,SEVDA KÖSE,NEVİN YAVAŞ ERTUĞRUL,BEDİR KARABÖRKLÜ,MİNE ALPASLAN,Bodrum Binnaz Karakaya Spor Salonu
24.02.2018,16:00,2BA2735,22. Hafta,ELAZIĞ İL ÖZEL İDARE,68 - 69,İZMİT BELEDİYESPOR,,ELAZIĞ,Elazığ İl Özel İdare S.S. | ,,EDA DEMİR,AHMET BİLAL ÖZTÜRK,AHMET KÖSE,,YASEMİN DÜNDAR,SEMANUR BOZKURT,TUNA GÜZEL,AYŞE GÜNHAN,Elazığ İl Özel İdare S.S.
24.02.2018,17:00,2BA2743,22. Hafta,FERKO ILGAZ HOTEL KBSK,65 - 75,MERSİN BŞB.GELİŞİM,,KASTAMONU,Hüsnü Tandoğan Spor Salonu | ,,HAVVA MİRHAN ATEŞER,SABRİ GÜNDÜZ,KAMİL TALHA OLGUN,,BİRCAN EVRİM ARSLAN,İRFAN KÜTÜKOĞLU,ŞENOL KARABALTAOĞLU,HAMDİ KICIROĞLU,Hüsnü Tandoğan Spor Salonu
25.02.2018,14:00,2BA2741,22. Hafta,MERSİN BASKETBOL,78 - 57,EDREMİT BLD. GÜRESPOR,,MERSİN,Edip Buran Spor Salonu | ,,SAMET FIRAT SAVAŞ,MÜNEVVER ÖZEMRE,NECMETTİN ULUÖZLÜ,,VİLDAN KÖROĞLU EZER,FATMA ITIR ÖNCEL,SADIK ŞAHİN,LEVENT YORULMAZ,Edip Buran Spor Salonu
25.02.2018,17:00,2BA2740,22. Hafta,YALOVA VİP,55 - 105,BURSA BŞB. BUDO,,YALOVA,90. Yıl Spor Salonu | ,,ABDULLAH UYANIK,BATUHAN MERT GÜL,ALMİNA KOCABAŞ,,GÖKÇEN ŞAHİN,ALPER İŞLER,İBRAHİM HALİL SİVİL,PINAR AYDIN,90. Yıl Spor Salonu
27.02.2018,12:00,2BA2746,23. Hafta,FENERBAHÇE GELİŞİM,80 - 70,İSTANBULGÜCÜ,,İSTANBUL,Fenerbahçe Metro Enerji Spor Salonu | ,Youtube / TBF TV,HAVVA MİRHAN ATEŞER,SABRİ GÜNDÜZ,ENES ŞENTÜRK,,BEGÜM SAVAŞ,EBRU ULUDOĞAN,ESER FIRIL,DEMET ULUCUTSOY,Fenerbahçe Metro Enerji Spor Salonu
27.02.2018,18:00,2BA2748,23. Hafta,MERSİN BŞB.GELİŞİM,65 - 66,MERSİN ÜNİVERSİTESİ,,MERSİN,Edip Buran Spor Salonu | ,,SAMET BİNER,BATUHAN MERT GÜL,NUR AKÇA,,MELDA KÖKLÜER,HATİCE GÜLER,ŞÜKRÜ SITKI,FİKRET KARAYAĞMURLU,Edip Buran Spor Salonu
27.02.2018,18:00,2BA2745,23. Hafta,EDİRNE BLD. EDİRNESPOR,70 - 64,BAYRAKLI BELEDİYESİ,,EDİRNE,Mimar Sinan Spor Salonu | ,,ABDULLAH UYANIK,MÜNEVVER ÖZEMRE,NECMETTİN ULUÖZLÜ,,MERVE EMRE,ELİF ÖÇAL,TUNA TAŞ,DENİZ TAŞDEMİR BULUR,Mimar Sinan Spor Salonu
28.02.2018,14:00,2BA2744,23. Hafta,ÇANKAYA ÜNİVERSİTESİ,81 - 77,YALOVA VİP,,ANKARA,Arı Koleji Olimpik Spor Salonu | ,Youtube / TBF TV,AHMET KÖSE,HALUK YAKIN,GÜRKAN DEMİR,,ARZU USLUOĞLU,ONUR YEŞİLBAĞ,GÖKHAN BAŞARAN,BERKSU ÖZBEY,Arı Koleji Olimpik Spor Salonu
28.02.2018,16:30,2BA2752,23. Hafta,BURSA BŞB. BUDO,68 - 71,MERSİN BASKETBOL,,BURSA,Yıldırım Şahin Başol Spor Kompleksi | ,,SEDEF YARICI,ALİHAN CİVELEK,MELİKŞAH MERCAN,,HİLAL YÜKSEL TERCAN,NİDA ECE TÜZÜK,FATİH DURGUT,ESRA AL,Yıldırım Şahin Başol Spor Kompleksi
28.02.2018,17:00,2BA2747,23. Hafta,URLA BELEDİYESİ,57 - 50,KIRÇİÇEĞİ BODRUM BASKETBOL,,İZMİR,12 Eylül Spor Salonu | ,,MURAT GENÇ,HAKAN GEREY,EYYÜP AYHAN,,ANIL DOĞAN,ŞAHİN ŞANLI,ONUR BURAK,MURAT GEDİK,12 Eylül Spor Salonu
28.02.2018,18:00,2BA2751,23. Hafta,EDREMİT BLD. GÜRESPOR,76 - 81,ELAZIĞ İL ÖZEL İDARE,,BALIKESİR,Edremit Spor Salonu | ,Youtube / TBF TV,ÖMER SARI,CAN YANAR,YUSUF SARPER DAĞLI,,NESLİHAN ÇOBAN,MUSA ÇALIŞKAN,EYLEM KAYA,MAHMUT DEMİR,Edremit Spor Salonu
2.03.2018,18:00,2BA2755,24. Hafta,BAYRAKLI BELEDİYESİ,82 - 60,FENERBAHÇE GELİŞİM,,İZMİR,Bayraklı Mustafa Kemal Atatürk Spor Salonu | ,Ege Türk TV,TANER ŞEKER,EYYÜP AYHAN,ALİHAN CİVELEK,,DENİZ TAN,SİNEM BİRTÜRK,SİBEL DÖŞEMECİ,ERHAN AYDIN,Bayraklı Mustafa Kemal Atatürk Spor Salonu
3.03.2018,14:00,2BA2757,24. Hafta,MERSİN BASKETBOL,49 - 58,ÇANKAYA ÜNİVERSİTESİ,,MERSİN,Edip Buran Spor Salonu | ,,ABDULLAH UYANIK,SEREN ÇEŞİT,NUR AKÇA,,AYLİN ÖZER,MELDA KÖKLÜER,ŞÜKRÜ SITKI,ŞÖLEN TORUN,Edip Buran Spor Salonu
3.03.2018,15:00,2BA2753,24. Hafta,EDREMİT BLD. GÜRESPOR,64 - 65,İZMİT BELEDİYESPOR,,BALIKESİR,Edremit Spor Salonu | ,Youtube / TBF TV,HAKAN GEREY,CİHAN CEYLAN,SABRİ GÜNDÜZ,,GAMZE ATİLA,CANEL BOYAR,MERT TELLİBAYRAKTAR,ERCAN ÇAVUŞOĞLU,Edremit Spor Salonu
3.03.2018,15:00,2BA2761,24. Hafta,KIRÇİÇEĞİ BODRUM BASKETBOL,88 - 40,MERSİN BŞB.GELİŞİM,,MUĞLA,Bodrum Binnaz Karakaya Spor Salonu | ,,MÜNEVVER ÖZEMRE,HALUK YAKIN,DOĞU BERK İNNAL,,DİLEK SAZAK,ERKMEN KAYA,BEDİR KARABÖRKLÜ,SÜLEYMAN ALPER YILDIZ,Bodrum Binnaz Karakaya Spor Salonu
3.03.2018,16:00,2BA2758,24. Hafta,ELAZIĞ İL ÖZEL İDARE,69 - 60,BURSA BŞB. BUDO,,ELAZIĞ,Elazığ İl Özel İdare S.S. | ,,GÖZDE SANCAR,SALİH ARDA UNUL,GÜRKAN DEMİR,,AYŞE GÜNHAN,SEMANUR BOZKURT,FATMA SELCEN HATİPOĞLU,DİDEM YAVUZ SÖYLER,Elazığ İl Özel İdare S.S.
3.03.2018,16:30,2BA2754,24. Hafta,İSTANBULGÜCÜ,57 - 66,URLA BELEDİYESİ,,İSTANBUL,Caferağa Spor Salonu | ,,YAŞAM İSSİ,KAMİL TALHA OLGUN,TAYLAN ÖZGÜR ÜLTEN,,BEGÜM SAVAŞ,GÖZDE BEGÜM AKÜZÜM,SEDA İŞLER,BİRGÜL KALE,Caferağa Spor Salonu
4.03.2018,17:00,2BA2756,24. Hafta,YALOVA VİP,46 - 57,EDİRNE BLD. EDİRNESPOR,,YALOVA,90. Yıl Spor Salonu | ,,HAVVA MİRHAN ATEŞER,SAMET FIRAT SAVAŞ,ENES ŞENTÜRK,,ELMAS DEMİREL AYDEMİR,ÇAĞLAR SARIDEDE,ALPER PERİHANOĞLU,EMRE SERT,90. Yıl Spor Salonu
9.03.2018,14:00,2BA2769,25. Hafta,ÇANKAYA ÜNİVERSİTESİ,68 - 73,ELAZIĞ İL ÖZEL İDARE,,ANKARA,Arı Koleji Olimpik Spor Salonu | ,Youtube / TBF TV,HAVVA MİRHAN ATEŞER,BATUHAN MERT GÜL,MELİKŞAH MERCAN,,MEHTAP ADIGÜZEL,RESUL GEÇER,FATMA ÇELİK,ARZU ÖKSÜZ,Arı Koleji Olimpik Spor Salonu
9.03.2018,16:00,2BA2770,25. Hafta,EDİRNE BLD. EDİRNESPOR,57 - 60,MERSİN BASKETBOL,,EDİRNE,Mimar Sinan Spor Salonu | ,,AHMET KÖSE,ÖMER SARI,HAKAN GEREY,,DENİZ AZAZ,ELİF ÖÇAL,TUNA TAŞ,MERVE EMRE,Mimar Sinan Spor Salonu
10.03.2018,17:00,2BA2767,25. Hafta,İZMİT BELEDİYESPOR,74 - 53,FERKO ILGAZ HOTEL KBSK,,KOCAELİ,Kocaeli Atatürk Spor Salonu | ,,SEDEF YARICI,SAMET FIRAT SAVAŞ,CANER BAHADIR,,GAMZE KURT,AYCAN PEKER,SEVGİ CANDAZ,EBRU ÖZMEN,Kocaeli Atatürk Spor Salonu
11.03.2018,12:00,2BA2762,25. Hafta,FENERBAHÇE GELİŞİM,50 - 69,YALOVA VİP,,İSTANBUL,Caferağa Spor Salonu | ,,METİN AKSOYAK,EBUBEKİR KILIÇ,CİHAN CEYLAN,,ARZU KÖRKEN,SEDA İŞLER,SEÇİL SILA KORALP,TOLGAY ÖZCAN,Caferağa Spor Salonu
11.03.2018,14:00,2BA2768,25. Hafta,BURSA BŞB. BUDO,71 - 77,EDREMİT BLD. GÜRESPOR,,BURSA,Yıldırım Şahin Başol Spor Kompleksi | ,,MURAT GENÇ,AHMET BİLAL ÖZTÜRK,ECE AKMAN,,BERNA EKBİÇ,ZEHRA PINAR ÖZGÜR,TAMER DENİZ,ESRA AL,Yıldırım Şahin Başol Spor Kompleksi
11.03.2018,14:00,2BA2763,25. Hafta,URLA BELEDİYESİ,58 - 57,BAYRAKLI BELEDİYESİ,,İZMİR,12 Eylül Spor Salonu | ,,EDA DEMİR,SALİH ARDA UNUL,SALİH ÖZYURT,,SEVERCAN GÜVEN,HALİDE KAYA,MELİS SERBEST,İSMAİL AKGÜL,12 Eylül Spor Salonu
11.03.2018,14:00,2BA2764,25. Hafta,MERSİN BŞB.GELİŞİM,79 - 72,İSTANBULGÜCÜ,,MERSİN,Edip Buran Spor Salonu | ,,ZEYNEP FUNDA AŞIK,ABDULLAH UYANIK,YUSUF SARPER DAĞLI,,KÜBRA GÜNGÖR,MELDA KÖKLÜER,LEVENT YORULMAZ,MERVE AKICI,Edip Buran Spor Salonu
16.03.2018,14:00,2BA2776,26. Hafta,MERSİN ÜNİVERSİTESİ,83 - 65,FERKO ILGAZ HOTEL KBSK,,MERSİN,Mersin Üniversitesi Spor Salonu | ,,HAKAN GEREY,EYYÜP AYHAN,MELİKŞAH MERCAN,,KÜBRA GÜNGÖR,MELDA KÖKLÜER,FİKRET KARAYAĞMURLU,ŞÜKRÜ SITKI,Mersin Üniversitesi Spor Salonu
16.03.2018,18:00,2BA2779,26. Hafta,BAYRAKLI BELEDİYESİ,83 - 66,MERSİN BŞB.GELİŞİM,,İZMİR,Bayraklı Mustafa Kemal Atatürk Spor Salonu | ,Ege Türk TV,HAVVA MİRHAN ATEŞER,AHMET KÖSE,AHMET BİLAL ÖZTÜRK,,DENİZ TAN,SİBEL DÖŞEMECİ,DİLEK GEDİK HANGÜL,HASAN ÖZTÜRK,Bayraklı Mustafa Kemal Atatürk Spor Salonu
17.03.2018,14:00,2BA2771,26. Hafta,BURSA BŞB. BUDO,66 - 63,İZMİT BELEDİYESPOR,,BURSA,Yıldırım Şahin Başol Spor Kompleksi | ,,ABDULLAH UYANIK,NECMETTİN ULUÖZLÜ,NUR AKÇA,,CEREN YAVUZ,BÜŞRA HEKİMOĞLU,GÖKHAN AVCI,ESRA AL,Yıldırım Şahin Başol Spor Kompleksi
17.03.2018,15:00,2BA2775,26. Hafta,EDREMİT BLD. GÜRESPOR,95 - 72,ÇANKAYA ÜNİVERSİTESİ,,BALIKESİR,Edremit Spor Salonu | ,Youtube / TBF TV,ELİF İNCİ,GÖZDE SANCAR,SALİH OCAKOĞLU,,IŞIL ÖZKAN,MUSA ÇALIŞKAN,HAKAN KÜLAHLI,MAHMUT DEMİR,Edremit Spor Salonu
17.03.2018,16:00,2BA2774,26. Hafta,ELAZIĞ İL ÖZEL İDARE,79 - 60,EDİRNE BLD. EDİRNESPOR,,ELAZIĞ,Elazığ İl Özel İdare S.S. | ,,EBUBEKİR KILIÇ,ALPER TACETTİN,ALİHAN CİVELEK,,TUNA GÜZEL,SEMANUR BAYDOĞAN,FATMA SELCEN HATİPOĞLU,AYŞE GÜNHAN,Elazığ İl Özel İdare S.S.
18.03.2018,16:30,2BA2773,26. Hafta,MERSİN BASKETBOL,104 - 57,FENERBAHÇE GELİŞİM,,MERSİN,Edip Buran Spor Salonu | ,,BATUHAN MERT GÜL,KAMİL TALHA OLGUN,AHMET OĞUZHAN CİRİT,,FATMA ITIR ÖNCEL,FİKRET KARAYAĞMURLU,SÜREYYA KANALICI,VİLDAN KÖROĞLU EZER,Edip Buran Spor Salonu
18.03.2018,17:00,2BA2772,26. Hafta,YALOVA VİP,63 - 69,URLA BELEDİYESİ,,YALOVA,90. Yıl Spor Salonu | ,,SEDEF YARICI,SABRİ GÜNDÜZ,CANER BAHADIR,,SİNEM GÜL,SİNAN ALAGÖZ,İBRAHİM HALİL SİVİL,ELMAS DEMİREL AYDEMİR,90. Yıl Spor Salonu
21.03.2018,12:00,2BA2787,27. Hafta,FENERBAHÇE GELİŞİM,75 - 91,ELAZIĞ İL ÖZEL İDARE,,İSTANBUL,Fenerbahçe Metro Enerji Spor Salonu | ,Youtube / TBF TV,HAKAN GEREY,ANIL VEZİROĞLU,MESUT ÖZTÜRK,,BEGÜM SAVAŞ,EBRU ULUDOĞAN,SEDA İŞLER,MERVE SERDAR,Fenerbahçe Metro Enerji Spor Salonu
21.03.2018,14:00,2BA2788,27. Hafta,URLA BELEDİYESİ,43 - 57,MERSİN BASKETBOL,,İZMİR,12 Eylül Spor Salonu | ,,MUSTAFA TOPALOĞLU,BURAK YILMAZ,NİYAZİ YASİN KAHRAMAN,,SİNEM YENİ,ONUR BURAK,ÖZGE GÜNKIZIL,HASAN ÖZTÜRK,12 Eylül Spor Salonu
21.03.2018,14:00,2BA2785,27. Hafta,ÇANKAYA ÜNİVERSİTESİ,61 - 77,BURSA BŞB. BUDO,,ANKARA,Arı Koleji Olimpik Spor Salonu | ,Youtube / TBF TV,MEHMET BURAK ANLATICI,ALPER TACETTİN,SÜLEYMAN EREN PEKDOĞAN,,MUAMMER DUMAN,GÜL DENİZ ASİLDAĞ,ONUR YEŞİLBAĞ,ARZU USLUOĞLU,Arı Koleji Olimpik Spor Salonu
21.03.2018,17:00,2BA2783,27. Hafta,FERKO ILGAZ HOTEL KBSK,57 - 78,KIRÇİÇEĞİ BODRUM BASKETBOL,,KASTAMONU,Hüsnü Tandoğan Spor Salonu | ,,METİN AKSOYAK,EMİR CAN ÖZKAN,ÖMER SARI,,SEDA DIRAĞ,METİN GÖKGÖZ,SUAT KARKACIOĞLU,HAMDİ KICIROĞLU,Hüsnü Tandoğan Spor Salonu
21.03.2018,18:00,2BA2786,27. Hafta,EDİRNE BLD. EDİRNESPOR,68 - 81,EDREMİT BLD. GÜRESPOR,,EDİRNE,Mimar Sinan Spor Salonu | ,,MUSTAFA CANDEMİR TABAK,SAMET BİNER,BATUHAN MERT GÜL,,MERVE EMRE,ELİF ÖÇAL,TUNA TAŞ,DENİZ TAŞDEMİR BULUR,Mimar Sinan Spor Salonu
21.03.2018,18:00,2BA2784,27. Hafta,İZMİT BELEDİYESPOR,66 - 60,MERSİN ÜNİVERSİTESİ,,KOCAELİ,Kocaeli Atatürk Spor Salonu | ,,HAVVA MİRHAN ATEŞER,MÜNEVVER ÖZEMRE,MUSA ONUR SAVAŞ,,HANDE DEMİRKOL,AYCAN PEKER,SEVGİ CANDAZ,GAMZE KURT,Kocaeli Atatürk Spor Salonu
21.03.2018,18:00,2BA2780,27. Hafta,MERSİN BŞB.GELİŞİM,71 - 65,YALOVA VİP,,MERSİN,Edip Buran Spor Salonu | ,,ÇETİN ARTAN,SERDAR SARAÇ,ÖZKAN ÇAĞLAYAN,,KÜBRA GÜNGÖR,LEVENT YORULMAZ,ŞÜKRÜ SITKI,MELDA KÖKLÜER,Edip Buran Spor Salonu
24.03.2018,13:30,2BA2794,28. Hafta,İSTANBULGÜCÜ,66 - 70,FERKO ILGAZ HOTEL KBSK,,İSTANBUL,Caferağa Spor Salonu | ,,ELİF İNCİ,CİHAN CEYLAN,MUSTAFA BAŞTÜRK,,BEGÜM SAVAŞ,EBRU ULUDOĞAN,ECE DİKMENLİ,SEÇİL SILA KORALP,Caferağa Spor Salonu
24.03.2018,14:00,2BA2790,28. Hafta,ELAZIĞ İL ÖZEL İDARE,63 - 60,URLA BELEDİYESİ,,ELAZIĞ,Elazığ İl Özel İdare S.S. | ,"Kanal E,Kanal Fırat",ABDULLAH UYANIK,GÖZDE SANCAR,SÜLEYMAN EREN PEKDOĞAN,,DİDEM YAVUZ SÖYLER,AYŞE GÜNHAN,SEMANUR BAYDOĞAN,FATMA SELCEN HATİPOĞLU,Elazığ İl Özel İdare S.S.
24.03.2018,14:00,2BA2789,28. Hafta,ÇANKAYA ÜNİVERSİTESİ,61 - 84,İZMİT BELEDİYESPOR,,ANKARA,Arı Koleji Olimpik Spor Salonu | ,Youtube / TBF TV,HAKAN GEREY,SONER ÖZAYDOĞAN,SEREN ÇEŞİT,,CESARİ EMRE YILDIRIM,BİLAL UZGÖREN,HAKAN ÜNAL,SİMAY ÇAKMAK,Arı Koleji Olimpik Spor Salonu
24.03.2018,15:00,2BA2791,28. Hafta,EDREMİT BLD. GÜRESPOR,113 - 70,FENERBAHÇE GELİŞİM,,BALIKESİR,Edremit Spor Salonu | ,Youtube / TBF TV,HAVVA MİRHAN ATEŞER,ÖMER SARI,AHMET KÖSE,,GAMZE ATİLA,SERHAT SANU,MERT TELLİBAYRAKTAR,CANEL BOYAR,Edremit Spor Salonu
24.03.2018,15:00,2BA2793,28. Hafta,KIRÇİÇEĞİ BODRUM BASKETBOL,75 - 52,MERSİN ÜNİVERSİTESİ,,MUĞLA,Bodrum Binnaz Karakaya Spor Salonu | ,,SAMET BİNER,AHMET BİLAL ÖZTÜRK,SABRİ GÜNDÜZ,,SEVGİ ÖZKAN,DUYGU ÇİMEN,BEDİR KARABÖRKLÜ,SÜLEYMAN ALPER YILDIZ,Bodrum Binnaz Karakaya Spor Salonu
25.03.2018,14:00,2BA2792,28. Hafta,BURSA BŞB. BUDO,77 - 76,EDİRNE BLD. EDİRNESPOR,,BURSA,Yıldırım Şahin Başol Spor Kompleksi | ,,EDA DEMİR,MÜNEVVER ÖZEMRE,CANER BAHADIR,,BERNA EKBİÇ,GÖKHAN AVCI,ABDULLAH KURT,ESRA AL,Yıldırım Şahin Başol Spor Kompleksi
25.03.2018,14:00,2BA2797,28. Hafta,MERSİN BASKETBOL,76 - 79,MERSİN BŞB.GELİŞİM,,MERSİN,Edip Buran Spor Salonu | ,,SAMET FIRAT SAVAŞ,SALİH ARDA UNUL,ECE AKMAN,,KÜBRA GÜNGÖR,LEVENT YORULMAZ,ŞÜKRÜ SITKI,FİKRET KARAYAĞMURLU,Edip Buran Spor Salonu
30.03.2018,14:00,2BA2800,29. Hafta,MERSİN ÜNİVERSİTESİ,54 - 62,İSTANBULGÜCÜ,,MERSİN,Mersin Üniversitesi Spor Salonu | ,,ABDULLAH UYANIK,MUSTAFA TOPALOĞLU,SALİH OCAKOĞLU,,MELİSA KUZAY,MELDA KÖKLÜER,KÜBRA GÜNGÖR,SENA KOZAN,Mersin Üniversitesi Spor Salonu
31.03.2018,17:00,2BA2802,29. Hafta,EDİRNE BLD. EDİRNESPOR,65 - 67,ÇANKAYA ÜNİVERSİTESİ,,EDİRNE,Mimar Sinan Spor Salonu | ,,ÖMER SARI,AHMET KÖSE,MESUT ÖZTÜRK,,DENİZ AZAZ,ELİF ÖÇAL,TUNA TAŞ,MERVE EMRE,Mimar Sinan Spor Salonu
31.03.2018,17:00,2BA2799,29. Hafta,FERKO ILGAZ HOTEL KBSK,61 - 73,BAYRAKLI BELEDİYESİ,,KASTAMONU,Hüsnü Tandoğan Spor Salonu | ,,EDA DEMİR,BATUHAN MERT GÜL,ALİ OSMAN KANIK,,FATMA HURİYE HIRLI,İRFAN KÜTÜKOĞLU,SEDA DIRAĞ,ERCAN ÇİÇEK,Hüsnü Tandoğan Spor Salonu
31.03.2018,17:00,2BA2801,29. Hafta,İZMİT BELEDİYESPOR,52 - 65,KIRÇİÇEĞİ BODRUM BASKETBOL,,KOCAELİ,Kocaeli Atatürk Spor Salonu | ,,ELİF İNCİ,SEDEF YARICI,SAMET FIRAT SAVAŞ,,AYCAN PEKER,SEVGİ CANDAZ,GAMZE KURT,EBRU ÖZMEN,Kocaeli Atatürk Spor Salonu
1.04.2018,12:00,2BA2803,29. Hafta,FENERBAHÇE GELİŞİM,67 - 91,BURSA BŞB. BUDO,,İSTANBUL,Fenerbahçe Metro Enerji Spor Salonu | ,,GÖZDE SANCAR,KAMİL TALHA OLGUN,ALMİNA KOCABAŞ,,EDA ELFİDAN,DEMET ULUCUTSOY,BURCU DEMİRAY,SEHER KAZANÇ,Fenerbahçe Metro Enerji Spor Salonu
1.04.2018,14:00,2BA2804,29. Hafta,URLA BELEDİYESİ,66 - 62,EDREMİT BLD. GÜRESPOR,,İZMİR,12 Eylül Spor Salonu | ,,MÜNEVVER ÖZEMRE,HAKAN GEREY,AHMET BİLAL ÖZTÜRK,,ELÇİN ÇAĞATAY,FATMA DÖNMEZ,ÖZGE GÜNKIZIL,ANIL DOĞAN,12 Eylül Spor Salonu
1.04.2018,14:00,2BA2805,29. Hafta,MERSİN BŞB.GELİŞİM,63 - 59,ELAZIĞ İL ÖZEL İDARE,,MERSİN,Edip Buran Spor Salonu | ,,ZEYNEP FUNDA AŞIK,CİHAN CEYLAN,EYYÜP AYHAN,,ŞÖLEN TORUN,ŞÜKRÜ SITKI,LEVENT YORULMAZ,BEDİRHAN NAZLI,Edip Buran Spor Salonu
6.04.2018,14:00,2BA2809,30. Hafta,ÇANKAYA ÜNİVERSİTESİ,79 - 88,FENERBAHÇE GELİŞİM,,ANKARA,Arı Koleji Olimpik Spor Salonu | ,Youtube / TBF TV,ABDULLAH UYANIK,SABRİ GÜNDÜZ,NUR AKÇA,,MEHTAP ADIGÜZEL,ONUR YEŞİLBAĞ,FATMA ÇELİK,ARZU ÖKSÜZ,Arı Koleji Olimpik Spor Salonu
6.04.2018,18:00,2BA2811,30. Hafta,BAYRAKLI BELEDİYESİ,68 - 58,MERSİN ÜNİVERSİTESİ,,İZMİR,Bayraklı Mustafa Kemal Atatürk Spor Salonu | ,Ege Türk TV,SERDAR SARAÇ,EMİR CAN ÖZKAN,ANIL VEZİROĞLU,,DİLEK GEDİK HANGÜL,ALİ DEVECİ,SİBEL DÖŞEMECİ,ERHAN AYDIN,Bayraklı Mustafa Kemal Atatürk Spor Salonu
7.04.2018,14:00,2BA2810,30. Hafta,İSTANBULGÜCÜ,57 - 56,KIRÇİÇEĞİ BODRUM BASKETBOL,,İSTANBUL,Caferağa Spor Salonu | ,,HAVVA MİRHAN ATEŞER,MÜNEVVER ÖZEMRE,BATUHAN MERT GÜL,,ARZU KÖRKEN,SEÇİL SILA KORALP,BURCU DEMİRAY,BİRGÜL KALE,Caferağa Spor Salonu
7.04.2018,15:00,2BA2815,30. Hafta,EDREMİT BLD. GÜRESPOR,91 - 70,MERSİN BŞB.GELİŞİM,,BALIKESİR,Edremit Spor Salonu | ,Youtube / TBF TV,ELİF İNCİ,ALİ OSMAN KANIK,KAMİL TALHA OLGUN,,NESLİHAN ÇOBAN,MUSA ÇALIŞKAN,EYLEM KAYA,CANEL BOYAR,Edremit Spor Salonu
7.04.2018,17:00,2BA2807,30. Hafta,EDİRNE BLD. EDİRNESPOR,60 - 77,İZMİT BELEDİYESPOR,,EDİRNE,Mimar Sinan Spor Salonu | ,,GÖZDE SANCAR,AHMET BİLAL ÖZTÜRK,SALİH ARDA UNUL,,MERVE EMRE,ELİF ÖÇAL,TUNA TAŞ,GAMZE ERSOY,Mimar Sinan Spor Salonu
8.04.2018,14:00,2BA2808,30. Hafta,BURSA BŞB. BUDO,68 - 61,URLA BELEDİYESİ,,BURSA,Yıldırım Şahin Başol Spor Kompleksi | ,,SEDEF YARICI,AHMET KÖSE,ÖMER SARI,,ESRA AL,TARIK KEMAL ÜNLÜ,ABDULLAH KURT,BERNA EKBİÇ,Yıldırım Şahin Başol Spor Kompleksi
8.04.2018,17:00,2BA2812,30. Hafta,YALOVA VİP,81 - 79,FERKO ILGAZ HOTEL KBSK,,YALOVA,90. Yıl Spor Salonu | ,,YAŞAM İSSİ,BURAK YILMAZ,MUSTAFA CANDEMİR TABAK,,ELMAS DEMİREL AYDEMİR,ALPER İŞLER,İBRAHİM HALİL SİVİL,EMRE SERT,90. Yıl Spor Salonu
13.04.2018,14:00,2BA2816,31. Hafta,MERSİN ÜNİVERSİTESİ,72 - 57,YALOVA VİP,,MERSİN,Mersin Üniversitesi Spor Salonu | ,,AHMET KÖSE,SALİH ARDA UNUL,BATUHAN MERT GÜL,,MELİSA KUZAY,SENA KOZAN,FİKRET KARAYAĞMURLU,FATMA ITIR ÖNCEL,Mersin Üniversitesi Spor Salonu
14.04.2018,15:00,2BA2817,31. Hafta,KIRÇİÇEĞİ BODRUM BASKETBOL,69 - 62,BAYRAKLI BELEDİYESİ,,MUĞLA,Bodrum Binnaz Karakaya Spor Salonu | ,,ÖMER SARI,HAKAN GEREY,CİHAN CEYLAN,,FERİDE BAHTINUR AĞIOĞLU,HÜSEYİN CENGİZ,SÜLEYMAN ALPER YILDIZ,EMRE BURAK KOÇ,Bodrum Binnaz Karakaya Spor Salonu
14.04.2018,15:00,2BA2824,31. Hafta,FERKO ILGAZ HOTEL KBSK,62 - 87,MERSİN BASKETBOL,,KASTAMONU,Hüsnü Tandoğan Spor Salonu | ,,MÜNEVVER ÖZEMRE,EBUBEKİR KILIÇ,AHMET BİLAL ÖZTÜRK,,BİRCAN EVRİM ARSLAN,METİN GÖKGÖZ,SUAT KARKACIOĞLU,ŞENOL KARABALTAOĞLU,Hüsnü Tandoğan Spor Salonu
14.04.2018,17:00,2BA2818,31. Hafta,İZMİT BELEDİYESPOR,51 - 62,İSTANBULGÜCÜ,,KOCAELİ,Kocaeli Atatürk Spor Salonu | ,,SABRİ GÜNDÜZ,EYYÜP AYHAN,NUR AKÇA,,ALEV KÖROĞLU,AYCAN PEKER,SEVGİ CANDAZ,GAMZE KURT,Kocaeli Atatürk Spor Salonu
15.04.2018,12:00,2BA2819,31. Hafta,FENERBAHÇE GELİŞİM,81 - 72,EDİRNE BLD. EDİRNESPOR,,İSTANBUL,Fenerbahçe Metro Enerji Spor Salonu | ,,SEDEF YARICI,ALİ OSMAN KANIK,CANER BAHADIR,,BEGÜM SAVAŞ,SEDA İŞLER,DEMET ULUCUTSOY,SEÇİL SILA KORALP,Fenerbahçe Metro Enerji Spor Salonu
15.04.2018,14:00,2BA2820,31. Hafta,URLA BELEDİYESİ,74 - 57,ÇANKAYA ÜNİVERSİTESİ,,İZMİR,12 Eylül Spor Salonu | ,,EDA DEMİR,SAMET FIRAT SAVAŞ,ECE AKMAN,,ELÇİN ÇAĞATAY,CEYDA SARICA KUZU,SEVERCAN GÜVEN,DİLEK GEDİK HANGÜL,12 Eylül Spor Salonu
15.04.2018,14:00,2BA2821,31. Hafta,MERSİN BŞB.GELİŞİM,59 - 67,BURSA BŞB. BUDO,,MERSİN,Edip Buran Spor Salonu | ,,HAVVA MİRHAN ATEŞER,ABDULLAH UYANIK,SEREN ÇEŞİT,,KÜBRA GÜNGÖR,VİLDAN KÖROĞLU EZER,MELDA KÖKLÜER,SÜREYYA KANALICI,Edip Buran Spor Salonu
20.04.2018,14:00,2BA2833,32. Hafta,ÇANKAYA ÜNİVERSİTESİ,69 - 68,MERSİN BŞB.GELİŞİM,,ANKARA,Arı Koleji Olimpik Spor Salonu | ,Youtube / TBF TV,METİN AKSOYAK,ÖMER SARI,ANIL VEZİROĞLU,,ANIL ENDER DURGUN,MEHTAP ADIGÜZEL,MUAMMER DUMAN,BÜŞRA KANDEMİR,Arı Koleji Olimpik Spor Salonu
20.04.2018,18:00,2BA2827,32. Hafta,BAYRAKLI BELEDİYESİ,85 - 87,İSTANBULGÜCÜ,,İZMİR,Bayraklı Mustafa Kemal Atatürk Spor Salonu | ,Ege Türk TV,ELİF İNCİ,MÜNEVVER ÖZEMRE,SONER TÜRKER,,AYBİKE GÖCEKLİ,ALİ DEVECİ,CEREN BARAN,HASAN ÖZTÜRK,Bayraklı Mustafa Kemal Atatürk Spor Salonu
21.04.2018,14:00,2BA2829,32. Hafta,MERSİN BASKETBOL,63 - 54,MERSİN ÜNİVERSİTESİ,,MERSİN,Edip Buran Spor Salonu | ,,ABDULLAH UYANIK,EYYÜP AYHAN,KAMİL TALHA OLGUN,,FATMA ITIR ÖNCEL,SADIK ŞAHİN,FİKRET KARAYAĞMURLU,BETÜL ÖZCAN,Edip Buran Spor Salonu
21.04.2018,16:00,2BA2830,32. Hafta,ELAZIĞ İL ÖZEL İDARE,103 - 57,FERKO ILGAZ HOTEL KBSK,,ELAZIĞ,Elazığ İl Özel İdare S.S. | ,Kanal Fırat,MURAT GENÇ,SAMET FIRAT SAVAŞ,SALİH OCAKOĞLU,,AYŞE GÜNHAN,SEMANUR BOZKURT,ERDAL KALEM,FATMA SELCEN HATİPOĞLU,Elazığ İl Özel İdare S.S.
21.04.2018,17:00,2BA2826,32. Hafta,EDİRNE BLD. EDİRNESPOR,69 - 87,URLA BELEDİYESİ,,EDİRNE,Mimar Sinan Spor Salonu | ,,HAVVA MİRHAN ATEŞER,ŞEVKİ ENES CAN,KENAN YILMAZ,,DENİZ AZAZ,ELİF ÖÇAL,TUNA TAŞ,MERVE EMRE,Mimar Sinan Spor Salonu
21.04.2018,18:00,2BA2828,32. Hafta,YALOVA VİP,46 - 76,KIRÇİÇEĞİ BODRUM BASKETBOL,,YALOVA,90. Yıl Spor Salonu | ,,EDA DEMİR,HALUK YAKIN,CANER BAHADIR,,ELMAS DEMİREL AYDEMİR,ÇAĞLAR SARIDEDE,İBRAHİM HALİL SİVİL,SİNEM GÜL,90. Yıl Spor Salonu
22.04.2018,12:00,2BA2825,32. Hafta,FENERBAHÇE GELİŞİM,72 - 75,İZMİT BELEDİYESPOR,,İSTANBUL,Fenerbahçe Metro Enerji Spor Salonu | ,,CİHAN CEYLAN,BATUHAN MERT GÜL,NECMETTİN ULUÖZLÜ,,BEGÜM SAVAŞ,EBRU ULUDOĞAN,GÖZDE BEGÜM AKÜZÜM,ESER FIRIL,Fenerbahçe Metro Enerji Spor Salonu
28.04.2018,14:00,2BA2841,33. Hafta,MERSİN ÜNİVERSİTESİ,75 - 80,ELAZIĞ İL ÖZEL İDARE,,MERSİN,Mersin Üniversitesi Spor Salonu | ,,ÖMER SARI,SAMET BİNER,ALİ OSMAN KANIK,,FATMA ITIR ÖNCEL,SADIK ŞAHİN,FİKRET KARAYAĞMURLU,YAREN SILA KÖKLÜER,Mersin Üniversitesi Spor Salonu
28.04.2018,15:00,2BA2842,33. Hafta,KIRÇİÇEĞİ BODRUM BASKETBOL,49 - 41,MERSİN BASKETBOL,,MUĞLA,Bodrum Binnaz Karakaya Spor Salonu | ,,AHMET KÖSE,HALUK YAKIN,NUR AKÇA,,SERPİL ŞAHMAN,EVREN ERTOY,SÜLEYMAN ALPER YILDIZ,ÖZGÜL ERTOY,Bodrum Binnaz Karakaya Spor Salonu
28.04.2018,17:00,2BA2840,33. Hafta,FERKO ILGAZ HOTEL KBSK,68 - 118,EDREMİT BLD. GÜRESPOR,,KASTAMONU,Hüsnü Tandoğan Spor Salonu | ,,CİHAN CEYLAN,SALİH ARDA UNUL,SABRİ GÜNDÜZ,,FATMA HURİYE HIRLI,İRFAN KÜTÜKOĞLU,HAMDİ KICIROĞLU,ERCAN ÇİÇEK,Hüsnü Tandoğan Spor Salonu
28.04.2018,17:00,2BA2835,33. Hafta,İZMİT BELEDİYESPOR,74 - 76,BAYRAKLI BELEDİYESİ,,KOCAELİ,Kocaeli Atatürk Spor Salonu | ,,ELİF İNCİ,EDA DEMİR,CANER BAHADIR,,AYCAN PEKER,SEVGİ CANDAZ,GAMZE KURT,MUSTAFA SALMAN,Kocaeli Atatürk Spor Salonu
28.04.2018,17:30,2BA2834,33. Hafta,İSTANBULGÜCÜ,58 - 68,YALOVA VİP,,İSTANBUL,Caferağa Spor Salonu | ,Youtube / TBF TV,ABDULLAH UYANIK,EBUBEKİR KILIÇ,KAMİL TALHA OLGUN,,ALTAN CANDAN,SEDA İŞLER,SERHAT LEVENT,DEMET ULUCUTSOY,Caferağa Spor Salonu
29.04.2018,14:00,2BA2836,33. Hafta,URLA BELEDİYESİ,99 - 74,FENERBAHÇE GELİŞİM,,İZMİR,12 Eylül Spor Salonu | ,,HAVVA MİRHAN ATEŞER,GÖZDE SANCAR,AHMET BİLAL ÖZTÜRK,,CEYDA SARICA KUZU,ALİ DEVECİ,GÜNAY ALPUĞUZ,İSMAİL AKGÜL,12 Eylül Spor Salonu
29.04.2018,14:00,2BA2837,33. Hafta,MERSİN BŞB.GELİŞİM,79 - 66,EDİRNE BLD. EDİRNESPOR,,MERSİN,Edip Buran Spor Salonu | ,,ZEYNEP FUNDA AŞIK,BATUHAN MERT GÜL,SAMET FIRAT SAVAŞ,,ŞÖLEN TORUN,VİLDAN KÖROĞLU EZER,ŞÜKRÜ SITKI,BEDİRHAN NAZLI,Edip Buran Spor Salonu
5.05.2018,14:00,2BA2847,34. Hafta,EDREMİT BLD. GÜRESPOR,84 - 59,MERSİN ÜNİVERSİTESİ,,BALIKESİR,Edremit Spor Salonu | ,Youtube / TBF TV,MESUT ÇINAR,ECE AKMAN,OKAN BERK TUNÇEL,,GAMZE ATİLA,MERT TELLİBAYRAKTAR,METİN IŞIK,IŞIL ÖZKAN,Edremit Spor Salonu
5.05.2018,14:00,2BA2848,34. Hafta,BURSA BŞB. BUDO,118 - 56,FERKO ILGAZ HOTEL KBSK,,BURSA,Yıldırım Şahin Başol Spor Kompleksi | ,,ENES ŞENTÜRK,TAYLAN ÖZGÜR ÜLTEN,MURATCAN REYHAN,,İREM ERGEN,NİDA ECE TÜZÜK,TARIK KEMAL ÜNLÜ,ESRA AL,Yıldırım Şahin Başol Spor Kompleksi
5.05.2018,14:00,2BA2846,34. Hafta,ELAZIĞ İL ÖZEL İDARE,50 - 45,KIRÇİÇEĞİ BODRUM BASKETBOL,,ELAZIĞ,Elazığ İl Özel İdare S.S. | ,,EDA DEMİR,GÖZDE SANCAR,GÜRKAN DEMİR,,TUNA GÜZEL,SEMANUR BOZKURT,FATMA SELCEN HATİPOĞLU,AYŞE GÜNHAN,Elazığ İl Özel İdare S.S.
5.05.2018,14:00,2BA2851,34. Hafta,FENERBAHÇE GELİŞİM,62 - 76,MERSİN BŞB.GELİŞİM,,İSTANBUL,Fenerbahçe Metro Enerji Spor Salonu | ,Youtube / TBF TV,ELİF İNCİ,HAKAN GEREY,MÜNEVVER ÖZEMRE,,BEGÜM SAVAŞ,EBRU ULUDOĞAN,SEDA İŞLER,SEÇİL SILA KORALP,Fenerbahçe Metro Enerji Spor Salonu
5.05.2018,14:00,2BA2843,34. Hafta,URLA BELEDİYESİ,62 - 61,İZMİT BELEDİYESPOR,,İZMİR,12 Eylül Spor Salonu | ,,ABDULLAH UYANIK,SALİH ARDA UNUL,ALİHAN CİVELEK,,SİNEM YENİ,SİNEM BİRTÜRK,GÜNAY ALPUĞUZ,ÖZGE GÜNKIZIL,12 Eylül Spor Salonu
5.05.2018,14:00,2BA2845,34. Hafta,MERSİN BASKETBOL,87 - 48,İSTANBULGÜCÜ,,MERSİN,Servet Tazegül Spor Salonu | ,,ÖMER SARI,CİHAN CEYLAN,ALMİNA KOCABAŞ,,MERVE AKICI,SADIK ŞAHİN,ŞÖLEN TORUN,BEDİRHAN NAZLI,Servet Tazegül Spor Salonu
5.05.2018,14:00,2BA2844,34. Hafta,YALOVA VİP,58 - 62,BAYRAKLI BELEDİYESİ,,YALOVA,90. Yıl Spor Salonu | ,Youtube / TBF TV,HAVVA MİRHAN ATEŞER,SEDEF YARICI,AHMET KÖSE,,ELMAS DEMİREL AYDEMİR,SİNEM GÜL,PINAR AYDIN,İBRAHİM HALİL SİVİL,90. Yıl Spor Salonu
8.05.2018,15:00,2BA2860,Playoff Çeyrek Final,MERSİN BASKETBOL,67 - 43,ÇANKAYA ÜNİVERSİTESİ,,MERSİN,Edip Buran Spor Salonu | ,,HALİL ERKOÇ,SAMET BİNER,CAN YANAR,,,,,,Edip Buran Spor Salonu
8.05.2018,18:00,2BA2861,Playoff Çeyrek Final,EDREMİT BLD. GÜRESPOR,77 - 78,ELAZIĞ İL ÖZEL İDARE,,BALIKESİR,Edremit Spor Salonu | ,Youtube / TBF TV,NAZLI ÇİSİL GÜNGÖR,AHMET KÖSE,MUSTAFA CANDEMİR TABAK,,MUSA ÇALIŞKAN,MERT TELLİBAYRAKTAR,METİN IŞIK,OGÜN KURTULUŞ,Edremit Spor Salonu
9.05.2018,18:00,2BA2862,Playoff Çeyrek Final,BURSA BŞB. BUDO,77 - 66,BAYRAKLI BELEDİYESİ,,BURSA,Yıldırım Şahin Başol Spor Kompleksi | ,,NİHAT ÇETİN,ABDULLAH UYANIK,ÖMER SARI,,BERNA EKBİÇ,SEVDA USTA,YASEMİN AKTAN,ESRA AL,Yıldırım Şahin Başol Spor Kompleksi
9.05.2018,18:00,2BA2863,Playoff Çeyrek Final,İZMİT BELEDİYESPOR,65 - 60,URLA BELEDİYESİ,,KOCAELİ,Kocaeli Atatürk Spor Salonu | ,,MUHAMMED MURAT ZAFER,MESUT ÇINAR,MESUT ÖZTÜRK,,,,,,Kocaeli Atatürk Spor Salonu
11.05.2018,14:00,2BA2864,Playoff Çeyrek Final,ÇANKAYA ÜNİVERSİTESİ,74 - 68,MERSİN BASKETBOL,,ANKARA,Arı Koleji Olimpik Spor Salonu | ,Youtube / TBF TV,MURAT DANIŞAN,BURAK YILMAZ,SABRİ GÜNDÜZ,,SİBEL FAZLIOĞLU,VEYSEL SİNAN TUNCER,GÖKHAN BAŞARAN,ONUR YEŞİLBAĞ,Arı Koleji Olimpik Spor Salonu
11.05.2018,17:00,2BA2865,Playoff Çeyrek Final,ELAZIĞ İL ÖZEL İDARE,65 - 77,EDREMİT BLD. GÜRESPOR,,ELAZIĞ,Elazığ İl Özel İdare S.S. | ,,İSMAİL BİNBİR,HAKAN GEREY,SAMET ERDOĞAN,,TUNA GÜZEL,SEMANUR BOZKURT,FATMA SELCEN HATİPOĞLU,AYŞE GÜNHAN,Elazığ İl Özel İdare S.S.
12.05.2018,14:00,2BA2867,Playoff Çeyrek Final,URLA BELEDİYESİ,63 - 58,İZMİT BELEDİYESPOR,,İZMİR,12 Eylül Spor Salonu | ,,AHMET MURAT ARIKANLI,HAVVA MİRHAN ATEŞER,SEDEF YARICI,,FATMA DÖNMEZ,ELÇİN ÇAĞATAY,MELİS SERBEST,ANIL DOĞAN,12 Eylül Spor Salonu
12.05.2018,17:00,2BA2866,Playoff Çeyrek Final,BAYRAKLI BELEDİYESİ,71 - 82,BURSA BŞB. BUDO,,İZMİR,Bayraklı Mustafa Kemal Atatürk Spor Salonu | ,,YİĞİT GÖNÜLTAŞ,YAŞAM İSSİ,SAMET FIRAT SAVAŞ,,BERRİN TURAN,ÖMER DURSUN,ERKAN TURAN,HÜSNİYE ÇOBAN,Bayraklı Mustafa Kemal Atatürk Spor Salonu
14.05.2018,15:00,2BA2868,Playoff Çeyrek Final,MERSİN BASKETBOL,65 - 42,ÇANKAYA ÜNİVERSİTESİ,,MERSİN,Edip Buran Spor Salonu | ,,TEKİN ÖZÜBİR,HAKAN GEREY,SAMET ERDOĞAN,,KÜBRA GÜNGÖR,FİKRET KARAYAĞMURLU,LEVENT YORULMAZ,SÜREYYA KANALICI,Edip Buran Spor Salonu
14.05.2018,18:00,2BA2869,Playoff Çeyrek Final,EDREMİT BLD. GÜRESPOR,76 - 66,ELAZIĞ İL ÖZEL İDARE,,BALIKESİR,Edremit Spor Salonu | ,,TAHSİN KUZU,SERHAT DÜLGER,BURAK YILMAZ,,EYLEM KAYA,MERT TELLİBAYRAKTAR,METİN IŞIK,IŞIL ÖZKAN,Edremit Spor Salonu
15.05.2018,18:00,2BA2870,Playoff Çeyrek Final,İZMİT BELEDİYESPOR,63 - 49,URLA BELEDİYESİ,,KOCAELİ,Kocaeli Atatürk Spor Salonu | ,,UYGAR KURT,ÇETİN ARTAN,EMİR CAN ÖZKAN,,AYCAN PEKER,SEVGİ CANDAZ,GAMZE KURT,GÜLAY DABAKOĞLU,Kocaeli Atatürk Spor Salonu
17.05.2018,17:00,2BA2871,Playoff Yarı Final,MERSİN BASKETBOL,69 - 63,EDREMİT BLD. GÜRESPOR,,MERSİN,Edip Buran Spor Salonu | ,,ABDULLAH KOPUTAN,ÇETİN ARTAN,ANIL VEZİROĞLU,,KÜBRA GÜNGÖR,LEVENT YORULMAZ,ŞÜKRÜ SITKI,SADIK ŞAHİN,Edip Buran Spor Salonu
18.05.2018,18:00,2BA2874,Playoff Yarı Final,BURSA BŞB. BUDO,70 - 50,İZMİT BELEDİYESPOR,,BURSA,Yıldırım Şahin Başol Spor Kompleksi | ,,AYDIN KARAÇAM,MURAT GENÇ,MÜNEVVER ÖZEMRE,,İREM ERGEN,NİDA ECE TÜZÜK,YASEMİN AKTAN,ESRA AL,Yıldırım Şahin Başol Spor Kompleksi
19.05.2018,15:00,2BA2872,Playoff Yarı Final,MERSİN BASKETBOL,74 - 67,EDREMİT BLD. GÜRESPOR,,MERSİN,Edip Buran Spor Salonu | ,,AHMET TANER İBİN,SEDEF YARICI,ALİCAN ALICI,,AYLİN ÖZER,ŞÖLEN TORUN,MELDA KÖKLÜER,BEDİRHAN NAZLI,Edip Buran Spor Salonu
20.05.2018,14:00,2BA2875,Playoff Yarı Final,BURSA BŞB. BUDO,64 - 61,İZMİT BELEDİYESPOR,,BURSA,Yıldırım Şahin Başol Spor Kompleksi | ,,YÜCEL ÇİLİNGİR,SERDAR SARAÇ,HAKAN GEREY,,BERNA EKBİÇ,EMEL ÖZTÜRK,TUĞBA ÖYLEK,TAMER DENİZ,Yıldırım Şahin Başol Spor Kompleksi
22.05.2018,18:00,2BA2873,Playoff Yarı Final,EDREMİT BLD. GÜRESPOR,54 - 78,MERSİN BASKETBOL,,BALIKESİR,Edremit Spor Salonu | ,,FATİH GÜLER,MUSTAFA TOPALOĞLU,ÖMER SARI,,IŞIL ÖZKAN,MERT TELLİBAYRAKTAR,METİN IŞIK,ERCAN ÇAVUŞOĞLU,Edremit Spor Salonu
23.05.2018,18:00,2BA2876,Playoff Yarı Final,İZMİT BELEDİYESPOR,78 - 57,BURSA BŞB. BUDO,,KOCAELİ,Kocaeli Atatürk Spor Salonu | ,,SAMİ ÖZEL,METİN AKSOYAK,ORÇUN AKGÜL,,AYCAN PEKER,SEVGİ CANDAZ,ALEV KÖROĞLU,BAYRAM TARIK TAŞKIN,Kocaeli Atatürk Spor Salonu
25.05.2018,18:00,2BA2877,Playoff Yarı Final,İZMİT BELEDİYESPOR,73 - 69,BURSA BŞB. BUDO,,KOCAELİ,Kocaeli Atatürk Spor Salonu | ,,UĞUR ÖZEN,MURAT GENÇ,AHMET KÖSE,,AYCAN PEKER,SEVGİ CANDAZ,ALEV KÖROĞLU,GAMZE KURT,Kocaeli Atatürk Spor Salonu
28.05.2018,18:00,2BA2878,Playoff Yarı Final,BURSA BŞB. BUDO,53 - 63,İZMİT BELEDİYESPOR,,BURSA,Yıldırım Şahin Başol Spor Kompleksi | ,,TURGUT IŞIK,MEHMET BURAK ANLATICI,ALİCAN ALICI,,BERNA EKBİÇ,EMEL ÖZTÜRK,TUĞBA ÖYLEK,ESRA AL,Yıldırım Şahin Başol Spor Kompleksi
31.05.2018,17:00,2BA2879,Playoff Final,MERSİN BASKETBOL,85 - 61,İZMİT BELEDİYESPOR,,MERSİN,Edip Buran Spor Salonu | ,Youtube / TBF TV,İBRAHİM ALTINTAŞ,HAKAN GEREY,MÜNEVVER ÖZEMRE,,,,,,Edip Buran Spor Salonu
2.06.2018,15:00,2BA2880,Playoff Final,MERSİN BASKETBOL,73 - 84,İZMİT BELEDİYESPOR,,MERSİN,Edip Buran Spor Salonu | ,Youtube / TBF TV,SERTAN KIRKLAR,SERDAR SARAÇ,EMİR CAN ÖZKAN,,MERVE AKICI,MELDA KÖKLÜER,ŞÜKRÜ SITKI,VİLDAN KÖROĞLU EZER,Edip Buran Spor Salonu
5.06.2018,18:00,2BA2881,Playoff Final,İZMİT BELEDİYESPOR,76 - 78,MERSİN BASKETBOL,,KOCAELİ,Kocaeli Atatürk Spor Salonu | ,Youtube / TBF TV,MURAT CİNER,ÇETİN ARTAN,BARIŞ TUNÇ,,AYCAN PEKER,SEVGİ CANDAZ,GAMZE KURT,SEDA KARA,Kocaeli Atatürk Spor Salonu
7.06.2018,18:00,2BA2882,Playoff Final,İZMİT BELEDİYESPOR,69 - 70,MERSİN BASKETBOL,,KOCAELİ,Kocaeli Atatürk Spor Salonu | ,Youtube / TBF TV,ÖNDER YILMAZ,ÖZKAN TALO,BATUHAN MERT GÜL,,AYCAN PEKER,SEVGİ CANDAZ,GAMZE KURT,ALEV KÖROĞLU,Kocaeli Atatürk Spor Salonu
